Job started at: 2024-09-13 13:05:02
Executing mac_ippo.sh
./mac_ippo.sh: line 15: Box: command not found
/scratch/lin.wo/macro_marl/bin/pg_based_main.py:4: DeprecationWarning: pkg_resources is deprecated as an API. See https://setuptools.pypa.io/en/latest/pkg_resources.html
  __import__('pkg_resources').require('macro-marl==0.0.2')
/scratch/lin.wo/macro_marl/bin/pg_based_main.py:4: DeprecationWarning: pkg_resources is deprecated as an API. See https://setuptools.pypa.io/en/latest/pkg_resources.html
  __import__('pkg_resources').require('macro-marl==0.0.2')
/scratch/lin.wo/macro_marl/bin/pg_based_main.py:4: DeprecationWarning: pkg_resources is deprecated as an API. See https://setuptools.pypa.io/en/latest/pkg_resources.html
  __import__('pkg_resources').require('macro-marl==0.0.2')
/scratch/lin.wo/macro_marl/bin/pg_based_main.py:4: DeprecationWarning: pkg_resources is deprecated as an API. See https://setuptools.pypa.io/en/latest/pkg_resources.html
  __import__('pkg_resources').require('macro-marl==0.0.2')
/scratch/lin.wo/macro_marl/bin/pg_based_main.py:4: DeprecationWarning: pkg_resources is deprecated as an API. See https://setuptools.pypa.io/en/latest/pkg_resources.html
  __import__('pkg_resources').require('macro-marl==0.0.2')
/scratch/lin.wo/macro_marl/bin/pg_based_main.py:4: DeprecationWarning: pkg_resources is deprecated as an API. See https://setuptools.pypa.io/en/latest/pkg_resources.html
  __import__('pkg_resources').require('macro-marl==0.0.2')
/scratch/lin.wo/macro_marl/bin/pg_based_main.py:4: DeprecationWarning: pkg_resources is deprecated as an API. See https://setuptools.pypa.io/en/latest/pkg_resources.html
  __import__('pkg_resources').require('macro-marl==0.0.2')
/scratch/lin.wo/macro_marl/bin/pg_based_main.py:4: DeprecationWarning: pkg_resources is deprecated as an API. See https://setuptools.pypa.io/en/latest/pkg_resources.html
  __import__('pkg_resources').require('macro-marl==0.0.2')
/scratch/lin.wo/macro_marl/bin/pg_based_main.py:4: DeprecationWarning: pkg_resources is deprecated as an API. See https://setuptools.pypa.io/en/latest/pkg_resources.html
  __import__('pkg_resources').require('macro-marl==0.0.2')
/scratch/lin.wo/macro_marl/bin/pg_based_main.py:4: DeprecationWarning: pkg_resources is deprecated as an API. See https://setuptools.pypa.io/en/latest/pkg_resources.html
  __import__('pkg_resources').require('macro-marl==0.0.2')
wandb: Currently logged in as: woweilin9 (wwlin1198). Use `wandb login --relogin` to force relogin
wandb: Currently logged in as: woweilin9 (wwlin1198). Use `wandb login --relogin` to force relogin
wandb: Currently logged in as: woweilin9 (wwlin1198). Use `wandb login --relogin` to force relogin
wandb: Currently logged in as: woweilin9 (wwlin1198). Use `wandb login --relogin` to force relogin
wandb: Currently logged in as: woweilin9 (wwlin1198). Use `wandb login --relogin` to force relogin
wandb: Currently logged in as: woweilin9 (wwlin1198). Use `wandb login --relogin` to force relogin
wandb: Currently logged in as: woweilin9 (wwlin1198). Use `wandb login --relogin` to force relogin
wandb: Currently logged in as: woweilin9 (wwlin1198). Use `wandb login --relogin` to force relogin
wandb: Currently logged in as: woweilin9 (wwlin1198). Use `wandb login --relogin` to force relogin
wandb: Currently logged in as: woweilin9 (wwlin1198). Use `wandb login --relogin` to force relogin
wandb: Appending key for api.wandb.ai to your netrc file: /home/lin.wo/.netrc
wandb: Appending key for api.wandb.ai to your netrc file: /home/lin.wo/.netrc
wandb: Appending key for api.wandb.ai to your netrc file: /home/lin.wo/.netrc
wandb: Appending key for api.wandb.ai to your netrc file: /home/lin.wo/.netrc
wandb: Appending key for api.wandb.ai to your netrc file: /home/lin.wo/.netrc
wandb: Appending key for api.wandb.ai to your netrc file: /home/lin.wo/.netrc
wandb: Appending key for api.wandb.ai to your netrc file: /home/lin.wo/.netrc
wandb: Appending key for api.wandb.ai to your netrc file: /home/lin.wo/.netrc
wandb: Appending key for api.wandb.ai to your netrc file: /home/lin.wo/.netrc
wandb: Appending key for api.wandb.ai to your netrc file: /home/lin.wo/.netrc
wandb: wandb version 0.18.0 is available!  To upgrade, please run:
wandb:  $ pip install wandb --upgrade
wandb: Tracking run with wandb version 0.16.6
wandb: Run data is saved locally in /home/lin.wo/macro_marl_ppo/experiments/BoxPushing/wandb/run-20240913_130617-9synbm6p
wandb: Run `wandb offline` to turn off syncing.
wandb: wandb version 0.18.0 is available!  To upgrade, please run:
wandb:  $ pip install wandb --upgrade
wandb: wandb version 0.18.0 is available!  To upgrade, please run:
wandb:  $ pip install wandb --upgrade
wandb: wandb version 0.18.0 is available!  To upgrade, please run:
wandb:  $ pip install wandb --upgrade
wandb: Tracking run with wandb version 0.16.6
wandb: Tracking run with wandb version 0.16.6
wandb: Tracking run with wandb version 0.16.6
wandb: Run data is saved locally in /home/lin.wo/macro_marl_ppo/experiments/BoxPushing/wandb/run-20240913_130617-3vp7rw03
wandb: Run `wandb offline` to turn off syncing.
wandb: Run data is saved locally in /home/lin.wo/macro_marl_ppo/experiments/BoxPushing/wandb/run-20240913_130617-mbpq9ghh
wandb: Run `wandb offline` to turn off syncing.
wandb: Run data is saved locally in /home/lin.wo/macro_marl_ppo/experiments/BoxPushing/wandb/run-20240913_130617-61hdascz
wandb: Run `wandb offline` to turn off syncing.
wandb: Syncing run feasible-capybara-4
wandb: ⭐️ View project at https://wandb.ai/wwlin1198/ma_ippo_bp6_dc_discovery
wandb: 🚀 View run at https://wandb.ai/wwlin1198/ma_ippo_bp6_dc_discovery/runs/9synbm6p
wandb: Syncing run swept-rain-2
wandb: ⭐️ View project at https://wandb.ai/wwlin1198/ma_ippo_bp6_dc_discovery
wandb: 🚀 View run at https://wandb.ai/wwlin1198/ma_ippo_bp6_dc_discovery/runs/3vp7rw03
wandb: Syncing run rare-elevator-1
wandb: ⭐️ View project at https://wandb.ai/wwlin1198/ma_ippo_bp6_dc_discovery
wandb: 🚀 View run at https://wandb.ai/wwlin1198/ma_ippo_bp6_dc_discovery/runs/mbpq9ghh
wandb: Syncing run likely-disco-1
wandb: ⭐️ View project at https://wandb.ai/wwlin1198/ma_ippo_bp6_dc_discovery
wandb: 🚀 View run at https://wandb.ai/wwlin1198/ma_ippo_bp6_dc_discovery/runs/61hdascz
wandb: wandb version 0.18.0 is available!  To upgrade, please run:
wandb:  $ pip install wandb --upgrade
wandb: Tracking run with wandb version 0.16.6
wandb: Run data is saved locally in /home/lin.wo/macro_marl_ppo/experiments/BoxPushing/wandb/run-20240913_130617-kvazs7rd
wandb: Run `wandb offline` to turn off syncing.
wandb: Syncing run giddy-hill-6
wandb: ⭐️ View project at https://wandb.ai/wwlin1198/ma_ippo_bp6_dc_discovery
wandb: 🚀 View run at https://wandb.ai/wwlin1198/ma_ippo_bp6_dc_discovery/runs/kvazs7rd
wandb: wandb version 0.18.0 is available!  To upgrade, please run:
wandb:  $ pip install wandb --upgrade
wandb: Tracking run with wandb version 0.16.6
wandb: Run data is saved locally in /home/lin.wo/macro_marl_ppo/experiments/BoxPushing/wandb/run-20240913_130617-y83ia4a5
wandb: Run `wandb offline` to turn off syncing.
wandb: wandb version 0.18.0 is available!  To upgrade, please run:
wandb:  $ pip install wandb --upgrade
wandb: Tracking run with wandb version 0.16.6
wandb: Run data is saved locally in /home/lin.wo/macro_marl_ppo/experiments/BoxPushing/wandb/run-20240913_130617-ibkrjnkv
wandb: Run `wandb offline` to turn off syncing.
wandb: Syncing run upbeat-mountain-7
wandb: ⭐️ View project at https://wandb.ai/wwlin1198/ma_ippo_bp6_dc_discovery
wandb: 🚀 View run at https://wandb.ai/wwlin1198/ma_ippo_bp6_dc_discovery/runs/y83ia4a5
wandb: Syncing run lyric-frog-5
wandb: ⭐️ View project at https://wandb.ai/wwlin1198/ma_ippo_bp6_dc_discovery
wandb: 🚀 View run at https://wandb.ai/wwlin1198/ma_ippo_bp6_dc_discovery/runs/ibkrjnkv
wandb: wandb version 0.18.0 is available!  To upgrade, please run:
wandb:  $ pip install wandb --upgrade
wandb: Tracking run with wandb version 0.16.6
wandb: Run data is saved locally in /home/lin.wo/macro_marl_ppo/experiments/BoxPushing/wandb/run-20240913_130617-da2d2fxx
wandb: Run `wandb offline` to turn off syncing.
wandb: wandb version 0.18.0 is available!  To upgrade, please run:
wandb:  $ pip install wandb --upgrade
wandb: Tracking run with wandb version 0.16.6
wandb: Run data is saved locally in /home/lin.wo/macro_marl_ppo/experiments/BoxPushing/wandb/run-20240913_130617-ox7wh296
wandb: Run `wandb offline` to turn off syncing.
wandb: Syncing run peach-silence-8
wandb: ⭐️ View project at https://wandb.ai/wwlin1198/ma_ippo_bp6_dc_discovery
wandb: 🚀 View run at https://wandb.ai/wwlin1198/ma_ippo_bp6_dc_discovery/runs/da2d2fxx
wandb: Syncing run vibrant-fog-9
wandb: ⭐️ View project at https://wandb.ai/wwlin1198/ma_ippo_bp6_dc_discovery
wandb: 🚀 View run at https://wandb.ai/wwlin1198/ma_ippo_bp6_dc_discovery/runs/ox7wh296
wandb: wandb version 0.18.0 is available!  To upgrade, please run:
wandb:  $ pip install wandb --upgrade
wandb: Tracking run with wandb version 0.16.6
wandb: Run data is saved locally in /home/lin.wo/macro_marl_ppo/experiments/BoxPushing/wandb/run-20240913_130617-9eel6860
wandb: Run `wandb offline` to turn off syncing.
wandb: Syncing run daily-glitter-10
wandb: ⭐️ View project at https://wandb.ai/wwlin1198/ma_ippo_bp6_dc_discovery
wandb: 🚀 View run at https://wandb.ai/wwlin1198/ma_ippo_bp6_dc_discovery/runs/9eel6860
[4] Finished: 0/40000 Evaluate learned policies with averaged returns 18.434602492009994 ...
[3] Finished: 0/40000 Evaluate learned policies with averaged returns 15.946855275039974 ...
[7] Finished: 0/40000 Evaluate learned policies with averaged returns 42.25632366260674 ...
[9] Finished: 0/40000 Evaluate learned policies with averaged returns 15.564900574674343 ...
[2] Finished: 0/40000 Evaluate learned policies with averaged returns 17.823886220094668 ...
[5] Finished: 0/40000 Evaluate learned policies with averaged returns 18.071109740313084 ...
[1] Finished: 0/40000 Evaluate learned policies with averaged returns 14.317617790990306 ...
[6] Finished: 0/40000 Evaluate learned policies with averaged returns 16.05552840342084 ...
[8] Finished: 0/40000 Evaluate learned policies with averaged returns 13.196256288294816 ...
[0] Finished: 0/40000 Evaluate learned policies with averaged returns 15.774007472395772 ...
[0] Finished: 96/40000 Evaluate learned policies with averaged returns 11.19895349418409 ...
[4] Finished: 96/40000 Evaluate learned policies with averaged returns 18.321148428066877 ...
[9] Finished: 96/40000 Evaluate learned policies with averaged returns 17.126307440081323 ...
[6] Finished: 96/40000 Evaluate learned policies with averaged returns 17.823886220094664 ...
[3] Finished: 96/40000 Evaluate learned policies with averaged returns 17.95685868856376 ...
[2] Finished: 96/40000 Evaluate learned policies with averaged returns 13.660726944018569 ...
[1] Finished: 96/40000 Evaluate learned policies with averaged returns 17.006158586589713 ...
[8] Finished: 96/40000 Evaluate learned policies with averaged returns 18.321148428066877 ...
[5] Finished: 96/40000 Evaluate learned policies with averaged returns 16.208957953204457 ...
[7] Finished: 96/40000 Evaluate learned policies with averaged returns 15.595903212137781 ...
[4] Finished: 192/40000 Evaluate learned policies with averaged returns 20.25156313035889 ...
[0] Finished: 192/40000 Evaluate learned policies with averaged returns 16.74775314171069 ...
[9] Finished: 192/40000 Evaluate learned policies with averaged returns 17.737033870018195 ...
[3] Finished: 192/40000 Evaluate learned policies with averaged returns 16.924500435515352 ...
[8] Finished: 192/40000 Evaluate learned policies with averaged returns 12.615160525493007 ...
[2] Finished: 192/40000 Evaluate learned policies with averaged returns 16.867065381941742 ...
[5] Finished: 192/40000 Evaluate learned policies with averaged returns 16.432679897471843 ...
[6] Finished: 192/40000 Evaluate learned policies with averaged returns 16.630485510128285 ...
[7] Finished: 192/40000 Evaluate learned policies with averaged returns 15.646493103166554 ...
[1] Finished: 192/40000 Evaluate learned policies with averaged returns 17.02491285367008 ...
[4] Finished: 288/40000 Evaluate learned policies with averaged returns 20.996451839658516 ...
[0] Finished: 288/40000 Evaluate learned policies with averaged returns 16.79465249108968 ...
[9] Finished: 288/40000 Evaluate learned policies with averaged returns 17.903359239317773 ...
[3] Finished: 288/40000 Evaluate learned policies with averaged returns 17.791031214067935 ...
[2] Finished: 288/40000 Evaluate learned policies with averaged returns 16.804160499118478 ...
[7] Finished: 288/40000 Evaluate learned policies with averaged returns 18.434602492009994 ...
[8] Finished: 288/40000 Evaluate learned policies with averaged returns 18.349583030558886 ...
[6] Finished: 288/40000 Evaluate learned policies with averaged returns 18.207978710148677 ...
[5] Finished: 288/40000 Evaluate learned policies with averaged returns 18.349298684533967 ...
[1] Finished: 288/40000 Evaluate learned policies with averaged returns 16.626572995226297 ...
wandb: - 0.005 MB of 0.005 MB uploadedwandb: \ 0.005 MB of 0.005 MB uploadedwandb: - 0.005 MB of 0.005 MB uploadedwandb: | 0.005 MB of 0.005 MB uploadedwandb: \ 0.005 MB of 0.005 MB uploadedwandb: / 0.007 MB of 0.011 MB uploadedwandb: | 0.007 MB of 0.007 MB uploadedwandb: 
wandb: Run history:
wandb:    episodes ▁▃▆█
wandb: mean_return ▁▁▆█
wandb: 
wandb: Run summary:
wandb:    episodes 288
wandb: mean_return 20.99645
wandb: 
wandb: 🚀 View run vibrant-fog-9 at: https://wandb.ai/wwlin1198/ma_ippo_bp6_dc_discovery/runs/ox7wh296
wandb: ⭐️ View project at: https://wandb.ai/wwlin1198/ma_ippo_bp6_dc_discovery
wandb: Synced 5 W&B file(s), 0 media file(s), 2 artifact file(s) and 0 other file(s)
wandb: Find logs at: ./wandb/run-20240913_130617-ox7wh296/logs
wandb: - 0.007 MB of 0.011 MB uploadedwandb: \ 0.007 MB of 0.011 MB uploadedwandb: | 0.007 MB of 0.011 MB uploaded[0] Finished: 384/40000 Evaluate learned policies with averaged returns 13.243871415085701 ...
Traceback (most recent call last):
  File "/scratch/lin.wo/macro_marl/bin/pg_based_main.py", line 7, in <module>
    exec(compile(f.read(), __file__, 'exec'))
  File "/home/lin.wo/macro_marl_ppo/scripts/pg_based_main.py", line 178, in <module>
    main(args)
  File "/home/lin.wo/macro_marl_ppo/scripts/pg_based_main.py", line 94, in main
    model.learn()
  File "/home/lin.wo/macro_marl_ppo/src/macro_marl/algs/pg_based/mac_ippov2.py", line 142, in learn
    self.learner.train(eps, self.ppo_clip_value, self.ppo_epochs)
  File "/home/lin.wo/macro_marl_ppo/src/macro_marl/cores/pg_based/mac_ippov2/learner.py", line 124, in train
    old_actor = torch.load(PATH)
  File "/scratch/lin.wo/macro_marl/lib/python3.8/site-packages/torch/serialization.py", line 1040, in load
    return _legacy_load(opened_file, map_location, pickle_module, **pickle_load_args)
  File "/scratch/lin.wo/macro_marl/lib/python3.8/site-packages/torch/serialization.py", line 1262, in _legacy_load
    magic_number = pickle_module.load(f, **pickle_load_args)
EOFError: Ran out of input
wandb: / 0.007 MB of 0.011 MB uploadedwandb: - 0.011 MB of 0.011 MB uploaded[3] Finished: 384/40000 Evaluate learned policies with averaged returns 18.434602492009994 ...
wandb: 
wandb: Run history:
wandb:    episodes ▁▃▆█
wandb: mean_return ▂█▁█
wandb: 
wandb: Run summary:
wandb:    episodes 288
wandb: mean_return 18.34958
wandb: 
wandb: 🚀 View run daily-glitter-10 at: https://wandb.ai/wwlin1198/ma_ippo_bp6_dc_discovery/runs/9eel6860
wandb: ⭐️ View project at: https://wandb.ai/wwlin1198/ma_ippo_bp6_dc_discovery
wandb: Synced 5 W&B file(s), 0 media file(s), 2 artifact file(s) and 0 other file(s)
wandb: Find logs at: ./wandb/run-20240913_130617-9eel6860/logs
[9] Finished: 384/40000 Evaluate learned policies with averaged returns 19.243608776469877 ...
[2] Finished: 384/40000 Evaluate learned policies with averaged returns 17.81665630751047 ...
Traceback (most recent call last):
  File "/scratch/lin.wo/macro_marl/bin/pg_based_main.py", line 7, in <module>
    exec(compile(f.read(), __file__, 'exec'))
  File "/home/lin.wo/macro_marl_ppo/scripts/pg_based_main.py", line 178, in <module>
    main(args)
  File "/home/lin.wo/macro_marl_ppo/scripts/pg_based_main.py", line 94, in main
    model.learn()
  File "/home/lin.wo/macro_marl_ppo/src/macro_marl/algs/pg_based/mac_ippov2.py", line 142, in learn
    self.learner.train(eps, self.ppo_clip_value, self.ppo_epochs)
  File "/home/lin.wo/macro_marl_ppo/src/macro_marl/cores/pg_based/mac_ippov2/learner.py", line 124, in train
    old_actor = torch.load(PATH)
  File "/scratch/lin.wo/macro_marl/lib/python3.8/site-packages/torch/serialization.py", line 1040, in load
    return _legacy_load(opened_file, map_location, pickle_module, **pickle_load_args)
  File "/scratch/lin.wo/macro_marl/lib/python3.8/site-packages/torch/serialization.py", line 1262, in _legacy_load
    magic_number = pickle_module.load(f, **pickle_load_args)
EOFError: Ran out of input
[5] Finished: 384/40000 Evaluate learned policies with averaged returns 40.087015819456745 ...
[1] Finished: 384/40000 Evaluate learned policies with averaged returns 14.520256216487912 ...
[7] Finished: 384/40000 Evaluate learned policies with averaged returns 10.200923587586974 ...
[6] Finished: 384/40000 Evaluate learned policies with averaged returns 13.157823791311785 ...
[0] Finished: 480/40000 Evaluate learned policies with averaged returns 18.292998171599788 ...
[3] Finished: 480/40000 Evaluate learned policies with averaged returns 17.436253137624977 ...
[5] Finished: 480/40000 Evaluate learned policies with averaged returns 17.30253042994895 ...
[2] Finished: 480/40000 Evaluate learned policies with averaged returns 15.204591777482449 ...
[9] Finished: 480/40000 Evaluate learned policies with averaged returns 18.349298684533967 ...
[7] Finished: 480/40000 Evaluate learned policies with averaged returns 11.958517626975311 ...
[1] Finished: 480/40000 Evaluate learned policies with averaged returns 15.049454095789196 ...
[6] Finished: 480/40000 Evaluate learned policies with averaged returns 15.355290063013351 ...
[3] Finished: 576/40000 Evaluate learned policies with averaged returns 15.581632342309996 ...
[5] Finished: 576/40000 Evaluate learned policies with averaged returns 19.385592541909997 ...
[0] Finished: 576/40000 Evaluate learned policies with averaged returns 18.434602492009994 ...
[1] Finished: 576/40000 Evaluate learned policies with averaged returns 17.369874032141958 ...
[9] Finished: 576/40000 Evaluate learned policies with averaged returns 20.203824380843958 ...
[7] Finished: 576/40000 Evaluate learned policies with averaged returns 11.61474342533297 ...
[2] Finished: 576/40000 Evaluate learned policies with averaged returns 12.834466973037602 ...
[6] Finished: 576/40000 Evaluate learned policies with averaged returns 15.552717432109995 ...
[5] Finished: 672/40000 Evaluate learned policies with averaged returns 17.483612442109994 ...
[3] Finished: 672/40000 Evaluate learned policies with averaged returns 18.434602492009994 ...
[0] Finished: 672/40000 Evaluate learned policies with averaged returns 20.336582591809997 ...
[1] Finished: 672/40000 Evaluate learned policies with averaged returns 19.35648259181 ...
[9] Finished: 672/40000 Evaluate learned policies with averaged returns 17.435193541909996 ...
[2] Finished: 672/40000 Evaluate learned policies with averaged returns 16.333668559107778 ...
[7] Finished: 672/40000 Evaluate learned policies with averaged returns 17.221020390565464 ...
[6] Finished: 672/40000 Evaluate learned policies with averaged returns 18.23641331264069 ...
[5] Finished: 768/40000 Evaluate learned policies with averaged returns 17.483612442109994 ...
[3] Finished: 768/40000 Evaluate learned policies with averaged returns 24.140542791409995 ...
[0] Finished: 768/40000 Evaluate learned policies with averaged returns 17.483612442109994 ...
[1] Finished: 768/40000 Evaluate learned policies with averaged returns 16.484203492009996 ...
[9] Finished: 768/40000 Evaluate learned policies with averaged returns 18.434602492009994 ...
[7] Finished: 768/40000 Evaluate learned policies with averaged returns 20.336582591809993 ...
[2] Finished: 768/40000 Evaluate learned policies with averaged returns 15.109933992863251 ...
[6] Finished: 768/40000 Evaluate learned policies with averaged returns 17.340764082041954 ...
[5] Finished: 864/40000 Evaluate learned policies with averaged returns 18.434602492009994 ...
[3] Finished: 864/40000 Evaluate learned policies with averaged returns 17.483612442109994 ...
[0] Finished: 864/40000 Evaluate learned policies with averaged returns 18.434602492009994 ...
[1] Finished: 864/40000 Evaluate learned policies with averaged returns 22.238562691609996 ...
[9] Finished: 864/40000 Evaluate learned policies with averaged returns 19.356482591809996 ...
[7] Finished: 864/40000 Evaluate learned policies with averaged returns 22.238562691609996 ...
[2] Finished: 864/40000 Evaluate learned policies with averaged returns 20.658552342798465 ...
[6] Finished: 864/40000 Evaluate learned policies with averaged returns 17.483612442109994 ...
[5] Finished: 960/40000 Evaluate learned policies with averaged returns 19.385592541909997 ...
[3] Finished: 960/40000 Evaluate learned policies with averaged returns 21.287572641709996 ...
[9] Finished: 960/40000 Evaluate learned policies with averaged returns 14.572617432109999 ...
[0] Finished: 960/40000 Evaluate learned policies with averaged returns 20.336582591809997 ...
[1] Finished: 960/40000 Evaluate learned policies with averaged returns 23.189552741509996 ...
[7] Finished: 960/40000 Evaluate learned policies with averaged returns 19.385592541909993 ...
[2] Finished: 960/40000 Evaluate learned policies with averaged returns 18.377733287025976 ...
[6] Finished: 960/40000 Evaluate learned policies with averaged returns 24.140542791410002 ...
[5] Finished: 1056/40000 Evaluate learned policies with averaged returns 19.385592541909993 ...
[3] Finished: 1056/40000 Evaluate learned policies with averaged returns 18.434602492009997 ...
[9] Finished: 1056/40000 Evaluate learned policies with averaged returns 19.385592541909993 ...
[1] Finished: 1056/40000 Evaluate learned policies with averaged returns 21.287572641709996 ...
[0] Finished: 1056/40000 Evaluate learned policies with averaged returns 20.336582591809997 ...
[7] Finished: 1056/40000 Evaluate learned policies with averaged returns 20.336582591809997 ...
[2] Finished: 1056/40000 Evaluate learned policies with averaged returns 20.336582591809993 ...
[6] Finished: 1056/40000 Evaluate learned policies with averaged returns 17.454502492009993 ...
[5] Finished: 1152/40000 Evaluate learned policies with averaged returns 22.238562691609996 ...
[3] Finished: 1152/40000 Evaluate learned policies with averaged returns 20.336582591809993 ...
[9] Finished: 1152/40000 Evaluate learned policies with averaged returns 20.336582591809997 ...
[1] Finished: 1152/40000 Evaluate learned policies with averaged returns 18.434602492009994 ...
[0] Finished: 1152/40000 Evaluate learned policies with averaged returns 24.140542791409995 ...
[7] Finished: 1152/40000 Evaluate learned policies with averaged returns 18.434602492009994 ...
[2] Finished: 1152/40000 Evaluate learned policies with averaged returns 20.336582591809997 ...
[6] Finished: 1152/40000 Evaluate learned policies with averaged returns 19.385592541909993 ...
[5] Finished: 1248/40000 Evaluate learned policies with averaged returns 20.16597497685794 ...
[3] Finished: 1248/40000 Evaluate learned policies with averaged returns 21.28757264171 ...
[9] Finished: 1248/40000 Evaluate learned policies with averaged returns 20.336582591809997 ...
[1] Finished: 1248/40000 Evaluate learned policies with averaged returns 18.434602492009994 ...
[0] Finished: 1248/40000 Evaluate learned policies with averaged returns 18.434602492009994 ...
[2] Finished: 1248/40000 Evaluate learned policies with averaged returns 20.336582591809997 ...
[7] Finished: 1248/40000 Evaluate learned policies with averaged returns 26.04252289121 ...
[6] Finished: 1248/40000 Evaluate learned policies with averaged returns 18.434602492009994 ...
[3] Finished: 1344/40000 Evaluate learned policies with averaged returns 26.04252289121 ...
[5] Finished: 1344/40000 Evaluate learned policies with averaged returns 18.434602492009994 ...
[9] Finished: 1344/40000 Evaluate learned policies with averaged returns 26.042522891209995 ...
[1] Finished: 1344/40000 Evaluate learned policies with averaged returns 20.336582591809997 ...
[7] Finished: 1344/40000 Evaluate learned policies with averaged returns 20.336582591809997 ...
[0] Finished: 1344/40000 Evaluate learned policies with averaged returns 23.16044279141 ...
[2] Finished: 1344/40000 Evaluate learned policies with averaged returns 18.434602492009994 ...
[6] Finished: 1344/40000 Evaluate learned policies with averaged returns 18.434602492009994 ...
[3] Finished: 1440/40000 Evaluate learned policies with averaged returns 22.238562691609996 ...
[5] Finished: 1440/40000 Evaluate learned policies with averaged returns 18.434602492009994 ...
[9] Finished: 1440/40000 Evaluate learned policies with averaged returns 22.238562691609996 ...
[1] Finished: 1440/40000 Evaluate learned policies with averaged returns 20.336582591809997 ...
[7] Finished: 1440/40000 Evaluate learned policies with averaged returns 26.042522891209995 ...
[2] Finished: 1440/40000 Evaluate learned policies with averaged returns 18.434602492009994 ...
[0] Finished: 1440/40000 Evaluate learned policies with averaged returns 24.140542791409995 ...
[6] Finished: 1440/40000 Evaluate learned policies with averaged returns 22.238562691609996 ...
[3] Finished: 1536/40000 Evaluate learned policies with averaged returns 24.140542791409995 ...
[9] Finished: 1536/40000 Evaluate learned policies with averaged returns 26.042522891209995 ...
[5] Finished: 1536/40000 Evaluate learned policies with averaged returns 20.336582591809997 ...
[7] Finished: 1536/40000 Evaluate learned policies with averaged returns 27.94450299101 ...
[1] Finished: 1536/40000 Evaluate learned policies with averaged returns 20.336582591809997 ...
[0] Finished: 1536/40000 Evaluate learned policies with averaged returns 18.434602492009994 ...
[2] Finished: 1536/40000 Evaluate learned policies with averaged returns 18.434602492009994 ...
[6] Finished: 1536/40000 Evaluate learned policies with averaged returns 20.336582591809997 ...
[3] Finished: 1632/40000 Evaluate learned policies with averaged returns 29.84648309081 ...
[9] Finished: 1632/40000 Evaluate learned policies with averaged returns 29.84648309081 ...
[5] Finished: 1632/40000 Evaluate learned policies with averaged returns 18.434602492009994 ...
[7] Finished: 1632/40000 Evaluate learned policies with averaged returns 27.94450299101 ...
[1] Finished: 1632/40000 Evaluate learned policies with averaged returns 20.336582591809997 ...
[0] Finished: 1632/40000 Evaluate learned policies with averaged returns 29.84648309081 ...
[2] Finished: 1632/40000 Evaluate learned policies with averaged returns 18.434602492009994 ...
[6] Finished: 1632/40000 Evaluate learned policies with averaged returns 18.434602492009994 ...
wandb: - 0.005 MB of 0.005 MB uploaded[3] Finished: 1728/40000 Evaluate learned policies with averaged returns 31.74846319061 ...
wandb: \ 0.005 MB of 0.005 MB uploadedwandb: | 0.005 MB of 0.005 MB uploadedwandb: 
wandb: Run history:
wandb:    episodes ▁▁▂▂▃▃▃▄▄▅▅▆▆▆▇▇██
wandb: mean_return ▁▂▂▃▃▃▄▂▃▃▁▃▄▄▆▅▆█
wandb: 
wandb: Run summary:
wandb:    episodes 1632
wandb: mean_return 29.84648
wandb: 
wandb: 🚀 View run swept-rain-2 at: https://wandb.ai/wwlin1198/ma_ippo_bp6_dc_discovery/runs/3vp7rw03
wandb: ⭐️ View project at: https://wandb.ai/wwlin1198/ma_ippo_bp6_dc_discovery
wandb: Synced 5 W&B file(s), 0 media file(s), 0 artifact file(s) and 0 other file(s)
wandb: Find logs at: ./wandb/run-20240913_130617-3vp7rw03/logs
Traceback (most recent call last):
  File "/scratch/lin.wo/macro_marl/bin/pg_based_main.py", line 7, in <module>
    exec(compile(f.read(), __file__, 'exec'))
  File "/home/lin.wo/macro_marl_ppo/scripts/pg_based_main.py", line 178, in <module>
    main(args)
  File "/home/lin.wo/macro_marl_ppo/scripts/pg_based_main.py", line 94, in main
    model.learn()
  File "/home/lin.wo/macro_marl_ppo/src/macro_marl/algs/pg_based/mac_ippov2.py", line 142, in learn
    self.learner.train(eps, self.ppo_clip_value, self.ppo_epochs)
  File "/home/lin.wo/macro_marl_ppo/src/macro_marl/cores/pg_based/mac_ippov2/learner.py", line 124, in train
    old_actor = torch.load(PATH)
  File "/scratch/lin.wo/macro_marl/lib/python3.8/site-packages/torch/serialization.py", line 1040, in load
    return _legacy_load(opened_file, map_location, pickle_module, **pickle_load_args)
  File "/scratch/lin.wo/macro_marl/lib/python3.8/site-packages/torch/serialization.py", line 1262, in _legacy_load
    magic_number = pickle_module.load(f, **pickle_load_args)
EOFError: Ran out of input
[5] Finished: 1728/40000 Evaluate learned policies with averaged returns 20.336582591809997 ...
[7] Finished: 1728/40000 Evaluate learned policies with averaged returns 29.84648309081 ...
[1] Finished: 1728/40000 Evaluate learned policies with averaged returns 24.140542791409995 ...
[0] Finished: 1728/40000 Evaluate learned policies with averaged returns 31.74846319061 ...
[2] Finished: 1728/40000 Evaluate learned policies with averaged returns 20.336582591809997 ...
[6] Finished: 1728/40000 Evaluate learned policies with averaged returns 18.434602492009994 ...
[3] Finished: 1824/40000 Evaluate learned policies with averaged returns 33.650443290409996 ...
[7] Finished: 1824/40000 Evaluate learned policies with averaged returns 29.84648309081 ...
[5] Finished: 1824/40000 Evaluate learned policies with averaged returns 18.434602492009994 ...
[0] Finished: 1824/40000 Evaluate learned policies with averaged returns 29.84648309081 ...
[1] Finished: 1824/40000 Evaluate learned policies with averaged returns 24.14054279141 ...
[2] Finished: 1824/40000 Evaluate learned policies with averaged returns 24.140542791409995 ...
[6] Finished: 1824/40000 Evaluate learned policies with averaged returns 20.336582591809997 ...
[3] Finished: 1920/40000 Evaluate learned policies with averaged returns 35.552423390209995 ...
[7] Finished: 1920/40000 Evaluate learned policies with averaged returns 24.140542791409995 ...
[0] Finished: 1920/40000 Evaluate learned policies with averaged returns 37.454403490009994 ...
[5] Finished: 1920/40000 Evaluate learned policies with averaged returns 20.336582591809997 ...
[1] Finished: 1920/40000 Evaluate learned policies with averaged returns 27.94450299101 ...
[2] Finished: 1920/40000 Evaluate learned policies with averaged returns 22.238562691609996 ...
[6] Finished: 1920/40000 Evaluate learned policies with averaged returns 20.336582591809997 ...
[3] Finished: 2016/40000 Evaluate learned policies with averaged returns 31.74846319061 ...
[7] Finished: 2016/40000 Evaluate learned policies with averaged returns 22.238562691609996 ...
[0] Finished: 2016/40000 Evaluate learned policies with averaged returns 35.552423390209995 ...
[1] Finished: 2016/40000 Evaluate learned policies with averaged returns 29.84648309081 ...
[5] Finished: 2016/40000 Evaluate learned policies with averaged returns 18.434602492009994 ...
[2] Finished: 2016/40000 Evaluate learned policies with averaged returns 20.336582591809997 ...
[3] Finished: 2112/40000 Evaluate learned policies with averaged returns 35.552423390209995 ...
[6] Finished: 2016/40000 Evaluate learned policies with averaged returns 20.336582591809997 ...
[7] Finished: 2112/40000 Evaluate learned policies with averaged returns 29.84648309081 ...
[0] Finished: 2112/40000 Evaluate learned policies with averaged returns 37.454403490009994 ...
[1] Finished: 2112/40000 Evaluate learned policies with averaged returns 33.650443290409996 ...
[5] Finished: 2112/40000 Evaluate learned policies with averaged returns 22.238562691609996 ...
[3] Finished: 2208/40000 Evaluate learned policies with averaged returns 35.552423390209995 ...
[2] Finished: 2112/40000 Evaluate learned policies with averaged returns 18.434602492009994 ...
[7] Finished: 2208/40000 Evaluate learned policies with averaged returns 35.552423390209995 ...
[0] Finished: 2208/40000 Evaluate learned policies with averaged returns 35.552423390209995 ...
[6] Finished: 2112/40000 Evaluate learned policies with averaged returns 24.14054279141 ...
[1] Finished: 2208/40000 Evaluate learned policies with averaged returns 33.650443290409996 ...
[3] Finished: 2304/40000 Evaluate learned policies with averaged returns 37.454403490009994 ...
[7] Finished: 2304/40000 Evaluate learned policies with averaged returns 35.552423390209995 ...
[5] Finished: 2208/40000 Evaluate learned policies with averaged returns 18.434602492009994 ...
[0] Finished: 2304/40000 Evaluate learned policies with averaged returns 37.454403490009994 ...
[2] Finished: 2208/40000 Evaluate learned policies with averaged returns 22.238562691609996 ...
[6] Finished: 2208/40000 Evaluate learned policies with averaged returns 24.140542791409995 ...
[1] Finished: 2304/40000 Evaluate learned policies with averaged returns 35.552423390209995 ...
[3] Finished: 2400/40000 Evaluate learned policies with averaged returns 33.650443290409996 ...
[7] Finished: 2400/40000 Evaluate learned policies with averaged returns 35.552423390209995 ...
[0] Finished: 2400/40000 Evaluate learned policies with averaged returns 37.454403490009994 ...
[5] Finished: 2304/40000 Evaluate learned policies with averaged returns 18.434602492009994 ...
[1] Finished: 2400/40000 Evaluate learned policies with averaged returns 33.650443290409996 ...
[2] Finished: 2304/40000 Evaluate learned policies with averaged returns 27.944502991009994 ...
[6] Finished: 2304/40000 Evaluate learned policies with averaged returns 24.140542791409995 ...
[3] Finished: 2496/40000 Evaluate learned policies with averaged returns 35.552423390209995 ...
[0] Finished: 2496/40000 Evaluate learned policies with averaged returns 37.454403490009994 ...
[7] Finished: 2496/40000 Evaluate learned policies with averaged returns 35.552423390209995 ...
[1] Finished: 2496/40000 Evaluate learned policies with averaged returns 37.454403490009994 ...
[3] Finished: 2592/40000 Evaluate learned policies with averaged returns 37.454403490009994 ...
[5] Finished: 2400/40000 Evaluate learned policies with averaged returns 20.336582591809993 ...
[0] Finished: 2592/40000 Evaluate learned policies with averaged returns 35.552423390209995 ...
[6] Finished: 2400/40000 Evaluate learned policies with averaged returns 29.84648309081 ...
[2] Finished: 2400/40000 Evaluate learned policies with averaged returns 26.042522891209995 ...
[7] Finished: 2592/40000 Evaluate learned policies with averaged returns 37.454403490009994 ...
[1] Finished: 2592/40000 Evaluate learned policies with averaged returns 33.650443290409996 ...
[3] Finished: 2688/40000 Evaluate learned policies with averaged returns 35.552423390209995 ...
[0] Finished: 2688/40000 Evaluate learned policies with averaged returns 37.454403490009994 ...
[7] Finished: 2688/40000 Evaluate learned policies with averaged returns 37.454403490009994 ...
[6] Finished: 2496/40000 Evaluate learned policies with averaged returns 27.94450299101 ...
[2] Finished: 2496/40000 Evaluate learned policies with averaged returns 26.042522891209995 ...
[5] Finished: 2496/40000 Evaluate learned policies with averaged returns 22.238562691609996 ...
[1] Finished: 2688/40000 Evaluate learned policies with averaged returns 37.454403490009994 ...
[3] Finished: 2784/40000 Evaluate learned policies with averaged returns 37.454403490009994 ...
[0] Finished: 2784/40000 Evaluate learned policies with averaged returns 37.454403490009994 ...
[7] Finished: 2784/40000 Evaluate learned policies with averaged returns 37.454403490009994 ...
[6] Finished: 2592/40000 Evaluate learned policies with averaged returns 27.944502991009994 ...
[1] Finished: 2784/40000 Evaluate learned policies with averaged returns 37.454403490009994 ...
[3] Finished: 2880/40000 Evaluate learned policies with averaged returns 37.454403490009994 ...
[2] Finished: 2592/40000 Evaluate learned policies with averaged returns 27.94450299101 ...
[0] Finished: 2880/40000 Evaluate learned policies with averaged returns 37.454403490009994 ...
[7] Finished: 2880/40000 Evaluate learned policies with averaged returns 35.552423390209995 ...
[5] Finished: 2592/40000 Evaluate learned policies with averaged returns 18.434602492009994 ...
[6] Finished: 2688/40000 Evaluate learned policies with averaged returns 29.84648309081 ...
[1] Finished: 2880/40000 Evaluate learned policies with averaged returns 37.454403490009994 ...
[7] Finished: 2976/40000 Evaluate learned policies with averaged returns 37.454403490009994 ...
[2] Finished: 2688/40000 Evaluate learned policies with averaged returns 35.552423390209995 ...
[3] Finished: 2976/40000 Evaluate learned policies with averaged returns 35.552423390209995 ...
[0] Finished: 2976/40000 Evaluate learned policies with averaged returns 37.454403490009994 ...
[6] Finished: 2784/40000 Evaluate learned policies with averaged returns 35.552423390209995 ...
[1] Finished: 2976/40000 Evaluate learned policies with averaged returns 35.552423390209995 ...
[5] Finished: 2688/40000 Evaluate learned policies with averaged returns 20.336582591809997 ...
[2] Finished: 2784/40000 Evaluate learned policies with averaged returns 31.74846319061 ...
[7] Finished: 3072/40000 Evaluate learned policies with averaged returns 37.454403490009994 ...
[3] Finished: 3072/40000 Evaluate learned policies with averaged returns 37.454403490009994 ...
[0] Finished: 3072/40000 Evaluate learned policies with averaged returns 37.454403490009994 ...
[6] Finished: 2880/40000 Evaluate learned policies with averaged returns 35.552423390209995 ...
[1] Finished: 3072/40000 Evaluate learned policies with averaged returns 35.552423390209995 ...
[2] Finished: 2880/40000 Evaluate learned policies with averaged returns 35.552423390209995 ...
[3] Finished: 3168/40000 Evaluate learned policies with averaged returns 37.454403490009994 ...
[7] Finished: 3168/40000 Evaluate learned policies with averaged returns 33.650443290409996 ...
[6] Finished: 2976/40000 Evaluate learned policies with averaged returns 33.650443290409996 ...
[0] Finished: 3168/40000 Evaluate learned policies with averaged returns 37.454403490009994 ...
[1] Finished: 3168/40000 Evaluate learned policies with averaged returns 37.454403490009994 ...
[5] Finished: 2784/40000 Evaluate learned policies with averaged returns 20.336582591809997 ...
[3] Finished: 3264/40000 Evaluate learned policies with averaged returns 37.454403490009994 ...
[2] Finished: 2976/40000 Evaluate learned policies with averaged returns 35.552423390209995 ...
[7] Finished: 3264/40000 Evaluate learned policies with averaged returns 37.454403490009994 ...
[0] Finished: 3264/40000 Evaluate learned policies with averaged returns 35.552423390209995 ...
[6] Finished: 3072/40000 Evaluate learned policies with averaged returns 33.650443290409996 ...
[1] Finished: 3264/40000 Evaluate learned policies with averaged returns 37.454403490009994 ...
[3] Finished: 3360/40000 Evaluate learned policies with averaged returns 35.552423390209995 ...
[2] Finished: 3072/40000 Evaluate learned policies with averaged returns 37.454403490009994 ...
[7] Finished: 3360/40000 Evaluate learned policies with averaged returns 35.552423390209995 ...
[6] Finished: 3168/40000 Evaluate learned policies with averaged returns 37.454403490009994 ...
[5] Finished: 2880/40000 Evaluate learned policies with averaged returns 20.336582591809997 ...
[0] Finished: 3360/40000 Evaluate learned policies with averaged returns 37.454403490009994 ...
[1] Finished: 3360/40000 Evaluate learned policies with averaged returns 37.454403490009994 ...
[3] Finished: 3456/40000 Evaluate learned policies with averaged returns 35.552423390209995 ...
[7] Finished: 3456/40000 Evaluate learned policies with averaged returns 37.454403490009994 ...
[6] Finished: 3264/40000 Evaluate learned policies with averaged returns 37.454403490009994 ...
[2] Finished: 3168/40000 Evaluate learned policies with averaged returns 35.552423390209995 ...
[0] Finished: 3456/40000 Evaluate learned policies with averaged returns 35.552423390209995 ...
[1] Finished: 3456/40000 Evaluate learned policies with averaged returns 37.454403490009994 ...
[3] Finished: 3552/40000 Evaluate learned policies with averaged returns 33.650443290409996 ...
[7] Finished: 3552/40000 Evaluate learned policies with averaged returns 37.454403490009994 ...
[6] Finished: 3360/40000 Evaluate learned policies with averaged returns 37.454403490009994 ...
[5] Finished: 2976/40000 Evaluate learned policies with averaged returns 20.336582591809997 ...
[0] Finished: 3552/40000 Evaluate learned policies with averaged returns 37.454403490009994 ...
[2] Finished: 3264/40000 Evaluate learned policies with averaged returns 27.944502991009994 ...
[1] Finished: 3552/40000 Evaluate learned policies with averaged returns 37.454403490009994 ...
[3] Finished: 3648/40000 Evaluate learned policies with averaged returns 37.454403490009994 ...
[7] Finished: 3648/40000 Evaluate learned policies with averaged returns 37.454403490009994 ...
[6] Finished: 3456/40000 Evaluate learned policies with averaged returns 33.650443290409996 ...
[2] Finished: 3360/40000 Evaluate learned policies with averaged returns 37.454403490009994 ...
[0] Finished: 3648/40000 Evaluate learned policies with averaged returns 37.454403490009994 ...
[1] Finished: 3648/40000 Evaluate learned policies with averaged returns 37.454403490009994 ...
[3] Finished: 3744/40000 Evaluate learned policies with averaged returns 37.454403490009994 ...
[6] Finished: 3552/40000 Evaluate learned policies with averaged returns 37.454403490009994 ...
[7] Finished: 3744/40000 Evaluate learned policies with averaged returns 37.454403490009994 ...
[5] Finished: 3072/40000 Evaluate learned policies with averaged returns 20.336582591809997 ...
[2] Finished: 3456/40000 Evaluate learned policies with averaged returns 29.84648309081 ...
[0] Finished: 3744/40000 Evaluate learned policies with averaged returns 37.454403490009994 ...
[1] Finished: 3744/40000 Evaluate learned policies with averaged returns 35.552423390209995 ...
[3] Finished: 3840/40000 Evaluate learned policies with averaged returns 35.552423390209995 ...
[7] Finished: 3840/40000 Evaluate learned policies with averaged returns 37.454403490009994 ...
[6] Finished: 3648/40000 Evaluate learned policies with averaged returns 37.454403490009994 ...
[2] Finished: 3552/40000 Evaluate learned policies with averaged returns 37.454403490009994 ...
[1] Finished: 3840/40000 Evaluate learned policies with averaged returns 37.454403490009994 ...
[0] Finished: 3840/40000 Evaluate learned policies with averaged returns 37.454403490009994 ...
[3] Finished: 3936/40000 Evaluate learned policies with averaged returns 35.552423390209995 ...
[7] Finished: 3936/40000 Evaluate learned policies with averaged returns 37.454403490009994 ...
[5] Finished: 3168/40000 Evaluate learned policies with averaged returns 18.434602492009994 ...
[6] Finished: 3744/40000 Evaluate learned policies with averaged returns 37.454403490009994 ...
[2] Finished: 3648/40000 Evaluate learned policies with averaged returns 33.650443290409996 ...
[1] Finished: 3936/40000 Evaluate learned policies with averaged returns 37.454403490009994 ...
[0] Finished: 3936/40000 Evaluate learned policies with averaged returns 37.454403490009994 ...
[3] Finished: 4032/40000 Evaluate learned policies with averaged returns 37.454403490009994 ...
[7] Finished: 4032/40000 Evaluate learned policies with averaged returns 37.454403490009994 ...
[6] Finished: 3840/40000 Evaluate learned policies with averaged returns 37.454403490009994 ...
[2] Finished: 3744/40000 Evaluate learned policies with averaged returns 31.74846319061 ...
[1] Finished: 4032/40000 Evaluate learned policies with averaged returns 37.454403490009994 ...
[0] Finished: 4032/40000 Evaluate learned policies with averaged returns 37.454403490009994 ...
[3] Finished: 4128/40000 Evaluate learned policies with averaged returns 37.454403490009994 ...
[7] Finished: 4128/40000 Evaluate learned policies with averaged returns 37.454403490009994 ...
[6] Finished: 3936/40000 Evaluate learned policies with averaged returns 37.454403490009994 ...
[5] Finished: 3264/40000 Evaluate learned policies with averaged returns 20.336582591809997 ...
[2] Finished: 3840/40000 Evaluate learned policies with averaged returns 33.650443290409996 ...
[1] Finished: 4128/40000 Evaluate learned policies with averaged returns 37.454403490009994 ...
[0] Finished: 4128/40000 Evaluate learned policies with averaged returns 35.552423390209995 ...
[3] Finished: 4224/40000 Evaluate learned policies with averaged returns 35.552423390209995 ...
[7] Finished: 4224/40000 Evaluate learned policies with averaged returns 35.552423390209995 ...
[6] Finished: 4032/40000 Evaluate learned policies with averaged returns 37.454403490009994 ...
[2] Finished: 3936/40000 Evaluate learned policies with averaged returns 35.552423390209995 ...
[1] Finished: 4224/40000 Evaluate learned policies with averaged returns 37.454403490009994 ...
[0] Finished: 4224/40000 Evaluate learned policies with averaged returns 37.454403490009994 ...
[3] Finished: 4320/40000 Evaluate learned policies with averaged returns 33.650443290409996 ...
[7] Finished: 4320/40000 Evaluate learned policies with averaged returns 37.454403490009994 ...
[6] Finished: 4128/40000 Evaluate learned policies with averaged returns 37.454403490009994 ...
[2] Finished: 4032/40000 Evaluate learned policies with averaged returns 37.454403490009994 ...
[5] Finished: 3360/40000 Evaluate learned policies with averaged returns 20.336582591809997 ...
[0] Finished: 4320/40000 Evaluate learned policies with averaged returns 37.454403490009994 ...
[1] Finished: 4320/40000 Evaluate learned policies with averaged returns 37.454403490009994 ...
[3] Finished: 4416/40000 Evaluate learned policies with averaged returns 37.454403490009994 ...
[7] Finished: 4416/40000 Evaluate learned policies with averaged returns 37.454403490009994 ...
[6] Finished: 4224/40000 Evaluate learned policies with averaged returns 35.552423390209995 ...
[2] Finished: 4128/40000 Evaluate learned policies with averaged returns 35.552423390209995 ...
[0] Finished: 4416/40000 Evaluate learned policies with averaged returns 37.454403490009994 ...
[1] Finished: 4416/40000 Evaluate learned policies with averaged returns 35.552423390209995 ...
[3] Finished: 4512/40000 Evaluate learned policies with averaged returns 31.74846319061 ...
[7] Finished: 4512/40000 Evaluate learned policies with averaged returns 37.454403490009994 ...
[6] Finished: 4320/40000 Evaluate learned policies with averaged returns 37.454403490009994 ...
[2] Finished: 4224/40000 Evaluate learned policies with averaged returns 35.552423390209995 ...
[0] Finished: 4512/40000 Evaluate learned policies with averaged returns 37.454403490009994 ...
[5] Finished: 3456/40000 Evaluate learned policies with averaged returns 22.238562691609996 ...
[1] Finished: 4512/40000 Evaluate learned policies with averaged returns 37.454403490009994 ...
[3] Finished: 4608/40000 Evaluate learned policies with averaged returns 35.552423390209995 ...
[7] Finished: 4608/40000 Evaluate learned policies with averaged returns 37.454403490009994 ...
[6] Finished: 4416/40000 Evaluate learned policies with averaged returns 35.552423390209995 ...
[2] Finished: 4320/40000 Evaluate learned policies with averaged returns 31.74846319061 ...
[0] Finished: 4608/40000 Evaluate learned policies with averaged returns 37.454403490009994 ...
[3] Finished: 4704/40000 Evaluate learned policies with averaged returns 37.454403490009994 ...
[1] Finished: 4608/40000 Evaluate learned policies with averaged returns 37.454403490009994 ...
[7] Finished: 4704/40000 Evaluate learned policies with averaged returns 37.454403490009994 ...
[6] Finished: 4512/40000 Evaluate learned policies with averaged returns 33.650443290409996 ...
[2] Finished: 4416/40000 Evaluate learned policies with averaged returns 33.650443290409996 ...
[0] Finished: 4704/40000 Evaluate learned policies with averaged returns 37.454403490009994 ...
[3] Finished: 4800/40000 Evaluate learned policies with averaged returns 33.650443290409996 ...
[5] Finished: 3552/40000 Evaluate learned policies with averaged returns 19.385592541909993 ...
[1] Finished: 4704/40000 Evaluate learned policies with averaged returns 37.454403490009994 ...
[7] Finished: 4800/40000 Evaluate learned policies with averaged returns 37.454403490009994 ...
[6] Finished: 4608/40000 Evaluate learned policies with averaged returns 37.454403490009994 ...
[2] Finished: 4512/40000 Evaluate learned policies with averaged returns 29.84648309081 ...
[0] Finished: 4800/40000 Evaluate learned policies with averaged returns 37.454403490009994 ...
[3] Finished: 4896/40000 Evaluate learned policies with averaged returns 35.552423390209995 ...
[1] Finished: 4800/40000 Evaluate learned policies with averaged returns 37.454403490009994 ...
[7] Finished: 4896/40000 Evaluate learned policies with averaged returns 37.454403490009994 ...
[6] Finished: 4704/40000 Evaluate learned policies with averaged returns 37.454403490009994 ...
[2] Finished: 4608/40000 Evaluate learned policies with averaged returns 35.552423390209995 ...
[0] Finished: 4896/40000 Evaluate learned policies with averaged returns 37.454403490009994 ...
[3] Finished: 4992/40000 Evaluate learned policies with averaged returns 20.336582591809997 ...
[1] Finished: 4896/40000 Evaluate learned policies with averaged returns 37.454403490009994 ...
[5] Finished: 3648/40000 Evaluate learned policies with averaged returns 22.238562691609996 ...
wandb: - 0.005 MB of 0.005 MB uploaded[7] Finished: 4992/40000 Evaluate learned policies with averaged returns 37.454403490009994 ...
wandb: \ 0.005 MB of 0.012 MB uploadedwandb: | 0.012 MB of 0.012 MB uploadedwandb: 
wandb: Run history:
wandb:    episodes ▁▁▁▁▂▂▂▂▂▃▃▃▃▃▃▄▄▄▄▄▅▅▅▅▅▅▆▆▆▆▆▆▇▇▇▇▇███
wandb: mean_return ▁▂▁▂▁▁▂▂▄▂▂▂▃▃▂▂▃▃▄▄▆▅▅▆▇▇▇██▇███████▇▇█
wandb: 
wandb: Run summary:
wandb:    episodes 4704
wandb: mean_return 37.4544
wandb: 
wandb: 🚀 View run likely-disco-1 at: https://wandb.ai/wwlin1198/ma_ippo_bp6_dc_discovery/runs/61hdascz
wandb: ⭐️ View project at: https://wandb.ai/wwlin1198/ma_ippo_bp6_dc_discovery
wandb: Synced 5 W&B file(s), 0 media file(s), 0 artifact file(s) and 0 other file(s)
wandb: Find logs at: ./wandb/run-20240913_130617-61hdascz/logs
[2] Finished: 4704/40000 Evaluate learned policies with averaged returns 31.74846319061 ...
Traceback (most recent call last):
  File "/scratch/lin.wo/macro_marl/bin/pg_based_main.py", line 7, in <module>
    exec(compile(f.read(), __file__, 'exec'))
  File "/home/lin.wo/macro_marl_ppo/scripts/pg_based_main.py", line 178, in <module>
    main(args)
  File "/home/lin.wo/macro_marl_ppo/scripts/pg_based_main.py", line 94, in main
    model.learn()
  File "/home/lin.wo/macro_marl_ppo/src/macro_marl/algs/pg_based/mac_ippov2.py", line 142, in learn
    self.learner.train(eps, self.ppo_clip_value, self.ppo_epochs)
  File "/home/lin.wo/macro_marl_ppo/src/macro_marl/cores/pg_based/mac_ippov2/learner.py", line 124, in train
    old_actor = torch.load(PATH)
  File "/scratch/lin.wo/macro_marl/lib/python3.8/site-packages/torch/serialization.py", line 1040, in load
    return _legacy_load(opened_file, map_location, pickle_module, **pickle_load_args)
  File "/scratch/lin.wo/macro_marl/lib/python3.8/site-packages/torch/serialization.py", line 1262, in _legacy_load
    magic_number = pickle_module.load(f, **pickle_load_args)
EOFError: Ran out of input
[0] Finished: 4992/40000 Evaluate learned policies with averaged returns 37.454403490009994 ...
[3] Finished: 5088/40000 Evaluate learned policies with averaged returns 29.84648309081 ...
[1] Finished: 4992/40000 Evaluate learned policies with averaged returns 37.454403490009994 ...
[7] Finished: 5088/40000 Evaluate learned policies with averaged returns 35.552423390209995 ...
[2] Finished: 4800/40000 Evaluate learned policies with averaged returns 35.552423390209995 ...
[0] Finished: 5088/40000 Evaluate learned policies with averaged returns 37.454403490009994 ...
[3] Finished: 5184/40000 Evaluate learned policies with averaged returns 33.650443290409996 ...
[1] Finished: 5088/40000 Evaluate learned policies with averaged returns 37.454403490009994 ...
[5] Finished: 3744/40000 Evaluate learned policies with averaged returns 18.434602492009994 ...
[7] Finished: 5184/40000 Evaluate learned policies with averaged returns 37.454403490009994 ...
[2] Finished: 4896/40000 Evaluate learned policies with averaged returns 31.74846319061 ...
[0] Finished: 5184/40000 Evaluate learned policies with averaged returns 37.454403490009994 ...
[3] Finished: 5280/40000 Evaluate learned policies with averaged returns 35.552423390209995 ...
[1] Finished: 5184/40000 Evaluate learned policies with averaged returns 37.454403490009994 ...
[7] Finished: 5280/40000 Evaluate learned policies with averaged returns 37.454403490009994 ...
[2] Finished: 4992/40000 Evaluate learned policies with averaged returns 31.74846319061 ...
[0] Finished: 5280/40000 Evaluate learned policies with averaged returns 37.454403490009994 ...
[1] Finished: 5280/40000 Evaluate learned policies with averaged returns 37.454403490009994 ...
[3] Finished: 5376/40000 Evaluate learned policies with averaged returns 31.74846319061 ...
[7] Finished: 5376/40000 Evaluate learned policies with averaged returns 37.454403490009994 ...
[5] Finished: 3840/40000 Evaluate learned policies with averaged returns 18.434602492009994 ...
[2] Finished: 5088/40000 Evaluate learned policies with averaged returns 31.74846319061 ...
[0] Finished: 5376/40000 Evaluate learned policies with averaged returns 37.454403490009994 ...
[3] Finished: 5472/40000 Evaluate learned policies with averaged returns 37.454403490009994 ...
[1] Finished: 5376/40000 Evaluate learned policies with averaged returns 35.552423390209995 ...
[7] Finished: 5472/40000 Evaluate learned policies with averaged returns 37.454403490009994 ...
[2] Finished: 5184/40000 Evaluate learned policies with averaged returns 35.552423390209995 ...
[0] Finished: 5472/40000 Evaluate learned policies with averaged returns 37.454403490009994 ...
[3] Finished: 5568/40000 Evaluate learned policies with averaged returns 31.74846319061 ...
[1] Finished: 5472/40000 Evaluate learned policies with averaged returns 37.454403490009994 ...
[7] Finished: 5568/40000 Evaluate learned policies with averaged returns 37.454403490009994 ...
[5] Finished: 3936/40000 Evaluate learned policies with averaged returns 22.238562691609996 ...
[2] Finished: 5280/40000 Evaluate learned policies with averaged returns 35.552423390209995 ...
[0] Finished: 5568/40000 Evaluate learned policies with averaged returns 37.454403490009994 ...
[1] Finished: 5568/40000 Evaluate learned policies with averaged returns 37.454403490009994 ...
[3] Finished: 5664/40000 Evaluate learned policies with averaged returns 24.140542791409995 ...
[7] Finished: 5664/40000 Evaluate learned policies with averaged returns 37.454403490009994 ...
[2] Finished: 5376/40000 Evaluate learned policies with averaged returns 33.650443290409996 ...
[0] Finished: 5664/40000 Evaluate learned policies with averaged returns 37.454403490009994 ...
[3] Finished: 5760/40000 Evaluate learned policies with averaged returns 26.04252289121 ...
[1] Finished: 5664/40000 Evaluate learned policies with averaged returns 37.454403490009994 ...
[7] Finished: 5760/40000 Evaluate learned policies with averaged returns 37.454403490009994 ...
[5] Finished: 4032/40000 Evaluate learned policies with averaged returns 21.287572641709996 ...
[2] Finished: 5472/40000 Evaluate learned policies with averaged returns 37.454403490009994 ...
[0] Finished: 5760/40000 Evaluate learned policies with averaged returns 37.454403490009994 ...
[3] Finished: 5856/40000 Evaluate learned policies with averaged returns 29.84648309081 ...
[1] Finished: 5760/40000 Evaluate learned policies with averaged returns 37.454403490009994 ...
[7] Finished: 5856/40000 Evaluate learned policies with averaged returns 37.454403490009994 ...
[2] Finished: 5568/40000 Evaluate learned policies with averaged returns 33.650443290409996 ...
[0] Finished: 5856/40000 Evaluate learned policies with averaged returns 37.454403490009994 ...
[3] Finished: 5952/40000 Evaluate learned policies with averaged returns 29.84648309081 ...
[1] Finished: 5856/40000 Evaluate learned policies with averaged returns 35.552423390209995 ...
[7] Finished: 5952/40000 Evaluate learned policies with averaged returns 37.454403490009994 ...
[5] Finished: 4128/40000 Evaluate learned policies with averaged returns 18.434602492009994 ...
[2] Finished: 5664/40000 Evaluate learned policies with averaged returns 35.552423390209995 ...
[0] Finished: 5952/40000 Evaluate learned policies with averaged returns 37.454403490009994 ...
[3] Finished: 6048/40000 Evaluate learned policies with averaged returns 33.650443290409996 ...
[1] Finished: 5952/40000 Evaluate learned policies with averaged returns 37.454403490009994 ...
[7] Finished: 6048/40000 Evaluate learned policies with averaged returns 35.552423390209995 ...
[2] Finished: 5760/40000 Evaluate learned policies with averaged returns 31.74846319061 ...
[0] Finished: 6048/40000 Evaluate learned policies with averaged returns 35.552423390209995 ...
[1] Finished: 6048/40000 Evaluate learned policies with averaged returns 29.84648309081 ...
[3] Finished: 6144/40000 Evaluate learned policies with averaged returns 35.552423390209995 ...
[7] Finished: 6144/40000 Evaluate learned policies with averaged returns 35.552423390209995 ...
[5] Finished: 4224/40000 Evaluate learned policies with averaged returns 17.379383932640955 ...
[2] Finished: 5856/40000 Evaluate learned policies with averaged returns 29.84648309081 ...
[0] Finished: 6144/40000 Evaluate learned policies with averaged returns 37.454403490009994 ...
[1] Finished: 6144/40000 Evaluate learned policies with averaged returns 29.84648309081 ...
[3] Finished: 6240/40000 Evaluate learned policies with averaged returns 33.650443290409996 ...
[7] Finished: 6240/40000 Evaluate learned policies with averaged returns 37.454403490009994 ...
[2] Finished: 5952/40000 Evaluate learned policies with averaged returns 33.650443290409996 ...
[0] Finished: 6240/40000 Evaluate learned policies with averaged returns 37.454403490009994 ...
[1] Finished: 6240/40000 Evaluate learned policies with averaged returns 33.650443290409996 ...
[3] Finished: 6336/40000 Evaluate learned policies with averaged returns 35.552423390209995 ...
[7] Finished: 6336/40000 Evaluate learned policies with averaged returns 37.454403490009994 ...
[5] Finished: 4320/40000 Evaluate learned policies with averaged returns 20.336582591809997 ...
[2] Finished: 6048/40000 Evaluate learned policies with averaged returns 33.650443290409996 ...
[0] Finished: 6336/40000 Evaluate learned policies with averaged returns 37.454403490009994 ...
[1] Finished: 6336/40000 Evaluate learned policies with averaged returns 35.552423390209995 ...
[7] Finished: 6432/40000 Evaluate learned policies with averaged returns 37.454403490009994 ...
[3] Finished: 6432/40000 Evaluate learned policies with averaged returns 27.944502991009994 ...
[2] Finished: 6144/40000 Evaluate learned policies with averaged returns 35.552423390209995 ...
[0] Finished: 6432/40000 Evaluate learned policies with averaged returns 37.454403490009994 ...
[1] Finished: 6432/40000 Evaluate learned policies with averaged returns 20.336582591809997 ...
[7] Finished: 6528/40000 Evaluate learned policies with averaged returns 37.454403490009994 ...
[3] Finished: 6528/40000 Evaluate learned policies with averaged returns 29.84648309081 ...
[5] Finished: 4416/40000 Evaluate learned policies with averaged returns 20.336582591809997 ...
[2] Finished: 6240/40000 Evaluate learned policies with averaged returns 37.454403490009994 ...
[0] Finished: 6528/40000 Evaluate learned policies with averaged returns 37.454403490009994 ...
[1] Finished: 6528/40000 Evaluate learned policies with averaged returns 33.650443290409996 ...
[7] Finished: 6624/40000 Evaluate learned policies with averaged returns 37.454403490009994 ...
[3] Finished: 6624/40000 Evaluate learned policies with averaged returns 27.94450299101 ...
[2] Finished: 6336/40000 Evaluate learned policies with averaged returns 29.84648309081 ...
[0] Finished: 6624/40000 Evaluate learned policies with averaged returns 37.454403490009994 ...
[1] Finished: 6624/40000 Evaluate learned policies with averaged returns 35.552423390209995 ...
[3] Finished: 6720/40000 Evaluate learned policies with averaged returns 33.650443290409996 ...
[7] Finished: 6720/40000 Evaluate learned policies with averaged returns 37.454403490009994 ...
[5] Finished: 4512/40000 Evaluate learned policies with averaged returns 22.23856269161 ...
[2] Finished: 6432/40000 Evaluate learned policies with averaged returns 31.74846319061 ...
[0] Finished: 6720/40000 Evaluate learned policies with averaged returns 37.454403490009994 ...
[1] Finished: 6720/40000 Evaluate learned policies with averaged returns 31.74846319061 ...
[3] Finished: 6816/40000 Evaluate learned policies with averaged returns 29.84648309081 ...
[7] Finished: 6816/40000 Evaluate learned policies with averaged returns 37.454403490009994 ...
[2] Finished: 6528/40000 Evaluate learned policies with averaged returns 31.74846319061 ...
[0] Finished: 6816/40000 Evaluate learned policies with averaged returns 37.454403490009994 ...
[1] Finished: 6816/40000 Evaluate learned policies with averaged returns 33.650443290409996 ...
[5] Finished: 4608/40000 Evaluate learned policies with averaged returns 20.336582591809997 ...
[3] Finished: 6912/40000 Evaluate learned policies with averaged returns 26.04252289121 ...
[7] Finished: 6912/40000 Evaluate learned policies with averaged returns 37.454403490009994 ...
[2] Finished: 6624/40000 Evaluate learned policies with averaged returns 31.74846319061 ...
[0] Finished: 6912/40000 Evaluate learned policies with averaged returns 37.454403490009994 ...
[1] Finished: 6912/40000 Evaluate learned policies with averaged returns 35.552423390209995 ...
[7] Finished: 7008/40000 Evaluate learned policies with averaged returns 37.454403490009994 ...
[3] Finished: 7008/40000 Evaluate learned policies with averaged returns 27.94450299101 ...
[2] Finished: 6720/40000 Evaluate learned policies with averaged returns 35.552423390209995 ...
[0] Finished: 7008/40000 Evaluate learned policies with averaged returns 37.454403490009994 ...
[1] Finished: 7008/40000 Evaluate learned policies with averaged returns 35.552423390209995 ...
[7] Finished: 7104/40000 Evaluate learned policies with averaged returns 37.454403490009994 ...
[3] Finished: 7104/40000 Evaluate learned policies with averaged returns 27.94450299101 ...
[5] Finished: 4704/40000 Evaluate learned policies with averaged returns 22.238562691609996 ...
[2] Finished: 6816/40000 Evaluate learned policies with averaged returns 33.650443290409996 ...
[0] Finished: 7104/40000 Evaluate learned policies with averaged returns 37.454403490009994 ...
[1] Finished: 7104/40000 Evaluate learned policies with averaged returns 31.74846319061 ...
[7] Finished: 7200/40000 Evaluate learned policies with averaged returns 37.454403490009994 ...
[3] Finished: 7200/40000 Evaluate learned policies with averaged returns 31.74846319061 ...
[2] Finished: 6912/40000 Evaluate learned policies with averaged returns 33.650443290409996 ...
[0] Finished: 7200/40000 Evaluate learned policies with averaged returns 37.454403490009994 ...
[1] Finished: 7200/40000 Evaluate learned policies with averaged returns 37.454403490009994 ...
[7] Finished: 7296/40000 Evaluate learned policies with averaged returns 37.454403490009994 ...
[5] Finished: 4800/40000 Evaluate learned policies with averaged returns 20.336582591809997 ...
[3] Finished: 7296/40000 Evaluate learned policies with averaged returns 31.74846319061 ...
[0] Finished: 7296/40000 Evaluate learned policies with averaged returns 37.454403490009994 ...
[2] Finished: 7008/40000 Evaluate learned policies with averaged returns 35.552423390209995 ...
[1] Finished: 7296/40000 Evaluate learned policies with averaged returns 33.650443290409996 ...
[7] Finished: 7392/40000 Evaluate learned policies with averaged returns 37.454403490009994 ...
[3] Finished: 7392/40000 Evaluate learned policies with averaged returns 33.650443290409996 ...
[0] Finished: 7392/40000 Evaluate learned policies with averaged returns 37.454403490009994 ...
[2] Finished: 7104/40000 Evaluate learned policies with averaged returns 35.552423390209995 ...
[1] Finished: 7392/40000 Evaluate learned policies with averaged returns 31.74846319061 ...
[7] Finished: 7488/40000 Evaluate learned policies with averaged returns 37.454403490009994 ...
[5] Finished: 4896/40000 Evaluate learned policies with averaged returns 18.434602492009994 ...
[3] Finished: 7488/40000 Evaluate learned policies with averaged returns 24.140542791409995 ...
[0] Finished: 7488/40000 Evaluate learned policies with averaged returns 37.454403490009994 ...
[2] Finished: 7200/40000 Evaluate learned policies with averaged returns 29.84648309081 ...
[1] Finished: 7488/40000 Evaluate learned policies with averaged returns 35.552423390209995 ...
[7] Finished: 7584/40000 Evaluate learned policies with averaged returns 37.454403490009994 ...
[3] Finished: 7584/40000 Evaluate learned policies with averaged returns 33.650443290409996 ...
[2] Finished: 7296/40000 Evaluate learned policies with averaged returns 33.650443290409996 ...
[0] Finished: 7584/40000 Evaluate learned policies with averaged returns 37.454403490009994 ...
[1] Finished: 7584/40000 Evaluate learned policies with averaged returns 29.84648309081 ...
[7] Finished: 7680/40000 Evaluate learned policies with averaged returns 37.454403490009994 ...
[5] Finished: 4992/40000 Evaluate learned policies with averaged returns 20.336582591809997 ...
[3] Finished: 7680/40000 Evaluate learned policies with averaged returns 27.94450299101 ...
[2] Finished: 7392/40000 Evaluate learned policies with averaged returns 35.552423390209995 ...
[0] Finished: 7680/40000 Evaluate learned policies with averaged returns 37.454403490009994 ...
[1] Finished: 7680/40000 Evaluate learned policies with averaged returns 35.552423390209995 ...
[7] Finished: 7776/40000 Evaluate learned policies with averaged returns 37.454403490009994 ...
[3] Finished: 7776/40000 Evaluate learned policies with averaged returns 26.04252289121 ...
[2] Finished: 7488/40000 Evaluate learned policies with averaged returns 29.84648309081 ...
[0] Finished: 7776/40000 Evaluate learned policies with averaged returns 37.454403490009994 ...
[1] Finished: 7776/40000 Evaluate learned policies with averaged returns 35.552423390209995 ...
[7] Finished: 7872/40000 Evaluate learned policies with averaged returns 35.552423390209995 ...
[3] Finished: 7872/40000 Evaluate learned policies with averaged returns 27.944502991009994 ...
[5] Finished: 5088/40000 Evaluate learned policies with averaged returns 18.434602492009994 ...
[2] Finished: 7584/40000 Evaluate learned policies with averaged returns 31.74846319061 ...
[0] Finished: 7872/40000 Evaluate learned policies with averaged returns 37.454403490009994 ...
[1] Finished: 7872/40000 Evaluate learned policies with averaged returns 35.552423390209995 ...
[7] Finished: 7968/40000 Evaluate learned policies with averaged returns 35.552423390209995 ...
[3] Finished: 7968/40000 Evaluate learned policies with averaged returns 29.84648309081 ...
[2] Finished: 7680/40000 Evaluate learned policies with averaged returns 33.650443290409996 ...
[1] Finished: 7968/40000 Evaluate learned policies with averaged returns 35.552423390209995 ...
[0] Finished: 7968/40000 Evaluate learned policies with averaged returns 37.454403490009994 ...
[7] Finished: 8064/40000 Evaluate learned policies with averaged returns 37.454403490009994 ...
[3] Finished: 8064/40000 Evaluate learned policies with averaged returns 29.84648309081 ...
[5] Finished: 5184/40000 Evaluate learned policies with averaged returns 20.336582591809997 ...
[2] Finished: 7776/40000 Evaluate learned policies with averaged returns 33.650443290409996 ...
[1] Finished: 8064/40000 Evaluate learned policies with averaged returns 35.552423390209995 ...
[0] Finished: 8064/40000 Evaluate learned policies with averaged returns 37.454403490009994 ...
[7] Finished: 8160/40000 Evaluate learned policies with averaged returns 37.454403490009994 ...
[3] Finished: 8160/40000 Evaluate learned policies with averaged returns 24.140542791409995 ...
[2] Finished: 7872/40000 Evaluate learned policies with averaged returns 26.042522891209995 ...
[1] Finished: 8160/40000 Evaluate learned policies with averaged returns 33.650443290409996 ...
[0] Finished: 8160/40000 Evaluate learned policies with averaged returns 37.454403490009994 ...
[7] Finished: 8256/40000 Evaluate learned policies with averaged returns 37.454403490009994 ...
[3] Finished: 8256/40000 Evaluate learned policies with averaged returns 22.238562691609996 ...
[5] Finished: 5280/40000 Evaluate learned policies with averaged returns 18.434602492009994 ...
[2] Finished: 7968/40000 Evaluate learned policies with averaged returns 33.650443290409996 ...
[1] Finished: 8256/40000 Evaluate learned policies with averaged returns 31.74846319061 ...
[0] Finished: 8256/40000 Evaluate learned policies with averaged returns 37.454403490009994 ...
[7] Finished: 8352/40000 Evaluate learned policies with averaged returns 35.552423390209995 ...
[3] Finished: 8352/40000 Evaluate learned policies with averaged returns 31.74846319061 ...
[2] Finished: 8064/40000 Evaluate learned policies with averaged returns 33.650443290409996 ...
[1] Finished: 8352/40000 Evaluate learned policies with averaged returns 31.74846319061 ...
[0] Finished: 8352/40000 Evaluate learned policies with averaged returns 37.454403490009994 ...
[7] Finished: 8448/40000 Evaluate learned policies with averaged returns 37.454403490009994 ...
[2] Finished: 8160/40000 Evaluate learned policies with averaged returns 37.454403490009994 ...
[3] Finished: 8448/40000 Evaluate learned policies with averaged returns 33.650443290409996 ...
[5] Finished: 5376/40000 Evaluate learned policies with averaged returns 20.336582591809997 ...
[1] Finished: 8448/40000 Evaluate learned policies with averaged returns 31.74846319061 ...
[0] Finished: 8448/40000 Evaluate learned policies with averaged returns 37.454403490009994 ...
[7] Finished: 8544/40000 Evaluate learned policies with averaged returns 35.552423390209995 ...
[2] Finished: 8256/40000 Evaluate learned policies with averaged returns 31.74846319061 ...
[3] Finished: 8544/40000 Evaluate learned policies with averaged returns 33.650443290409996 ...
[1] Finished: 8544/40000 Evaluate learned policies with averaged returns 33.650443290409996 ...
[0] Finished: 8544/40000 Evaluate learned policies with averaged returns 37.454403490009994 ...
[7] Finished: 8640/40000 Evaluate learned policies with averaged returns 33.650443290409996 ...
[2] Finished: 8352/40000 Evaluate learned policies with averaged returns 33.650443290409996 ...
[5] Finished: 5472/40000 Evaluate learned policies with averaged returns 26.04252289121 ...
[3] Finished: 8640/40000 Evaluate learned policies with averaged returns 35.552423390209995 ...
[1] Finished: 8640/40000 Evaluate learned policies with averaged returns 26.042522891209995 ...
[0] Finished: 8640/40000 Evaluate learned policies with averaged returns 37.454403490009994 ...
[7] Finished: 8736/40000 Evaluate learned policies with averaged returns 37.454403490009994 ...
[2] Finished: 8448/40000 Evaluate learned policies with averaged returns 31.74846319061 ...
[3] Finished: 8736/40000 Evaluate learned policies with averaged returns 29.84648309081 ...
[1] Finished: 8736/40000 Evaluate learned policies with averaged returns 33.650443290409996 ...
[0] Finished: 8736/40000 Evaluate learned policies with averaged returns 37.454403490009994 ...
[7] Finished: 8832/40000 Evaluate learned policies with averaged returns 35.552423390209995 ...
[2] Finished: 8544/40000 Evaluate learned policies with averaged returns 33.650443290409996 ...
[3] Finished: 8832/40000 Evaluate learned policies with averaged returns 27.944502991009994 ...
[5] Finished: 5568/40000 Evaluate learned policies with averaged returns 18.434602492009994 ...
[1] Finished: 8832/40000 Evaluate learned policies with averaged returns 27.94450299101 ...
[0] Finished: 8832/40000 Evaluate learned policies with averaged returns 37.454403490009994 ...
[7] Finished: 8928/40000 Evaluate learned policies with averaged returns 35.552423390209995 ...
[2] Finished: 8640/40000 Evaluate learned policies with averaged returns 35.552423390209995 ...
[1] Finished: 8928/40000 Evaluate learned policies with averaged returns 35.552423390209995 ...
[3] Finished: 8928/40000 Evaluate learned policies with averaged returns 27.94450299101 ...
[0] Finished: 8928/40000 Evaluate learned policies with averaged returns 37.454403490009994 ...
[7] Finished: 9024/40000 Evaluate learned policies with averaged returns 37.454403490009994 ...
[2] Finished: 8736/40000 Evaluate learned policies with averaged returns 33.650443290409996 ...
[5] Finished: 5664/40000 Evaluate learned policies with averaged returns 20.336582591809997 ...
[3] Finished: 9024/40000 Evaluate learned policies with averaged returns 35.552423390209995 ...
[1] Finished: 9024/40000 Evaluate learned policies with averaged returns 29.84648309081 ...
[0] Finished: 9024/40000 Evaluate learned policies with averaged returns 37.454403490009994 ...
[7] Finished: 9120/40000 Evaluate learned policies with averaged returns 29.84648309081 ...
[2] Finished: 8832/40000 Evaluate learned policies with averaged returns 35.552423390209995 ...
[1] Finished: 9120/40000 Evaluate learned policies with averaged returns 35.552423390209995 ...
[3] Finished: 9120/40000 Evaluate learned policies with averaged returns 31.74846319061 ...
[0] Finished: 9120/40000 Evaluate learned policies with averaged returns 35.552423390209995 ...
[7] Finished: 9216/40000 Evaluate learned policies with averaged returns 29.84648309081 ...
[2] Finished: 8928/40000 Evaluate learned policies with averaged returns 31.74846319061 ...
[1] Finished: 9216/40000 Evaluate learned policies with averaged returns 35.552423390209995 ...
[5] Finished: 5760/40000 Evaluate learned policies with averaged returns 18.434602492009994 ...
[3] Finished: 9216/40000 Evaluate learned policies with averaged returns 33.650443290409996 ...
[0] Finished: 9216/40000 Evaluate learned policies with averaged returns 37.454403490009994 ...
[7] Finished: 9312/40000 Evaluate learned policies with averaged returns 31.74846319061 ...
[2] Finished: 9024/40000 Evaluate learned policies with averaged returns 33.650443290409996 ...
[1] Finished: 9312/40000 Evaluate learned policies with averaged returns 33.650443290409996 ...
[3] Finished: 9312/40000 Evaluate learned policies with averaged returns 35.552423390209995 ...
[7] Finished: 9408/40000 Evaluate learned policies with averaged returns 35.552423390209995 ...
[0] Finished: 9312/40000 Evaluate learned policies with averaged returns 35.552423390209995 ...
[2] Finished: 9120/40000 Evaluate learned policies with averaged returns 35.552423390209995 ...
[1] Finished: 9408/40000 Evaluate learned policies with averaged returns 33.650443290409996 ...
[3] Finished: 9408/40000 Evaluate learned policies with averaged returns 35.552423390209995 ...
[5] Finished: 5856/40000 Evaluate learned policies with averaged returns 18.434602492009994 ...
[7] Finished: 9504/40000 Evaluate learned policies with averaged returns 31.74846319061 ...
[0] Finished: 9408/40000 Evaluate learned policies with averaged returns 37.454403490009994 ...
[2] Finished: 9216/40000 Evaluate learned policies with averaged returns 26.04252289121 ...
[1] Finished: 9504/40000 Evaluate learned policies with averaged returns 33.650443290409996 ...
[3] Finished: 9504/40000 Evaluate learned policies with averaged returns 31.74846319061 ...
[7] Finished: 9600/40000 Evaluate learned policies with averaged returns 35.552423390209995 ...
[0] Finished: 9504/40000 Evaluate learned policies with averaged returns 37.454403490009994 ...
[2] Finished: 9312/40000 Evaluate learned policies with averaged returns 33.650443290409996 ...
[1] Finished: 9600/40000 Evaluate learned policies with averaged returns 37.454403490009994 ...
[5] Finished: 5952/40000 Evaluate learned policies with averaged returns 18.434602492009994 ...
[3] Finished: 9600/40000 Evaluate learned policies with averaged returns 35.552423390209995 ...
[7] Finished: 9696/40000 Evaluate learned policies with averaged returns 33.650443290409996 ...
[0] Finished: 9600/40000 Evaluate learned policies with averaged returns 37.454403490009994 ...
[2] Finished: 9408/40000 Evaluate learned policies with averaged returns 33.650443290409996 ...
[1] Finished: 9696/40000 Evaluate learned policies with averaged returns 31.74846319061 ...
[3] Finished: 9696/40000 Evaluate learned policies with averaged returns 31.74846319061 ...
[7] Finished: 9792/40000 Evaluate learned policies with averaged returns 33.650443290409996 ...
[0] Finished: 9696/40000 Evaluate learned policies with averaged returns 37.454403490009994 ...
[2] Finished: 9504/40000 Evaluate learned policies with averaged returns 27.94450299101 ...
[5] Finished: 6048/40000 Evaluate learned policies with averaged returns 20.336582591809997 ...
[1] Finished: 9792/40000 Evaluate learned policies with averaged returns 29.84648309081 ...
[3] Finished: 9792/40000 Evaluate learned policies with averaged returns 29.84648309081 ...
[7] Finished: 9888/40000 Evaluate learned policies with averaged returns 31.74846319061 ...
[0] Finished: 9792/40000 Evaluate learned policies with averaged returns 37.454403490009994 ...
[2] Finished: 9600/40000 Evaluate learned policies with averaged returns 29.84648309081 ...
[1] Finished: 9888/40000 Evaluate learned policies with averaged returns 29.84648309081 ...
[3] Finished: 9888/40000 Evaluate learned policies with averaged returns 27.94450299101 ...
[7] Finished: 9984/40000 Evaluate learned policies with averaged returns 29.84648309081 ...
[0] Finished: 9888/40000 Evaluate learned policies with averaged returns 37.454403490009994 ...
[5] Finished: 6144/40000 Evaluate learned policies with averaged returns 20.336582591809997 ...
[2] Finished: 9696/40000 Evaluate learned policies with averaged returns 26.042522891209995 ...
[1] Finished: 9984/40000 Evaluate learned policies with averaged returns 29.84648309081 ...
[3] Finished: 9984/40000 Evaluate learned policies with averaged returns 29.84648309081 ...
[7] Finished: 10080/40000 Evaluate learned policies with averaged returns 37.454403490009994 ...
[0] Finished: 9984/40000 Evaluate learned policies with averaged returns 37.454403490009994 ...
[2] Finished: 9792/40000 Evaluate learned policies with averaged returns 33.650443290409996 ...
[1] Finished: 10080/40000 Evaluate learned policies with averaged returns 33.650443290409996 ...
[3] Finished: 10080/40000 Evaluate learned policies with averaged returns 29.84648309081 ...
[7] Finished: 10176/40000 Evaluate learned policies with averaged returns 31.74846319061 ...
[0] Finished: 10080/40000 Evaluate learned policies with averaged returns 37.454403490009994 ...
[5] Finished: 6240/40000 Evaluate learned policies with averaged returns 20.336582591809997 ...
[2] Finished: 9888/40000 Evaluate learned policies with averaged returns 31.74846319061 ...
[1] Finished: 10176/40000 Evaluate learned policies with averaged returns 29.84648309081 ...
[3] Finished: 10176/40000 Evaluate learned policies with averaged returns 29.84648309081 ...
[7] Finished: 10272/40000 Evaluate learned policies with averaged returns 33.650443290409996 ...
[0] Finished: 10176/40000 Evaluate learned policies with averaged returns 37.454403490009994 ...
[2] Finished: 9984/40000 Evaluate learned policies with averaged returns 31.74846319061 ...
[1] Finished: 10272/40000 Evaluate learned policies with averaged returns 27.944502991009994 ...
[3] Finished: 10272/40000 Evaluate learned policies with averaged returns 33.650443290409996 ...
[7] Finished: 10368/40000 Evaluate learned policies with averaged returns 31.74846319061 ...
[0] Finished: 10272/40000 Evaluate learned policies with averaged returns 37.454403490009994 ...
[5] Finished: 6336/40000 Evaluate learned policies with averaged returns 17.483612442109994 ...
[2] Finished: 10080/40000 Evaluate learned policies with averaged returns 29.84648309081 ...
[1] Finished: 10368/40000 Evaluate learned policies with averaged returns 27.94450299101 ...
[7] Finished: 10464/40000 Evaluate learned policies with averaged returns 37.454403490009994 ...
[3] Finished: 10368/40000 Evaluate learned policies with averaged returns 35.552423390209995 ...
[0] Finished: 10368/40000 Evaluate learned policies with averaged returns 37.454403490009994 ...
[2] Finished: 10176/40000 Evaluate learned policies with averaged returns 33.650443290409996 ...
[1] Finished: 10464/40000 Evaluate learned policies with averaged returns 27.94450299101 ...
[3] Finished: 10464/40000 Evaluate learned policies with averaged returns 29.84648309081 ...
[7] Finished: 10560/40000 Evaluate learned policies with averaged returns 33.650443290409996 ...
[0] Finished: 10464/40000 Evaluate learned policies with averaged returns 37.454403490009994 ...
[2] Finished: 10272/40000 Evaluate learned policies with averaged returns 27.944502991009994 ...
[5] Finished: 6432/40000 Evaluate learned policies with averaged returns 22.238562691609996 ...
[1] Finished: 10560/40000 Evaluate learned policies with averaged returns 29.84648309081 ...
[7] Finished: 10656/40000 Evaluate learned policies with averaged returns 29.84648309081 ...
[3] Finished: 10560/40000 Evaluate learned policies with averaged returns 31.74846319061 ...
[0] Finished: 10560/40000 Evaluate learned policies with averaged returns 37.454403490009994 ...
[2] Finished: 10368/40000 Evaluate learned policies with averaged returns 33.650443290409996 ...
[1] Finished: 10656/40000 Evaluate learned policies with averaged returns 27.94450299101 ...
[7] Finished: 10752/40000 Evaluate learned policies with averaged returns 33.650443290409996 ...
[3] Finished: 10656/40000 Evaluate learned policies with averaged returns 29.84648309081 ...
[0] Finished: 10656/40000 Evaluate learned policies with averaged returns 37.454403490009994 ...
[2] Finished: 10464/40000 Evaluate learned policies with averaged returns 37.454403490009994 ...
[5] Finished: 6528/40000 Evaluate learned policies with averaged returns 16.370849330148946 ...
[1] Finished: 10752/40000 Evaluate learned policies with averaged returns 31.74846319061 ...
[3] Finished: 10752/40000 Evaluate learned policies with averaged returns 26.04252289121 ...
[7] Finished: 10848/40000 Evaluate learned policies with averaged returns 31.74846319061 ...
[0] Finished: 10752/40000 Evaluate learned policies with averaged returns 37.454403490009994 ...
[2] Finished: 10560/40000 Evaluate learned policies with averaged returns 33.650443290409996 ...
[1] Finished: 10848/40000 Evaluate learned policies with averaged returns 29.84648309081 ...
[3] Finished: 10848/40000 Evaluate learned policies with averaged returns 29.84648309081 ...
[7] Finished: 10944/40000 Evaluate learned policies with averaged returns 27.944502991009994 ...
[0] Finished: 10848/40000 Evaluate learned policies with averaged returns 37.454403490009994 ...
[2] Finished: 10656/40000 Evaluate learned policies with averaged returns 27.944502991009994 ...
[1] Finished: 10944/40000 Evaluate learned policies with averaged returns 33.650443290409996 ...
[5] Finished: 6624/40000 Evaluate learned policies with averaged returns 22.238562691609996 ...
[3] Finished: 10944/40000 Evaluate learned policies with averaged returns 33.650443290409996 ...
[7] Finished: 11040/40000 Evaluate learned policies with averaged returns 31.74846319061 ...
[0] Finished: 10944/40000 Evaluate learned policies with averaged returns 37.454403490009994 ...
[2] Finished: 10752/40000 Evaluate learned policies with averaged returns 35.552423390209995 ...
[1] Finished: 11040/40000 Evaluate learned policies with averaged returns 26.04252289121 ...
[3] Finished: 11040/40000 Evaluate learned policies with averaged returns 31.74846319061 ...
[7] Finished: 11136/40000 Evaluate learned policies with averaged returns 24.140542791409995 ...
[0] Finished: 11040/40000 Evaluate learned policies with averaged returns 37.454403490009994 ...
[2] Finished: 10848/40000 Evaluate learned policies with averaged returns 35.552423390209995 ...
[1] Finished: 11136/40000 Evaluate learned policies with averaged returns 31.74846319061 ...
[5] Finished: 6720/40000 Evaluate learned policies with averaged returns 22.238562691609996 ...
[3] Finished: 11136/40000 Evaluate learned policies with averaged returns 29.84648309081 ...
[7] Finished: 11232/40000 Evaluate learned policies with averaged returns 29.84648309081 ...
[0] Finished: 11136/40000 Evaluate learned policies with averaged returns 37.454403490009994 ...
[2] Finished: 10944/40000 Evaluate learned policies with averaged returns 33.650443290409996 ...
[1] Finished: 11232/40000 Evaluate learned policies with averaged returns 37.454403490009994 ...
[3] Finished: 11232/40000 Evaluate learned policies with averaged returns 29.84648309081 ...
[7] Finished: 11328/40000 Evaluate learned policies with averaged returns 27.94450299101 ...
[0] Finished: 11232/40000 Evaluate learned policies with averaged returns 37.454403490009994 ...
[2] Finished: 11040/40000 Evaluate learned policies with averaged returns 33.650443290409996 ...
[5] Finished: 6816/40000 Evaluate learned policies with averaged returns 18.434602492009994 ...
[1] Finished: 11328/40000 Evaluate learned policies with averaged returns 31.74846319061 ...
[3] Finished: 11328/40000 Evaluate learned policies with averaged returns 35.552423390209995 ...
[7] Finished: 11424/40000 Evaluate learned policies with averaged returns 33.650443290409996 ...
[0] Finished: 11328/40000 Evaluate learned policies with averaged returns 37.454403490009994 ...
[2] Finished: 11136/40000 Evaluate learned policies with averaged returns 22.238562691609996 ...
[1] Finished: 11424/40000 Evaluate learned policies with averaged returns 31.74846319061 ...
[3] Finished: 11424/40000 Evaluate learned policies with averaged returns 35.552423390209995 ...
[0] Finished: 11424/40000 Evaluate learned policies with averaged returns 37.454403490009994 ...
[7] Finished: 11520/40000 Evaluate learned policies with averaged returns 33.650443290409996 ...
[2] Finished: 11232/40000 Evaluate learned policies with averaged returns 27.944502991009994 ...
[1] Finished: 11520/40000 Evaluate learned policies with averaged returns 29.84648309081 ...
[5] Finished: 6912/40000 Evaluate learned policies with averaged returns 18.434602492009994 ...
[3] Finished: 11520/40000 Evaluate learned policies with averaged returns 31.74846319061 ...
[0] Finished: 11520/40000 Evaluate learned policies with averaged returns 37.454403490009994 ...
[7] Finished: 11616/40000 Evaluate learned policies with averaged returns 31.74846319061 ...
[2] Finished: 11328/40000 Evaluate learned policies with averaged returns 37.454403490009994 ...
[1] Finished: 11616/40000 Evaluate learned policies with averaged returns 33.650443290409996 ...
[3] Finished: 11616/40000 Evaluate learned policies with averaged returns 31.74846319061 ...
[0] Finished: 11616/40000 Evaluate learned policies with averaged returns 37.454403490009994 ...
[7] Finished: 11712/40000 Evaluate learned policies with averaged returns 31.74846319061 ...
[2] Finished: 11424/40000 Evaluate learned policies with averaged returns 33.650443290409996 ...
[1] Finished: 11712/40000 Evaluate learned policies with averaged returns 24.140542791409995 ...
[5] Finished: 7008/40000 Evaluate learned policies with averaged returns 20.336582591809997 ...
[3] Finished: 11712/40000 Evaluate learned policies with averaged returns 26.042522891209995 ...
[0] Finished: 11712/40000 Evaluate learned policies with averaged returns 37.454403490009994 ...
[7] Finished: 11808/40000 Evaluate learned policies with averaged returns 37.454403490009994 ...
[2] Finished: 11520/40000 Evaluate learned policies with averaged returns 29.84648309081 ...
[1] Finished: 11808/40000 Evaluate learned policies with averaged returns 31.74846319061 ...
[3] Finished: 11808/40000 Evaluate learned policies with averaged returns 27.94450299101 ...
[7] Finished: 11904/40000 Evaluate learned policies with averaged returns 33.650443290409996 ...
[0] Finished: 11808/40000 Evaluate learned policies with averaged returns 37.454403490009994 ...
[2] Finished: 11616/40000 Evaluate learned policies with averaged returns 31.74846319061 ...
[1] Finished: 11904/40000 Evaluate learned policies with averaged returns 33.650443290409996 ...
[5] Finished: 7104/40000 Evaluate learned policies with averaged returns 18.434602492009994 ...
[3] Finished: 11904/40000 Evaluate learned policies with averaged returns 26.04252289121 ...
[0] Finished: 11904/40000 Evaluate learned policies with averaged returns 37.454403490009994 ...
[7] Finished: 12000/40000 Evaluate learned policies with averaged returns 35.552423390209995 ...
[2] Finished: 11712/40000 Evaluate learned policies with averaged returns 35.552423390209995 ...
[1] Finished: 12000/40000 Evaluate learned policies with averaged returns 37.454403490009994 ...
[3] Finished: 12000/40000 Evaluate learned policies with averaged returns 27.94450299101 ...
[0] Finished: 12000/40000 Evaluate learned policies with averaged returns 37.454403490009994 ...
[7] Finished: 12096/40000 Evaluate learned policies with averaged returns 35.552423390209995 ...
[2] Finished: 11808/40000 Evaluate learned policies with averaged returns 29.84648309081 ...
[1] Finished: 12096/40000 Evaluate learned policies with averaged returns 35.552423390209995 ...
[5] Finished: 7200/40000 Evaluate learned policies with averaged returns 18.434602492009994 ...
[3] Finished: 12096/40000 Evaluate learned policies with averaged returns 27.944502991009994 ...
[0] Finished: 12096/40000 Evaluate learned policies with averaged returns 37.454403490009994 ...
[7] Finished: 12192/40000 Evaluate learned policies with averaged returns 27.94450299101 ...
[2] Finished: 11904/40000 Evaluate learned policies with averaged returns 26.04252289121 ...
[1] Finished: 12192/40000 Evaluate learned policies with averaged returns 29.84648309081 ...
[3] Finished: 12192/40000 Evaluate learned policies with averaged returns 29.84648309081 ...
[0] Finished: 12192/40000 Evaluate learned policies with averaged returns 37.454403490009994 ...
[2] Finished: 12000/40000 Evaluate learned policies with averaged returns 27.94450299101 ...
[7] Finished: 12288/40000 Evaluate learned policies with averaged returns 31.74846319061 ...
[1] Finished: 12288/40000 Evaluate learned policies with averaged returns 29.84648309081 ...
[5] Finished: 7296/40000 Evaluate learned policies with averaged returns 18.434602492009994 ...
[3] Finished: 12288/40000 Evaluate learned policies with averaged returns 31.74846319061 ...
[0] Finished: 12288/40000 Evaluate learned policies with averaged returns 37.454403490009994 ...
[7] Finished: 12384/40000 Evaluate learned policies with averaged returns 29.84648309081 ...
[2] Finished: 12096/40000 Evaluate learned policies with averaged returns 26.042522891209995 ...
[1] Finished: 12384/40000 Evaluate learned policies with averaged returns 24.140542791409995 ...
[3] Finished: 12384/40000 Evaluate learned policies with averaged returns 33.650443290409996 ...
[0] Finished: 12384/40000 Evaluate learned policies with averaged returns 37.454403490009994 ...
[7] Finished: 12480/40000 Evaluate learned policies with averaged returns 31.74846319061 ...
[2] Finished: 12192/40000 Evaluate learned policies with averaged returns 26.04252289121 ...
[1] Finished: 12480/40000 Evaluate learned policies with averaged returns 18.434602492009994 ...
[3] Finished: 12480/40000 Evaluate learned policies with averaged returns 24.140542791409995 ...
[5] Finished: 7392/40000 Evaluate learned policies with averaged returns 22.238562691609996 ...
[0] Finished: 12480/40000 Evaluate learned policies with averaged returns 37.454403490009994 ...
[2] Finished: 12288/40000 Evaluate learned policies with averaged returns 31.74846319061 ...
[7] Finished: 12576/40000 Evaluate learned policies with averaged returns 31.74846319061 ...
[1] Finished: 12576/40000 Evaluate learned policies with averaged returns 18.434602492009994 ...
[3] Finished: 12576/40000 Evaluate learned policies with averaged returns 26.042522891209995 ...
[0] Finished: 12576/40000 Evaluate learned policies with averaged returns 37.454403490009994 ...
[2] Finished: 12384/40000 Evaluate learned policies with averaged returns 37.454403490009994 ...
[7] Finished: 12672/40000 Evaluate learned policies with averaged returns 31.74846319061 ...
[1] Finished: 12672/40000 Evaluate learned policies with averaged returns 18.434602492009994 ...
[3] Finished: 12672/40000 Evaluate learned policies with averaged returns 27.944502991009994 ...
[5] Finished: 7488/40000 Evaluate learned policies with averaged returns 18.434602492009994 ...
[0] Finished: 12672/40000 Evaluate learned policies with averaged returns 37.454403490009994 ...
[2] Finished: 12480/40000 Evaluate learned policies with averaged returns 29.84648309081 ...
[7] Finished: 12768/40000 Evaluate learned policies with averaged returns 26.042522891209995 ...
[1] Finished: 12768/40000 Evaluate learned policies with averaged returns 20.336582591809997 ...
[3] Finished: 12768/40000 Evaluate learned policies with averaged returns 29.84648309081 ...
[0] Finished: 12768/40000 Evaluate learned policies with averaged returns 37.454403490009994 ...
[2] Finished: 12576/40000 Evaluate learned policies with averaged returns 29.84648309081 ...
[7] Finished: 12864/40000 Evaluate learned policies with averaged returns 31.74846319061 ...
[1] Finished: 12864/40000 Evaluate learned policies with averaged returns 26.042522891209995 ...
[3] Finished: 12864/40000 Evaluate learned policies with averaged returns 31.74846319061 ...
[5] Finished: 7584/40000 Evaluate learned policies with averaged returns 20.336582591809997 ...
[0] Finished: 12864/40000 Evaluate learned policies with averaged returns 37.454403490009994 ...
[2] Finished: 12672/40000 Evaluate learned policies with averaged returns 27.944502991009994 ...
[7] Finished: 12960/40000 Evaluate learned policies with averaged returns 29.84648309081 ...
[1] Finished: 12960/40000 Evaluate learned policies with averaged returns 29.84648309081 ...
[3] Finished: 12960/40000 Evaluate learned policies with averaged returns 24.140542791409995 ...
[0] Finished: 12960/40000 Evaluate learned policies with averaged returns 37.454403490009994 ...
[2] Finished: 12768/40000 Evaluate learned policies with averaged returns 29.84648309081 ...
[7] Finished: 13056/40000 Evaluate learned policies with averaged returns 33.650443290409996 ...
[1] Finished: 13056/40000 Evaluate learned policies with averaged returns 31.74846319061 ...
[3] Finished: 13056/40000 Evaluate learned policies with averaged returns 22.238562691609996 ...
[5] Finished: 7680/40000 Evaluate learned policies with averaged returns 22.238562691609996 ...
[0] Finished: 13056/40000 Evaluate learned policies with averaged returns 37.454403490009994 ...
[2] Finished: 12864/40000 Evaluate learned policies with averaged returns 29.84648309081 ...
[7] Finished: 13152/40000 Evaluate learned policies with averaged returns 29.84648309081 ...
[1] Finished: 13152/40000 Evaluate learned policies with averaged returns 35.552423390209995 ...
[3] Finished: 13152/40000 Evaluate learned policies with averaged returns 18.434602492009994 ...
[0] Finished: 13152/40000 Evaluate learned policies with averaged returns 37.454403490009994 ...
[2] Finished: 12960/40000 Evaluate learned policies with averaged returns 31.74846319061 ...
[7] Finished: 13248/40000 Evaluate learned policies with averaged returns 31.74846319061 ...
[1] Finished: 13248/40000 Evaluate learned policies with averaged returns 33.650443290409996 ...
[3] Finished: 13248/40000 Evaluate learned policies with averaged returns 26.04252289121 ...
[5] Finished: 7776/40000 Evaluate learned policies with averaged returns 22.238562691609996 ...
[0] Finished: 13248/40000 Evaluate learned policies with averaged returns 37.454403490009994 ...
[2] Finished: 13056/40000 Evaluate learned policies with averaged returns 26.04252289121 ...
[7] Finished: 13344/40000 Evaluate learned policies with averaged returns 29.84648309081 ...
[1] Finished: 13344/40000 Evaluate learned policies with averaged returns 27.94450299101 ...
[3] Finished: 13344/40000 Evaluate learned policies with averaged returns 27.944502991009994 ...
[0] Finished: 13344/40000 Evaluate learned policies with averaged returns 37.454403490009994 ...
[2] Finished: 13152/40000 Evaluate learned policies with averaged returns 27.94450299101 ...
[7] Finished: 13440/40000 Evaluate learned policies with averaged returns 31.74846319061 ...
[1] Finished: 13440/40000 Evaluate learned policies with averaged returns 27.94450299101 ...
[3] Finished: 13440/40000 Evaluate learned policies with averaged returns 33.650443290409996 ...
[5] Finished: 7872/40000 Evaluate learned policies with averaged returns 18.349298684533967 ...
[0] Finished: 13440/40000 Evaluate learned policies with averaged returns 37.454403490009994 ...
[2] Finished: 13248/40000 Evaluate learned policies with averaged returns 35.552423390209995 ...
[7] Finished: 13536/40000 Evaluate learned policies with averaged returns 33.650443290409996 ...
[1] Finished: 13536/40000 Evaluate learned policies with averaged returns 29.84648309081 ...
[3] Finished: 13536/40000 Evaluate learned policies with averaged returns 35.552423390209995 ...
[0] Finished: 13536/40000 Evaluate learned policies with averaged returns 37.454403490009994 ...
[2] Finished: 13344/40000 Evaluate learned policies with averaged returns 35.552423390209995 ...
[7] Finished: 13632/40000 Evaluate learned policies with averaged returns 31.74846319061 ...
[1] Finished: 13632/40000 Evaluate learned policies with averaged returns 20.336582591809997 ...
[3] Finished: 13632/40000 Evaluate learned policies with averaged returns 33.650443290409996 ...
[5] Finished: 7968/40000 Evaluate learned policies with averaged returns 20.336582591809997 ...
[0] Finished: 13632/40000 Evaluate learned policies with averaged returns 37.454403490009994 ...
[2] Finished: 13440/40000 Evaluate learned policies with averaged returns 31.74846319061 ...
[7] Finished: 13728/40000 Evaluate learned policies with averaged returns 31.74846319061 ...
[1] Finished: 13728/40000 Evaluate learned policies with averaged returns 18.434602492009994 ...
[3] Finished: 13728/40000 Evaluate learned policies with averaged returns 31.74846319061 ...
[0] Finished: 13728/40000 Evaluate learned policies with averaged returns 37.454403490009994 ...
[2] Finished: 13536/40000 Evaluate learned policies with averaged returns 26.042522891209995 ...
[7] Finished: 13824/40000 Evaluate learned policies with averaged returns 33.650443290409996 ...
[1] Finished: 13824/40000 Evaluate learned policies with averaged returns 18.434602492009994 ...
[3] Finished: 13824/40000 Evaluate learned policies with averaged returns 22.238562691609996 ...
[0] Finished: 13824/40000 Evaluate learned policies with averaged returns 37.454403490009994 ...
[2] Finished: 13632/40000 Evaluate learned policies with averaged returns 24.140542791409995 ...
[5] Finished: 8064/40000 Evaluate learned policies with averaged returns 18.434602492009994 ...
[7] Finished: 13920/40000 Evaluate learned policies with averaged returns 29.84648309081 ...
[1] Finished: 13920/40000 Evaluate learned policies with averaged returns 18.434602492009994 ...
[3] Finished: 13920/40000 Evaluate learned policies with averaged returns 26.042522891209995 ...
[0] Finished: 13920/40000 Evaluate learned policies with averaged returns 37.454403490009994 ...
[2] Finished: 13728/40000 Evaluate learned policies with averaged returns 22.238562691609996 ...
[7] Finished: 14016/40000 Evaluate learned policies with averaged returns 29.84648309081 ...
[1] Finished: 14016/40000 Evaluate learned policies with averaged returns 24.140542791409995 ...
[3] Finished: 14016/40000 Evaluate learned policies with averaged returns 20.336582591809997 ...
[2] Finished: 13824/40000 Evaluate learned policies with averaged returns 26.042522891209995 ...
[0] Finished: 14016/40000 Evaluate learned policies with averaged returns 37.454403490009994 ...
[5] Finished: 8160/40000 Evaluate learned policies with averaged returns 22.238562691609996 ...
[7] Finished: 14112/40000 Evaluate learned policies with averaged returns 33.650443290409996 ...
[1] Finished: 14112/40000 Evaluate learned policies with averaged returns 22.238562691609996 ...
[3] Finished: 14112/40000 Evaluate learned policies with averaged returns 31.74846319061 ...
[2] Finished: 13920/40000 Evaluate learned policies with averaged returns 35.552423390209995 ...
[0] Finished: 14112/40000 Evaluate learned policies with averaged returns 37.454403490009994 ...
[7] Finished: 14208/40000 Evaluate learned policies with averaged returns 29.84648309081 ...
[1] Finished: 14208/40000 Evaluate learned policies with averaged returns 26.042522891209995 ...
[3] Finished: 14208/40000 Evaluate learned policies with averaged returns 29.84648309081 ...
[2] Finished: 14016/40000 Evaluate learned policies with averaged returns 29.84648309081 ...
[0] Finished: 14208/40000 Evaluate learned policies with averaged returns 37.454403490009994 ...
[5] Finished: 8256/40000 Evaluate learned policies with averaged returns 20.336582591809997 ...
[7] Finished: 14304/40000 Evaluate learned policies with averaged returns 35.552423390209995 ...
[1] Finished: 14304/40000 Evaluate learned policies with averaged returns 20.336582591809997 ...
[3] Finished: 14304/40000 Evaluate learned policies with averaged returns 31.74846319061 ...
[2] Finished: 14112/40000 Evaluate learned policies with averaged returns 29.84648309081 ...
[0] Finished: 14304/40000 Evaluate learned policies with averaged returns 37.454403490009994 ...
[7] Finished: 14400/40000 Evaluate learned policies with averaged returns 35.552423390209995 ...
[1] Finished: 14400/40000 Evaluate learned policies with averaged returns 22.238562691609996 ...
[3] Finished: 14400/40000 Evaluate learned policies with averaged returns 29.84648309081 ...
[5] Finished: 8352/40000 Evaluate learned policies with averaged returns 22.238562691609996 ...
[2] Finished: 14208/40000 Evaluate learned policies with averaged returns 27.94450299101 ...
[0] Finished: 14400/40000 Evaluate learned policies with averaged returns 37.454403490009994 ...
[7] Finished: 14496/40000 Evaluate learned policies with averaged returns 27.94450299101 ...
[1] Finished: 14496/40000 Evaluate learned policies with averaged returns 22.238562691609996 ...
[3] Finished: 14496/40000 Evaluate learned policies with averaged returns 37.454403490009994 ...
[2] Finished: 14304/40000 Evaluate learned policies with averaged returns 31.74846319061 ...
[0] Finished: 14496/40000 Evaluate learned policies with averaged returns 37.454403490009994 ...
[7] Finished: 14592/40000 Evaluate learned policies with averaged returns 31.74846319061 ...
[1] Finished: 14592/40000 Evaluate learned policies with averaged returns 24.14054279141 ...
[3] Finished: 14592/40000 Evaluate learned policies with averaged returns 27.94450299101 ...
[5] Finished: 8448/40000 Evaluate learned policies with averaged returns 20.336582591809997 ...
[2] Finished: 14400/40000 Evaluate learned policies with averaged returns 29.84648309081 ...
[0] Finished: 14592/40000 Evaluate learned policies with averaged returns 37.454403490009994 ...
[7] Finished: 14688/40000 Evaluate learned policies with averaged returns 26.042522891209995 ...
[1] Finished: 14688/40000 Evaluate learned policies with averaged returns 31.74846319061 ...
[3] Finished: 14688/40000 Evaluate learned policies with averaged returns 33.650443290409996 ...
[2] Finished: 14496/40000 Evaluate learned policies with averaged returns 31.74846319061 ...
[0] Finished: 14688/40000 Evaluate learned policies with averaged returns 37.454403490009994 ...
[7] Finished: 14784/40000 Evaluate learned policies with averaged returns 22.238562691609996 ...
[1] Finished: 14784/40000 Evaluate learned policies with averaged returns 35.552423390209995 ...
[3] Finished: 14784/40000 Evaluate learned policies with averaged returns 35.552423390209995 ...
[5] Finished: 8544/40000 Evaluate learned policies with averaged returns 22.238562691609996 ...
[2] Finished: 14592/40000 Evaluate learned policies with averaged returns 33.650443290409996 ...
[0] Finished: 14784/40000 Evaluate learned policies with averaged returns 37.454403490009994 ...
[7] Finished: 14880/40000 Evaluate learned policies with averaged returns 29.84648309081 ...
[1] Finished: 14880/40000 Evaluate learned policies with averaged returns 33.650443290409996 ...
[3] Finished: 14880/40000 Evaluate learned policies with averaged returns 35.552423390209995 ...
[2] Finished: 14688/40000 Evaluate learned policies with averaged returns 35.552423390209995 ...
[0] Finished: 14880/40000 Evaluate learned policies with averaged returns 37.454403490009994 ...
[7] Finished: 14976/40000 Evaluate learned policies with averaged returns 26.04252289121 ...
[1] Finished: 14976/40000 Evaluate learned policies with averaged returns 29.84648309081 ...
[3] Finished: 14976/40000 Evaluate learned policies with averaged returns 35.552423390209995 ...
[5] Finished: 8640/40000 Evaluate learned policies with averaged returns 20.336582591809997 ...
[2] Finished: 14784/40000 Evaluate learned policies with averaged returns 35.552423390209995 ...
[0] Finished: 14976/40000 Evaluate learned policies with averaged returns 37.454403490009994 ...
[7] Finished: 15072/40000 Evaluate learned policies with averaged returns 27.944502991009994 ...
[1] Finished: 15072/40000 Evaluate learned policies with averaged returns 24.140542791409995 ...
[3] Finished: 15072/40000 Evaluate learned policies with averaged returns 31.74846319061 ...
[2] Finished: 14880/40000 Evaluate learned policies with averaged returns 33.650443290409996 ...
[0] Finished: 15072/40000 Evaluate learned policies with averaged returns 37.454403490009994 ...
[7] Finished: 15168/40000 Evaluate learned policies with averaged returns 29.84648309081 ...
[1] Finished: 15168/40000 Evaluate learned policies with averaged returns 31.74846319061 ...
[3] Finished: 15168/40000 Evaluate learned policies with averaged returns 35.552423390209995 ...
[5] Finished: 8736/40000 Evaluate learned policies with averaged returns 18.434602492009994 ...
[2] Finished: 14976/40000 Evaluate learned policies with averaged returns 35.552423390209995 ...
[0] Finished: 15168/40000 Evaluate learned policies with averaged returns 37.454403490009994 ...
[7] Finished: 15264/40000 Evaluate learned policies with averaged returns 29.84648309081 ...
[1] Finished: 15264/40000 Evaluate learned policies with averaged returns 33.650443290409996 ...
[3] Finished: 15264/40000 Evaluate learned policies with averaged returns 31.74846319061 ...
[2] Finished: 15072/40000 Evaluate learned policies with averaged returns 35.552423390209995 ...
[0] Finished: 15264/40000 Evaluate learned policies with averaged returns 37.454403490009994 ...
[7] Finished: 15360/40000 Evaluate learned policies with averaged returns 33.650443290409996 ...
[1] Finished: 15360/40000 Evaluate learned policies with averaged returns 29.84648309081 ...
[3] Finished: 15360/40000 Evaluate learned policies with averaged returns 33.650443290409996 ...
[5] Finished: 8832/40000 Evaluate learned policies with averaged returns 20.336582591809997 ...
[2] Finished: 15168/40000 Evaluate learned policies with averaged returns 29.84648309081 ...
[0] Finished: 15360/40000 Evaluate learned policies with averaged returns 37.454403490009994 ...
[7] Finished: 15456/40000 Evaluate learned policies with averaged returns 27.94450299101 ...
[1] Finished: 15456/40000 Evaluate learned policies with averaged returns 31.74846319061 ...
[3] Finished: 15456/40000 Evaluate learned policies with averaged returns 33.650443290409996 ...
[2] Finished: 15264/40000 Evaluate learned policies with averaged returns 26.04252289121 ...
[0] Finished: 15456/40000 Evaluate learned policies with averaged returns 37.454403490009994 ...
[7] Finished: 15552/40000 Evaluate learned policies with averaged returns 35.552423390209995 ...
[5] Finished: 8928/40000 Evaluate learned policies with averaged returns 20.336582591809997 ...
[3] Finished: 15552/40000 Evaluate learned policies with averaged returns 27.94450299101 ...
[1] Finished: 15552/40000 Evaluate learned policies with averaged returns 31.74846319061 ...
[2] Finished: 15360/40000 Evaluate learned policies with averaged returns 27.94450299101 ...
[0] Finished: 15552/40000 Evaluate learned policies with averaged returns 37.454403490009994 ...
[7] Finished: 15648/40000 Evaluate learned policies with averaged returns 31.74846319061 ...
[1] Finished: 15648/40000 Evaluate learned policies with averaged returns 31.74846319061 ...
[3] Finished: 15648/40000 Evaluate learned policies with averaged returns 18.434602492009994 ...
[2] Finished: 15456/40000 Evaluate learned policies with averaged returns 29.84648309081 ...
[0] Finished: 15648/40000 Evaluate learned policies with averaged returns 37.454403490009994 ...
[7] Finished: 15744/40000 Evaluate learned policies with averaged returns 31.74846319061 ...
[5] Finished: 9024/40000 Evaluate learned policies with averaged returns 18.434602492009994 ...
[3] Finished: 15744/40000 Evaluate learned policies with averaged returns 20.336582591809997 ...
[2] Finished: 15552/40000 Evaluate learned policies with averaged returns 31.74846319061 ...
[1] Finished: 15744/40000 Evaluate learned policies with averaged returns 33.650443290409996 ...
[0] Finished: 15744/40000 Evaluate learned policies with averaged returns 37.454403490009994 ...
[7] Finished: 15840/40000 Evaluate learned policies with averaged returns 29.84648309081 ...
[3] Finished: 15840/40000 Evaluate learned policies with averaged returns 18.434602492009994 ...
[1] Finished: 15840/40000 Evaluate learned policies with averaged returns 31.74846319061 ...
[2] Finished: 15648/40000 Evaluate learned policies with averaged returns 29.84648309081 ...
[0] Finished: 15840/40000 Evaluate learned policies with averaged returns 37.454403490009994 ...
[7] Finished: 15936/40000 Evaluate learned policies with averaged returns 31.74846319061 ...
[5] Finished: 9120/40000 Evaluate learned policies with averaged returns 18.434602492009994 ...
[3] Finished: 15936/40000 Evaluate learned policies with averaged returns 20.336582591809997 ...
[2] Finished: 15744/40000 Evaluate learned policies with averaged returns 27.94450299101 ...
[1] Finished: 15936/40000 Evaluate learned policies with averaged returns 31.74846319061 ...
[0] Finished: 15936/40000 Evaluate learned policies with averaged returns 37.454403490009994 ...
[7] Finished: 16032/40000 Evaluate learned policies with averaged returns 33.650443290409996 ...
[2] Finished: 15840/40000 Evaluate learned policies with averaged returns 27.94450299101 ...
[3] Finished: 16032/40000 Evaluate learned policies with averaged returns 26.04252289121 ...
[1] Finished: 16032/40000 Evaluate learned policies with averaged returns 33.650443290409996 ...
[0] Finished: 16032/40000 Evaluate learned policies with averaged returns 37.454403490009994 ...
[5] Finished: 9216/40000 Evaluate learned policies with averaged returns 18.434602492009994 ...
[7] Finished: 16128/40000 Evaluate learned policies with averaged returns 33.650443290409996 ...
[2] Finished: 15936/40000 Evaluate learned policies with averaged returns 33.650443290409996 ...
[1] Finished: 16128/40000 Evaluate learned policies with averaged returns 31.74846319061 ...
[3] Finished: 16128/40000 Evaluate learned policies with averaged returns 31.74846319061 ...
[0] Finished: 16128/40000 Evaluate learned policies with averaged returns 37.454403490009994 ...
[7] Finished: 16224/40000 Evaluate learned policies with averaged returns 31.74846319061 ...
[2] Finished: 16032/40000 Evaluate learned policies with averaged returns 35.552423390209995 ...
[3] Finished: 16224/40000 Evaluate learned policies with averaged returns 29.84648309081 ...
[1] Finished: 16224/40000 Evaluate learned policies with averaged returns 29.84648309081 ...
[0] Finished: 16224/40000 Evaluate learned policies with averaged returns 37.454403490009994 ...
[5] Finished: 9312/40000 Evaluate learned policies with averaged returns 17.483612442109994 ...
[7] Finished: 16320/40000 Evaluate learned policies with averaged returns 31.74846319061 ...
[2] Finished: 16128/40000 Evaluate learned policies with averaged returns 35.552423390209995 ...
[3] Finished: 16320/40000 Evaluate learned policies with averaged returns 33.650443290409996 ...
[1] Finished: 16320/40000 Evaluate learned policies with averaged returns 33.650443290409996 ...
[0] Finished: 16320/40000 Evaluate learned policies with averaged returns 37.454403490009994 ...
[7] Finished: 16416/40000 Evaluate learned policies with averaged returns 27.944502991009994 ...
[2] Finished: 16224/40000 Evaluate learned policies with averaged returns 33.650443290409996 ...
[3] Finished: 16416/40000 Evaluate learned policies with averaged returns 29.84648309081 ...
[1] Finished: 16416/40000 Evaluate learned policies with averaged returns 29.84648309081 ...
[5] Finished: 9408/40000 Evaluate learned policies with averaged returns 20.336582591809997 ...
[0] Finished: 16416/40000 Evaluate learned policies with averaged returns 37.454403490009994 ...
[2] Finished: 16320/40000 Evaluate learned policies with averaged returns 31.74846319061 ...
[7] Finished: 16512/40000 Evaluate learned policies with averaged returns 29.84648309081 ...
[3] Finished: 16512/40000 Evaluate learned policies with averaged returns 35.552423390209995 ...
[1] Finished: 16512/40000 Evaluate learned policies with averaged returns 29.84648309081 ...
[0] Finished: 16512/40000 Evaluate learned policies with averaged returns 37.454403490009994 ...
[7] Finished: 16608/40000 Evaluate learned policies with averaged returns 27.94450299101 ...
[2] Finished: 16416/40000 Evaluate learned policies with averaged returns 33.650443290409996 ...
[3] Finished: 16608/40000 Evaluate learned policies with averaged returns 31.74846319061 ...
[1] Finished: 16608/40000 Evaluate learned policies with averaged returns 29.84648309081 ...
[5] Finished: 9504/40000 Evaluate learned policies with averaged returns 20.336582591809997 ...
[0] Finished: 16608/40000 Evaluate learned policies with averaged returns 37.454403490009994 ...
[7] Finished: 16704/40000 Evaluate learned policies with averaged returns 29.84648309081 ...
[2] Finished: 16512/40000 Evaluate learned policies with averaged returns 35.552423390209995 ...
[3] Finished: 16704/40000 Evaluate learned policies with averaged returns 31.74846319061 ...
[1] Finished: 16704/40000 Evaluate learned policies with averaged returns 29.84648309081 ...
[0] Finished: 16704/40000 Evaluate learned policies with averaged returns 37.454403490009994 ...
[7] Finished: 16800/40000 Evaluate learned policies with averaged returns 31.74846319061 ...
[2] Finished: 16608/40000 Evaluate learned policies with averaged returns 37.454403490009994 ...
[3] Finished: 16800/40000 Evaluate learned policies with averaged returns 35.552423390209995 ...
[1] Finished: 16800/40000 Evaluate learned policies with averaged returns 33.650443290409996 ...
[5] Finished: 9600/40000 Evaluate learned policies with averaged returns 20.336582591809997 ...
[0] Finished: 16800/40000 Evaluate learned policies with averaged returns 37.454403490009994 ...
[7] Finished: 16896/40000 Evaluate learned policies with averaged returns 29.84648309081 ...
[2] Finished: 16704/40000 Evaluate learned policies with averaged returns 33.650443290409996 ...
[3] Finished: 16896/40000 Evaluate learned policies with averaged returns 31.74846319061 ...
[1] Finished: 16896/40000 Evaluate learned policies with averaged returns 33.650443290409996 ...
[0] Finished: 16896/40000 Evaluate learned policies with averaged returns 37.454403490009994 ...
[7] Finished: 16992/40000 Evaluate learned policies with averaged returns 27.94450299101 ...
[2] Finished: 16800/40000 Evaluate learned policies with averaged returns 31.74846319061 ...
[3] Finished: 16992/40000 Evaluate learned policies with averaged returns 31.74846319061 ...
[1] Finished: 16992/40000 Evaluate learned policies with averaged returns 33.650443290409996 ...
[5] Finished: 9696/40000 Evaluate learned policies with averaged returns 18.434602492009994 ...
[7] Finished: 17088/40000 Evaluate learned policies with averaged returns 35.552423390209995 ...
[0] Finished: 16992/40000 Evaluate learned policies with averaged returns 37.454403490009994 ...
[2] Finished: 16896/40000 Evaluate learned policies with averaged returns 27.94450299101 ...
[3] Finished: 17088/40000 Evaluate learned policies with averaged returns 29.84648309081 ...
[1] Finished: 17088/40000 Evaluate learned policies with averaged returns 27.94450299101 ...
[7] Finished: 17184/40000 Evaluate learned policies with averaged returns 29.84648309081 ...
[0] Finished: 17088/40000 Evaluate learned policies with averaged returns 37.454403490009994 ...
[2] Finished: 16992/40000 Evaluate learned policies with averaged returns 31.74846319061 ...
[3] Finished: 17184/40000 Evaluate learned policies with averaged returns 31.74846319061 ...
[1] Finished: 17184/40000 Evaluate learned policies with averaged returns 27.94450299101 ...
[5] Finished: 9792/40000 Evaluate learned policies with averaged returns 22.238562691609996 ...
[0] Finished: 17184/40000 Evaluate learned policies with averaged returns 37.454403490009994 ...
[2] Finished: 17088/40000 Evaluate learned policies with averaged returns 35.552423390209995 ...
[7] Finished: 17280/40000 Evaluate learned policies with averaged returns 31.74846319061 ...
[3] Finished: 17280/40000 Evaluate learned policies with averaged returns 37.454403490009994 ...
[1] Finished: 17280/40000 Evaluate learned policies with averaged returns 31.74846319061 ...
[0] Finished: 17280/40000 Evaluate learned policies with averaged returns 37.454403490009994 ...
[2] Finished: 17184/40000 Evaluate learned policies with averaged returns 35.552423390209995 ...
[7] Finished: 17376/40000 Evaluate learned policies with averaged returns 29.84648309081 ...
[3] Finished: 17376/40000 Evaluate learned policies with averaged returns 29.84648309081 ...
[1] Finished: 17376/40000 Evaluate learned policies with averaged returns 33.650443290409996 ...
[0] Finished: 17376/40000 Evaluate learned policies with averaged returns 37.454403490009994 ...
[5] Finished: 9888/40000 Evaluate learned policies with averaged returns 18.434602492009994 ...
[2] Finished: 17280/40000 Evaluate learned policies with averaged returns 31.74846319061 ...
[7] Finished: 17472/40000 Evaluate learned policies with averaged returns 35.552423390209995 ...
[3] Finished: 17472/40000 Evaluate learned policies with averaged returns 26.042522891209995 ...
[1] Finished: 17472/40000 Evaluate learned policies with averaged returns 31.74846319061 ...
[2] Finished: 17376/40000 Evaluate learned policies with averaged returns 26.042522891209995 ...
[0] Finished: 17472/40000 Evaluate learned policies with averaged returns 37.454403490009994 ...
[3] Finished: 17568/40000 Evaluate learned policies with averaged returns 29.84648309081 ...
[7] Finished: 17568/40000 Evaluate learned policies with averaged returns 29.84648309081 ...
[1] Finished: 17568/40000 Evaluate learned policies with averaged returns 24.140542791409995 ...
[5] Finished: 9984/40000 Evaluate learned policies with averaged returns 18.434602492009994 ...
[2] Finished: 17472/40000 Evaluate learned policies with averaged returns 27.944502991009994 ...
[0] Finished: 17568/40000 Evaluate learned policies with averaged returns 37.454403490009994 ...
[3] Finished: 17664/40000 Evaluate learned policies with averaged returns 31.74846319061 ...
[7] Finished: 17664/40000 Evaluate learned policies with averaged returns 27.94450299101 ...
[1] Finished: 17664/40000 Evaluate learned policies with averaged returns 24.140542791409995 ...
[2] Finished: 17568/40000 Evaluate learned policies with averaged returns 33.650443290409996 ...
[0] Finished: 17664/40000 Evaluate learned policies with averaged returns 37.454403490009994 ...
[7] Finished: 17760/40000 Evaluate learned policies with averaged returns 31.74846319061 ...
[3] Finished: 17760/40000 Evaluate learned policies with averaged returns 33.650443290409996 ...
[1] Finished: 17760/40000 Evaluate learned policies with averaged returns 31.74846319061 ...
[5] Finished: 10080/40000 Evaluate learned policies with averaged returns 20.336582591809997 ...
[2] Finished: 17664/40000 Evaluate learned policies with averaged returns 33.650443290409996 ...
[0] Finished: 17760/40000 Evaluate learned policies with averaged returns 37.454403490009994 ...
[7] Finished: 17856/40000 Evaluate learned policies with averaged returns 29.84648309081 ...
[3] Finished: 17856/40000 Evaluate learned policies with averaged returns 26.04252289121 ...
[1] Finished: 17856/40000 Evaluate learned policies with averaged returns 37.454403490009994 ...
[2] Finished: 17760/40000 Evaluate learned policies with averaged returns 31.74846319061 ...
[0] Finished: 17856/40000 Evaluate learned policies with averaged returns 37.454403490009994 ...
[7] Finished: 17952/40000 Evaluate learned policies with averaged returns 27.94450299101 ...
[3] Finished: 17952/40000 Evaluate learned policies with averaged returns 31.74846319061 ...
[1] Finished: 17952/40000 Evaluate learned policies with averaged returns 31.74846319061 ...
[5] Finished: 10176/40000 Evaluate learned policies with averaged returns 20.336582591809997 ...
[2] Finished: 17856/40000 Evaluate learned policies with averaged returns 27.944502991009994 ...
[0] Finished: 17952/40000 Evaluate learned policies with averaged returns 37.454403490009994 ...
[3] Finished: 18048/40000 Evaluate learned policies with averaged returns 27.944502991009994 ...
[7] Finished: 18048/40000 Evaluate learned policies with averaged returns 29.84648309081 ...
[1] Finished: 18048/40000 Evaluate learned policies with averaged returns 29.84648309081 ...
[2] Finished: 17952/40000 Evaluate learned policies with averaged returns 33.650443290409996 ...
[0] Finished: 18048/40000 Evaluate learned policies with averaged returns 37.454403490009994 ...
[7] Finished: 18144/40000 Evaluate learned policies with averaged returns 33.650443290409996 ...
[3] Finished: 18144/40000 Evaluate learned policies with averaged returns 29.84648309081 ...
[1] Finished: 18144/40000 Evaluate learned policies with averaged returns 24.140542791409995 ...
[2] Finished: 18048/40000 Evaluate learned policies with averaged returns 33.650443290409996 ...
[5] Finished: 10272/40000 Evaluate learned policies with averaged returns 22.23856269161 ...
[0] Finished: 18144/40000 Evaluate learned policies with averaged returns 37.454403490009994 ...
[7] Finished: 18240/40000 Evaluate learned policies with averaged returns 37.454403490009994 ...
[3] Finished: 18240/40000 Evaluate learned policies with averaged returns 27.94450299101 ...
[1] Finished: 18240/40000 Evaluate learned policies with averaged returns 27.944502991009994 ...
[2] Finished: 18144/40000 Evaluate learned policies with averaged returns 29.84648309081 ...
[0] Finished: 18240/40000 Evaluate learned policies with averaged returns 37.454403490009994 ...
[3] Finished: 18336/40000 Evaluate learned policies with averaged returns 26.042522891209995 ...
[7] Finished: 18336/40000 Evaluate learned policies with averaged returns 33.650443290409996 ...
[1] Finished: 18336/40000 Evaluate learned policies with averaged returns 31.74846319061 ...
[5] Finished: 10368/40000 Evaluate learned policies with averaged returns 19.385592541909993 ...
[2] Finished: 18240/40000 Evaluate learned policies with averaged returns 35.552423390209995 ...
[0] Finished: 18336/40000 Evaluate learned policies with averaged returns 37.454403490009994 ...
[7] Finished: 18432/40000 Evaluate learned policies with averaged returns 27.94450299101 ...
[3] Finished: 18432/40000 Evaluate learned policies with averaged returns 29.84648309081 ...
[1] Finished: 18432/40000 Evaluate learned policies with averaged returns 35.552423390209995 ...
[2] Finished: 18336/40000 Evaluate learned policies with averaged returns 29.84648309081 ...
[0] Finished: 18432/40000 Evaluate learned policies with averaged returns 37.454403490009994 ...
[7] Finished: 18528/40000 Evaluate learned policies with averaged returns 35.552423390209995 ...
[3] Finished: 18528/40000 Evaluate learned policies with averaged returns 33.650443290409996 ...
[1] Finished: 18528/40000 Evaluate learned policies with averaged returns 26.042522891209995 ...
[5] Finished: 10464/40000 Evaluate learned policies with averaged returns 22.23856269161 ...
[2] Finished: 18432/40000 Evaluate learned policies with averaged returns 33.650443290409996 ...
[0] Finished: 18528/40000 Evaluate learned policies with averaged returns 37.454403490009994 ...
[7] Finished: 18624/40000 Evaluate learned policies with averaged returns 27.94450299101 ...
[1] Finished: 18624/40000 Evaluate learned policies with averaged returns 29.84648309081 ...
[3] Finished: 18624/40000 Evaluate learned policies with averaged returns 37.454403490009994 ...
[2] Finished: 18528/40000 Evaluate learned policies with averaged returns 29.84648309081 ...
[0] Finished: 18624/40000 Evaluate learned policies with averaged returns 37.454403490009994 ...
[7] Finished: 18720/40000 Evaluate learned policies with averaged returns 33.650443290409996 ...
[1] Finished: 18720/40000 Evaluate learned policies with averaged returns 31.74846319061 ...
[3] Finished: 18720/40000 Evaluate learned policies with averaged returns 31.74846319061 ...
[5] Finished: 10560/40000 Evaluate learned policies with averaged returns 20.336582591809997 ...
[2] Finished: 18624/40000 Evaluate learned policies with averaged returns 31.74846319061 ...
[0] Finished: 18720/40000 Evaluate learned policies with averaged returns 37.454403490009994 ...
[7] Finished: 18816/40000 Evaluate learned policies with averaged returns 35.552423390209995 ...
[3] Finished: 18816/40000 Evaluate learned policies with averaged returns 35.552423390209995 ...
[1] Finished: 18816/40000 Evaluate learned policies with averaged returns 26.04252289121 ...
[2] Finished: 18720/40000 Evaluate learned policies with averaged returns 31.74846319061 ...
[0] Finished: 18816/40000 Evaluate learned policies with averaged returns 37.454403490009994 ...
[7] Finished: 18912/40000 Evaluate learned policies with averaged returns 29.84648309081 ...
[1] Finished: 18912/40000 Evaluate learned policies with averaged returns 31.74846319061 ...
[3] Finished: 18912/40000 Evaluate learned policies with averaged returns 29.84648309081 ...
[5] Finished: 10656/40000 Evaluate learned policies with averaged returns 18.434602492009994 ...
[2] Finished: 18816/40000 Evaluate learned policies with averaged returns 26.042522891209995 ...
[0] Finished: 18912/40000 Evaluate learned policies with averaged returns 37.454403490009994 ...
[7] Finished: 19008/40000 Evaluate learned policies with averaged returns 31.74846319061 ...
[1] Finished: 19008/40000 Evaluate learned policies with averaged returns 27.94450299101 ...
[3] Finished: 19008/40000 Evaluate learned policies with averaged returns 31.74846319061 ...
[2] Finished: 18912/40000 Evaluate learned policies with averaged returns 33.650443290409996 ...
[0] Finished: 19008/40000 Evaluate learned policies with averaged returns 37.454403490009994 ...
[7] Finished: 19104/40000 Evaluate learned policies with averaged returns 29.84648309081 ...
[1] Finished: 19104/40000 Evaluate learned policies with averaged returns 29.84648309081 ...
[3] Finished: 19104/40000 Evaluate learned policies with averaged returns 29.84648309081 ...
[5] Finished: 10752/40000 Evaluate learned policies with averaged returns 20.336582591809997 ...
[2] Finished: 19008/40000 Evaluate learned policies with averaged returns 33.650443290409996 ...
[0] Finished: 19104/40000 Evaluate learned policies with averaged returns 37.454403490009994 ...
[7] Finished: 19200/40000 Evaluate learned policies with averaged returns 37.454403490009994 ...
[1] Finished: 19200/40000 Evaluate learned policies with averaged returns 31.74846319061 ...
[3] Finished: 19200/40000 Evaluate learned policies with averaged returns 31.74846319061 ...
[2] Finished: 19104/40000 Evaluate learned policies with averaged returns 27.94450299101 ...
[0] Finished: 19200/40000 Evaluate learned policies with averaged returns 37.454403490009994 ...
[7] Finished: 19296/40000 Evaluate learned policies with averaged returns 35.552423390209995 ...
[5] Finished: 10848/40000 Evaluate learned policies with averaged returns 19.385592541909993 ...
[1] Finished: 19296/40000 Evaluate learned policies with averaged returns 26.04252289121 ...
[3] Finished: 19296/40000 Evaluate learned policies with averaged returns 31.74846319061 ...
[2] Finished: 19200/40000 Evaluate learned policies with averaged returns 27.94450299101 ...
[7] Finished: 19392/40000 Evaluate learned policies with averaged returns 35.552423390209995 ...
[0] Finished: 19296/40000 Evaluate learned policies with averaged returns 37.454403490009994 ...
[1] Finished: 19392/40000 Evaluate learned policies with averaged returns 31.74846319061 ...
[3] Finished: 19392/40000 Evaluate learned policies with averaged returns 27.94450299101 ...
[2] Finished: 19296/40000 Evaluate learned policies with averaged returns 29.84648309081 ...
[7] Finished: 19488/40000 Evaluate learned policies with averaged returns 31.74846319061 ...
[0] Finished: 19392/40000 Evaluate learned policies with averaged returns 37.454403490009994 ...
[5] Finished: 10944/40000 Evaluate learned policies with averaged returns 18.434602492009994 ...
[1] Finished: 19488/40000 Evaluate learned policies with averaged returns 27.94450299101 ...
[3] Finished: 19488/40000 Evaluate learned policies with averaged returns 24.14054279141 ...
[2] Finished: 19392/40000 Evaluate learned policies with averaged returns 26.04252289121 ...
[7] Finished: 19584/40000 Evaluate learned policies with averaged returns 31.74846319061 ...
[0] Finished: 19488/40000 Evaluate learned policies with averaged returns 37.454403490009994 ...
[1] Finished: 19584/40000 Evaluate learned policies with averaged returns 29.84648309081 ...
[3] Finished: 19584/40000 Evaluate learned policies with averaged returns 29.84648309081 ...
[2] Finished: 19488/40000 Evaluate learned policies with averaged returns 31.74846319061 ...
[7] Finished: 19680/40000 Evaluate learned policies with averaged returns 29.84648309081 ...
[0] Finished: 19584/40000 Evaluate learned policies with averaged returns 37.454403490009994 ...
[1] Finished: 19680/40000 Evaluate learned policies with averaged returns 27.94450299101 ...
[3] Finished: 19680/40000 Evaluate learned policies with averaged returns 29.84648309081 ...
[5] Finished: 11040/40000 Evaluate learned policies with averaged returns 17.454502492009993 ...
[2] Finished: 19584/40000 Evaluate learned policies with averaged returns 31.74846319061 ...
[7] Finished: 19776/40000 Evaluate learned policies with averaged returns 31.74846319061 ...
[0] Finished: 19680/40000 Evaluate learned policies with averaged returns 37.454403490009994 ...
[1] Finished: 19776/40000 Evaluate learned policies with averaged returns 31.74846319061 ...
[3] Finished: 19776/40000 Evaluate learned policies with averaged returns 33.650443290409996 ...
[2] Finished: 19680/40000 Evaluate learned policies with averaged returns 35.552423390209995 ...
[7] Finished: 19872/40000 Evaluate learned policies with averaged returns 33.650443290409996 ...
[0] Finished: 19776/40000 Evaluate learned policies with averaged returns 37.454403490009994 ...
[1] Finished: 19872/40000 Evaluate learned policies with averaged returns 26.042522891209995 ...
[3] Finished: 19872/40000 Evaluate learned policies with averaged returns 27.944502991009994 ...
[2] Finished: 19776/40000 Evaluate learned policies with averaged returns 29.84648309081 ...
[5] Finished: 11136/40000 Evaluate learned policies with averaged returns 18.434602492009994 ...
[7] Finished: 19968/40000 Evaluate learned policies with averaged returns 31.74846319061 ...
[0] Finished: 19872/40000 Evaluate learned policies with averaged returns 37.454403490009994 ...
[1] Finished: 19968/40000 Evaluate learned policies with averaged returns 31.74846319061 ...
[2] Finished: 19872/40000 Evaluate learned policies with averaged returns 29.84648309081 ...
[3] Finished: 19968/40000 Evaluate learned policies with averaged returns 29.84648309081 ...
[7] Finished: 20064/40000 Evaluate learned policies with averaged returns 33.650443290409996 ...
[0] Finished: 19968/40000 Evaluate learned policies with averaged returns 37.454403490009994 ...
[1] Finished: 20064/40000 Evaluate learned policies with averaged returns 31.74846319061 ...
[2] Finished: 19968/40000 Evaluate learned policies with averaged returns 27.94450299101 ...
[5] Finished: 11232/40000 Evaluate learned policies with averaged returns 20.336582591809997 ...
[3] Finished: 20064/40000 Evaluate learned policies with averaged returns 29.84648309081 ...
[7] Finished: 20160/40000 Evaluate learned policies with averaged returns 31.74846319061 ...
[0] Finished: 20064/40000 Evaluate learned policies with averaged returns 37.454403490009994 ...
[1] Finished: 20160/40000 Evaluate learned policies with averaged returns 29.84648309081 ...
[2] Finished: 20064/40000 Evaluate learned policies with averaged returns 31.74846319061 ...
[3] Finished: 20160/40000 Evaluate learned policies with averaged returns 29.84648309081 ...
[7] Finished: 20256/40000 Evaluate learned policies with averaged returns 27.944502991009994 ...
[0] Finished: 20160/40000 Evaluate learned policies with averaged returns 37.454403490009994 ...
[1] Finished: 20256/40000 Evaluate learned policies with averaged returns 27.944502991009994 ...
[3] Finished: 20256/40000 Evaluate learned policies with averaged returns 27.94450299101 ...
[2] Finished: 20160/40000 Evaluate learned policies with averaged returns 31.74846319061 ...
[5] Finished: 11328/40000 Evaluate learned policies with averaged returns 20.336582591809997 ...
[7] Finished: 20352/40000 Evaluate learned policies with averaged returns 29.84648309081 ...
[0] Finished: 20256/40000 Evaluate learned policies with averaged returns 37.454403490009994 ...
[1] Finished: 20352/40000 Evaluate learned policies with averaged returns 31.74846319061 ...
[3] Finished: 20352/40000 Evaluate learned policies with averaged returns 29.84648309081 ...
[2] Finished: 20256/40000 Evaluate learned policies with averaged returns 31.74846319061 ...
[7] Finished: 20448/40000 Evaluate learned policies with averaged returns 27.94450299101 ...
[0] Finished: 20352/40000 Evaluate learned policies with averaged returns 37.454403490009994 ...
[1] Finished: 20448/40000 Evaluate learned policies with averaged returns 33.650443290409996 ...
[3] Finished: 20448/40000 Evaluate learned policies with averaged returns 27.94450299101 ...
[2] Finished: 20352/40000 Evaluate learned policies with averaged returns 29.84648309081 ...
[5] Finished: 11424/40000 Evaluate learned policies with averaged returns 20.336582591809997 ...
[7] Finished: 20544/40000 Evaluate learned policies with averaged returns 31.74846319061 ...
[0] Finished: 20448/40000 Evaluate learned policies with averaged returns 37.454403490009994 ...
[1] Finished: 20544/40000 Evaluate learned policies with averaged returns 35.552423390209995 ...
[2] Finished: 20448/40000 Evaluate learned policies with averaged returns 29.84648309081 ...
[3] Finished: 20544/40000 Evaluate learned policies with averaged returns 29.84648309081 ...
[7] Finished: 20640/40000 Evaluate learned policies with averaged returns 29.84648309081 ...
[1] Finished: 20640/40000 Evaluate learned policies with averaged returns 33.650443290409996 ...
[0] Finished: 20544/40000 Evaluate learned policies with averaged returns 37.454403490009994 ...
[2] Finished: 20544/40000 Evaluate learned policies with averaged returns 33.650443290409996 ...
[5] Finished: 11520/40000 Evaluate learned policies with averaged returns 22.238562691609996 ...
[3] Finished: 20640/40000 Evaluate learned policies with averaged returns 24.140542791409995 ...
[7] Finished: 20736/40000 Evaluate learned policies with averaged returns 27.94450299101 ...
[0] Finished: 20640/40000 Evaluate learned policies with averaged returns 37.454403490009994 ...
[1] Finished: 20736/40000 Evaluate learned policies with averaged returns 31.74846319061 ...
[2] Finished: 20640/40000 Evaluate learned policies with averaged returns 29.84648309081 ...
[3] Finished: 20736/40000 Evaluate learned policies with averaged returns 29.84648309081 ...
[7] Finished: 20832/40000 Evaluate learned policies with averaged returns 33.650443290409996 ...
[2] Finished: 20736/40000 Evaluate learned policies with averaged returns 27.94450299101 ...
[0] Finished: 20736/40000 Evaluate learned policies with averaged returns 37.454403490009994 ...
[1] Finished: 20832/40000 Evaluate learned policies with averaged returns 26.04252289121 ...
[5] Finished: 11616/40000 Evaluate learned policies with averaged returns 24.083673586425977 ...
[3] Finished: 20832/40000 Evaluate learned policies with averaged returns 33.650443290409996 ...
[7] Finished: 20928/40000 Evaluate learned policies with averaged returns 33.650443290409996 ...
[2] Finished: 20832/40000 Evaluate learned policies with averaged returns 29.84648309081 ...
[1] Finished: 20928/40000 Evaluate learned policies with averaged returns 33.650443290409996 ...
[0] Finished: 20832/40000 Evaluate learned policies with averaged returns 37.454403490009994 ...
[3] Finished: 20928/40000 Evaluate learned policies with averaged returns 37.454403490009994 ...
[7] Finished: 21024/40000 Evaluate learned policies with averaged returns 31.74846319061 ...
[2] Finished: 20928/40000 Evaluate learned policies with averaged returns 27.94450299101 ...
[1] Finished: 21024/40000 Evaluate learned policies with averaged returns 31.74846319061 ...
[0] Finished: 20928/40000 Evaluate learned policies with averaged returns 37.454403490009994 ...
[5] Finished: 11712/40000 Evaluate learned policies with averaged returns 20.336582591809997 ...
[3] Finished: 21024/40000 Evaluate learned policies with averaged returns 35.552423390209995 ...
[7] Finished: 21120/40000 Evaluate learned policies with averaged returns 31.74846319061 ...
[2] Finished: 21024/40000 Evaluate learned policies with averaged returns 27.94450299101 ...
[1] Finished: 21120/40000 Evaluate learned policies with averaged returns 31.74846319061 ...
[0] Finished: 21024/40000 Evaluate learned policies with averaged returns 37.454403490009994 ...
[3] Finished: 21120/40000 Evaluate learned policies with averaged returns 37.454403490009994 ...
[7] Finished: 21216/40000 Evaluate learned policies with averaged returns 33.650443290409996 ...
[2] Finished: 21120/40000 Evaluate learned policies with averaged returns 33.650443290409996 ...
[5] Finished: 11808/40000 Evaluate learned policies with averaged returns 20.336582591809997 ...
[1] Finished: 21216/40000 Evaluate learned policies with averaged returns 33.650443290409996 ...
[0] Finished: 21120/40000 Evaluate learned policies with averaged returns 37.454403490009994 ...
[3] Finished: 21216/40000 Evaluate learned policies with averaged returns 35.552423390209995 ...
[7] Finished: 21312/40000 Evaluate learned policies with averaged returns 33.650443290409996 ...
[2] Finished: 21216/40000 Evaluate learned policies with averaged returns 31.74846319061 ...
[1] Finished: 21312/40000 Evaluate learned policies with averaged returns 29.84648309081 ...
[0] Finished: 21216/40000 Evaluate learned policies with averaged returns 37.454403490009994 ...
[7] Finished: 21408/40000 Evaluate learned policies with averaged returns 27.94450299101 ...
[3] Finished: 21312/40000 Evaluate learned policies with averaged returns 27.94450299101 ...
[2] Finished: 21312/40000 Evaluate learned policies with averaged returns 27.94450299101 ...
[5] Finished: 11904/40000 Evaluate learned policies with averaged returns 18.434602492009994 ...
[1] Finished: 21408/40000 Evaluate learned policies with averaged returns 26.042522891209995 ...
[0] Finished: 21312/40000 Evaluate learned policies with averaged returns 37.454403490009994 ...
[7] Finished: 21504/40000 Evaluate learned policies with averaged returns 31.74846319061 ...
[3] Finished: 21408/40000 Evaluate learned policies with averaged returns 29.84648309081 ...
[2] Finished: 21408/40000 Evaluate learned policies with averaged returns 27.94450299101 ...
[1] Finished: 21504/40000 Evaluate learned policies with averaged returns 35.552423390209995 ...
[0] Finished: 21408/40000 Evaluate learned policies with averaged returns 37.454403490009994 ...
[7] Finished: 21600/40000 Evaluate learned policies with averaged returns 31.74846319061 ...
[3] Finished: 21504/40000 Evaluate learned policies with averaged returns 33.650443290409996 ...
[5] Finished: 12000/40000 Evaluate learned policies with averaged returns 18.434602492009994 ...
[2] Finished: 21504/40000 Evaluate learned policies with averaged returns 29.84648309081 ...
[1] Finished: 21600/40000 Evaluate learned policies with averaged returns 33.650443290409996 ...
[0] Finished: 21504/40000 Evaluate learned policies with averaged returns 37.454403490009994 ...
[7] Finished: 21696/40000 Evaluate learned policies with averaged returns 29.84648309081 ...
[3] Finished: 21600/40000 Evaluate learned policies with averaged returns 29.84648309081 ...
[2] Finished: 21600/40000 Evaluate learned policies with averaged returns 27.94450299101 ...
[1] Finished: 21696/40000 Evaluate learned policies with averaged returns 33.650443290409996 ...
[0] Finished: 21600/40000 Evaluate learned policies with averaged returns 37.454403490009994 ...
[5] Finished: 12096/40000 Evaluate learned policies with averaged returns 18.320864082041957 ...
[3] Finished: 21696/40000 Evaluate learned policies with averaged returns 31.74846319061 ...
[7] Finished: 21792/40000 Evaluate learned policies with averaged returns 29.84648309081 ...
[2] Finished: 21696/40000 Evaluate learned policies with averaged returns 31.74846319061 ...
[1] Finished: 21792/40000 Evaluate learned policies with averaged returns 35.552423390209995 ...
[0] Finished: 21696/40000 Evaluate learned policies with averaged returns 37.454403490009994 ...
[3] Finished: 21792/40000 Evaluate learned policies with averaged returns 33.650443290409996 ...
[7] Finished: 21888/40000 Evaluate learned policies with averaged returns 33.650443290409996 ...
[2] Finished: 21792/40000 Evaluate learned policies with averaged returns 31.74846319061 ...
[1] Finished: 21888/40000 Evaluate learned policies with averaged returns 29.84648309081 ...
[0] Finished: 21792/40000 Evaluate learned policies with averaged returns 37.454403490009994 ...
[5] Finished: 12192/40000 Evaluate learned policies with averaged returns 20.336582591809997 ...
[3] Finished: 21888/40000 Evaluate learned policies with averaged returns 24.140542791409995 ...
[7] Finished: 21984/40000 Evaluate learned policies with averaged returns 31.74846319061 ...
[2] Finished: 21888/40000 Evaluate learned policies with averaged returns 35.552423390209995 ...
[1] Finished: 21984/40000 Evaluate learned policies with averaged returns 31.74846319061 ...
[0] Finished: 21888/40000 Evaluate learned policies with averaged returns 37.454403490009994 ...
[3] Finished: 21984/40000 Evaluate learned policies with averaged returns 26.042522891209995 ...
[7] Finished: 22080/40000 Evaluate learned policies with averaged returns 31.74846319061 ...
[2] Finished: 21984/40000 Evaluate learned policies with averaged returns 29.84648309081 ...
[1] Finished: 22080/40000 Evaluate learned policies with averaged returns 26.04252289121 ...
[0] Finished: 21984/40000 Evaluate learned policies with averaged returns 37.454403490009994 ...
[5] Finished: 12288/40000 Evaluate learned policies with averaged returns 20.336582591809997 ...
[7] Finished: 22176/40000 Evaluate learned policies with averaged returns 35.552423390209995 ...
[3] Finished: 22080/40000 Evaluate learned policies with averaged returns 31.74846319061 ...
[2] Finished: 22080/40000 Evaluate learned policies with averaged returns 29.84648309081 ...
[1] Finished: 22176/40000 Evaluate learned policies with averaged returns 35.552423390209995 ...
[0] Finished: 22080/40000 Evaluate learned policies with averaged returns 37.454403490009994 ...
[7] Finished: 22272/40000 Evaluate learned policies with averaged returns 33.650443290409996 ...
[3] Finished: 22176/40000 Evaluate learned policies with averaged returns 31.74846319061 ...
[2] Finished: 22176/40000 Evaluate learned policies with averaged returns 29.84648309081 ...
[1] Finished: 22272/40000 Evaluate learned policies with averaged returns 33.650443290409996 ...
[0] Finished: 22176/40000 Evaluate learned policies with averaged returns 37.454403490009994 ...
[5] Finished: 12384/40000 Evaluate learned policies with averaged returns 18.434602492009994 ...
[7] Finished: 22368/40000 Evaluate learned policies with averaged returns 27.94450299101 ...
[2] Finished: 22272/40000 Evaluate learned policies with averaged returns 27.94450299101 ...
[3] Finished: 22272/40000 Evaluate learned policies with averaged returns 35.552423390209995 ...
[1] Finished: 22368/40000 Evaluate learned policies with averaged returns 35.552423390209995 ...
[0] Finished: 22272/40000 Evaluate learned policies with averaged returns 37.454403490009994 ...
[2] Finished: 22368/40000 Evaluate learned policies with averaged returns 31.74846319061 ...
[3] Finished: 22368/40000 Evaluate learned policies with averaged returns 31.74846319061 ...
[7] Finished: 22464/40000 Evaluate learned policies with averaged returns 33.650443290409996 ...
[1] Finished: 22464/40000 Evaluate learned policies with averaged returns 29.84648309081 ...
[0] Finished: 22368/40000 Evaluate learned policies with averaged returns 37.454403490009994 ...
[5] Finished: 12480/40000 Evaluate learned policies with averaged returns 18.434602492009994 ...
[2] Finished: 22464/40000 Evaluate learned policies with averaged returns 31.74846319061 ...
[7] Finished: 22560/40000 Evaluate learned policies with averaged returns 33.650443290409996 ...
[1] Finished: 22560/40000 Evaluate learned policies with averaged returns 33.650443290409996 ...
[3] Finished: 22464/40000 Evaluate learned policies with averaged returns 35.552423390209995 ...
[0] Finished: 22464/40000 Evaluate learned policies with averaged returns 37.454403490009994 ...
[2] Finished: 22560/40000 Evaluate learned policies with averaged returns 29.84648309081 ...
[1] Finished: 22656/40000 Evaluate learned policies with averaged returns 31.74846319061 ...
[7] Finished: 22656/40000 Evaluate learned policies with averaged returns 35.552423390209995 ...
[3] Finished: 22560/40000 Evaluate learned policies with averaged returns 26.042522891209995 ...
[0] Finished: 22560/40000 Evaluate learned policies with averaged returns 37.454403490009994 ...
[5] Finished: 12576/40000 Evaluate learned policies with averaged returns 20.336582591809993 ...
[2] Finished: 22656/40000 Evaluate learned policies with averaged returns 31.74846319061 ...
[7] Finished: 22752/40000 Evaluate learned policies with averaged returns 33.650443290409996 ...
[1] Finished: 22752/40000 Evaluate learned policies with averaged returns 37.454403490009994 ...
[3] Finished: 22656/40000 Evaluate learned policies with averaged returns 29.84648309081 ...
[0] Finished: 22656/40000 Evaluate learned policies with averaged returns 37.454403490009994 ...
[2] Finished: 22752/40000 Evaluate learned policies with averaged returns 31.74846319061 ...
[1] Finished: 22848/40000 Evaluate learned policies with averaged returns 31.74846319061 ...
[7] Finished: 22848/40000 Evaluate learned policies with averaged returns 31.74846319061 ...
[3] Finished: 22752/40000 Evaluate learned policies with averaged returns 33.650443290409996 ...
[0] Finished: 22752/40000 Evaluate learned policies with averaged returns 37.454403490009994 ...
[5] Finished: 12672/40000 Evaluate learned policies with averaged returns 20.336582591809997 ...
[2] Finished: 22848/40000 Evaluate learned policies with averaged returns 29.84648309081 ...
[7] Finished: 22944/40000 Evaluate learned policies with averaged returns 31.74846319061 ...
[1] Finished: 22944/40000 Evaluate learned policies with averaged returns 37.454403490009994 ...
[3] Finished: 22848/40000 Evaluate learned policies with averaged returns 31.74846319061 ...
[0] Finished: 22848/40000 Evaluate learned policies with averaged returns 37.454403490009994 ...
[2] Finished: 22944/40000 Evaluate learned policies with averaged returns 33.650443290409996 ...
[3] Finished: 22944/40000 Evaluate learned policies with averaged returns 33.650443290409996 ...
[1] Finished: 23040/40000 Evaluate learned policies with averaged returns 31.74846319061 ...
[7] Finished: 23040/40000 Evaluate learned policies with averaged returns 33.650443290409996 ...
[0] Finished: 22944/40000 Evaluate learned policies with averaged returns 37.454403490009994 ...
[5] Finished: 12768/40000 Evaluate learned policies with averaged returns 20.336582591809997 ...
[2] Finished: 23040/40000 Evaluate learned policies with averaged returns 27.94450299101 ...
[7] Finished: 23136/40000 Evaluate learned policies with averaged returns 29.84648309081 ...
[1] Finished: 23136/40000 Evaluate learned policies with averaged returns 33.650443290409996 ...
[3] Finished: 23040/40000 Evaluate learned policies with averaged returns 35.552423390209995 ...
[0] Finished: 23040/40000 Evaluate learned policies with averaged returns 37.454403490009994 ...
[2] Finished: 23136/40000 Evaluate learned policies with averaged returns 29.84648309081 ...
[7] Finished: 23232/40000 Evaluate learned policies with averaged returns 35.552423390209995 ...
[1] Finished: 23232/40000 Evaluate learned policies with averaged returns 29.84648309081 ...
[3] Finished: 23136/40000 Evaluate learned policies with averaged returns 29.84648309081 ...
[0] Finished: 23136/40000 Evaluate learned policies with averaged returns 37.454403490009994 ...
[5] Finished: 12864/40000 Evaluate learned policies with averaged returns 18.434602492009994 ...
[2] Finished: 23232/40000 Evaluate learned policies with averaged returns 27.94450299101 ...
[7] Finished: 23328/40000 Evaluate learned policies with averaged returns 31.74846319061 ...
[3] Finished: 23232/40000 Evaluate learned policies with averaged returns 35.552423390209995 ...
[1] Finished: 23328/40000 Evaluate learned policies with averaged returns 35.552423390209995 ...
[0] Finished: 23232/40000 Evaluate learned policies with averaged returns 37.454403490009994 ...
[2] Finished: 23328/40000 Evaluate learned policies with averaged returns 33.650443290409996 ...
[7] Finished: 23424/40000 Evaluate learned policies with averaged returns 31.74846319061 ...
[1] Finished: 23424/40000 Evaluate learned policies with averaged returns 26.042522891209995 ...
[0] Finished: 23328/40000 Evaluate learned policies with averaged returns 37.454403490009994 ...
[3] Finished: 23328/40000 Evaluate learned policies with averaged returns 33.650443290409996 ...
[5] Finished: 12960/40000 Evaluate learned policies with averaged returns 20.336582591809997 ...
[2] Finished: 23424/40000 Evaluate learned policies with averaged returns 31.74846319061 ...
[7] Finished: 23520/40000 Evaluate learned policies with averaged returns 35.552423390209995 ...
[1] Finished: 23520/40000 Evaluate learned policies with averaged returns 29.84648309081 ...
[0] Finished: 23424/40000 Evaluate learned policies with averaged returns 37.454403490009994 ...
[3] Finished: 23424/40000 Evaluate learned policies with averaged returns 33.650443290409996 ...
[2] Finished: 23520/40000 Evaluate learned policies with averaged returns 35.552423390209995 ...
[7] Finished: 23616/40000 Evaluate learned policies with averaged returns 29.84648309081 ...
[1] Finished: 23616/40000 Evaluate learned policies with averaged returns 33.650443290409996 ...
[0] Finished: 23520/40000 Evaluate learned policies with averaged returns 37.454403490009994 ...
[3] Finished: 23520/40000 Evaluate learned policies with averaged returns 29.84648309081 ...
[5] Finished: 13056/40000 Evaluate learned policies with averaged returns 20.336582591809997 ...
[2] Finished: 23616/40000 Evaluate learned policies with averaged returns 27.944502991009994 ...
[7] Finished: 23712/40000 Evaluate learned policies with averaged returns 35.552423390209995 ...
[1] Finished: 23712/40000 Evaluate learned policies with averaged returns 29.84648309081 ...
[0] Finished: 23616/40000 Evaluate learned policies with averaged returns 37.454403490009994 ...
[3] Finished: 23616/40000 Evaluate learned policies with averaged returns 27.94450299101 ...
[2] Finished: 23712/40000 Evaluate learned policies with averaged returns 27.94450299101 ...
[7] Finished: 23808/40000 Evaluate learned policies with averaged returns 31.74846319061 ...
[1] Finished: 23808/40000 Evaluate learned policies with averaged returns 26.042522891209995 ...
[0] Finished: 23712/40000 Evaluate learned policies with averaged returns 37.454403490009994 ...
[3] Finished: 23712/40000 Evaluate learned policies with averaged returns 29.84648309081 ...
[5] Finished: 13152/40000 Evaluate learned policies with averaged returns 18.434602492009994 ...
[2] Finished: 23808/40000 Evaluate learned policies with averaged returns 26.04252289121 ...
[7] Finished: 23904/40000 Evaluate learned policies with averaged returns 35.552423390209995 ...
[1] Finished: 23904/40000 Evaluate learned policies with averaged returns 35.552423390209995 ...
[0] Finished: 23808/40000 Evaluate learned policies with averaged returns 37.454403490009994 ...
[3] Finished: 23808/40000 Evaluate learned policies with averaged returns 27.94450299101 ...
[2] Finished: 23904/40000 Evaluate learned policies with averaged returns 31.74846319061 ...
[7] Finished: 24000/40000 Evaluate learned policies with averaged returns 33.650443290409996 ...
[0] Finished: 23904/40000 Evaluate learned policies with averaged returns 37.454403490009994 ...
[1] Finished: 24000/40000 Evaluate learned policies with averaged returns 35.552423390209995 ...
[3] Finished: 23904/40000 Evaluate learned policies with averaged returns 31.74846319061 ...
[5] Finished: 13248/40000 Evaluate learned policies with averaged returns 18.434602492009994 ...
[2] Finished: 24000/40000 Evaluate learned policies with averaged returns 33.650443290409996 ...
[7] Finished: 24096/40000 Evaluate learned policies with averaged returns 35.552423390209995 ...
[0] Finished: 24000/40000 Evaluate learned policies with averaged returns 37.454403490009994 ...
[1] Finished: 24096/40000 Evaluate learned policies with averaged returns 27.94450299101 ...
[3] Finished: 24000/40000 Evaluate learned policies with averaged returns 29.84648309081 ...
[2] Finished: 24096/40000 Evaluate learned policies with averaged returns 35.552423390209995 ...
[7] Finished: 24192/40000 Evaluate learned policies with averaged returns 31.74846319061 ...
[0] Finished: 24096/40000 Evaluate learned policies with averaged returns 37.454403490009994 ...
[5] Finished: 13344/40000 Evaluate learned policies with averaged returns 20.336582591809997 ...
[1] Finished: 24192/40000 Evaluate learned policies with averaged returns 27.94450299101 ...
[3] Finished: 24096/40000 Evaluate learned policies with averaged returns 27.94450299101 ...
[2] Finished: 24192/40000 Evaluate learned policies with averaged returns 33.650443290409996 ...
[7] Finished: 24288/40000 Evaluate learned policies with averaged returns 29.84648309081 ...
[0] Finished: 24192/40000 Evaluate learned policies with averaged returns 37.454403490009994 ...
[1] Finished: 24288/40000 Evaluate learned policies with averaged returns 33.650443290409996 ...
[3] Finished: 24192/40000 Evaluate learned policies with averaged returns 27.94450299101 ...
[2] Finished: 24288/40000 Evaluate learned policies with averaged returns 31.74846319061 ...
[7] Finished: 24384/40000 Evaluate learned policies with averaged returns 29.84648309081 ...
[5] Finished: 13440/40000 Evaluate learned policies with averaged returns 18.434602492009994 ...
[0] Finished: 24288/40000 Evaluate learned policies with averaged returns 37.454403490009994 ...
[1] Finished: 24384/40000 Evaluate learned policies with averaged returns 31.74846319061 ...
[3] Finished: 24288/40000 Evaluate learned policies with averaged returns 26.042522891209995 ...
[2] Finished: 24384/40000 Evaluate learned policies with averaged returns 31.74846319061 ...
[7] Finished: 24480/40000 Evaluate learned policies with averaged returns 31.74846319061 ...
[0] Finished: 24384/40000 Evaluate learned policies with averaged returns 37.454403490009994 ...
[1] Finished: 24480/40000 Evaluate learned policies with averaged returns 31.74846319061 ...
[3] Finished: 24384/40000 Evaluate learned policies with averaged returns 31.74846319061 ...
[2] Finished: 24480/40000 Evaluate learned policies with averaged returns 29.84648309081 ...
[7] Finished: 24576/40000 Evaluate learned policies with averaged returns 31.74846319061 ...
[0] Finished: 24480/40000 Evaluate learned policies with averaged returns 37.454403490009994 ...
[5] Finished: 13536/40000 Evaluate learned policies with averaged returns 20.336582591809997 ...
[1] Finished: 24576/40000 Evaluate learned policies with averaged returns 29.84648309081 ...
[3] Finished: 24480/40000 Evaluate learned policies with averaged returns 35.552423390209995 ...
[2] Finished: 24576/40000 Evaluate learned policies with averaged returns 27.94450299101 ...
[7] Finished: 24672/40000 Evaluate learned policies with averaged returns 29.84648309081 ...
[0] Finished: 24576/40000 Evaluate learned policies with averaged returns 37.454403490009994 ...
[1] Finished: 24672/40000 Evaluate learned policies with averaged returns 31.74846319061 ...
[3] Finished: 24576/40000 Evaluate learned policies with averaged returns 31.74846319061 ...
[2] Finished: 24672/40000 Evaluate learned policies with averaged returns 31.74846319061 ...
[0] Finished: 24672/40000 Evaluate learned policies with averaged returns 37.454403490009994 ...
[7] Finished: 24768/40000 Evaluate learned policies with averaged returns 29.84648309081 ...
[5] Finished: 13632/40000 Evaluate learned policies with averaged returns 18.434602492009994 ...
[1] Finished: 24768/40000 Evaluate learned policies with averaged returns 35.552423390209995 ...
[3] Finished: 24672/40000 Evaluate learned policies with averaged returns 29.84648309081 ...
[2] Finished: 24768/40000 Evaluate learned policies with averaged returns 33.650443290409996 ...
[7] Finished: 24864/40000 Evaluate learned policies with averaged returns 33.650443290409996 ...
[0] Finished: 24768/40000 Evaluate learned policies with averaged returns 37.454403490009994 ...
[1] Finished: 24864/40000 Evaluate learned policies with averaged returns 24.140542791409995 ...
[3] Finished: 24768/40000 Evaluate learned policies with averaged returns 26.042522891209995 ...
[2] Finished: 24864/40000 Evaluate learned policies with averaged returns 33.650443290409996 ...
[7] Finished: 24960/40000 Evaluate learned policies with averaged returns 33.650443290409996 ...
[0] Finished: 24864/40000 Evaluate learned policies with averaged returns 37.454403490009994 ...
[5] Finished: 13728/40000 Evaluate learned policies with averaged returns 18.434602492009994 ...
[1] Finished: 24960/40000 Evaluate learned policies with averaged returns 26.04252289121 ...
[3] Finished: 24864/40000 Evaluate learned policies with averaged returns 29.84648309081 ...
[2] Finished: 24960/40000 Evaluate learned policies with averaged returns 31.74846319061 ...
[7] Finished: 25056/40000 Evaluate learned policies with averaged returns 31.74846319061 ...
[0] Finished: 24960/40000 Evaluate learned policies with averaged returns 37.454403490009994 ...
[1] Finished: 25056/40000 Evaluate learned policies with averaged returns 31.74846319061 ...
[3] Finished: 24960/40000 Evaluate learned policies with averaged returns 27.94450299101 ...
[2] Finished: 25056/40000 Evaluate learned policies with averaged returns 31.74846319061 ...
[7] Finished: 25152/40000 Evaluate learned policies with averaged returns 26.04252289121 ...
[5] Finished: 13824/40000 Evaluate learned policies with averaged returns 24.140542791409995 ...
[0] Finished: 25056/40000 Evaluate learned policies with averaged returns 37.454403490009994 ...
[1] Finished: 25152/40000 Evaluate learned policies with averaged returns 29.84648309081 ...
[3] Finished: 25056/40000 Evaluate learned policies with averaged returns 33.650443290409996 ...
[2] Finished: 25152/40000 Evaluate learned policies with averaged returns 31.74846319061 ...
[7] Finished: 25248/40000 Evaluate learned policies with averaged returns 31.74846319061 ...
[0] Finished: 25152/40000 Evaluate learned policies with averaged returns 37.454403490009994 ...
[1] Finished: 25248/40000 Evaluate learned policies with averaged returns 29.84648309081 ...
[3] Finished: 25152/40000 Evaluate learned policies with averaged returns 31.74846319061 ...
[2] Finished: 25248/40000 Evaluate learned policies with averaged returns 33.650443290409996 ...
[5] Finished: 13920/40000 Evaluate learned policies with averaged returns 18.434602492009994 ...
[7] Finished: 25344/40000 Evaluate learned policies with averaged returns 33.650443290409996 ...
[0] Finished: 25248/40000 Evaluate learned policies with averaged returns 37.454403490009994 ...
[3] Finished: 25248/40000 Evaluate learned policies with averaged returns 33.650443290409996 ...
[1] Finished: 25344/40000 Evaluate learned policies with averaged returns 27.944502991009994 ...
[2] Finished: 25344/40000 Evaluate learned policies with averaged returns 33.650443290409996 ...
[7] Finished: 25440/40000 Evaluate learned policies with averaged returns 33.650443290409996 ...
[0] Finished: 25344/40000 Evaluate learned policies with averaged returns 37.454403490009994 ...
[3] Finished: 25344/40000 Evaluate learned policies with averaged returns 33.650443290409996 ...
[1] Finished: 25440/40000 Evaluate learned policies with averaged returns 26.04252289121 ...
[2] Finished: 25440/40000 Evaluate learned policies with averaged returns 31.74846319061 ...
[5] Finished: 14016/40000 Evaluate learned policies with averaged returns 23.189552741509996 ...
[7] Finished: 25536/40000 Evaluate learned policies with averaged returns 33.650443290409996 ...
[0] Finished: 25440/40000 Evaluate learned policies with averaged returns 37.454403490009994 ...
[2] Finished: 25536/40000 Evaluate learned policies with averaged returns 33.650443290409996 ...
[3] Finished: 25440/40000 Evaluate learned policies with averaged returns 29.84648309081 ...
[1] Finished: 25536/40000 Evaluate learned policies with averaged returns 33.650443290409996 ...
[7] Finished: 25632/40000 Evaluate learned policies with averaged returns 35.552423390209995 ...
[0] Finished: 25536/40000 Evaluate learned policies with averaged returns 37.454403490009994 ...
[2] Finished: 25632/40000 Evaluate learned policies with averaged returns 27.944502991009994 ...
[3] Finished: 25536/40000 Evaluate learned policies with averaged returns 27.944502991009994 ...
[1] Finished: 25632/40000 Evaluate learned policies with averaged returns 35.552423390209995 ...
[5] Finished: 14112/40000 Evaluate learned policies with averaged returns 20.336582591809997 ...
[7] Finished: 25728/40000 Evaluate learned policies with averaged returns 27.94450299101 ...
[0] Finished: 25632/40000 Evaluate learned policies with averaged returns 37.454403490009994 ...
[2] Finished: 25728/40000 Evaluate learned policies with averaged returns 31.74846319061 ...
[3] Finished: 25632/40000 Evaluate learned policies with averaged returns 27.94450299101 ...
[1] Finished: 25728/40000 Evaluate learned policies with averaged returns 29.84648309081 ...
[7] Finished: 25824/40000 Evaluate learned policies with averaged returns 35.552423390209995 ...
[0] Finished: 25728/40000 Evaluate learned policies with averaged returns 37.454403490009994 ...
[2] Finished: 25824/40000 Evaluate learned policies with averaged returns 29.84648309081 ...
[3] Finished: 25728/40000 Evaluate learned policies with averaged returns 24.14054279141 ...
[1] Finished: 25824/40000 Evaluate learned policies with averaged returns 33.650443290409996 ...
[5] Finished: 14208/40000 Evaluate learned policies with averaged returns 21.287572641709996 ...
[7] Finished: 25920/40000 Evaluate learned policies with averaged returns 27.94450299101 ...
[0] Finished: 25824/40000 Evaluate learned policies with averaged returns 37.454403490009994 ...
[2] Finished: 25920/40000 Evaluate learned policies with averaged returns 31.74846319061 ...
[1] Finished: 25920/40000 Evaluate learned policies with averaged returns 29.84648309081 ...
[3] Finished: 25824/40000 Evaluate learned policies with averaged returns 24.140542791409995 ...
[7] Finished: 26016/40000 Evaluate learned policies with averaged returns 33.650443290409996 ...
[0] Finished: 25920/40000 Evaluate learned policies with averaged returns 37.454403490009994 ...
[2] Finished: 26016/40000 Evaluate learned policies with averaged returns 31.74846319061 ...
[1] Finished: 26016/40000 Evaluate learned policies with averaged returns 31.74846319061 ...
[3] Finished: 25920/40000 Evaluate learned policies with averaged returns 27.94450299101 ...
[5] Finished: 14304/40000 Evaluate learned policies with averaged returns 18.434602492009994 ...
[7] Finished: 26112/40000 Evaluate learned policies with averaged returns 26.042522891209995 ...
[0] Finished: 26016/40000 Evaluate learned policies with averaged returns 37.454403490009994 ...
[2] Finished: 26112/40000 Evaluate learned policies with averaged returns 35.552423390209995 ...
[3] Finished: 26016/40000 Evaluate learned policies with averaged returns 35.552423390209995 ...
[1] Finished: 26112/40000 Evaluate learned policies with averaged returns 33.650443290409996 ...
[7] Finished: 26208/40000 Evaluate learned policies with averaged returns 29.84648309081 ...
[0] Finished: 26112/40000 Evaluate learned policies with averaged returns 37.454403490009994 ...
[2] Finished: 26208/40000 Evaluate learned policies with averaged returns 27.94450299101 ...
[3] Finished: 26112/40000 Evaluate learned policies with averaged returns 35.552423390209995 ...
[1] Finished: 26208/40000 Evaluate learned policies with averaged returns 29.84648309081 ...
[5] Finished: 14400/40000 Evaluate learned policies with averaged returns 18.434602492009994 ...
[7] Finished: 26304/40000 Evaluate learned policies with averaged returns 31.74846319061 ...
[0] Finished: 26208/40000 Evaluate learned policies with averaged returns 37.454403490009994 ...
[2] Finished: 26304/40000 Evaluate learned policies with averaged returns 31.74846319061 ...
[3] Finished: 26208/40000 Evaluate learned policies with averaged returns 35.552423390209995 ...
[1] Finished: 26304/40000 Evaluate learned policies with averaged returns 29.84648309081 ...
[7] Finished: 26400/40000 Evaluate learned policies with averaged returns 31.74846319061 ...
[0] Finished: 26304/40000 Evaluate learned policies with averaged returns 37.454403490009994 ...
[2] Finished: 26400/40000 Evaluate learned policies with averaged returns 29.84648309081 ...
[1] Finished: 26400/40000 Evaluate learned policies with averaged returns 35.552423390209995 ...
[3] Finished: 26304/40000 Evaluate learned policies with averaged returns 35.552423390209995 ...
[5] Finished: 14496/40000 Evaluate learned policies with averaged returns 20.336582591809997 ...
[2] Finished: 26496/40000 Evaluate learned policies with averaged returns 33.650443290409996 ...
[7] Finished: 26496/40000 Evaluate learned policies with averaged returns 33.650443290409996 ...
[0] Finished: 26400/40000 Evaluate learned policies with averaged returns 37.454403490009994 ...
[1] Finished: 26496/40000 Evaluate learned policies with averaged returns 33.650443290409996 ...
[3] Finished: 26400/40000 Evaluate learned policies with averaged returns 37.454403490009994 ...
[0] Finished: 26496/40000 Evaluate learned policies with averaged returns 37.454403490009994 ...
[7] Finished: 26592/40000 Evaluate learned policies with averaged returns 27.94450299101 ...
[2] Finished: 26592/40000 Evaluate learned policies with averaged returns 31.74846319061 ...
[3] Finished: 26496/40000 Evaluate learned policies with averaged returns 37.454403490009994 ...
[1] Finished: 26592/40000 Evaluate learned policies with averaged returns 33.650443290409996 ...
[5] Finished: 14592/40000 Evaluate learned policies with averaged returns 21.287572641709996 ...
[0] Finished: 26592/40000 Evaluate learned policies with averaged returns 37.454403490009994 ...
[2] Finished: 26688/40000 Evaluate learned policies with averaged returns 31.74846319061 ...
[7] Finished: 26688/40000 Evaluate learned policies with averaged returns 33.650443290409996 ...
[3] Finished: 26592/40000 Evaluate learned policies with averaged returns 33.650443290409996 ...
[1] Finished: 26688/40000 Evaluate learned policies with averaged returns 27.94450299101 ...
[0] Finished: 26688/40000 Evaluate learned policies with averaged returns 37.454403490009994 ...
[2] Finished: 26784/40000 Evaluate learned policies with averaged returns 37.454403490009994 ...
[7] Finished: 26784/40000 Evaluate learned policies with averaged returns 33.650443290409996 ...
[3] Finished: 26688/40000 Evaluate learned policies with averaged returns 29.84648309081 ...
[1] Finished: 26784/40000 Evaluate learned policies with averaged returns 27.944502991009994 ...
[5] Finished: 14688/40000 Evaluate learned policies with averaged returns 20.336582591809997 ...
[0] Finished: 26784/40000 Evaluate learned policies with averaged returns 37.454403490009994 ...
[2] Finished: 26880/40000 Evaluate learned policies with averaged returns 27.944502991009994 ...
[7] Finished: 26880/40000 Evaluate learned policies with averaged returns 35.552423390209995 ...
[1] Finished: 26880/40000 Evaluate learned policies with averaged returns 29.84648309081 ...
[3] Finished: 26784/40000 Evaluate learned policies with averaged returns 33.650443290409996 ...
[0] Finished: 26880/40000 Evaluate learned policies with averaged returns 37.454403490009994 ...
[2] Finished: 26976/40000 Evaluate learned policies with averaged returns 33.650443290409996 ...
[7] Finished: 26976/40000 Evaluate learned policies with averaged returns 31.74846319061 ...
[5] Finished: 14784/40000 Evaluate learned policies with averaged returns 18.434602492009994 ...
[3] Finished: 26880/40000 Evaluate learned policies with averaged returns 33.650443290409996 ...
[1] Finished: 26976/40000 Evaluate learned policies with averaged returns 29.84648309081 ...
[0] Finished: 26976/40000 Evaluate learned policies with averaged returns 37.454403490009994 ...
[2] Finished: 27072/40000 Evaluate learned policies with averaged returns 31.74846319061 ...
[7] Finished: 27072/40000 Evaluate learned policies with averaged returns 35.552423390209995 ...
[3] Finished: 26976/40000 Evaluate learned policies with averaged returns 35.552423390209995 ...
[1] Finished: 27072/40000 Evaluate learned policies with averaged returns 29.84648309081 ...
[2] Finished: 27168/40000 Evaluate learned policies with averaged returns 33.650443290409996 ...
[0] Finished: 27072/40000 Evaluate learned policies with averaged returns 37.454403490009994 ...
[7] Finished: 27168/40000 Evaluate learned policies with averaged returns 31.74846319061 ...
[5] Finished: 14880/40000 Evaluate learned policies with averaged returns 18.434602492009994 ...
[1] Finished: 27168/40000 Evaluate learned policies with averaged returns 33.650443290409996 ...
[3] Finished: 27072/40000 Evaluate learned policies with averaged returns 33.650443290409996 ...
[2] Finished: 27264/40000 Evaluate learned policies with averaged returns 27.944502991009994 ...
[0] Finished: 27168/40000 Evaluate learned policies with averaged returns 37.454403490009994 ...
[7] Finished: 27264/40000 Evaluate learned policies with averaged returns 29.84648309081 ...
[3] Finished: 27168/40000 Evaluate learned policies with averaged returns 29.84648309081 ...
[1] Finished: 27264/40000 Evaluate learned policies with averaged returns 29.84648309081 ...
[2] Finished: 27360/40000 Evaluate learned policies with averaged returns 31.74846319061 ...
[5] Finished: 14976/40000 Evaluate learned policies with averaged returns 20.336582591809997 ...
[7] Finished: 27360/40000 Evaluate learned policies with averaged returns 27.94450299101 ...
[0] Finished: 27264/40000 Evaluate learned policies with averaged returns 37.454403490009994 ...
[3] Finished: 27264/40000 Evaluate learned policies with averaged returns 35.552423390209995 ...
[1] Finished: 27360/40000 Evaluate learned policies with averaged returns 31.74846319061 ...
[2] Finished: 27456/40000 Evaluate learned policies with averaged returns 31.74846319061 ...
[7] Finished: 27456/40000 Evaluate learned policies with averaged returns 29.84648309081 ...
[0] Finished: 27360/40000 Evaluate learned policies with averaged returns 37.454403490009994 ...
[3] Finished: 27360/40000 Evaluate learned policies with averaged returns 29.84648309081 ...
[1] Finished: 27456/40000 Evaluate learned policies with averaged returns 33.650443290409996 ...
[2] Finished: 27552/40000 Evaluate learned policies with averaged returns 31.74846319061 ...
[5] Finished: 15072/40000 Evaluate learned policies with averaged returns 20.336582591809997 ...
[7] Finished: 27552/40000 Evaluate learned policies with averaged returns 33.650443290409996 ...
[0] Finished: 27456/40000 Evaluate learned policies with averaged returns 37.454403490009994 ...
[3] Finished: 27456/40000 Evaluate learned policies with averaged returns 35.552423390209995 ...
[1] Finished: 27552/40000 Evaluate learned policies with averaged returns 31.74846319061 ...
[2] Finished: 27648/40000 Evaluate learned policies with averaged returns 31.74846319061 ...
[7] Finished: 27648/40000 Evaluate learned policies with averaged returns 31.74846319061 ...
[0] Finished: 27552/40000 Evaluate learned policies with averaged returns 37.454403490009994 ...
[3] Finished: 27552/40000 Evaluate learned policies with averaged returns 26.04252289121 ...
[1] Finished: 27648/40000 Evaluate learned policies with averaged returns 33.650443290409996 ...
[5] Finished: 15168/40000 Evaluate learned policies with averaged returns 18.406167889517985 ...
[2] Finished: 27744/40000 Evaluate learned policies with averaged returns 27.944502991009994 ...
[7] Finished: 27744/40000 Evaluate learned policies with averaged returns 24.140542791409995 ...
[0] Finished: 27648/40000 Evaluate learned policies with averaged returns 37.454403490009994 ...
[3] Finished: 27648/40000 Evaluate learned policies with averaged returns 26.042522891209995 ...
[1] Finished: 27744/40000 Evaluate learned policies with averaged returns 31.74846319061 ...
[2] Finished: 27840/40000 Evaluate learned policies with averaged returns 29.84648309081 ...
[7] Finished: 27840/40000 Evaluate learned policies with averaged returns 33.650443290409996 ...
[0] Finished: 27744/40000 Evaluate learned policies with averaged returns 37.454403490009994 ...
[3] Finished: 27744/40000 Evaluate learned policies with averaged returns 35.552423390209995 ...
[5] Finished: 15264/40000 Evaluate learned policies with averaged returns 22.238562691609996 ...
[1] Finished: 27840/40000 Evaluate learned policies with averaged returns 31.74846319061 ...
[2] Finished: 27936/40000 Evaluate learned policies with averaged returns 29.84648309081 ...
[7] Finished: 27936/40000 Evaluate learned policies with averaged returns 27.944502991009994 ...
[0] Finished: 27840/40000 Evaluate learned policies with averaged returns 37.454403490009994 ...
[3] Finished: 27840/40000 Evaluate learned policies with averaged returns 37.454403490009994 ...
[1] Finished: 27936/40000 Evaluate learned policies with averaged returns 35.552423390209995 ...
[2] Finished: 28032/40000 Evaluate learned policies with averaged returns 31.74846319061 ...
[7] Finished: 28032/40000 Evaluate learned policies with averaged returns 29.84648309081 ...
[0] Finished: 27936/40000 Evaluate learned policies with averaged returns 37.454403490009994 ...
[5] Finished: 15360/40000 Evaluate learned policies with averaged returns 18.434602492009994 ...
[3] Finished: 27936/40000 Evaluate learned policies with averaged returns 31.74846319061 ...
[1] Finished: 28032/40000 Evaluate learned policies with averaged returns 29.84648309081 ...
[2] Finished: 28128/40000 Evaluate learned policies with averaged returns 31.74846319061 ...
[7] Finished: 28128/40000 Evaluate learned policies with averaged returns 29.84648309081 ...
[0] Finished: 28032/40000 Evaluate learned policies with averaged returns 37.454403490009994 ...
[1] Finished: 28128/40000 Evaluate learned policies with averaged returns 22.23856269161 ...
[3] Finished: 28032/40000 Evaluate learned policies with averaged returns 31.74846319061 ...
[2] Finished: 28224/40000 Evaluate learned policies with averaged returns 31.74846319061 ...
[7] Finished: 28224/40000 Evaluate learned policies with averaged returns 27.94450299101 ...
[0] Finished: 28128/40000 Evaluate learned policies with averaged returns 37.454403490009994 ...
[1] Finished: 28224/40000 Evaluate learned policies with averaged returns 27.944502991009994 ...
[5] Finished: 15456/40000 Evaluate learned policies with averaged returns 20.336582591809993 ...
[3] Finished: 28128/40000 Evaluate learned policies with averaged returns 29.84648309081 ...
[2] Finished: 28320/40000 Evaluate learned policies with averaged returns 29.84648309081 ...
[7] Finished: 28320/40000 Evaluate learned policies with averaged returns 29.84648309081 ...
[0] Finished: 28224/40000 Evaluate learned policies with averaged returns 37.454403490009994 ...
[1] Finished: 28320/40000 Evaluate learned policies with averaged returns 27.94450299101 ...
[2] Finished: 28416/40000 Evaluate learned policies with averaged returns 24.140542791409995 ...
[3] Finished: 28224/40000 Evaluate learned policies with averaged returns 27.94450299101 ...
[7] Finished: 28416/40000 Evaluate learned policies with averaged returns 33.650443290409996 ...
[0] Finished: 28320/40000 Evaluate learned policies with averaged returns 37.454403490009994 ...
[1] Finished: 28416/40000 Evaluate learned policies with averaged returns 29.84648309081 ...
[5] Finished: 15552/40000 Evaluate learned policies with averaged returns 20.336582591809997 ...
[2] Finished: 28512/40000 Evaluate learned policies with averaged returns 29.84648309081 ...
[3] Finished: 28320/40000 Evaluate learned policies with averaged returns 20.336582591809997 ...
[7] Finished: 28512/40000 Evaluate learned policies with averaged returns 27.944502991009994 ...
[0] Finished: 28416/40000 Evaluate learned policies with averaged returns 37.454403490009994 ...
[1] Finished: 28512/40000 Evaluate learned policies with averaged returns 33.650443290409996 ...
[2] Finished: 28608/40000 Evaluate learned policies with averaged returns 27.94450299101 ...
[3] Finished: 28416/40000 Evaluate learned policies with averaged returns 29.84648309081 ...
[7] Finished: 28608/40000 Evaluate learned policies with averaged returns 33.650443290409996 ...
[0] Finished: 28512/40000 Evaluate learned policies with averaged returns 37.454403490009994 ...
[1] Finished: 28608/40000 Evaluate learned policies with averaged returns 35.552423390209995 ...
[5] Finished: 15648/40000 Evaluate learned policies with averaged returns 20.336582591809997 ...
[2] Finished: 28704/40000 Evaluate learned policies with averaged returns 31.74846319061 ...
[3] Finished: 28512/40000 Evaluate learned policies with averaged returns 37.454403490009994 ...
[7] Finished: 28704/40000 Evaluate learned policies with averaged returns 31.74846319061 ...
[0] Finished: 28608/40000 Evaluate learned policies with averaged returns 37.454403490009994 ...
[1] Finished: 28704/40000 Evaluate learned policies with averaged returns 33.650443290409996 ...
[2] Finished: 28800/40000 Evaluate learned policies with averaged returns 31.74846319061 ...
[3] Finished: 28608/40000 Evaluate learned policies with averaged returns 27.94450299101 ...
[7] Finished: 28800/40000 Evaluate learned policies with averaged returns 33.650443290409996 ...
[0] Finished: 28704/40000 Evaluate learned policies with averaged returns 37.454403490009994 ...
[1] Finished: 28800/40000 Evaluate learned policies with averaged returns 33.650443290409996 ...
[2] Finished: 28896/40000 Evaluate learned policies with averaged returns 29.84648309081 ...
[5] Finished: 15744/40000 Evaluate learned policies with averaged returns 20.336582591809997 ...
[3] Finished: 28704/40000 Evaluate learned policies with averaged returns 35.552423390209995 ...
[7] Finished: 28896/40000 Evaluate learned policies with averaged returns 35.552423390209995 ...
[0] Finished: 28800/40000 Evaluate learned policies with averaged returns 37.454403490009994 ...
[1] Finished: 28896/40000 Evaluate learned policies with averaged returns 33.650443290409996 ...
[2] Finished: 28992/40000 Evaluate learned policies with averaged returns 27.944502991009994 ...
[3] Finished: 28800/40000 Evaluate learned policies with averaged returns 27.94450299101 ...
[7] Finished: 28992/40000 Evaluate learned policies with averaged returns 29.84648309081 ...
[0] Finished: 28896/40000 Evaluate learned policies with averaged returns 37.454403490009994 ...
[1] Finished: 28992/40000 Evaluate learned policies with averaged returns 31.74846319061 ...
[2] Finished: 29088/40000 Evaluate learned policies with averaged returns 29.84648309081 ...
[5] Finished: 15840/40000 Evaluate learned policies with averaged returns 18.434602492009994 ...
[3] Finished: 28896/40000 Evaluate learned policies with averaged returns 31.74846319061 ...
[7] Finished: 29088/40000 Evaluate learned policies with averaged returns 31.74846319061 ...
[0] Finished: 28992/40000 Evaluate learned policies with averaged returns 37.454403490009994 ...
[2] Finished: 29184/40000 Evaluate learned policies with averaged returns 26.04252289121 ...
[1] Finished: 29088/40000 Evaluate learned policies with averaged returns 29.84648309081 ...
[3] Finished: 28992/40000 Evaluate learned policies with averaged returns 31.74846319061 ...
[7] Finished: 29184/40000 Evaluate learned policies with averaged returns 35.552423390209995 ...
[2] Finished: 29280/40000 Evaluate learned policies with averaged returns 29.84648309081 ...
[0] Finished: 29088/40000 Evaluate learned policies with averaged returns 37.454403490009994 ...
[1] Finished: 29184/40000 Evaluate learned policies with averaged returns 33.650443290409996 ...
[5] Finished: 15936/40000 Evaluate learned policies with averaged returns 20.336582591809997 ...
[3] Finished: 29088/40000 Evaluate learned policies with averaged returns 35.552423390209995 ...
[7] Finished: 29280/40000 Evaluate learned policies with averaged returns 31.74846319061 ...
[2] Finished: 29376/40000 Evaluate learned policies with averaged returns 27.94450299101 ...
[0] Finished: 29184/40000 Evaluate learned policies with averaged returns 37.454403490009994 ...
[1] Finished: 29280/40000 Evaluate learned policies with averaged returns 35.552423390209995 ...
[3] Finished: 29184/40000 Evaluate learned policies with averaged returns 33.650443290409996 ...
[7] Finished: 29376/40000 Evaluate learned policies with averaged returns 31.74846319061 ...
[5] Finished: 16032/40000 Evaluate learned policies with averaged returns 20.336582591809997 ...
[1] Finished: 29376/40000 Evaluate learned policies with averaged returns 22.238562691609996 ...
[2] Finished: 29472/40000 Evaluate learned policies with averaged returns 31.74846319061 ...
[0] Finished: 29280/40000 Evaluate learned policies with averaged returns 37.454403490009994 ...
[3] Finished: 29280/40000 Evaluate learned policies with averaged returns 27.94450299101 ...
[7] Finished: 29472/40000 Evaluate learned policies with averaged returns 29.84648309081 ...
[2] Finished: 29568/40000 Evaluate learned policies with averaged returns 33.650443290409996 ...
[1] Finished: 29472/40000 Evaluate learned policies with averaged returns 33.650443290409996 ...
[0] Finished: 29376/40000 Evaluate learned policies with averaged returns 37.454403490009994 ...
[3] Finished: 29376/40000 Evaluate learned policies with averaged returns 29.84648309081 ...
[7] Finished: 29568/40000 Evaluate learned policies with averaged returns 26.04252289121 ...
[2] Finished: 29664/40000 Evaluate learned policies with averaged returns 35.552423390209995 ...
[1] Finished: 29568/40000 Evaluate learned policies with averaged returns 33.650443290409996 ...
[0] Finished: 29472/40000 Evaluate learned policies with averaged returns 37.454403490009994 ...
[5] Finished: 16128/40000 Evaluate learned policies with averaged returns 20.336582591809997 ...
[3] Finished: 29472/40000 Evaluate learned policies with averaged returns 29.84648309081 ...
[7] Finished: 29664/40000 Evaluate learned policies with averaged returns 26.04252289121 ...
[1] Finished: 29664/40000 Evaluate learned policies with averaged returns 29.84648309081 ...
[2] Finished: 29760/40000 Evaluate learned policies with averaged returns 33.650443290409996 ...
[0] Finished: 29568/40000 Evaluate learned policies with averaged returns 37.454403490009994 ...
[3] Finished: 29568/40000 Evaluate learned policies with averaged returns 26.04252289121 ...
[7] Finished: 29760/40000 Evaluate learned policies with averaged returns 35.552423390209995 ...
[1] Finished: 29760/40000 Evaluate learned policies with averaged returns 33.650443290409996 ...
[2] Finished: 29856/40000 Evaluate learned policies with averaged returns 31.74846319061 ...
[5] Finished: 16224/40000 Evaluate learned policies with averaged returns 18.434602492009994 ...
[0] Finished: 29664/40000 Evaluate learned policies with averaged returns 37.454403490009994 ...
[3] Finished: 29664/40000 Evaluate learned policies with averaged returns 29.84648309081 ...
[7] Finished: 29856/40000 Evaluate learned policies with averaged returns 29.84648309081 ...
[1] Finished: 29856/40000 Evaluate learned policies with averaged returns 35.552423390209995 ...
[2] Finished: 29952/40000 Evaluate learned policies with averaged returns 26.04252289121 ...
[0] Finished: 29760/40000 Evaluate learned policies with averaged returns 37.454403490009994 ...
[3] Finished: 29760/40000 Evaluate learned policies with averaged returns 31.74846319061 ...
[7] Finished: 29952/40000 Evaluate learned policies with averaged returns 29.84648309081 ...
[1] Finished: 29952/40000 Evaluate learned policies with averaged returns 31.74846319061 ...
[5] Finished: 16320/40000 Evaluate learned policies with averaged returns 20.336582591809997 ...
[2] Finished: 30048/40000 Evaluate learned policies with averaged returns 33.650443290409996 ...
[3] Finished: 29856/40000 Evaluate learned policies with averaged returns 29.84648309081 ...
[0] Finished: 29856/40000 Evaluate learned policies with averaged returns 37.454403490009994 ...
[7] Finished: 30048/40000 Evaluate learned policies with averaged returns 29.84648309081 ...
[1] Finished: 30048/40000 Evaluate learned policies with averaged returns 29.84648309081 ...
[2] Finished: 30144/40000 Evaluate learned policies with averaged returns 31.74846319061 ...
[0] Finished: 29952/40000 Evaluate learned policies with averaged returns 37.454403490009994 ...
[3] Finished: 29952/40000 Evaluate learned policies with averaged returns 22.238562691609996 ...
[7] Finished: 30144/40000 Evaluate learned policies with averaged returns 33.650443290409996 ...
[1] Finished: 30144/40000 Evaluate learned policies with averaged returns 33.650443290409996 ...
[2] Finished: 30240/40000 Evaluate learned policies with averaged returns 35.552423390209995 ...
[5] Finished: 16416/40000 Evaluate learned policies with averaged returns 20.336582591809997 ...
[0] Finished: 30048/40000 Evaluate learned policies with averaged returns 37.454403490009994 ...
[3] Finished: 30048/40000 Evaluate learned policies with averaged returns 29.84648309081 ...
[7] Finished: 30240/40000 Evaluate learned policies with averaged returns 29.84648309081 ...
[1] Finished: 30240/40000 Evaluate learned policies with averaged returns 33.650443290409996 ...
[2] Finished: 30336/40000 Evaluate learned policies with averaged returns 29.84648309081 ...
[0] Finished: 30144/40000 Evaluate learned policies with averaged returns 37.454403490009994 ...
[3] Finished: 30144/40000 Evaluate learned policies with averaged returns 20.336582591809997 ...
[7] Finished: 30336/40000 Evaluate learned policies with averaged returns 33.650443290409996 ...
[1] Finished: 30336/40000 Evaluate learned policies with averaged returns 33.650443290409996 ...
[2] Finished: 30432/40000 Evaluate learned policies with averaged returns 31.74846319061 ...
[0] Finished: 30240/40000 Evaluate learned policies with averaged returns 37.454403490009994 ...
[5] Finished: 16512/40000 Evaluate learned policies with averaged returns 24.140542791409995 ...
[3] Finished: 30240/40000 Evaluate learned policies with averaged returns 18.434602492009994 ...
[7] Finished: 30432/40000 Evaluate learned policies with averaged returns 31.74846319061 ...
[2] Finished: 30528/40000 Evaluate learned policies with averaged returns 33.650443290409996 ...
[1] Finished: 30432/40000 Evaluate learned policies with averaged returns 33.650443290409996 ...
[0] Finished: 30336/40000 Evaluate learned policies with averaged returns 37.454403490009994 ...
[3] Finished: 30336/40000 Evaluate learned policies with averaged returns 24.140542791410002 ...
[7] Finished: 30528/40000 Evaluate learned policies with averaged returns 29.84648309081 ...
[1] Finished: 30528/40000 Evaluate learned policies with averaged returns 33.650443290409996 ...
[2] Finished: 30624/40000 Evaluate learned policies with averaged returns 29.84648309081 ...
[0] Finished: 30432/40000 Evaluate learned policies with averaged returns 37.454403490009994 ...
[5] Finished: 16608/40000 Evaluate learned policies with averaged returns 18.434602492009994 ...
[3] Finished: 30432/40000 Evaluate learned policies with averaged returns 24.14054279141 ...
[7] Finished: 30624/40000 Evaluate learned policies with averaged returns 33.650443290409996 ...
[2] Finished: 30720/40000 Evaluate learned policies with averaged returns 33.650443290409996 ...
[1] Finished: 30624/40000 Evaluate learned policies with averaged returns 33.650443290409996 ...
[0] Finished: 30528/40000 Evaluate learned policies with averaged returns 37.454403490009994 ...
[3] Finished: 30528/40000 Evaluate learned policies with averaged returns 26.042522891209995 ...
[7] Finished: 30720/40000 Evaluate learned policies with averaged returns 29.84648309081 ...
[2] Finished: 30816/40000 Evaluate learned policies with averaged returns 35.552423390209995 ...
[1] Finished: 30720/40000 Evaluate learned policies with averaged returns 29.84648309081 ...
[0] Finished: 30624/40000 Evaluate learned policies with averaged returns 37.454403490009994 ...
[5] Finished: 16704/40000 Evaluate learned policies with averaged returns 22.23856269161 ...
[3] Finished: 30624/40000 Evaluate learned policies with averaged returns 29.84648309081 ...
[7] Finished: 30816/40000 Evaluate learned policies with averaged returns 29.84648309081 ...
[2] Finished: 30912/40000 Evaluate learned policies with averaged returns 31.74846319061 ...
[1] Finished: 30816/40000 Evaluate learned policies with averaged returns 31.74846319061 ...
[0] Finished: 30720/40000 Evaluate learned policies with averaged returns 37.454403490009994 ...
[3] Finished: 30720/40000 Evaluate learned policies with averaged returns 27.94450299101 ...
[7] Finished: 30912/40000 Evaluate learned policies with averaged returns 29.84648309081 ...
[2] Finished: 31008/40000 Evaluate learned policies with averaged returns 27.94450299101 ...
[1] Finished: 30912/40000 Evaluate learned policies with averaged returns 33.650443290409996 ...
[0] Finished: 30816/40000 Evaluate learned policies with averaged returns 37.454403490009994 ...
[3] Finished: 30816/40000 Evaluate learned policies with averaged returns 26.04252289121 ...
[5] Finished: 16800/40000 Evaluate learned policies with averaged returns 24.140542791409995 ...
[7] Finished: 31008/40000 Evaluate learned policies with averaged returns 35.552423390209995 ...
[2] Finished: 31104/40000 Evaluate learned policies with averaged returns 29.84648309081 ...
[1] Finished: 31008/40000 Evaluate learned policies with averaged returns 33.650443290409996 ...
[0] Finished: 30912/40000 Evaluate learned policies with averaged returns 37.454403490009994 ...
[3] Finished: 30912/40000 Evaluate learned policies with averaged returns 18.434602492009994 ...
[7] Finished: 31104/40000 Evaluate learned policies with averaged returns 33.650443290409996 ...
[2] Finished: 31200/40000 Evaluate learned policies with averaged returns 29.84648309081 ...
[1] Finished: 31104/40000 Evaluate learned policies with averaged returns 33.650443290409996 ...
[0] Finished: 31008/40000 Evaluate learned policies with averaged returns 37.454403490009994 ...
[3] Finished: 31008/40000 Evaluate learned policies with averaged returns 26.04252289121 ...
[5] Finished: 16896/40000 Evaluate learned policies with averaged returns 18.434602492009994 ...
[7] Finished: 31200/40000 Evaluate learned policies with averaged returns 35.552423390209995 ...
[2] Finished: 31296/40000 Evaluate learned policies with averaged returns 33.650443290409996 ...
[1] Finished: 31200/40000 Evaluate learned policies with averaged returns 33.650443290409996 ...
[0] Finished: 31104/40000 Evaluate learned policies with averaged returns 37.454403490009994 ...
[7] Finished: 31296/40000 Evaluate learned policies with averaged returns 31.74846319061 ...
[3] Finished: 31104/40000 Evaluate learned policies with averaged returns 26.042522891209995 ...
[2] Finished: 31392/40000 Evaluate learned policies with averaged returns 27.94450299101 ...
[1] Finished: 31296/40000 Evaluate learned policies with averaged returns 31.74846319061 ...
[0] Finished: 31200/40000 Evaluate learned policies with averaged returns 37.454403490009994 ...
[7] Finished: 31392/40000 Evaluate learned policies with averaged returns 29.84648309081 ...
[5] Finished: 16992/40000 Evaluate learned policies with averaged returns 22.238562691609996 ...
[3] Finished: 31200/40000 Evaluate learned policies with averaged returns 24.14054279141 ...
[2] Finished: 31488/40000 Evaluate learned policies with averaged returns 31.74846319061 ...
[1] Finished: 31392/40000 Evaluate learned policies with averaged returns 27.94450299101 ...
[0] Finished: 31296/40000 Evaluate learned policies with averaged returns 37.454403490009994 ...
[7] Finished: 31488/40000 Evaluate learned policies with averaged returns 27.944502991009994 ...
[3] Finished: 31296/40000 Evaluate learned policies with averaged returns 20.336582591809997 ...
[2] Finished: 31584/40000 Evaluate learned policies with averaged returns 33.650443290409996 ...
[1] Finished: 31488/40000 Evaluate learned policies with averaged returns 24.14054279141 ...
[0] Finished: 31392/40000 Evaluate learned policies with averaged returns 37.454403490009994 ...
[7] Finished: 31584/40000 Evaluate learned policies with averaged returns 31.74846319061 ...
[5] Finished: 17088/40000 Evaluate learned policies with averaged returns 18.434602492009994 ...
[3] Finished: 31392/40000 Evaluate learned policies with averaged returns 29.84648309081 ...
[2] Finished: 31680/40000 Evaluate learned policies with averaged returns 29.84648309081 ...
[1] Finished: 31584/40000 Evaluate learned policies with averaged returns 24.14054279141 ...
[0] Finished: 31488/40000 Evaluate learned policies with averaged returns 37.454403490009994 ...
[7] Finished: 31680/40000 Evaluate learned policies with averaged returns 35.552423390209995 ...
[3] Finished: 31488/40000 Evaluate learned policies with averaged returns 24.140542791409995 ...
[2] Finished: 31776/40000 Evaluate learned policies with averaged returns 29.84648309081 ...
[1] Finished: 31680/40000 Evaluate learned policies with averaged returns 31.74846319061 ...
[0] Finished: 31584/40000 Evaluate learned policies with averaged returns 37.454403490009994 ...
[7] Finished: 31776/40000 Evaluate learned policies with averaged returns 29.84648309081 ...
[2] Finished: 31872/40000 Evaluate learned policies with averaged returns 31.74846319061 ...
[5] Finished: 17184/40000 Evaluate learned policies with averaged returns 22.238562691609996 ...
[3] Finished: 31584/40000 Evaluate learned policies with averaged returns 27.944502991009994 ...
[1] Finished: 31776/40000 Evaluate learned policies with averaged returns 27.944502991009994 ...
[0] Finished: 31680/40000 Evaluate learned policies with averaged returns 37.454403490009994 ...
[7] Finished: 31872/40000 Evaluate learned policies with averaged returns 29.84648309081 ...
[2] Finished: 31968/40000 Evaluate learned policies with averaged returns 33.650443290409996 ...
[3] Finished: 31680/40000 Evaluate learned policies with averaged returns 22.238562691609996 ...
[1] Finished: 31872/40000 Evaluate learned policies with averaged returns 31.74846319061 ...
[0] Finished: 31776/40000 Evaluate learned policies with averaged returns 37.454403490009994 ...
[7] Finished: 31968/40000 Evaluate learned policies with averaged returns 22.238562691609996 ...
[5] Finished: 17280/40000 Evaluate learned policies with averaged returns 20.336582591809997 ...
[2] Finished: 32064/40000 Evaluate learned policies with averaged returns 29.84648309081 ...
[3] Finished: 31776/40000 Evaluate learned policies with averaged returns 33.650443290409996 ...
[1] Finished: 31968/40000 Evaluate learned policies with averaged returns 37.454403490009994 ...
[0] Finished: 31872/40000 Evaluate learned policies with averaged returns 37.454403490009994 ...
[7] Finished: 32064/40000 Evaluate learned policies with averaged returns 22.23856269161 ...
[2] Finished: 32160/40000 Evaluate learned policies with averaged returns 27.94450299101 ...
[3] Finished: 31872/40000 Evaluate learned policies with averaged returns 27.94450299101 ...
[1] Finished: 32064/40000 Evaluate learned policies with averaged returns 31.74846319061 ...
[0] Finished: 31968/40000 Evaluate learned policies with averaged returns 37.454403490009994 ...
[5] Finished: 17376/40000 Evaluate learned policies with averaged returns 22.238562691609996 ...
[7] Finished: 32160/40000 Evaluate learned policies with averaged returns 26.04252289121 ...
[2] Finished: 32256/40000 Evaluate learned policies with averaged returns 22.238562691609996 ...
[3] Finished: 31968/40000 Evaluate learned policies with averaged returns 29.84648309081 ...
[1] Finished: 32160/40000 Evaluate learned policies with averaged returns 29.84648309081 ...
[0] Finished: 32064/40000 Evaluate learned policies with averaged returns 37.454403490009994 ...
[2] Finished: 32352/40000 Evaluate learned policies with averaged returns 29.84648309081 ...
[7] Finished: 32256/40000 Evaluate learned policies with averaged returns 31.74846319061 ...
[3] Finished: 32064/40000 Evaluate learned policies with averaged returns 29.84648309081 ...
[0] Finished: 32160/40000 Evaluate learned policies with averaged returns 37.454403490009994 ...
[1] Finished: 32256/40000 Evaluate learned policies with averaged returns 33.650443290409996 ...
[5] Finished: 17472/40000 Evaluate learned policies with averaged returns 18.434602492009994 ...
[2] Finished: 32448/40000 Evaluate learned policies with averaged returns 31.74846319061 ...
[7] Finished: 32352/40000 Evaluate learned policies with averaged returns 37.454403490009994 ...
[3] Finished: 32160/40000 Evaluate learned policies with averaged returns 24.140542791409995 ...
[1] Finished: 32352/40000 Evaluate learned policies with averaged returns 33.650443290409996 ...
[0] Finished: 32256/40000 Evaluate learned policies with averaged returns 37.454403490009994 ...
[2] Finished: 32544/40000 Evaluate learned policies with averaged returns 31.74846319061 ...
[7] Finished: 32448/40000 Evaluate learned policies with averaged returns 35.552423390209995 ...
[3] Finished: 32256/40000 Evaluate learned policies with averaged returns 33.650443290409996 ...
[0] Finished: 32352/40000 Evaluate learned policies with averaged returns 37.454403490009994 ...
[1] Finished: 32448/40000 Evaluate learned policies with averaged returns 31.74846319061 ...
[5] Finished: 17568/40000 Evaluate learned policies with averaged returns 20.336582591809997 ...
[7] Finished: 32544/40000 Evaluate learned policies with averaged returns 35.552423390209995 ...
[2] Finished: 32640/40000 Evaluate learned policies with averaged returns 33.650443290409996 ...
[3] Finished: 32352/40000 Evaluate learned policies with averaged returns 29.84648309081 ...
[0] Finished: 32448/40000 Evaluate learned policies with averaged returns 37.454403490009994 ...
[1] Finished: 32544/40000 Evaluate learned policies with averaged returns 35.552423390209995 ...
[2] Finished: 32736/40000 Evaluate learned policies with averaged returns 35.552423390209995 ...
[7] Finished: 32640/40000 Evaluate learned policies with averaged returns 35.552423390209995 ...
[3] Finished: 32448/40000 Evaluate learned policies with averaged returns 22.238562691609996 ...
[0] Finished: 32544/40000 Evaluate learned policies with averaged returns 37.454403490009994 ...
[1] Finished: 32640/40000 Evaluate learned policies with averaged returns 27.944502991009994 ...
[5] Finished: 17664/40000 Evaluate learned policies with averaged returns 18.434602492009994 ...
[2] Finished: 32832/40000 Evaluate learned policies with averaged returns 31.74846319061 ...
[7] Finished: 32736/40000 Evaluate learned policies with averaged returns 27.94450299101 ...
[3] Finished: 32544/40000 Evaluate learned policies with averaged returns 24.14054279141 ...
[0] Finished: 32640/40000 Evaluate learned policies with averaged returns 37.454403490009994 ...
[1] Finished: 32736/40000 Evaluate learned policies with averaged returns 33.650443290409996 ...
[2] Finished: 32928/40000 Evaluate learned policies with averaged returns 29.84648309081 ...
[7] Finished: 32832/40000 Evaluate learned policies with averaged returns 31.74846319061 ...
[3] Finished: 32640/40000 Evaluate learned policies with averaged returns 29.84648309081 ...
[0] Finished: 32736/40000 Evaluate learned policies with averaged returns 37.454403490009994 ...
[1] Finished: 32832/40000 Evaluate learned policies with averaged returns 35.552423390209995 ...
[5] Finished: 17760/40000 Evaluate learned policies with averaged returns 18.434602492009994 ...
[2] Finished: 33024/40000 Evaluate learned policies with averaged returns 27.94450299101 ...
[7] Finished: 32928/40000 Evaluate learned policies with averaged returns 29.84648309081 ...
[3] Finished: 32736/40000 Evaluate learned policies with averaged returns 27.94450299101 ...
[0] Finished: 32832/40000 Evaluate learned policies with averaged returns 37.454403490009994 ...
[1] Finished: 32928/40000 Evaluate learned policies with averaged returns 31.74846319061 ...
[2] Finished: 33120/40000 Evaluate learned policies with averaged returns 35.552423390209995 ...
[7] Finished: 33024/40000 Evaluate learned policies with averaged returns 37.454403490009994 ...
[3] Finished: 32832/40000 Evaluate learned policies with averaged returns 27.94450299101 ...
[0] Finished: 32928/40000 Evaluate learned policies with averaged returns 37.454403490009994 ...
[1] Finished: 33024/40000 Evaluate learned policies with averaged returns 33.650443290409996 ...
[5] Finished: 17856/40000 Evaluate learned policies with averaged returns 22.238562691609996 ...
[2] Finished: 33216/40000 Evaluate learned policies with averaged returns 31.74846319061 ...
[7] Finished: 33120/40000 Evaluate learned policies with averaged returns 29.84648309081 ...
[3] Finished: 32928/40000 Evaluate learned policies with averaged returns 27.94450299101 ...
[1] Finished: 33120/40000 Evaluate learned policies with averaged returns 27.94450299101 ...
[0] Finished: 33024/40000 Evaluate learned policies with averaged returns 37.454403490009994 ...
[2] Finished: 33312/40000 Evaluate learned policies with averaged returns 37.454403490009994 ...
[7] Finished: 33216/40000 Evaluate learned policies with averaged returns 31.74846319061 ...
[3] Finished: 33024/40000 Evaluate learned policies with averaged returns 26.042522891209995 ...
[1] Finished: 33216/40000 Evaluate learned policies with averaged returns 26.04252289121 ...
[0] Finished: 33120/40000 Evaluate learned policies with averaged returns 37.454403490009994 ...
[5] Finished: 17952/40000 Evaluate learned policies with averaged returns 18.377733287025976 ...
[2] Finished: 33408/40000 Evaluate learned policies with averaged returns 31.74846319061 ...
[7] Finished: 33312/40000 Evaluate learned policies with averaged returns 33.650443290409996 ...
[1] Finished: 33312/40000 Evaluate learned policies with averaged returns 26.042522891209995 ...
[3] Finished: 33120/40000 Evaluate learned policies with averaged returns 31.74846319061 ...
[0] Finished: 33216/40000 Evaluate learned policies with averaged returns 37.454403490009994 ...
[2] Finished: 33504/40000 Evaluate learned policies with averaged returns 29.84648309081 ...
[7] Finished: 33408/40000 Evaluate learned policies with averaged returns 33.650443290409996 ...
[1] Finished: 33408/40000 Evaluate learned policies with averaged returns 26.042522891209995 ...
[3] Finished: 33216/40000 Evaluate learned policies with averaged returns 29.84648309081 ...
[0] Finished: 33312/40000 Evaluate learned policies with averaged returns 37.454403490009994 ...
[5] Finished: 18048/40000 Evaluate learned policies with averaged returns 18.434602492009994 ...
[2] Finished: 33600/40000 Evaluate learned policies with averaged returns 31.74846319061 ...
[7] Finished: 33504/40000 Evaluate learned policies with averaged returns 27.94450299101 ...
[1] Finished: 33504/40000 Evaluate learned policies with averaged returns 35.552423390209995 ...
[3] Finished: 33312/40000 Evaluate learned policies with averaged returns 26.04252289121 ...
[0] Finished: 33408/40000 Evaluate learned policies with averaged returns 37.454403490009994 ...
[2] Finished: 33696/40000 Evaluate learned policies with averaged returns 29.84648309081 ...
[7] Finished: 33600/40000 Evaluate learned policies with averaged returns 33.650443290409996 ...
[1] Finished: 33600/40000 Evaluate learned policies with averaged returns 33.650443290409996 ...
[3] Finished: 33408/40000 Evaluate learned policies with averaged returns 27.944502991009994 ...
[0] Finished: 33504/40000 Evaluate learned policies with averaged returns 37.454403490009994 ...
[5] Finished: 18144/40000 Evaluate learned policies with averaged returns 22.238562691609996 ...
[2] Finished: 33792/40000 Evaluate learned policies with averaged returns 26.042522891209995 ...
[7] Finished: 33696/40000 Evaluate learned policies with averaged returns 29.84648309081 ...
[1] Finished: 33696/40000 Evaluate learned policies with averaged returns 29.84648309081 ...
[3] Finished: 33504/40000 Evaluate learned policies with averaged returns 35.552423390209995 ...
[0] Finished: 33600/40000 Evaluate learned policies with averaged returns 37.454403490009994 ...
[2] Finished: 33888/40000 Evaluate learned policies with averaged returns 24.140542791410002 ...
[7] Finished: 33792/40000 Evaluate learned policies with averaged returns 31.74846319061 ...
[1] Finished: 33792/40000 Evaluate learned policies with averaged returns 31.74846319061 ...
[0] Finished: 33696/40000 Evaluate learned policies with averaged returns 37.454403490009994 ...
[3] Finished: 33600/40000 Evaluate learned policies with averaged returns 31.74846319061 ...
[2] Finished: 33984/40000 Evaluate learned policies with averaged returns 26.04252289121 ...
[5] Finished: 18240/40000 Evaluate learned policies with averaged returns 18.434602492009994 ...
[7] Finished: 33888/40000 Evaluate learned policies with averaged returns 27.94450299101 ...
[1] Finished: 33888/40000 Evaluate learned policies with averaged returns 35.552423390209995 ...
[3] Finished: 33696/40000 Evaluate learned policies with averaged returns 35.552423390209995 ...
[0] Finished: 33792/40000 Evaluate learned policies with averaged returns 37.454403490009994 ...
[2] Finished: 34080/40000 Evaluate learned policies with averaged returns 29.84648309081 ...
[7] Finished: 33984/40000 Evaluate learned policies with averaged returns 27.944502991009994 ...
[1] Finished: 33984/40000 Evaluate learned policies with averaged returns 29.84648309081 ...
[0] Finished: 33888/40000 Evaluate learned policies with averaged returns 37.454403490009994 ...
[3] Finished: 33792/40000 Evaluate learned policies with averaged returns 29.84648309081 ...
[2] Finished: 34176/40000 Evaluate learned policies with averaged returns 33.650443290409996 ...
[5] Finished: 18336/40000 Evaluate learned policies with averaged returns 24.14054279141 ...
[7] Finished: 34080/40000 Evaluate learned policies with averaged returns 33.650443290409996 ...
[1] Finished: 34080/40000 Evaluate learned policies with averaged returns 33.650443290409996 ...
[2] Finished: 34272/40000 Evaluate learned policies with averaged returns 35.552423390209995 ...
[0] Finished: 33984/40000 Evaluate learned policies with averaged returns 37.454403490009994 ...
[3] Finished: 33888/40000 Evaluate learned policies with averaged returns 29.84648309081 ...
[7] Finished: 34176/40000 Evaluate learned policies with averaged returns 27.94450299101 ...
[1] Finished: 34176/40000 Evaluate learned policies with averaged returns 33.650443290409996 ...
[0] Finished: 34080/40000 Evaluate learned policies with averaged returns 37.454403490009994 ...
[3] Finished: 33984/40000 Evaluate learned policies with averaged returns 31.74846319061 ...
[2] Finished: 34368/40000 Evaluate learned policies with averaged returns 31.74846319061 ...
[5] Finished: 18432/40000 Evaluate learned policies with averaged returns 18.434602492009994 ...
[7] Finished: 34272/40000 Evaluate learned policies with averaged returns 31.74846319061 ...
[1] Finished: 34272/40000 Evaluate learned policies with averaged returns 35.552423390209995 ...
[0] Finished: 34176/40000 Evaluate learned policies with averaged returns 37.454403490009994 ...
[3] Finished: 34080/40000 Evaluate learned policies with averaged returns 33.650443290409996 ...
[2] Finished: 34464/40000 Evaluate learned policies with averaged returns 29.84648309081 ...
[7] Finished: 34368/40000 Evaluate learned policies with averaged returns 31.74846319061 ...
[1] Finished: 34368/40000 Evaluate learned policies with averaged returns 31.74846319061 ...
[5] Finished: 18528/40000 Evaluate learned policies with averaged returns 20.336582591809997 ...
[0] Finished: 34272/40000 Evaluate learned policies with averaged returns 37.454403490009994 ...
[3] Finished: 34176/40000 Evaluate learned policies with averaged returns 27.944502991009994 ...
[2] Finished: 34560/40000 Evaluate learned policies with averaged returns 27.94450299101 ...
[7] Finished: 34464/40000 Evaluate learned policies with averaged returns 31.74846319061 ...
[1] Finished: 34464/40000 Evaluate learned policies with averaged returns 33.650443290409996 ...
[0] Finished: 34368/40000 Evaluate learned policies with averaged returns 37.454403490009994 ...
[2] Finished: 34656/40000 Evaluate learned policies with averaged returns 27.944502991009994 ...
[3] Finished: 34272/40000 Evaluate learned policies with averaged returns 29.84648309081 ...
[7] Finished: 34560/40000 Evaluate learned policies with averaged returns 35.552423390209995 ...
[1] Finished: 34560/40000 Evaluate learned policies with averaged returns 29.84648309081 ...
[5] Finished: 18624/40000 Evaluate learned policies with averaged returns 22.23856269161 ...
[0] Finished: 34464/40000 Evaluate learned policies with averaged returns 37.454403490009994 ...
[2] Finished: 34752/40000 Evaluate learned policies with averaged returns 31.74846319061 ...
[3] Finished: 34368/40000 Evaluate learned policies with averaged returns 27.944502991009994 ...
[7] Finished: 34656/40000 Evaluate learned policies with averaged returns 37.454403490009994 ...
[1] Finished: 34656/40000 Evaluate learned policies with averaged returns 35.552423390209995 ...
[0] Finished: 34560/40000 Evaluate learned policies with averaged returns 37.454403490009994 ...
[2] Finished: 34848/40000 Evaluate learned policies with averaged returns 31.74846319061 ...
[3] Finished: 34464/40000 Evaluate learned policies with averaged returns 27.94450299101 ...
[7] Finished: 34752/40000 Evaluate learned policies with averaged returns 33.650443290409996 ...
[5] Finished: 18720/40000 Evaluate learned policies with averaged returns 24.083673586425977 ...
[1] Finished: 34752/40000 Evaluate learned policies with averaged returns 31.74846319061 ...
[0] Finished: 34656/40000 Evaluate learned policies with averaged returns 37.454403490009994 ...
[2] Finished: 34944/40000 Evaluate learned policies with averaged returns 35.552423390209995 ...
[3] Finished: 34560/40000 Evaluate learned policies with averaged returns 27.94450299101 ...
[7] Finished: 34848/40000 Evaluate learned policies with averaged returns 33.650443290409996 ...
[1] Finished: 34848/40000 Evaluate learned policies with averaged returns 35.552423390209995 ...
[0] Finished: 34752/40000 Evaluate learned policies with averaged returns 37.454403490009994 ...
[2] Finished: 35040/40000 Evaluate learned policies with averaged returns 26.04252289121 ...
[3] Finished: 34656/40000 Evaluate learned policies with averaged returns 27.94450299101 ...
[7] Finished: 34944/40000 Evaluate learned policies with averaged returns 33.650443290409996 ...
[1] Finished: 34944/40000 Evaluate learned policies with averaged returns 37.454403490009994 ...
[0] Finished: 34848/40000 Evaluate learned policies with averaged returns 37.454403490009994 ...
[5] Finished: 18816/40000 Evaluate learned policies with averaged returns 18.434602492009994 ...
[2] Finished: 35136/40000 Evaluate learned policies with averaged returns 31.74846319061 ...
[3] Finished: 34752/40000 Evaluate learned policies with averaged returns 22.238562691609996 ...
[7] Finished: 35040/40000 Evaluate learned policies with averaged returns 35.552423390209995 ...
[2] Finished: 35232/40000 Evaluate learned policies with averaged returns 29.84648309081 ...
[1] Finished: 35040/40000 Evaluate learned policies with averaged returns 31.74846319061 ...
[0] Finished: 34944/40000 Evaluate learned policies with averaged returns 37.454403490009994 ...
[3] Finished: 34848/40000 Evaluate learned policies with averaged returns 22.238562691609996 ...
[7] Finished: 35136/40000 Evaluate learned policies with averaged returns 33.650443290409996 ...
[2] Finished: 35328/40000 Evaluate learned policies with averaged returns 33.650443290409996 ...
[1] Finished: 35136/40000 Evaluate learned policies with averaged returns 31.74846319061 ...
[0] Finished: 35040/40000 Evaluate learned policies with averaged returns 37.454403490009994 ...
[3] Finished: 34944/40000 Evaluate learned policies with averaged returns 22.238562691609996 ...
[5] Finished: 18912/40000 Evaluate learned policies with averaged returns 22.23856269161 ...
[7] Finished: 35232/40000 Evaluate learned policies with averaged returns 31.74846319061 ...
[2] Finished: 35424/40000 Evaluate learned policies with averaged returns 37.454403490009994 ...
[1] Finished: 35232/40000 Evaluate learned policies with averaged returns 27.944502991009994 ...
[3] Finished: 35040/40000 Evaluate learned policies with averaged returns 27.94450299101 ...
[0] Finished: 35136/40000 Evaluate learned policies with averaged returns 37.454403490009994 ...
[7] Finished: 35328/40000 Evaluate learned policies with averaged returns 33.650443290409996 ...
[5] Finished: 19008/40000 Evaluate learned policies with averaged returns 18.434602492009994 ...
[2] Finished: 35520/40000 Evaluate learned policies with averaged returns 35.552423390209995 ...
[1] Finished: 35328/40000 Evaluate learned policies with averaged returns 29.84648309081 ...
[3] Finished: 35136/40000 Evaluate learned policies with averaged returns 27.944502991009994 ...
[0] Finished: 35232/40000 Evaluate learned policies with averaged returns 37.454403490009994 ...
[7] Finished: 35424/40000 Evaluate learned policies with averaged returns 29.84648309081 ...
[2] Finished: 35616/40000 Evaluate learned policies with averaged returns 26.042522891209995 ...
[1] Finished: 35424/40000 Evaluate learned policies with averaged returns 33.650443290409996 ...
[3] Finished: 35232/40000 Evaluate learned policies with averaged returns 20.336582591809997 ...
[0] Finished: 35328/40000 Evaluate learned policies with averaged returns 37.454403490009994 ...
[7] Finished: 35520/40000 Evaluate learned policies with averaged returns 27.94450299101 ...
[5] Finished: 19104/40000 Evaluate learned policies with averaged returns 22.238562691609996 ...
[2] Finished: 35712/40000 Evaluate learned policies with averaged returns 31.74846319061 ...
[0] Finished: 35424/40000 Evaluate learned policies with averaged returns 37.454403490009994 ...
[3] Finished: 35328/40000 Evaluate learned policies with averaged returns 29.84648309081 ...
[1] Finished: 35520/40000 Evaluate learned policies with averaged returns 26.042522891209995 ...
wandb: - 0.005 MB of 0.005 MB uploadedwandb: \ 0.005 MB of 0.040 MB uploadedwandb: | 0.041 MB of 0.041 MB uploadedwandb: 
wandb: Run history:
wandb:    episodes ▁▁▁▂▂▂▂▂▂▃▃▃▃▃▃▄▄▄▄▄▅▅▅▅▅▅▆▆▆▆▆▇▇▇▇▇▇███
wandb: mean_return ▁▂▅██████▇▅▆▆█▆▆▅▅▅▅▅▅▇▅▅▇▆▆▆▇▆▅▆▅▇▅▇▇▇▆
wandb: 
wandb: Run summary:
wandb:    episodes 35520
wandb: mean_return 27.9445
wandb: 
wandb: 🚀 View run upbeat-mountain-7 at: https://wandb.ai/wwlin1198/ma_ippo_bp6_dc_discovery/runs/y83ia4a5
wandb: ⭐️ View project at: https://wandb.ai/wwlin1198/ma_ippo_bp6_dc_discovery
wandb: Synced 5 W&B file(s), 0 media file(s), 0 artifact file(s) and 0 other file(s)
wandb: Find logs at: ./wandb/run-20240913_130617-y83ia4a5/logs
Traceback (most recent call last):
  File "/scratch/lin.wo/macro_marl/bin/pg_based_main.py", line 7, in <module>
    exec(compile(f.read(), __file__, 'exec'))
  File "/home/lin.wo/macro_marl_ppo/scripts/pg_based_main.py", line 178, in <module>
    main(args)
  File "/home/lin.wo/macro_marl_ppo/scripts/pg_based_main.py", line 94, in main
    model.learn()
  File "/home/lin.wo/macro_marl_ppo/src/macro_marl/algs/pg_based/mac_ippov2.py", line 142, in learn
    self.learner.train(eps, self.ppo_clip_value, self.ppo_epochs)
  File "/home/lin.wo/macro_marl_ppo/src/macro_marl/cores/pg_based/mac_ippov2/learner.py", line 124, in train
    old_actor = torch.load(PATH)
  File "/scratch/lin.wo/macro_marl/lib/python3.8/site-packages/torch/serialization.py", line 1040, in load
    return _legacy_load(opened_file, map_location, pickle_module, **pickle_load_args)
  File "/scratch/lin.wo/macro_marl/lib/python3.8/site-packages/torch/serialization.py", line 1262, in _legacy_load
    magic_number = pickle_module.load(f, **pickle_load_args)
EOFError: Ran out of input
[2] Finished: 35808/40000 Evaluate learned policies with averaged returns 33.650443290409996 ...
[3] Finished: 35424/40000 Evaluate learned policies with averaged returns 22.238562691609996 ...
[0] Finished: 35520/40000 Evaluate learned policies with averaged returns 37.454403490009994 ...
[1] Finished: 35616/40000 Evaluate learned policies with averaged returns 22.238562691609996 ...
[5] Finished: 19200/40000 Evaluate learned policies with averaged returns 20.336582591809997 ...
[2] Finished: 35904/40000 Evaluate learned policies with averaged returns 35.552423390209995 ...
[3] Finished: 35520/40000 Evaluate learned policies with averaged returns 33.650443290409996 ...
[0] Finished: 35616/40000 Evaluate learned policies with averaged returns 37.454403490009994 ...
[1] Finished: 35712/40000 Evaluate learned policies with averaged returns 22.238562691609996 ...
[2] Finished: 36000/40000 Evaluate learned policies with averaged returns 33.650443290409996 ...
[3] Finished: 35616/40000 Evaluate learned policies with averaged returns 29.84648309081 ...
[0] Finished: 35712/40000 Evaluate learned policies with averaged returns 37.454403490009994 ...
[1] Finished: 35808/40000 Evaluate learned policies with averaged returns 26.04252289121 ...
[5] Finished: 19296/40000 Evaluate learned policies with averaged returns 17.483612442109994 ...
[2] Finished: 36096/40000 Evaluate learned policies with averaged returns 27.94450299101 ...
[3] Finished: 35712/40000 Evaluate learned policies with averaged returns 33.650443290409996 ...
[1] Finished: 35904/40000 Evaluate learned policies with averaged returns 24.140542791409995 ...
[0] Finished: 35808/40000 Evaluate learned policies with averaged returns 37.454403490009994 ...
[2] Finished: 36192/40000 Evaluate learned policies with averaged returns 31.74846319061 ...
[3] Finished: 35808/40000 Evaluate learned policies with averaged returns 18.434602492009994 ...
[5] Finished: 19392/40000 Evaluate learned policies with averaged returns 18.434602492009994 ...
[0] Finished: 35904/40000 Evaluate learned policies with averaged returns 37.454403490009994 ...
[1] Finished: 36000/40000 Evaluate learned policies with averaged returns 33.650443290409996 ...
[2] Finished: 36288/40000 Evaluate learned policies with averaged returns 26.042522891209995 ...
[3] Finished: 35904/40000 Evaluate learned policies with averaged returns 27.94450299101 ...
[1] Finished: 36096/40000 Evaluate learned policies with averaged returns 27.94450299101 ...
[0] Finished: 36000/40000 Evaluate learned policies with averaged returns 37.454403490009994 ...
[2] Finished: 36384/40000 Evaluate learned policies with averaged returns 26.04252289121 ...
[3] Finished: 36000/40000 Evaluate learned policies with averaged returns 20.336582591809997 ...
[0] Finished: 36096/40000 Evaluate learned policies with averaged returns 37.454403490009994 ...
[1] Finished: 36192/40000 Evaluate learned policies with averaged returns 31.74846319061 ...
[5] Finished: 19488/40000 Evaluate learned policies with averaged returns 18.434602492009994 ...
[2] Finished: 36480/40000 Evaluate learned policies with averaged returns 31.74846319061 ...
[3] Finished: 36096/40000 Evaluate learned policies with averaged returns 27.94450299101 ...
[0] Finished: 36192/40000 Evaluate learned policies with averaged returns 37.454403490009994 ...
[1] Finished: 36288/40000 Evaluate learned policies with averaged returns 31.74846319061 ...
[2] Finished: 36576/40000 Evaluate learned policies with averaged returns 29.84648309081 ...
[3] Finished: 36192/40000 Evaluate learned policies with averaged returns 27.94450299101 ...
[5] Finished: 19584/40000 Evaluate learned policies with averaged returns 20.336582591809997 ...
[0] Finished: 36288/40000 Evaluate learned policies with averaged returns 37.454403490009994 ...
[1] Finished: 36384/40000 Evaluate learned policies with averaged returns 27.94450299101 ...
[2] Finished: 36672/40000 Evaluate learned policies with averaged returns 29.84648309081 ...
[3] Finished: 36288/40000 Evaluate learned policies with averaged returns 26.042522891209995 ...
[0] Finished: 36384/40000 Evaluate learned policies with averaged returns 37.454403490009994 ...
[1] Finished: 36480/40000 Evaluate learned policies with averaged returns 27.94450299101 ...
[2] Finished: 36768/40000 Evaluate learned policies with averaged returns 27.94450299101 ...
[3] Finished: 36384/40000 Evaluate learned policies with averaged returns 29.84648309081 ...
[0] Finished: 36480/40000 Evaluate learned policies with averaged returns 37.454403490009994 ...
[5] Finished: 19680/40000 Evaluate learned policies with averaged returns 20.336582591809997 ...
[1] Finished: 36576/40000 Evaluate learned policies with averaged returns 26.04252289121 ...
[2] Finished: 36864/40000 Evaluate learned policies with averaged returns 31.74846319061 ...
[3] Finished: 36480/40000 Evaluate learned policies with averaged returns 33.650443290409996 ...
[0] Finished: 36576/40000 Evaluate learned policies with averaged returns 37.454403490009994 ...
[1] Finished: 36672/40000 Evaluate learned policies with averaged returns 35.552423390209995 ...
[2] Finished: 36960/40000 Evaluate learned policies with averaged returns 27.94450299101 ...
[3] Finished: 36576/40000 Evaluate learned policies with averaged returns 26.042522891209995 ...
[5] Finished: 19776/40000 Evaluate learned policies with averaged returns 20.336582591809997 ...
[0] Finished: 36672/40000 Evaluate learned policies with averaged returns 37.454403490009994 ...
[1] Finished: 36768/40000 Evaluate learned policies with averaged returns 27.94450299101 ...
[2] Finished: 37056/40000 Evaluate learned policies with averaged returns 31.74846319061 ...
[3] Finished: 36672/40000 Evaluate learned policies with averaged returns 27.94450299101 ...
[0] Finished: 36768/40000 Evaluate learned policies with averaged returns 37.454403490009994 ...
[1] Finished: 36864/40000 Evaluate learned policies with averaged returns 29.84648309081 ...
[2] Finished: 37152/40000 Evaluate learned policies with averaged returns 31.74846319061 ...
[5] Finished: 19872/40000 Evaluate learned policies with averaged returns 20.27971338682598 ...
[0] Finished: 36864/40000 Evaluate learned policies with averaged returns 37.454403490009994 ...
[3] Finished: 36768/40000 Evaluate learned policies with averaged returns 27.944502991009994 ...
[1] Finished: 36960/40000 Evaluate learned policies with averaged returns 24.140542791410002 ...
[2] Finished: 37248/40000 Evaluate learned policies with averaged returns 31.74846319061 ...
[0] Finished: 36960/40000 Evaluate learned policies with averaged returns 37.454403490009994 ...
[3] Finished: 36864/40000 Evaluate learned policies with averaged returns 29.84648309081 ...
[1] Finished: 37056/40000 Evaluate learned policies with averaged returns 31.74846319061 ...
[2] Finished: 37344/40000 Evaluate learned policies with averaged returns 33.650443290409996 ...
[5] Finished: 19968/40000 Evaluate learned policies with averaged returns 18.434602492009994 ...
[3] Finished: 36960/40000 Evaluate learned policies with averaged returns 27.94450299101 ...
[0] Finished: 37056/40000 Evaluate learned policies with averaged returns 37.454403490009994 ...
[1] Finished: 37152/40000 Evaluate learned policies with averaged returns 31.74846319061 ...
[2] Finished: 37440/40000 Evaluate learned policies with averaged returns 27.944502991009994 ...
[3] Finished: 37056/40000 Evaluate learned policies with averaged returns 31.74846319061 ...
[0] Finished: 37152/40000 Evaluate learned policies with averaged returns 37.454403490009994 ...
[1] Finished: 37248/40000 Evaluate learned policies with averaged returns 35.552423390209995 ...
[2] Finished: 37536/40000 Evaluate learned policies with averaged returns 31.74846319061 ...
[5] Finished: 20064/40000 Evaluate learned policies with averaged returns 22.238562691609996 ...
[0] Finished: 37248/40000 Evaluate learned policies with averaged returns 37.454403490009994 ...
[3] Finished: 37152/40000 Evaluate learned policies with averaged returns 29.84648309081 ...
[1] Finished: 37344/40000 Evaluate learned policies with averaged returns 31.74846319061 ...
[2] Finished: 37632/40000 Evaluate learned policies with averaged returns 31.74846319061 ...
[3] Finished: 37248/40000 Evaluate learned policies with averaged returns 27.94450299101 ...
[0] Finished: 37344/40000 Evaluate learned policies with averaged returns 37.454403490009994 ...
[1] Finished: 37440/40000 Evaluate learned policies with averaged returns 27.94450299101 ...
[2] Finished: 37728/40000 Evaluate learned policies with averaged returns 27.944502991009994 ...
[5] Finished: 20160/40000 Evaluate learned policies with averaged returns 20.336582591809997 ...
[0] Finished: 37440/40000 Evaluate learned policies with averaged returns 37.454403490009994 ...
[3] Finished: 37344/40000 Evaluate learned policies with averaged returns 26.04252289121 ...
[1] Finished: 37536/40000 Evaluate learned policies with averaged returns 29.84648309081 ...
[2] Finished: 37824/40000 Evaluate learned policies with averaged returns 31.74846319061 ...
[3] Finished: 37440/40000 Evaluate learned policies with averaged returns 26.042522891209995 ...
[0] Finished: 37536/40000 Evaluate learned policies with averaged returns 37.454403490009994 ...
[1] Finished: 37632/40000 Evaluate learned policies with averaged returns 26.042522891209995 ...
[2] Finished: 37920/40000 Evaluate learned policies with averaged returns 33.650443290409996 ...
[5] Finished: 20256/40000 Evaluate learned policies with averaged returns 22.238562691609996 ...
[3] Finished: 37536/40000 Evaluate learned policies with averaged returns 31.74846319061 ...
[0] Finished: 37632/40000 Evaluate learned policies with averaged returns 37.454403490009994 ...
[1] Finished: 37728/40000 Evaluate learned policies with averaged returns 27.94450299101 ...
[2] Finished: 38016/40000 Evaluate learned policies with averaged returns 37.454403490009994 ...
[3] Finished: 37632/40000 Evaluate learned policies with averaged returns 29.84648309081 ...
[0] Finished: 37728/40000 Evaluate learned policies with averaged returns 37.454403490009994 ...
[1] Finished: 37824/40000 Evaluate learned policies with averaged returns 29.84648309081 ...
[2] Finished: 38112/40000 Evaluate learned policies with averaged returns 35.552423390209995 ...
[5] Finished: 20352/40000 Evaluate learned policies with averaged returns 22.238562691609996 ...
[3] Finished: 37728/40000 Evaluate learned policies with averaged returns 24.14054279141 ...
[1] Finished: 37920/40000 Evaluate learned policies with averaged returns 26.04252289121 ...
[0] Finished: 37824/40000 Evaluate learned policies with averaged returns 37.454403490009994 ...
[2] Finished: 38208/40000 Evaluate learned policies with averaged returns 37.454403490009994 ...
[0] Finished: 37920/40000 Evaluate learned policies with averaged returns 37.454403490009994 ...
[1] Finished: 38016/40000 Evaluate learned policies with averaged returns 27.944502991009994 ...
[3] Finished: 37824/40000 Evaluate learned policies with averaged returns 31.74846319061 ...
[2] Finished: 38304/40000 Evaluate learned policies with averaged returns 31.74846319061 ...
[5] Finished: 20448/40000 Evaluate learned policies with averaged returns 18.434602492009994 ...
[1] Finished: 38112/40000 Evaluate learned policies with averaged returns 29.84648309081 ...
[3] Finished: 37920/40000 Evaluate learned policies with averaged returns 33.650443290409996 ...
[0] Finished: 38016/40000 Evaluate learned policies with averaged returns 37.454403490009994 ...
[2] Finished: 38400/40000 Evaluate learned policies with averaged returns 29.84648309081 ...
[1] Finished: 38208/40000 Evaluate learned policies with averaged returns 26.042522891209995 ...
[0] Finished: 38112/40000 Evaluate learned policies with averaged returns 37.454403490009994 ...
[3] Finished: 38016/40000 Evaluate learned policies with averaged returns 27.94450299101 ...
[2] Finished: 38496/40000 Evaluate learned policies with averaged returns 31.74846319061 ...
[5] Finished: 20544/40000 Evaluate learned policies with averaged returns 20.336582591809997 ...
[3] Finished: 38112/40000 Evaluate learned policies with averaged returns 31.74846319061 ...
[0] Finished: 38208/40000 Evaluate learned policies with averaged returns 37.454403490009994 ...
[2] Finished: 38592/40000 Evaluate learned policies with averaged returns 31.74846319061 ...
[1] Finished: 38304/40000 Evaluate learned policies with averaged returns 33.650443290409996 ...
[3] Finished: 38208/40000 Evaluate learned policies with averaged returns 31.74846319061 ...
[2] Finished: 38688/40000 Evaluate learned policies with averaged returns 35.552423390209995 ...
[1] Finished: 38400/40000 Evaluate learned policies with averaged returns 29.84648309081 ...
[0] Finished: 38304/40000 Evaluate learned policies with averaged returns 37.454403490009994 ...
[5] Finished: 20640/40000 Evaluate learned policies with averaged returns 20.336582591809997 ...
[3] Finished: 38304/40000 Evaluate learned policies with averaged returns 29.84648309081 ...
[0] Finished: 38400/40000 Evaluate learned policies with averaged returns 37.454403490009994 ...
[2] Finished: 38784/40000 Evaluate learned policies with averaged returns 33.650443290409996 ...
[1] Finished: 38496/40000 Evaluate learned policies with averaged returns 29.84648309081 ...
[5] Finished: 20736/40000 Evaluate learned policies with averaged returns 20.336582591809997 ...
[3] Finished: 38400/40000 Evaluate learned policies with averaged returns 22.23856269161 ...
[0] Finished: 38496/40000 Evaluate learned policies with averaged returns 37.454403490009994 ...
[2] Finished: 38880/40000 Evaluate learned policies with averaged returns 27.94450299101 ...
[1] Finished: 38592/40000 Evaluate learned policies with averaged returns 29.84648309081 ...
[3] Finished: 38496/40000 Evaluate learned policies with averaged returns 22.238562691609996 ...
[2] Finished: 38976/40000 Evaluate learned policies with averaged returns 31.74846319061 ...
[0] Finished: 38592/40000 Evaluate learned policies with averaged returns 37.454403490009994 ...
[1] Finished: 38688/40000 Evaluate learned policies with averaged returns 33.650443290409996 ...
[5] Finished: 20832/40000 Evaluate learned policies with averaged returns 22.238562691609996 ...
[3] Finished: 38592/40000 Evaluate learned policies with averaged returns 27.94450299101 ...
[2] Finished: 39072/40000 Evaluate learned policies with averaged returns 31.74846319061 ...
[0] Finished: 38688/40000 Evaluate learned policies with averaged returns 37.454403490009994 ...
[1] Finished: 38784/40000 Evaluate learned policies with averaged returns 35.552423390209995 ...
[3] Finished: 38688/40000 Evaluate learned policies with averaged returns 31.74846319061 ...
[2] Finished: 39168/40000 Evaluate learned policies with averaged returns 31.74846319061 ...
[1] Finished: 38880/40000 Evaluate learned policies with averaged returns 24.14054279141 ...
[0] Finished: 38784/40000 Evaluate learned policies with averaged returns 37.454403490009994 ...
[5] Finished: 20928/40000 Evaluate learned policies with averaged returns 21.230703436725975 ...
[3] Finished: 38784/40000 Evaluate learned policies with averaged returns 31.74846319061 ...
[2] Finished: 39264/40000 Evaluate learned policies with averaged returns 29.84648309081 ...
[0] Finished: 38880/40000 Evaluate learned policies with averaged returns 37.454403490009994 ...
[1] Finished: 38976/40000 Evaluate learned policies with averaged returns 24.140542791409995 ...
[3] Finished: 38880/40000 Evaluate learned policies with averaged returns 27.944502991009994 ...
[2] Finished: 39360/40000 Evaluate learned policies with averaged returns 29.84648309081 ...
[0] Finished: 38976/40000 Evaluate learned policies with averaged returns 37.454403490009994 ...
[1] Finished: 39072/40000 Evaluate learned policies with averaged returns 26.042522891209995 ...
[3] Finished: 38976/40000 Evaluate learned policies with averaged returns 33.650443290409996 ...
[2] Finished: 39456/40000 Evaluate learned policies with averaged returns 29.84648309081 ...
[5] Finished: 21024/40000 Evaluate learned policies with averaged returns 18.180954492374873 ...
[0] Finished: 39072/40000 Evaluate learned policies with averaged returns 37.454403490009994 ...
[1] Finished: 39168/40000 Evaluate learned policies with averaged returns 24.140542791409995 ...
[2] Finished: 39552/40000 Evaluate learned policies with averaged returns 35.552423390209995 ...
[3] Finished: 39072/40000 Evaluate learned policies with averaged returns 24.14054279141 ...
[0] Finished: 39168/40000 Evaluate learned policies with averaged returns 37.454403490009994 ...
[1] Finished: 39264/40000 Evaluate learned policies with averaged returns 29.84648309081 ...
[3] Finished: 39168/40000 Evaluate learned policies with averaged returns 31.74846319061 ...
[2] Finished: 39648/40000 Evaluate learned policies with averaged returns 27.944502991009994 ...
[5] Finished: 21120/40000 Evaluate learned policies with averaged returns 18.434602492009994 ...
[0] Finished: 39264/40000 Evaluate learned policies with averaged returns 37.454403490009994 ...
[1] Finished: 39360/40000 Evaluate learned policies with averaged returns 31.74846319061 ...
[2] Finished: 39744/40000 Evaluate learned policies with averaged returns 31.74846319061 ...
[3] Finished: 39264/40000 Evaluate learned policies with averaged returns 27.944502991009994 ...
[0] Finished: 39360/40000 Evaluate learned policies with averaged returns 37.454403490009994 ...
[1] Finished: 39456/40000 Evaluate learned policies with averaged returns 31.74846319061 ...
[5] Finished: 21216/40000 Evaluate learned policies with averaged returns 20.336582591809997 ...
[2] Finished: 39840/40000 Evaluate learned policies with averaged returns 27.94450299101 ...
[0] Finished: 39456/40000 Evaluate learned policies with averaged returns 37.454403490009994 ...
[3] Finished: 39360/40000 Evaluate learned policies with averaged returns 22.238562691609996 ...
[1] Finished: 39552/40000 Evaluate learned policies with averaged returns 26.042522891209995 ...
[2] Finished: 39936/40000 Evaluate learned policies with averaged returns 27.94450299101 ...
[0] Finished: 39552/40000 Evaluate learned policies with averaged returns 37.454403490009994 ...
[3] Finished: 39456/40000 Evaluate learned policies with averaged returns 26.042522891209995 ...
[1] Finished: 39648/40000 Evaluate learned policies with averaged returns 37.454403490009994 ...
[5] Finished: 21312/40000 Evaluate learned policies with averaged returns 20.336582591809997 ...
wandb: - 0.005 MB of 0.005 MB uploadedwandb: \ 0.005 MB of 0.005 MB uploadedwandb: | 0.044 MB of 0.044 MB uploadedwandb:                                                                                
[0] Finished: 39648/40000 Evaluate learned policies with averaged returns 37.454403490009994 ...
[3] Finished: 39552/40000 Evaluate learned policies with averaged returns 26.042522891209995 ...
[1] Finished: 39744/40000 Evaluate learned policies with averaged returns 31.74846319061 ...
wandb: 
wandb: Run history:
wandb:    episodes ▁▁▁▁▂▂▂▂▂▃▃▃▃▃▃▄▄▄▄▄▅▅▅▅▅▅▆▆▆▆▆▇▇▇▇▇▇███
wandb: mean_return ▁▂▃███▇▆▇█▅▇▄█▆▄▇█▆▇▇▅▆▇▆▅▆▇▆▇▆▅▇▆▆▄▅▇█▅
wandb: 
wandb: Run summary:
wandb:    episodes 39936
wandb: mean_return 27.9445
wandb: 
wandb: 🚀 View run lyric-frog-5 at: https://wandb.ai/wwlin1198/ma_ippo_bp6_dc_discovery/runs/ibkrjnkv
wandb: ⭐️ View project at: https://wandb.ai/wwlin1198/ma_ippo_bp6_dc_discovery
wandb: Synced 5 W&B file(s), 0 media file(s), 0 artifact file(s) and 0 other file(s)
wandb: Find logs at: ./wandb/run-20240913_130617-ibkrjnkv/logs
[2] Finish Training ... 
[3] Finished: 39648/40000 Evaluate learned policies with averaged returns 24.140542791409995 ...
[0] Finished: 39744/40000 Evaluate learned policies with averaged returns 37.454403490009994 ...
[1] Finished: 39840/40000 Evaluate learned policies with averaged returns 29.84648309081 ...
[5] Finished: 21408/40000 Evaluate learned policies with averaged returns 20.336582591809997 ...
[0] Finished: 39840/40000 Evaluate learned policies with averaged returns 37.454403490009994 ...
[3] Finished: 39744/40000 Evaluate learned policies with averaged returns 20.336582591809997 ...
[1] Finished: 39936/40000 Evaluate learned policies with averaged returns 31.74846319061 ...
[0] Finished: 39936/40000 Evaluate learned policies with averaged returns 37.454403490009994 ...
[3] Finished: 39840/40000 Evaluate learned policies with averaged returns 29.84648309081 ...
wandb: - 0.005 MB of 0.005 MB uploaded[5] Finished: 21504/40000 Evaluate learned policies with averaged returns 20.336582591809997 ...
wandb: \ 0.005 MB of 0.043 MB uploadedwandb: | 0.005 MB of 0.043 MB uploadedwandb: / 0.045 MB of 0.045 MB uploadedwandb:                                                                                
wandb: 
wandb: Run history:
wandb:    episodes ▁▁▁▁▂▂▂▂▂▃▃▃▃▃▃▄▄▄▄▄▅▅▅▅▅▅▆▆▆▆▆▇▇▇▇▇▇███
wandb: mean_return ▁▃▇▇██▅█▆▇▅▆▅▅▃▇▅▅▆▅▅▄▇▇▆▇▇▆▅▇▇▅▇▅▇▃▅▅▇▅
wandb: 
wandb: Run summary:
wandb:    episodes 39936
wandb: mean_return 31.74846
wandb: 
wandb: 🚀 View run feasible-capybara-4 at: https://wandb.ai/wwlin1198/ma_ippo_bp6_dc_discovery/runs/9synbm6p
wandb: ⭐️ View project at: https://wandb.ai/wwlin1198/ma_ippo_bp6_dc_discovery
wandb: Synced 5 W&B file(s), 0 media file(s), 0 artifact file(s) and 0 other file(s)
wandb: Find logs at: ./wandb/run-20240913_130617-9synbm6p/logs
[1] Finish Training ... 
[3] Finished: 39936/40000 Evaluate learned policies with averaged returns 29.84648309081 ...
wandb: - 0.005 MB of 0.005 MB uploadedwandb: \ 0.005 MB of 0.005 MB uploadedwandb: | 0.005 MB of 0.005 MB uploadedwandb: / 0.045 MB of 0.045 MB uploadedwandb:                                                                                
[5] Finished: 21600/40000 Evaluate learned policies with averaged returns 22.238562691609996 ...
wandb: 
wandb: Run history:
wandb:    episodes ▁▁▁▁▂▂▂▂▂▃▃▃▃▃▃▄▄▄▄▄▅▅▅▅▅▅▆▆▆▆▆▇▇▇▇▇▇███
wandb: mean_return ▁▂▇█▇█▇██▇██████████████████████████████
wandb: 
wandb: Run summary:
wandb:    episodes 39936
wandb: mean_return 37.4544
wandb: 
wandb: 🚀 View run rare-elevator-1 at: https://wandb.ai/wwlin1198/ma_ippo_bp6_dc_discovery/runs/mbpq9ghh
wandb: ⭐️ View project at: https://wandb.ai/wwlin1198/ma_ippo_bp6_dc_discovery
wandb: Synced 5 W&B file(s), 0 media file(s), 0 artifact file(s) and 0 other file(s)
wandb: Find logs at: ./wandb/run-20240913_130617-mbpq9ghh/logs
[0] Finish Training ... 
wandb: - 0.005 MB of 0.044 MB uploadedwandb: \ 0.005 MB of 0.044 MB uploadedwandb: | 0.044 MB of 0.044 MB uploadedwandb:                                                                                
[5] Finished: 21696/40000 Evaluate learned policies with averaged returns 18.434602492009994 ...
wandb: 
wandb: Run history:
wandb:    episodes ▁▁▁▁▂▂▂▂▂▃▃▃▃▃▃▄▄▄▄▄▅▅▅▅▅▅▆▆▆▆▆▇▇▇▇▇▇███
wandb: mean_return ▁▁▇▇█▇▇▆▆▆▇▇▅▅▆▆▅▆▄▃▅▅▄▇▇▅█▄▂▅▅▅▃▇▅▅▅▆▆▅
wandb: 
wandb: Run summary:
wandb:    episodes 39936
wandb: mean_return 29.84648
wandb: 
wandb: 🚀 View run giddy-hill-6 at: https://wandb.ai/wwlin1198/ma_ippo_bp6_dc_discovery/runs/kvazs7rd
wandb: ⭐️ View project at: https://wandb.ai/wwlin1198/ma_ippo_bp6_dc_discovery
wandb: Synced 5 W&B file(s), 0 media file(s), 0 artifact file(s) and 0 other file(s)
wandb: Find logs at: ./wandb/run-20240913_130617-kvazs7rd/logs
[3] Finish Training ... 
[5] Finished: 21792/40000 Evaluate learned policies with averaged returns 20.336582591809997 ...
[5] Finished: 21888/40000 Evaluate learned policies with averaged returns 20.336582591809997 ...
[5] Finished: 21984/40000 Evaluate learned policies with averaged returns 20.336582591809997 ...
[5] Finished: 22080/40000 Evaluate learned policies with averaged returns 18.434602492009994 ...
[5] Finished: 22176/40000 Evaluate learned policies with averaged returns 20.27971338682598 ...
[5] Finished: 22272/40000 Evaluate learned policies with averaged returns 22.238562691609996 ...
[5] Finished: 22368/40000 Evaluate learned policies with averaged returns 20.336582591809997 ...
[5] Finished: 22464/40000 Evaluate learned policies with averaged returns 18.434602492009994 ...
[5] Finished: 22560/40000 Evaluate learned policies with averaged returns 18.434602492009994 ...
[5] Finished: 22656/40000 Evaluate learned policies with averaged returns 18.434602492009994 ...
[5] Finished: 22752/40000 Evaluate learned policies with averaged returns 22.238562691609996 ...
[5] Finished: 22848/40000 Evaluate learned policies with averaged returns 24.140542791409995 ...
[5] Finished: 22944/40000 Evaluate learned policies with averaged returns 22.238562691609996 ...
[5] Finished: 23040/40000 Evaluate learned policies with averaged returns 18.434602492009994 ...
[5] Finished: 23136/40000 Evaluate learned policies with averaged returns 20.336582591809997 ...
[5] Finished: 23232/40000 Evaluate learned policies with averaged returns 20.336582591809997 ...
[5] Finished: 23328/40000 Evaluate learned policies with averaged returns 18.434602492009994 ...
[5] Finished: 23424/40000 Evaluate learned policies with averaged returns 18.434602492009994 ...
[5] Finished: 23520/40000 Evaluate learned policies with averaged returns 22.238562691609996 ...
[5] Finished: 23616/40000 Evaluate learned policies with averaged returns 20.336582591809997 ...
[5] Finished: 23712/40000 Evaluate learned policies with averaged returns 20.336582591809997 ...
[5] Finished: 23808/40000 Evaluate learned policies with averaged returns 20.336582591809997 ...
[5] Finished: 23904/40000 Evaluate learned policies with averaged returns 18.434602492009994 ...
[5] Finished: 24000/40000 Evaluate learned policies with averaged returns 18.434602492009994 ...
[5] Finished: 24096/40000 Evaluate learned policies with averaged returns 18.434602492009994 ...
[5] Finished: 24192/40000 Evaluate learned policies with averaged returns 20.336582591809997 ...
[5] Finished: 24288/40000 Evaluate learned policies with averaged returns 22.238562691609996 ...
[5] Finished: 24384/40000 Evaluate learned policies with averaged returns 24.14054279141 ...
[5] Finished: 24480/40000 Evaluate learned policies with averaged returns 20.251278784333966 ...
[5] Finished: 24576/40000 Evaluate learned policies with averaged returns 20.336582591809997 ...
[5] Finished: 24672/40000 Evaluate learned policies with averaged returns 18.434602492009994 ...
[5] Finished: 24768/40000 Evaluate learned policies with averaged returns 18.434602492009994 ...
[5] Finished: 24864/40000 Evaluate learned policies with averaged returns 20.336582591809997 ...
[5] Finished: 24960/40000 Evaluate learned policies with averaged returns 18.434602492009994 ...
[5] Finished: 25056/40000 Evaluate learned policies with averaged returns 18.434602492009994 ...
[5] Finished: 25152/40000 Evaluate learned policies with averaged returns 18.434602492009994 ...
[5] Finished: 25248/40000 Evaluate learned policies with averaged returns 17.454502492009993 ...
[5] Finished: 25344/40000 Evaluate learned policies with averaged returns 19.385592541909993 ...
[5] Finished: 25440/40000 Evaluate learned policies with averaged returns 20.336582591809997 ...
[5] Finished: 25536/40000 Evaluate learned policies with averaged returns 21.287572641709996 ...
[5] Finished: 25632/40000 Evaluate learned policies with averaged returns 20.336582591809997 ...
[5] Finished: 25728/40000 Evaluate learned policies with averaged returns 18.434602492009994 ...
[5] Finished: 25824/40000 Evaluate learned policies with averaged returns 20.336582591809993 ...
[5] Finished: 25920/40000 Evaluate learned policies with averaged returns 22.238562691609996 ...
[5] Finished: 26016/40000 Evaluate learned policies with averaged returns 18.434602492009994 ...
[5] Finished: 26112/40000 Evaluate learned policies with averaged returns 20.336582591809997 ...
[5] Finished: 26208/40000 Evaluate learned policies with averaged returns 18.434602492009994 ...
[5] Finished: 26304/40000 Evaluate learned policies with averaged returns 20.27971338682598 ...
[5] Finished: 26400/40000 Evaluate learned policies with averaged returns 18.434602492009994 ...
[5] Finished: 26496/40000 Evaluate learned policies with averaged returns 18.434602492009994 ...
[5] Finished: 26592/40000 Evaluate learned policies with averaged returns 24.140542791410002 ...
[5] Finished: 26688/40000 Evaluate learned policies with averaged returns 19.35648259181 ...
[5] Finished: 26784/40000 Evaluate learned policies with averaged returns 22.238562691609996 ...
[5] Finished: 26880/40000 Evaluate learned policies with averaged returns 22.238562691609996 ...
[5] Finished: 26976/40000 Evaluate learned policies with averaged returns 20.336582591809997 ...
[5] Finished: 27072/40000 Evaluate learned policies with averaged returns 18.434602492009994 ...
[5] Finished: 27168/40000 Evaluate learned policies with averaged returns 18.434602492009994 ...
[5] Finished: 27264/40000 Evaluate learned policies with averaged returns 18.434602492009994 ...
[5] Finished: 27360/40000 Evaluate learned policies with averaged returns 22.23856269161 ...
[5] Finished: 27456/40000 Evaluate learned policies with averaged returns 20.336582591809997 ...
[5] Finished: 27552/40000 Evaluate learned policies with averaged returns 22.238562691609996 ...
[5] Finished: 27648/40000 Evaluate learned policies with averaged returns 18.434602492009994 ...
[5] Finished: 27744/40000 Evaluate learned policies with averaged returns 20.336582591809997 ...
[5] Finished: 27840/40000 Evaluate learned policies with averaged returns 20.336582591809997 ...
[5] Finished: 27936/40000 Evaluate learned policies with averaged returns 20.336582591809997 ...
[5] Finished: 28032/40000 Evaluate learned policies with averaged returns 26.04252289121 ...
[5] Finished: 28128/40000 Evaluate learned policies with averaged returns 20.336582591809997 ...
[5] Finished: 28224/40000 Evaluate learned policies with averaged returns 20.336582591809997 ...
[5] Finished: 28320/40000 Evaluate learned policies with averaged returns 20.336582591809997 ...
[5] Finished: 28416/40000 Evaluate learned policies with averaged returns 20.336582591809993 ...
[5] Finished: 28512/40000 Evaluate learned policies with averaged returns 24.14054279141 ...
[5] Finished: 28608/40000 Evaluate learned policies with averaged returns 18.434602492009994 ...
[5] Finished: 28704/40000 Evaluate learned policies with averaged returns 20.336582591809997 ...
[5] Finished: 28800/40000 Evaluate learned policies with averaged returns 18.434602492009994 ...
[5] Finished: 28896/40000 Evaluate learned policies with averaged returns 18.434602492009994 ...
[5] Finished: 28992/40000 Evaluate learned policies with averaged returns 22.238562691609996 ...
[5] Finished: 29088/40000 Evaluate learned policies with averaged returns 20.336582591809997 ...
[5] Finished: 29184/40000 Evaluate learned policies with averaged returns 22.23856269161 ...
[5] Finished: 29280/40000 Evaluate learned policies with averaged returns 18.434602492009994 ...
[5] Finished: 29376/40000 Evaluate learned policies with averaged returns 20.336582591809997 ...
[5] Finished: 29472/40000 Evaluate learned policies with averaged returns 17.483612442109994 ...
[5] Finished: 29568/40000 Evaluate learned policies with averaged returns 20.336582591809997 ...
[5] Finished: 29664/40000 Evaluate learned policies with averaged returns 24.140542791409995 ...
[5] Finished: 29760/40000 Evaluate learned policies with averaged returns 18.434602492009994 ...
[5] Finished: 29856/40000 Evaluate learned policies with averaged returns 24.140542791410002 ...
[5] Finished: 29952/40000 Evaluate learned policies with averaged returns 18.434602492009994 ...
[5] Finished: 30048/40000 Evaluate learned policies with averaged returns 18.434602492009994 ...
[5] Finished: 30144/40000 Evaluate learned policies with averaged returns 22.238562691609996 ...
[5] Finished: 30240/40000 Evaluate learned policies with averaged returns 19.385592541909997 ...
[5] Finished: 30336/40000 Evaluate learned policies with averaged returns 18.434602492009994 ...
[5] Finished: 30432/40000 Evaluate learned policies with averaged returns 22.238562691609996 ...
[5] Finished: 30528/40000 Evaluate learned policies with averaged returns 18.434602492009994 ...
[5] Finished: 30624/40000 Evaluate learned policies with averaged returns 21.287572641709993 ...
[5] Finished: 30720/40000 Evaluate learned policies with averaged returns 24.140542791409995 ...
[5] Finished: 30816/40000 Evaluate learned policies with averaged returns 18.434602492009994 ...
[5] Finished: 30912/40000 Evaluate learned policies with averaged returns 24.140542791409995 ...
[5] Finished: 31008/40000 Evaluate learned policies with averaged returns 18.434602492009994 ...
[5] Finished: 31104/40000 Evaluate learned policies with averaged returns 20.336582591809997 ...
[5] Finished: 31200/40000 Evaluate learned policies with averaged returns 18.434602492009994 ...
[5] Finished: 31296/40000 Evaluate learned policies with averaged returns 22.23856269161 ...
[5] Finished: 31392/40000 Evaluate learned policies with averaged returns 18.434602492009994 ...
[5] Finished: 31488/40000 Evaluate learned policies with averaged returns 18.434602492009994 ...
[5] Finished: 31584/40000 Evaluate learned policies with averaged returns 20.336582591809997 ...
[5] Finished: 31680/40000 Evaluate learned policies with averaged returns 22.238562691609996 ...
[5] Finished: 31776/40000 Evaluate learned policies with averaged returns 18.434602492009994 ...
[5] Finished: 31872/40000 Evaluate learned policies with averaged returns 20.336582591809997 ...
[5] Finished: 31968/40000 Evaluate learned policies with averaged returns 19.385592541909993 ...
[5] Finished: 32064/40000 Evaluate learned policies with averaged returns 18.434602492009994 ...
[5] Finished: 32160/40000 Evaluate learned policies with averaged returns 18.434602492009994 ...
[5] Finished: 32256/40000 Evaluate learned policies with averaged returns 20.336582591809993 ...
[5] Finished: 32352/40000 Evaluate learned policies with averaged returns 20.336582591809997 ...
[5] Finished: 32448/40000 Evaluate learned policies with averaged returns 20.336582591809997 ...
[5] Finished: 32544/40000 Evaluate learned policies with averaged returns 18.434602492009994 ...
[5] Finished: 32640/40000 Evaluate learned policies with averaged returns 20.336582591809997 ...
[5] Finished: 32736/40000 Evaluate learned policies with averaged returns 20.336582591809997 ...
[5] Finished: 32832/40000 Evaluate learned policies with averaged returns 20.336582591809997 ...
[5] Finished: 32928/40000 Evaluate learned policies with averaged returns 20.336582591809997 ...
[5] Finished: 33024/40000 Evaluate learned policies with averaged returns 20.336582591809997 ...
[5] Finished: 33120/40000 Evaluate learned policies with averaged returns 20.336582591809997 ...
[5] Finished: 33216/40000 Evaluate learned policies with averaged returns 20.336582591809997 ...
[5] Finished: 33312/40000 Evaluate learned policies with averaged returns 20.336582591809997 ...
[5] Finished: 33408/40000 Evaluate learned policies with averaged returns 20.336582591809997 ...
[5] Finished: 33504/40000 Evaluate learned policies with averaged returns 17.483612442109994 ...
[5] Finished: 33600/40000 Evaluate learned policies with averaged returns 22.238562691609996 ...
[5] Finished: 33696/40000 Evaluate learned policies with averaged returns 18.434602492009994 ...
[5] Finished: 33792/40000 Evaluate learned policies with averaged returns 17.483612442109994 ...
[5] Finished: 33888/40000 Evaluate learned policies with averaged returns 18.434602492009994 ...
[5] Finished: 33984/40000 Evaluate learned policies with averaged returns 20.336582591809997 ...
[5] Finished: 34080/40000 Evaluate learned policies with averaged returns 22.238562691609996 ...
[5] Finished: 34176/40000 Evaluate learned policies with averaged returns 18.434602492009994 ...
[5] Finished: 34272/40000 Evaluate learned policies with averaged returns 20.336582591809997 ...
[5] Finished: 34368/40000 Evaluate learned policies with averaged returns 20.336582591809993 ...
[5] Finished: 34464/40000 Evaluate learned policies with averaged returns 20.336582591809997 ...
[5] Finished: 34560/40000 Evaluate learned policies with averaged returns 20.27971338682598 ...
[5] Finished: 34656/40000 Evaluate learned policies with averaged returns 20.336582591809997 ...
[5] Finished: 34752/40000 Evaluate learned policies with averaged returns 22.23856269161 ...
[5] Finished: 34848/40000 Evaluate learned policies with averaged returns 20.336582591809997 ...
[5] Finished: 34944/40000 Evaluate learned policies with averaged returns 19.385592541909993 ...
[5] Finished: 35040/40000 Evaluate learned policies with averaged returns 18.434602492009994 ...
[5] Finished: 35136/40000 Evaluate learned policies with averaged returns 26.042522891209995 ...
[5] Finished: 35232/40000 Evaluate learned policies with averaged returns 20.336582591809997 ...
[5] Finished: 35328/40000 Evaluate learned policies with averaged returns 22.238562691609996 ...
[5] Finished: 35424/40000 Evaluate learned policies with averaged returns 18.434602492009994 ...
[5] Finished: 35520/40000 Evaluate learned policies with averaged returns 18.434602492009994 ...
[5] Finished: 35616/40000 Evaluate learned policies with averaged returns 20.336582591809997 ...
[5] Finished: 35712/40000 Evaluate learned policies with averaged returns 22.238562691609996 ...
[5] Finished: 35808/40000 Evaluate learned policies with averaged returns 20.336582591809997 ...
[5] Finished: 35904/40000 Evaluate learned policies with averaged returns 20.336582591809997 ...
[5] Finished: 36000/40000 Evaluate learned policies with averaged returns 23.18955274151 ...
[5] Finished: 36096/40000 Evaluate learned policies with averaged returns 20.336582591809997 ...
[5] Finished: 36192/40000 Evaluate learned policies with averaged returns 22.238562691609996 ...
[5] Finished: 36288/40000 Evaluate learned policies with averaged returns 18.434602492009994 ...
[5] Finished: 36384/40000 Evaluate learned policies with averaged returns 18.434602492009994 ...
[5] Finished: 36480/40000 Evaluate learned policies with averaged returns 18.434602492009994 ...
[5] Finished: 36576/40000 Evaluate learned policies with averaged returns 20.336582591809997 ...
[5] Finished: 36672/40000 Evaluate learned policies with averaged returns 18.434602492009994 ...
[5] Finished: 36768/40000 Evaluate learned policies with averaged returns 18.434602492009994 ...
[5] Finished: 36864/40000 Evaluate learned policies with averaged returns 20.336582591809997 ...
[5] Finished: 36960/40000 Evaluate learned policies with averaged returns 18.434602492009994 ...
[5] Finished: 37056/40000 Evaluate learned policies with averaged returns 18.434602492009994 ...
[5] Finished: 37152/40000 Evaluate learned policies with averaged returns 18.434602492009994 ...
[5] Finished: 37248/40000 Evaluate learned policies with averaged returns 20.336582591809997 ...
[5] Finished: 37344/40000 Evaluate learned policies with averaged returns 18.434602492009994 ...
[5] Finished: 37440/40000 Evaluate learned policies with averaged returns 20.336582591809997 ...
[5] Finished: 37536/40000 Evaluate learned policies with averaged returns 18.434602492009994 ...
[5] Finished: 37632/40000 Evaluate learned policies with averaged returns 18.434602492009994 ...
[5] Finished: 37728/40000 Evaluate learned policies with averaged returns 20.336582591809993 ...
[5] Finished: 37824/40000 Evaluate learned policies with averaged returns 21.287572641709993 ...
[5] Finished: 37920/40000 Evaluate learned policies with averaged returns 18.434602492009994 ...
[5] Finished: 38016/40000 Evaluate learned policies with averaged returns 20.336582591809997 ...
[5] Finished: 38112/40000 Evaluate learned policies with averaged returns 18.434602492009994 ...
[5] Finished: 38208/40000 Evaluate learned policies with averaged returns 20.336582591809997 ...
[5] Finished: 38304/40000 Evaluate learned policies with averaged returns 20.336582591809993 ...
[5] Finished: 38400/40000 Evaluate learned policies with averaged returns 20.336582591809997 ...
[5] Finished: 38496/40000 Evaluate learned policies with averaged returns 18.434602492009994 ...
[5] Finished: 38592/40000 Evaluate learned policies with averaged returns 18.434602492009994 ...
[5] Finished: 38688/40000 Evaluate learned policies with averaged returns 20.336582591809997 ...
[5] Finished: 38784/40000 Evaluate learned policies with averaged returns 20.336582591809997 ...
[5] Finished: 38880/40000 Evaluate learned policies with averaged returns 21.287572641709996 ...
[5] Finished: 38976/40000 Evaluate learned policies with averaged returns 20.336582591809997 ...
[5] Finished: 39072/40000 Evaluate learned policies with averaged returns 20.336582591809997 ...
[5] Finished: 39168/40000 Evaluate learned policies with averaged returns 18.434602492009994 ...
[5] Finished: 39264/40000 Evaluate learned policies with averaged returns 18.434602492009994 ...
[5] Finished: 39360/40000 Evaluate learned policies with averaged returns 20.336582591809997 ...
[5] Finished: 39456/40000 Evaluate learned policies with averaged returns 24.140542791409995 ...
[5] Finished: 39552/40000 Evaluate learned policies with averaged returns 20.336582591809997 ...
[5] Finished: 39648/40000 Evaluate learned policies with averaged returns 18.434602492009994 ...
[5] Finished: 39744/40000 Evaluate learned policies with averaged returns 20.336582591809997 ...
[5] Finished: 39840/40000 Evaluate learned policies with averaged returns 20.336582591809997 ...
[5] Finished: 39936/40000 Evaluate learned policies with averaged returns 18.434602492009994 ...
wandb: - 0.005 MB of 0.005 MB uploadedwandb: \ 0.005 MB of 0.045 MB uploadedwandb: | 0.005 MB of 0.045 MB uploadedwandb: / 0.045 MB of 0.045 MB uploadedwandb:                                                                                
wandb: 
wandb: Run history:
wandb:    episodes ▁▁▁▁▂▂▂▂▂▃▃▃▃▃▃▄▄▄▄▄▅▅▅▅▅▅▆▆▆▆▆▇▇▇▇▇▇███
wandb: mean_return ▂▃▂▄▂▂▄▂▆▂▆▄▄▄▄▆▄▆█▂▆▄▂▂▄▄▂▆▄▁▅▂▂▂▄▄▂▂▄▄
wandb: 
wandb: Run summary:
wandb:    episodes 39936
wandb: mean_return 18.4346
wandb: 
wandb: 🚀 View run peach-silence-8 at: https://wandb.ai/wwlin1198/ma_ippo_bp6_dc_discovery/runs/da2d2fxx
wandb: ⭐️ View project at: https://wandb.ai/wwlin1198/ma_ippo_bp6_dc_discovery
wandb: Synced 5 W&B file(s), 0 media file(s), 0 artifact file(s) and 0 other file(s)
wandb: Find logs at: ./wandb/run-20240913_130617-da2d2fxx/logs
[5] Finish Training ... 
./mac_ippo.sh: line 102: --gamma=0.99: command not found
Job ended at: 2024-09-13 14:17:23
