Job started at: 2024-09-12 13:10:30
Executing mac_ippo.sh
/scratch/lin.wo/macro_marl/bin/pg_based_main.py:4: DeprecationWarning: pkg_resources is deprecated as an API. See https://setuptools.pypa.io/en/latest/pkg_resources.html
  __import__('pkg_resources').require('macro-marl==0.0.2')
/scratch/lin.wo/macro_marl/bin/pg_based_main.py:4: DeprecationWarning: pkg_resources is deprecated as an API. See https://setuptools.pypa.io/en/latest/pkg_resources.html
  __import__('pkg_resources').require('macro-marl==0.0.2')
/scratch/lin.wo/macro_marl/bin/pg_based_main.py:4: DeprecationWarning: pkg_resources is deprecated as an API. See https://setuptools.pypa.io/en/latest/pkg_resources.html
  __import__('pkg_resources').require('macro-marl==0.0.2')
/scratch/lin.wo/macro_marl/bin/pg_based_main.py:4: DeprecationWarning: pkg_resources is deprecated as an API. See https://setuptools.pypa.io/en/latest/pkg_resources.html
  __import__('pkg_resources').require('macro-marl==0.0.2')
/scratch/lin.wo/macro_marl/bin/pg_based_main.py:4: DeprecationWarning: pkg_resources is deprecated as an API. See https://setuptools.pypa.io/en/latest/pkg_resources.html
  __import__('pkg_resources').require('macro-marl==0.0.2')
/scratch/lin.wo/macro_marl/bin/pg_based_main.py:4: DeprecationWarning: pkg_resources is deprecated as an API. See https://setuptools.pypa.io/en/latest/pkg_resources.html
  __import__('pkg_resources').require('macro-marl==0.0.2')
/scratch/lin.wo/macro_marl/bin/pg_based_main.py:4: DeprecationWarning: pkg_resources is deprecated as an API. See https://setuptools.pypa.io/en/latest/pkg_resources.html
  __import__('pkg_resources').require('macro-marl==0.0.2')
/scratch/lin.wo/macro_marl/bin/pg_based_main.py:4: DeprecationWarning: pkg_resources is deprecated as an API. See https://setuptools.pypa.io/en/latest/pkg_resources.html
  __import__('pkg_resources').require('macro-marl==0.0.2')
/scratch/lin.wo/macro_marl/bin/pg_based_main.py:4: DeprecationWarning: pkg_resources is deprecated as an API. See https://setuptools.pypa.io/en/latest/pkg_resources.html
  __import__('pkg_resources').require('macro-marl==0.0.2')
/scratch/lin.wo/macro_marl/bin/pg_based_main.py:4: DeprecationWarning: pkg_resources is deprecated as an API. See https://setuptools.pypa.io/en/latest/pkg_resources.html
  __import__('pkg_resources').require('macro-marl==0.0.2')
/scratch/lin.wo/macro_marl/bin/pg_based_main.py:4: DeprecationWarning: pkg_resources is deprecated as an API. See https://setuptools.pypa.io/en/latest/pkg_resources.html
  __import__('pkg_resources').require('macro-marl==0.0.2')
wandb: Currently logged in as: woweilin9 (wwlin1198). Use `wandb login --relogin` to force relogin
wandb: Currently logged in as: woweilin9 (wwlin1198). Use `wandb login --relogin` to force relogin
wandb: Currently logged in as: woweilin9 (wwlin1198). Use `wandb login --relogin` to force relogin
wandb: Appending key for api.wandb.ai to your netrc file: /home/lin.wo/.netrc
wandb: Appending key for api.wandb.ai to your netrc file: /home/lin.wo/.netrc
wandb: Currently logged in as: woweilin9 (wwlin1198). Use `wandb login --relogin` to force relogin
wandb: Currently logged in as: woweilin9 (wwlin1198). Use `wandb login --relogin` to force relogin
wandb: Currently logged in as: woweilin9 (wwlin1198). Use `wandb login --relogin` to force relogin
wandb: Currently logged in as: woweilin9 (wwlin1198). Use `wandb login --relogin` to force relogin
wandb: Currently logged in as: woweilin9 (wwlin1198). Use `wandb login --relogin` to force relogin
wandb: Currently logged in as: woweilin9 (wwlin1198). Use `wandb login --relogin` to force relogin
wandb: Appending key for api.wandb.ai to your netrc file: /home/lin.wo/.netrc
wandb: Appending key for api.wandb.ai to your netrc file: /home/lin.wo/.netrc
wandb: Currently logged in as: woweilin9 (wwlin1198). Use `wandb login --relogin` to force relogin
wandb: Appending key for api.wandb.ai to your netrc file: /home/lin.wo/.netrc
wandb: Appending key for api.wandb.ai to your netrc file: /home/lin.wo/.netrc
wandb: Currently logged in as: woweilin9 (wwlin1198). Use `wandb login --relogin` to force relogin
wandb: Appending key for api.wandb.ai to your netrc file: /home/lin.wo/.netrc
wandb: Appending key for api.wandb.ai to your netrc file: /home/lin.wo/.netrc
wandb: Appending key for api.wandb.ai to your netrc file: /home/lin.wo/.netrc
wandb: Appending key for api.wandb.ai to your netrc file: /home/lin.wo/.netrc
wandb: Appending key for api.wandb.ai to your netrc file: /home/lin.wo/.netrc
wandb: wandb version 0.18.0 is available!  To upgrade, please run:
wandb:  $ pip install wandb --upgrade
wandb: Tracking run with wandb version 0.16.6
wandb: Run data is saved locally in /home/lin.wo/macro_marl_ppo/experiments/BoxPushing/wandb/run-20240912_131133-nik3t44a
wandb: Run `wandb offline` to turn off syncing.
wandb: Syncing run dry-donkey-12
wandb: ⭐️ View project at https://wandb.ai/wwlin1198/ma_ippo_bp10_discovery
wandb: 🚀 View run at https://wandb.ai/wwlin1198/ma_ippo_bp10_discovery/runs/nik3t44a
wandb: wandb version 0.18.0 is available!  To upgrade, please run:
wandb:  $ pip install wandb --upgrade
wandb: Tracking run with wandb version 0.16.6
wandb: Run data is saved locally in /home/lin.wo/macro_marl_ppo/experiments/BoxPushing/wandb/run-20240912_131134-ba7k4e3e
wandb: Run `wandb offline` to turn off syncing.
wandb: Syncing run azure-water-13
wandb: ⭐️ View project at https://wandb.ai/wwlin1198/ma_ippo_bp10_discovery
wandb: 🚀 View run at https://wandb.ai/wwlin1198/ma_ippo_bp10_discovery/runs/ba7k4e3e
wandb: wandb version 0.18.0 is available!  To upgrade, please run:
wandb:  $ pip install wandb --upgrade
wandb: Tracking run with wandb version 0.16.6
wandb: Run data is saved locally in /home/lin.wo/macro_marl_ppo/experiments/BoxPushing/wandb/run-20240912_131134-nlav7bhc
wandb: Run `wandb offline` to turn off syncing.
wandb: Syncing run lunar-feather-14
wandb: ⭐️ View project at https://wandb.ai/wwlin1198/ma_ippo_bp10_discovery
wandb: 🚀 View run at https://wandb.ai/wwlin1198/ma_ippo_bp10_discovery/runs/nlav7bhc
wandb: wandb version 0.18.0 is available!  To upgrade, please run:
wandb:  $ pip install wandb --upgrade
wandb: Tracking run with wandb version 0.16.6
wandb: Run data is saved locally in /home/lin.wo/macro_marl_ppo/experiments/BoxPushing/wandb/run-20240912_131134-jmq1rch5
wandb: Run `wandb offline` to turn off syncing.
wandb: Syncing run serene-spaceship-15
wandb: ⭐️ View project at https://wandb.ai/wwlin1198/ma_ippo_bp10_discovery
wandb: 🚀 View run at https://wandb.ai/wwlin1198/ma_ippo_bp10_discovery/runs/jmq1rch5
wandb: wandb version 0.18.0 is available!  To upgrade, please run:
wandb:  $ pip install wandb --upgrade
wandb: Tracking run with wandb version 0.16.6
wandb: Run data is saved locally in /home/lin.wo/macro_marl_ppo/experiments/BoxPushing/wandb/run-20240912_131134-l4qn5q9i
wandb: Run `wandb offline` to turn off syncing.
wandb: Syncing run crimson-plasma-16
wandb: ⭐️ View project at https://wandb.ai/wwlin1198/ma_ippo_bp10_discovery
wandb: 🚀 View run at https://wandb.ai/wwlin1198/ma_ippo_bp10_discovery/runs/l4qn5q9i
wandb: wandb version 0.18.0 is available!  To upgrade, please run:
wandb:  $ pip install wandb --upgrade
wandb: Tracking run with wandb version 0.16.6
wandb: Run data is saved locally in /home/lin.wo/macro_marl_ppo/experiments/BoxPushing/wandb/run-20240912_131134-3us2okua
wandb: Run `wandb offline` to turn off syncing.
wandb: wandb version 0.18.0 is available!  To upgrade, please run:
wandb:  $ pip install wandb --upgrade
wandb: Tracking run with wandb version 0.16.6
wandb: Run data is saved locally in /home/lin.wo/macro_marl_ppo/experiments/BoxPushing/wandb/run-20240912_131134-0jm2gclo
wandb: Run `wandb offline` to turn off syncing.
wandb: Syncing run ethereal-firefly-17
wandb: ⭐️ View project at https://wandb.ai/wwlin1198/ma_ippo_bp10_discovery
wandb: 🚀 View run at https://wandb.ai/wwlin1198/ma_ippo_bp10_discovery/runs/3us2okua
wandb: Syncing run volcanic-blaze-18
wandb: ⭐️ View project at https://wandb.ai/wwlin1198/ma_ippo_bp10_discovery
wandb: 🚀 View run at https://wandb.ai/wwlin1198/ma_ippo_bp10_discovery/runs/0jm2gclo
wandb: wandb version 0.18.0 is available!  To upgrade, please run:
wandb:  $ pip install wandb --upgrade
wandb: Tracking run with wandb version 0.16.6
wandb: Run data is saved locally in /home/lin.wo/macro_marl_ppo/experiments/BoxPushing/wandb/run-20240912_131134-j02lc6r1
wandb: Run `wandb offline` to turn off syncing.
wandb: Syncing run usual-energy-19
wandb: ⭐️ View project at https://wandb.ai/wwlin1198/ma_ippo_bp10_discovery
wandb: 🚀 View run at https://wandb.ai/wwlin1198/ma_ippo_bp10_discovery/runs/j02lc6r1
wandb: wandb version 0.18.0 is available!  To upgrade, please run:
wandb:  $ pip install wandb --upgrade
wandb: Tracking run with wandb version 0.16.6
wandb: Run data is saved locally in /home/lin.wo/macro_marl_ppo/experiments/BoxPushing/wandb/run-20240912_131134-6unf8txl
wandb: Run `wandb offline` to turn off syncing.
wandb: Syncing run wild-brook-20
wandb: ⭐️ View project at https://wandb.ai/wwlin1198/ma_ippo_bp10_discovery
wandb: 🚀 View run at https://wandb.ai/wwlin1198/ma_ippo_bp10_discovery/runs/6unf8txl
wandb: wandb version 0.18.0 is available!  To upgrade, please run:
wandb:  $ pip install wandb --upgrade
wandb: Tracking run with wandb version 0.16.6
wandb: Run data is saved locally in /home/lin.wo/macro_marl_ppo/experiments/BoxPushing/wandb/run-20240912_131134-g31k698t
wandb: Run `wandb offline` to turn off syncing.
wandb: Syncing run skilled-capybara-20
wandb: ⭐️ View project at https://wandb.ai/wwlin1198/ma_ippo_bp10_discovery
wandb: 🚀 View run at https://wandb.ai/wwlin1198/ma_ippo_bp10_discovery/runs/g31k698t
wandb: wandb version 0.18.0 is available!  To upgrade, please run:
wandb:  $ pip install wandb --upgrade
wandb: Tracking run with wandb version 0.16.6
wandb: Run data is saved locally in /home/lin.wo/macro_marl_ppo/experiments/BoxPushing/wandb/run-20240912_131134-2ouyr4x2
wandb: Run `wandb offline` to turn off syncing.
wandb: Syncing run hardy-sound-22
wandb: ⭐️ View project at https://wandb.ai/wwlin1198/ma_ippo_bp10_discovery
wandb: 🚀 View run at https://wandb.ai/wwlin1198/ma_ippo_bp10_discovery/runs/2ouyr4x2
[10] Finished: 0/80000 Evaluate learned policies with averaged returns 17.410543083785704 ...
[8] Finished: 0/80000 Evaluate learned policies with averaged returns 16.026028554058605 ...
[0] Finished: 0/80000 Evaluate learned policies with averaged returns 16.53842214570235 ...
[6] Finished: 0/80000 Evaluate learned policies with averaged returns 12.542018802115878 ...
[7] Finished: 0/80000 Evaluate learned policies with averaged returns 11.818028842108195 ...
[2] Finished: 0/80000 Evaluate learned policies with averaged returns 15.7184092711381 ...
[1] Finished: 0/80000 Evaluate learned policies with averaged returns 12.056060113949751 ...
[5] Finished: 0/80000 Evaluate learned policies with averaged returns 16.17938861307946 ...
[9] Finished: 0/80000 Evaluate learned policies with averaged returns 14.159027666089369 ...
[4] Finished: 0/80000 Evaluate learned policies with averaged returns 41.112537367111834 ...
[3] Finished: 0/80000 Evaluate learned policies with averaged returns 14.404437984386671 ...
[1] Finished: 96/80000 Evaluate learned policies with averaged returns 12.53693214768175 ...
[10] Finished: 96/80000 Evaluate learned policies with averaged returns 16.601550198929512 ...
[8] Finished: 96/80000 Evaluate learned policies with averaged returns 15.386497881410046 ...
[2] Finished: 96/80000 Evaluate learned policies with averaged returns 15.291530695273769 ...
[0] Finished: 96/80000 Evaluate learned policies with averaged returns 15.190478329596075 ...
[9] Finished: 96/80000 Evaluate learned policies with averaged returns 15.627834562211993 ...
[5] Finished: 96/80000 Evaluate learned policies with averaged returns 17.22109410051374 ...
[4] Finished: 96/80000 Evaluate learned policies with averaged returns 16.616821116382287 ...
[7] Finished: 96/80000 Evaluate learned policies with averaged returns 13.453557904372408 ...
[6] Finished: 96/80000 Evaluate learned policies with averaged returns 13.577115409564012 ...
[3] Finished: 96/80000 Evaluate learned policies with averaged returns 15.154238980653034 ...
[3] Finished: 192/80000 Evaluate learned policies with averaged returns 14.889418387969112 ...
[10] Finished: 192/80000 Evaluate learned policies with averaged returns 15.89353048278837 ...
[2] Finished: 192/80000 Evaluate learned policies with averaged returns 14.746453076757351 ...
[1] Finished: 192/80000 Evaluate learned policies with averaged returns 33.13756966005214 ...
[6] Finished: 192/80000 Evaluate learned policies with averaged returns 18.474522980825917 ...
[5] Finished: 192/80000 Evaluate learned policies with averaged returns 17.677316870091367 ...
[7] Finished: 192/80000 Evaluate learned policies with averaged returns 16.711055855486165 ...
[8] Finished: 192/80000 Evaluate learned policies with averaged returns 15.552166866621747 ...
[4] Finished: 192/80000 Evaluate learned policies with averaged returns 14.207765670249765 ...
[9] Finished: 192/80000 Evaluate learned policies with averaged returns 16.257617257477104 ...
[0] Finished: 192/80000 Evaluate learned policies with averaged returns 14.245460170025321 ...
[3] Finished: 288/80000 Evaluate learned policies with averaged returns 15.918219126323454 ...
[10] Finished: 288/80000 Evaluate learned policies with averaged returns 15.442755598355308 ...
[6] Finished: 288/80000 Evaluate learned policies with averaged returns 19.726442721875134 ...
[2] Finished: 288/80000 Evaluate learned policies with averaged returns 15.712195153989052 ...
[1] Finished: 288/80000 Evaluate learned policies with averaged returns 15.845473474693426 ...
[5] Finished: 288/80000 Evaluate learned policies with averaged returns 17.646639933816715 ...
[8] Finished: 288/80000 Evaluate learned policies with averaged returns 15.617970035536754 ...
[4] Finished: 288/80000 Evaluate learned policies with averaged returns 17.483003415283168 ...
[7] Finished: 288/80000 Evaluate learned policies with averaged returns 15.644675048858364 ...
[9] Finished: 288/80000 Evaluate learned policies with averaged returns 17.964754910370534 ...
[0] Finished: 288/80000 Evaluate learned policies with averaged returns 13.220925748523452 ...
[3] Finished: 384/80000 Evaluate learned policies with averaged returns 15.839385388018254 ...
[10] Finished: 384/80000 Evaluate learned policies with averaged returns 10.419861079993343 ...
[6] Finished: 384/80000 Evaluate learned policies with averaged returns 15.819419957845204 ...
[2] Finished: 384/80000 Evaluate learned policies with averaged returns 16.841144432910227 ...
[1] Finished: 384/80000 Evaluate learned policies with averaged returns 14.581891457560715 ...
[5] Finished: 384/80000 Evaluate learned policies with averaged returns 19.403158390245732 ...
[4] Finished: 384/80000 Evaluate learned policies with averaged returns 17.974927508098595 ...
[9] Finished: 384/80000 Evaluate learned policies with averaged returns 17.72996750798495 ...
[8] Finished: 384/80000 Evaluate learned policies with averaged returns 14.54180194002642 ...
[7] Finished: 384/80000 Evaluate learned policies with averaged returns 16.640872950537673 ...
[0] Finished: 384/80000 Evaluate learned policies with averaged returns 15.149643064638829 ...
[3] Finished: 480/80000 Evaluate learned policies with averaged returns 15.794325620544935 ...
[10] Finished: 480/80000 Evaluate learned policies with averaged returns 18.726440435563013 ...
[6] Finished: 480/80000 Evaluate learned policies with averaged returns 17.300777672231032 ...
[2] Finished: 480/80000 Evaluate learned policies with averaged returns 14.021292431042678 ...
[1] Finished: 480/80000 Evaluate learned policies with averaged returns 15.435469379510469 ...
[4] Finished: 480/80000 Evaluate learned policies with averaged returns 14.912814494563676 ...
[5] Finished: 480/80000 Evaluate learned policies with averaged returns 16.731242379004485 ...
[8] Finished: 480/80000 Evaluate learned policies with averaged returns 13.711475202930734 ...
[9] Finished: 480/80000 Evaluate learned policies with averaged returns 42.14923845339611 ...
[7] Finished: 480/80000 Evaluate learned policies with averaged returns 19.621966957701346 ...
[0] Finished: 480/80000 Evaluate learned policies with averaged returns 13.448525888404737 ...
[3] Finished: 576/80000 Evaluate learned policies with averaged returns 16.134863314036245 ...
[10] Finished: 576/80000 Evaluate learned policies with averaged returns 16.853915568546434 ...
[6] Finished: 576/80000 Evaluate learned policies with averaged returns 17.682900072046344 ...
[1] Finished: 576/80000 Evaluate learned policies with averaged returns 19.732884598232978 ...
[2] Finished: 576/80000 Evaluate learned policies with averaged returns 39.11530635376308 ...
[4] Finished: 576/80000 Evaluate learned policies with averaged returns 16.715678216433016 ...
[5] Finished: 576/80000 Evaluate learned policies with averaged returns 17.868753902418998 ...
[8] Finished: 576/80000 Evaluate learned policies with averaged returns 15.690808323964802 ...
[0] Finished: 576/80000 Evaluate learned policies with averaged returns 18.660150675017853 ...
[9] Finished: 576/80000 Evaluate learned policies with averaged returns 17.78514764071174 ...
[7] Finished: 576/80000 Evaluate learned policies with averaged returns 19.62224285836498 ...
[3] Finished: 672/80000 Evaluate learned policies with averaged returns 19.67714709042814 ...
[10] Finished: 672/80000 Evaluate learned policies with averaged returns 17.163884531897615 ...
[6] Finished: 672/80000 Evaluate learned policies with averaged returns 18.80081925032599 ...
[1] Finished: 672/80000 Evaluate learned policies with averaged returns 18.59753206968608 ...
[5] Finished: 672/80000 Evaluate learned policies with averaged returns 19.732884598232978 ...
[2] Finished: 672/80000 Evaluate learned policies with averaged returns 11.886880163619777 ...
[4] Finished: 672/80000 Evaluate learned policies with averaged returns 15.64541015310158 ...
[9] Finished: 672/80000 Evaluate learned policies with averaged returns 16.68670583200731 ...
[0] Finished: 672/80000 Evaluate learned policies with averaged returns 15.854914538902332 ...
[8] Finished: 672/80000 Evaluate learned policies with averaged returns 19.483456463930935 ...
[7] Finished: 672/80000 Evaluate learned policies with averaged returns 15.828419367034263 ...
[6] Finished: 768/80000 Evaluate learned policies with averaged returns 27.1894073814889 ...
[3] Finished: 768/80000 Evaluate learned policies with averaged returns 17.69887933652572 ...
[10] Finished: 768/80000 Evaluate learned policies with averaged returns 15.381002675147005 ...
[1] Finished: 768/80000 Evaluate learned policies with averaged returns 15.937663852518998 ...
[2] Finished: 768/80000 Evaluate learned policies with averaged returns 17.380521320784638 ...
[5] Finished: 768/80000 Evaluate learned policies with averaged returns 19.732884598232978 ...
[6] Finished: 864/80000 Evaluate learned policies with averaged returns 19.732884598232978 ...
[4] Finished: 768/80000 Evaluate learned policies with averaged returns 16.93668855451201 ...
[9] Finished: 768/80000 Evaluate learned policies with averaged returns 14.10339630994434 ...
[8] Finished: 768/80000 Evaluate learned policies with averaged returns 16.612977598857167 ...
[3] Finished: 864/80000 Evaluate learned policies with averaged returns 16.77003340617554 ...
[0] Finished: 768/80000 Evaluate learned policies with averaged returns 16.89027170018624 ...
[7] Finished: 768/80000 Evaluate learned policies with averaged returns 17.729410132906903 ...
[1] Finished: 864/80000 Evaluate learned policies with averaged returns 17.711733331923448 ...
[2] Finished: 864/80000 Evaluate learned policies with averaged returns 12.437026133960359 ...
[10] Finished: 864/80000 Evaluate learned policies with averaged returns 21.597015294046958 ...
[6] Finished: 960/80000 Evaluate learned policies with averaged returns 21.597015294046955 ...
[5] Finished: 864/80000 Evaluate learned policies with averaged returns 23.46114598986094 ...
[4] Finished: 864/80000 Evaluate learned policies with averaged returns 19.593540828720883 ...
[3] Finished: 960/80000 Evaluate learned policies with averaged returns 14.283779017565937 ...
[9] Finished: 864/80000 Evaluate learned policies with averaged returns 18.782271149902638 ...
[8] Finished: 864/80000 Evaluate learned policies with averaged returns 17.801989588232978 ...
[0] Finished: 864/80000 Evaluate learned policies with averaged returns 17.868753902418998 ...
[10] Finished: 960/80000 Evaluate learned policies with averaged returns 21.597015294046958 ...
[2] Finished: 960/80000 Evaluate learned policies with averaged returns 17.757278886809324 ...
[7] Finished: 864/80000 Evaluate learned policies with averaged returns 19.59409820379893 ...
[1] Finished: 960/80000 Evaluate learned policies with averaged returns 14.157600479300005 ...
[3] Finished: 1056/80000 Evaluate learned policies with averaged returns 19.732884598232978 ...
[4] Finished: 960/80000 Evaluate learned policies with averaged returns 20.664949946139966 ...
[6] Finished: 1056/80000 Evaluate learned policies with averaged returns 23.46114598986094 ...
[5] Finished: 960/80000 Evaluate learned policies with averaged returns 19.732884598232978 ...
[9] Finished: 960/80000 Evaluate learned policies with averaged returns 19.732884598232978 ...
[8] Finished: 960/80000 Evaluate learned policies with averaged returns 17.868753902418998 ...
[3] Finished: 1152/80000 Evaluate learned policies with averaged returns 17.868753902418998 ...
[0] Finished: 960/80000 Evaluate learned policies with averaged returns 18.80081925032599 ...
[10] Finished: 1056/80000 Evaluate learned policies with averaged returns 16.917763852519 ...
[7] Finished: 960/80000 Evaluate learned policies with averaged returns 19.732884598232978 ...
[4] Finished: 1056/80000 Evaluate learned policies with averaged returns 17.868753902418998 ...
[2] Finished: 1056/80000 Evaluate learned policies with averaged returns 16.834812879920428 ...
[3] Finished: 1248/80000 Evaluate learned policies with averaged returns 19.732884598232978 ...
[1] Finished: 1056/80000 Evaluate learned policies with averaged returns 17.703481072144847 ...
[5] Finished: 1056/80000 Evaluate learned policies with averaged returns 23.46114598986094 ...
[6] Finished: 1152/80000 Evaluate learned policies with averaged returns 30.917668773116855 ...
[8] Finished: 1056/80000 Evaluate learned policies with averaged returns 19.732884598232978 ...
[9] Finished: 1056/80000 Evaluate learned policies with averaged returns 14.902021384614162 ...
[3] Finished: 1344/80000 Evaluate learned policies with averaged returns 17.868753902418998 ...
[0] Finished: 1056/80000 Evaluate learned policies with averaged returns 21.597015294046955 ...
[4] Finished: 1152/80000 Evaluate learned policies with averaged returns 19.732884598232978 ...
[2] Finished: 1152/80000 Evaluate learned policies with averaged returns 17.868753902418998 ...
[10] Finished: 1152/80000 Evaluate learned policies with averaged returns 25.325276685674915 ...
[5] Finished: 1152/80000 Evaluate learned policies with averaged returns 27.189407381488895 ...
[9] Finished: 1152/80000 Evaluate learned policies with averaged returns 21.597015294046958 ...
[3] Finished: 1440/80000 Evaluate learned policies with averaged returns 25.325276685674915 ...
[6] Finished: 1248/80000 Evaluate learned policies with averaged returns 32.781799468930835 ...
[7] Finished: 1056/80000 Evaluate learned policies with averaged returns 25.325276685674915 ...
[1] Finished: 1152/80000 Evaluate learned policies with averaged returns 20.590943025450805 ...
[0] Finished: 1152/80000 Evaluate learned policies with averaged returns 17.868753902418998 ...
[8] Finished: 1152/80000 Evaluate learned policies with averaged returns 23.46114598986094 ...
[3] Finished: 1536/80000 Evaluate learned policies with averaged returns 25.325276685674915 ...
[10] Finished: 1248/80000 Evaluate learned policies with averaged returns 27.189407381488895 ...
[5] Finished: 1248/80000 Evaluate learned policies with averaged returns 32.781799468930835 ...
[9] Finished: 1248/80000 Evaluate learned policies with averaged returns 21.597015294046955 ...
[2] Finished: 1248/80000 Evaluate learned policies with averaged returns 19.732884598232978 ...
[4] Finished: 1248/80000 Evaluate learned policies with averaged returns 21.597015294046958 ...
[3] Finished: 1632/80000 Evaluate learned policies with averaged returns 29.053538077302875 ...
[6] Finished: 1344/80000 Evaluate learned policies with averaged returns 27.189407381488895 ...
[7] Finished: 1152/80000 Evaluate learned policies with averaged returns 19.732884598232978 ...
[0] Finished: 1248/80000 Evaluate learned policies with averaged returns 21.597015294046958 ...
[5] Finished: 1344/80000 Evaluate learned policies with averaged returns 32.781799468930835 ...
[8] Finished: 1248/80000 Evaluate learned policies with averaged returns 19.732884598232978 ...
[1] Finished: 1248/80000 Evaluate learned policies with averaged returns 15.975499801792447 ...
[9] Finished: 1344/80000 Evaluate learned policies with averaged returns 17.868753902418998 ...
[10] Finished: 1344/80000 Evaluate learned policies with averaged returns 27.189407381488895 ...
[2] Finished: 1344/80000 Evaluate learned policies with averaged returns 19.732884598232978 ...
[4] Finished: 1344/80000 Evaluate learned policies with averaged returns 23.46114598986094 ...
[3] Finished: 1728/80000 Evaluate learned policies with averaged returns 30.917668773116855 ...
[5] Finished: 1440/80000 Evaluate learned policies with averaged returns 34.64593016474481 ...
[6] Finished: 1440/80000 Evaluate learned policies with averaged returns 30.917668773116855 ...
[7] Finished: 1248/80000 Evaluate learned policies with averaged returns 23.461145989860935 ...
[8] Finished: 1344/80000 Evaluate learned policies with averaged returns 21.597015294046958 ...
[0] Finished: 1344/80000 Evaluate learned policies with averaged returns 27.1894073814889 ...
[9] Finished: 1440/80000 Evaluate learned policies with averaged returns 19.732884598232978 ...
[3] Finished: 1824/80000 Evaluate learned policies with averaged returns 32.781799468930835 ...
[1] Finished: 1344/80000 Evaluate learned policies with averaged returns 18.652712202412868 ...
[4] Finished: 1440/80000 Evaluate learned policies with averaged returns 21.597015294046955 ...
[5] Finished: 1536/80000 Evaluate learned policies with averaged returns 34.64593016474481 ...
[10] Finished: 1440/80000 Evaluate learned policies with averaged returns 23.46114598986094 ...
[2] Finished: 1440/80000 Evaluate learned policies with averaged returns 21.597015294046958 ...
[8] Finished: 1440/80000 Evaluate learned policies with averaged returns 23.461145989860935 ...
[7] Finished: 1344/80000 Evaluate learned policies with averaged returns 27.1894073814889 ...
[6] Finished: 1536/80000 Evaluate learned policies with averaged returns 36.510060860558795 ...
[3] Finished: 1920/80000 Evaluate learned policies with averaged returns 32.781799468930835 ...
[9] Finished: 1536/80000 Evaluate learned policies with averaged returns 19.732884598232978 ...
[0] Finished: 1440/80000 Evaluate learned policies with averaged returns 25.32527668567492 ...
[4] Finished: 1536/80000 Evaluate learned policies with averaged returns 23.46114598986093 ...
[5] Finished: 1632/80000 Evaluate learned policies with averaged returns 34.64593016474481 ...
[1] Finished: 1440/80000 Evaluate learned policies with averaged returns 19.705015844330557 ...
[10] Finished: 1536/80000 Evaluate learned policies with averaged returns 30.917668773116855 ...
[8] Finished: 1536/80000 Evaluate learned policies with averaged returns 21.597015294046958 ...
[3] Finished: 2016/80000 Evaluate learned policies with averaged returns 34.64593016474481 ...
[2] Finished: 1536/80000 Evaluate learned policies with averaged returns 19.732884598232978 ...
[4] Finished: 1632/80000 Evaluate learned policies with averaged returns 25.32527668567492 ...
[9] Finished: 1632/80000 Evaluate learned policies with averaged returns 25.32527668567492 ...
[7] Finished: 1440/80000 Evaluate learned policies with averaged returns 21.597015294046958 ...
[6] Finished: 1632/80000 Evaluate learned policies with averaged returns 32.78179946893083 ...
[5] Finished: 1728/80000 Evaluate learned policies with averaged returns 32.781799468930835 ...
[0] Finished: 1536/80000 Evaluate learned policies with averaged returns 27.189407381488895 ...
[3] Finished: 2112/80000 Evaluate learned policies with averaged returns 36.510060860558795 ...
[8] Finished: 1632/80000 Evaluate learned policies with averaged returns 25.325276685674915 ...
[2] Finished: 1632/80000 Evaluate learned policies with averaged returns 23.461145989860935 ...
[1] Finished: 1536/80000 Evaluate learned policies with averaged returns 21.597015294046955 ...
[10] Finished: 1632/80000 Evaluate learned policies with averaged returns 36.510060860558795 ...
[6] Finished: 1728/80000 Evaluate learned policies with averaged returns 34.64593016474481 ...
[4] Finished: 1728/80000 Evaluate learned policies with averaged returns 29.053538077302875 ...
[9] Finished: 1728/80000 Evaluate learned policies with averaged returns 23.46114598986094 ...
[7] Finished: 1536/80000 Evaluate learned policies with averaged returns 25.32527668567492 ...
[5] Finished: 1824/80000 Evaluate learned policies with averaged returns 34.64593016474481 ...
[10] Finished: 1728/80000 Evaluate learned policies with averaged returns 32.78179946893083 ...
[2] Finished: 1728/80000 Evaluate learned policies with averaged returns 25.325276685674915 ...
[0] Finished: 1632/80000 Evaluate learned policies with averaged returns 27.189407381488895 ...
[1] Finished: 1632/80000 Evaluate learned policies with averaged returns 17.868753902418998 ...
[3] Finished: 2208/80000 Evaluate learned policies with averaged returns 36.510060860558795 ...
[8] Finished: 1728/80000 Evaluate learned policies with averaged returns 25.32527668567492 ...
[7] Finished: 1632/80000 Evaluate learned policies with averaged returns 30.917668773116855 ...
[6] Finished: 1824/80000 Evaluate learned policies with averaged returns 36.510060860558795 ...
[2] Finished: 1824/80000 Evaluate learned policies with averaged returns 21.597015294046958 ...
[10] Finished: 1824/80000 Evaluate learned policies with averaged returns 34.64593016474481 ...
[9] Finished: 1824/80000 Evaluate learned policies with averaged returns 21.597015294046958 ...
[4] Finished: 1824/80000 Evaluate learned policies with averaged returns 29.053538077302875 ...
[5] Finished: 1920/80000 Evaluate learned policies with averaged returns 36.510060860558795 ...
[1] Finished: 1728/80000 Evaluate learned policies with averaged returns 17.646639933816715 ...
[3] Finished: 2304/80000 Evaluate learned policies with averaged returns 34.64593016474481 ...
[0] Finished: 1728/80000 Evaluate learned policies with averaged returns 30.917668773116855 ...
[7] Finished: 1728/80000 Evaluate learned policies with averaged returns 30.91766877311685 ...
[6] Finished: 1920/80000 Evaluate learned policies with averaged returns 36.510060860558795 ...
[2] Finished: 1920/80000 Evaluate learned policies with averaged returns 21.597015294046958 ...
[10] Finished: 1920/80000 Evaluate learned policies with averaged returns 30.917668773116855 ...
[8] Finished: 1824/80000 Evaluate learned policies with averaged returns 27.1894073814889 ...
[1] Finished: 1824/80000 Evaluate learned policies with averaged returns 21.597015294046958 ...
[9] Finished: 1920/80000 Evaluate learned policies with averaged returns 23.46114598986094 ...
[4] Finished: 1920/80000 Evaluate learned policies with averaged returns 29.053538077302875 ...
[3] Finished: 2400/80000 Evaluate learned policies with averaged returns 34.64593016474481 ...
[6] Finished: 2016/80000 Evaluate learned policies with averaged returns 36.510060860558795 ...
[10] Finished: 2016/80000 Evaluate learned policies with averaged returns 34.64593016474481 ...
[5] Finished: 2016/80000 Evaluate learned policies with averaged returns 36.510060860558795 ...
[2] Finished: 2016/80000 Evaluate learned policies with averaged returns 19.732884598232978 ...
[1] Finished: 1920/80000 Evaluate learned policies with averaged returns 19.732884598232978 ...
[7] Finished: 1824/80000 Evaluate learned policies with averaged returns 25.32527668567492 ...
[9] Finished: 2016/80000 Evaluate learned policies with averaged returns 23.46114598986094 ...
[0] Finished: 1824/80000 Evaluate learned policies with averaged returns 32.781799468930835 ...
[8] Finished: 1920/80000 Evaluate learned policies with averaged returns 27.1894073814889 ...
[1] Finished: 2016/80000 Evaluate learned policies with averaged returns 21.597015294046958 ...
[4] Finished: 2016/80000 Evaluate learned policies with averaged returns 32.781799468930835 ...
[10] Finished: 2112/80000 Evaluate learned policies with averaged returns 36.510060860558795 ...
[7] Finished: 1920/80000 Evaluate learned policies with averaged returns 32.78179946893083 ...
[2] Finished: 2112/80000 Evaluate learned policies with averaged returns 23.46114598986094 ...
[6] Finished: 2112/80000 Evaluate learned policies with averaged returns 36.510060860558795 ...
[3] Finished: 2496/80000 Evaluate learned policies with averaged returns 36.510060860558795 ...
[5] Finished: 2112/80000 Evaluate learned policies with averaged returns 36.510060860558795 ...
[9] Finished: 2112/80000 Evaluate learned policies with averaged returns 23.46114598986094 ...
[1] Finished: 2112/80000 Evaluate learned policies with averaged returns 19.732884598232978 ...
[10] Finished: 2208/80000 Evaluate learned policies with averaged returns 36.510060860558795 ...
[7] Finished: 2016/80000 Evaluate learned policies with averaged returns 34.64593016474481 ...
[0] Finished: 1920/80000 Evaluate learned policies with averaged returns 34.64593016474481 ...
[8] Finished: 2016/80000 Evaluate learned policies with averaged returns 29.053538077302882 ...
[6] Finished: 2208/80000 Evaluate learned policies with averaged returns 36.510060860558795 ...
[2] Finished: 2208/80000 Evaluate learned policies with averaged returns 19.732884598232978 ...
[4] Finished: 2112/80000 Evaluate learned policies with averaged returns 29.053538077302875 ...
[1] Finished: 2208/80000 Evaluate learned policies with averaged returns 20.664949946139966 ...
[9] Finished: 2208/80000 Evaluate learned policies with averaged returns 23.46114598986094 ...
[5] Finished: 2208/80000 Evaluate learned policies with averaged returns 36.510060860558795 ...
[10] Finished: 2304/80000 Evaluate learned policies with averaged returns 36.510060860558795 ...
[3] Finished: 2592/80000 Evaluate learned policies with averaged returns 36.510060860558795 ...
[7] Finished: 2112/80000 Evaluate learned policies with averaged returns 36.510060860558795 ...
[2] Finished: 2304/80000 Evaluate learned policies with averaged returns 31.61292443163406 ...
[6] Finished: 2304/80000 Evaluate learned policies with averaged returns 32.78179946893083 ...
[1] Finished: 2304/80000 Evaluate learned policies with averaged returns 23.46114598986094 ...
[8] Finished: 2112/80000 Evaluate learned policies with averaged returns 32.781799468930835 ...
[0] Finished: 2016/80000 Evaluate learned policies with averaged returns 29.053538077302882 ...
[10] Finished: 2400/80000 Evaluate learned policies with averaged returns 36.510060860558795 ...
[4] Finished: 2208/80000 Evaluate learned policies with averaged returns 36.510060860558795 ...
[9] Finished: 2304/80000 Evaluate learned policies with averaged returns 29.053538077302875 ...
[2] Finished: 2400/80000 Evaluate learned policies with averaged returns 26.40044955502019 ...
[5] Finished: 2304/80000 Evaluate learned policies with averaged returns 34.64593016474481 ...
[1] Finished: 2400/80000 Evaluate learned policies with averaged returns 25.32527668567492 ...
[7] Finished: 2208/80000 Evaluate learned policies with averaged returns 36.510060860558795 ...
[3] Finished: 2688/80000 Evaluate learned policies with averaged returns 36.510060860558795 ...
[6] Finished: 2400/80000 Evaluate learned policies with averaged returns 36.510060860558795 ...
[10] Finished: 2496/80000 Evaluate learned policies with averaged returns 36.510060860558795 ...
[2] Finished: 2496/80000 Evaluate learned policies with averaged returns 26.40044955502019 ...
[0] Finished: 2112/80000 Evaluate learned policies with averaged returns 34.64593016474481 ...
[1] Finished: 2496/80000 Evaluate learned policies with averaged returns 25.325276685674915 ...
[7] Finished: 2304/80000 Evaluate learned policies with averaged returns 36.510060860558795 ...
[8] Finished: 2208/80000 Evaluate learned policies with averaged returns 30.917668773116855 ...
[9] Finished: 2400/80000 Evaluate learned policies with averaged returns 32.781799468930835 ...
[4] Finished: 2304/80000 Evaluate learned policies with averaged returns 34.64593016474481 ...
[3] Finished: 2784/80000 Evaluate learned policies with averaged returns 36.510060860558795 ...
[5] Finished: 2400/80000 Evaluate learned policies with averaged returns 36.510060860558795 ...
[6] Finished: 2496/80000 Evaluate learned policies with averaged returns 36.510060860558795 ...
[10] Finished: 2592/80000 Evaluate learned policies with averaged returns 36.510060860558795 ...
[2] Finished: 2592/80000 Evaluate learned policies with averaged returns 31.61292443163406 ...
[7] Finished: 2400/80000 Evaluate learned policies with averaged returns 36.510060860558795 ...
[1] Finished: 2592/80000 Evaluate learned policies with averaged returns 29.053538077302875 ...
[9] Finished: 2496/80000 Evaluate learned policies with averaged returns 30.917668773116855 ...
[0] Finished: 2208/80000 Evaluate learned policies with averaged returns 30.917668773116855 ...
[8] Finished: 2304/80000 Evaluate learned policies with averaged returns 34.64593016474481 ...
[4] Finished: 2400/80000 Evaluate learned policies with averaged returns 36.510060860558795 ...
[5] Finished: 2496/80000 Evaluate learned policies with averaged returns 36.510060860558795 ...
[1] Finished: 2688/80000 Evaluate learned policies with averaged returns 32.781799468930835 ...
[7] Finished: 2496/80000 Evaluate learned policies with averaged returns 36.510060860558795 ...
[3] Finished: 2880/80000 Evaluate learned policies with averaged returns 34.64593016474481 ...
[10] Finished: 2688/80000 Evaluate learned policies with averaged returns 36.510060860558795 ...
[6] Finished: 2592/80000 Evaluate learned policies with averaged returns 36.510060860558795 ...
[2] Finished: 2688/80000 Evaluate learned policies with averaged returns 26.400449555020185 ...
[1] Finished: 2784/80000 Evaluate learned policies with averaged returns 34.64593016474481 ...
[10] Finished: 2784/80000 Evaluate learned policies with averaged returns 36.510060860558795 ...
[7] Finished: 2592/80000 Evaluate learned policies with averaged returns 36.510060860558795 ...
[8] Finished: 2400/80000 Evaluate learned policies with averaged returns 32.781799468930835 ...
[9] Finished: 2592/80000 Evaluate learned policies with averaged returns 32.78179946893083 ...
[0] Finished: 2304/80000 Evaluate learned policies with averaged returns 32.781799468930835 ...
[4] Finished: 2496/80000 Evaluate learned policies with averaged returns 34.64593016474481 ...
[5] Finished: 2592/80000 Evaluate learned policies with averaged returns 36.510060860558795 ...
[3] Finished: 2976/80000 Evaluate learned policies with averaged returns 36.510060860558795 ...
[6] Finished: 2688/80000 Evaluate learned policies with averaged returns 36.510060860558795 ...
[2] Finished: 2784/80000 Evaluate learned policies with averaged returns 17.868753902418998 ...
[7] Finished: 2688/80000 Evaluate learned policies with averaged returns 34.64593016474481 ...
[1] Finished: 2880/80000 Evaluate learned policies with averaged returns 36.510060860558795 ...
[10] Finished: 2880/80000 Evaluate learned policies with averaged returns 36.510060860558795 ...
[9] Finished: 2688/80000 Evaluate learned policies with averaged returns 36.510060860558795 ...
[0] Finished: 2400/80000 Evaluate learned policies with averaged returns 36.510060860558795 ...
[4] Finished: 2592/80000 Evaluate learned policies with averaged returns 34.64593016474481 ...
[8] Finished: 2496/80000 Evaluate learned policies with averaged returns 34.64593016474481 ...
[5] Finished: 2688/80000 Evaluate learned policies with averaged returns 36.510060860558795 ...
[7] Finished: 2784/80000 Evaluate learned policies with averaged returns 36.510060860558795 ...
[6] Finished: 2784/80000 Evaluate learned policies with averaged returns 36.510060860558795 ...
[1] Finished: 2976/80000 Evaluate learned policies with averaged returns 36.510060860558795 ...
[3] Finished: 3072/80000 Evaluate learned policies with averaged returns 36.510060860558795 ...
[10] Finished: 2976/80000 Evaluate learned policies with averaged returns 36.510060860558795 ...
[2] Finished: 2880/80000 Evaluate learned policies with averaged returns 29.875432806096104 ...
[6] Finished: 2880/80000 Evaluate learned policies with averaged returns 36.510060860558795 ...
[7] Finished: 2880/80000 Evaluate learned policies with averaged returns 36.510060860558795 ...
[1] Finished: 3072/80000 Evaluate learned policies with averaged returns 36.510060860558795 ...
[9] Finished: 2784/80000 Evaluate learned policies with averaged returns 34.64593016474481 ...
[0] Finished: 2496/80000 Evaluate learned policies with averaged returns 36.510060860558795 ...
[10] Finished: 3072/80000 Evaluate learned policies with averaged returns 36.510060860558795 ...
[4] Finished: 2688/80000 Evaluate learned policies with averaged returns 36.510060860558795 ...
[5] Finished: 2784/80000 Evaluate learned policies with averaged returns 36.510060860558795 ...
[8] Finished: 2592/80000 Evaluate learned policies with averaged returns 32.781799468930835 ...
[3] Finished: 3168/80000 Evaluate learned policies with averaged returns 36.510060860558795 ...
[2] Finished: 2976/80000 Evaluate learned policies with averaged returns 29.875432806096104 ...
[6] Finished: 2976/80000 Evaluate learned policies with averaged returns 36.510060860558795 ...
[7] Finished: 2976/80000 Evaluate learned policies with averaged returns 36.510060860558795 ...
[10] Finished: 3168/80000 Evaluate learned policies with averaged returns 36.510060860558795 ...
[1] Finished: 3168/80000 Evaluate learned policies with averaged returns 36.510060860558795 ...
[9] Finished: 2880/80000 Evaluate learned policies with averaged returns 34.64593016474481 ...
[0] Finished: 2592/80000 Evaluate learned policies with averaged returns 36.510060860558795 ...
[6] Finished: 3072/80000 Evaluate learned policies with averaged returns 36.510060860558795 ...
[5] Finished: 2880/80000 Evaluate learned policies with averaged returns 36.510060860558795 ...
[4] Finished: 2784/80000 Evaluate learned policies with averaged returns 36.510060860558795 ...
[7] Finished: 3072/80000 Evaluate learned policies with averaged returns 36.510060860558795 ...
[8] Finished: 2688/80000 Evaluate learned policies with averaged returns 34.64593016474481 ...
[3] Finished: 3264/80000 Evaluate learned policies with averaged returns 36.510060860558795 ...
[10] Finished: 3264/80000 Evaluate learned policies with averaged returns 36.510060860558795 ...
[1] Finished: 3264/80000 Evaluate learned policies with averaged returns 36.510060860558795 ...
[2] Finished: 3072/80000 Evaluate learned policies with averaged returns 33.35041605717201 ...
[6] Finished: 3168/80000 Evaluate learned policies with averaged returns 36.510060860558795 ...
[7] Finished: 3168/80000 Evaluate learned policies with averaged returns 36.510060860558795 ...
[0] Finished: 2688/80000 Evaluate learned policies with averaged returns 36.510060860558795 ...
[10] Finished: 3360/80000 Evaluate learned policies with averaged returns 36.510060860558795 ...
[1] Finished: 3360/80000 Evaluate learned policies with averaged returns 36.510060860558795 ...
[4] Finished: 2880/80000 Evaluate learned policies with averaged returns 36.510060860558795 ...
[9] Finished: 2976/80000 Evaluate learned policies with averaged returns 36.510060860558795 ...
[8] Finished: 2784/80000 Evaluate learned policies with averaged returns 36.510060860558795 ...
[5] Finished: 2976/80000 Evaluate learned policies with averaged returns 36.510060860558795 ...
[3] Finished: 3360/80000 Evaluate learned policies with averaged returns 36.510060860558795 ...
[6] Finished: 3264/80000 Evaluate learned policies with averaged returns 36.510060860558795 ...
[7] Finished: 3264/80000 Evaluate learned policies with averaged returns 36.510060860558795 ...
[2] Finished: 3168/80000 Evaluate learned policies with averaged returns 29.875432806096104 ...
[10] Finished: 3456/80000 Evaluate learned policies with averaged returns 36.510060860558795 ...
[1] Finished: 3456/80000 Evaluate learned policies with averaged returns 36.510060860558795 ...
[0] Finished: 2784/80000 Evaluate learned policies with averaged returns 36.510060860558795 ...
[4] Finished: 2976/80000 Evaluate learned policies with averaged returns 36.510060860558795 ...
[5] Finished: 3072/80000 Evaluate learned policies with averaged returns 36.510060860558795 ...
[8] Finished: 2880/80000 Evaluate learned policies with averaged returns 36.510060860558795 ...
[6] Finished: 3360/80000 Evaluate learned policies with averaged returns 36.510060860558795 ...
[9] Finished: 3072/80000 Evaluate learned policies with averaged returns 36.510060860558795 ...
[7] Finished: 3360/80000 Evaluate learned policies with averaged returns 36.510060860558795 ...
[10] Finished: 3552/80000 Evaluate learned policies with averaged returns 36.510060860558795 ...
[1] Finished: 3552/80000 Evaluate learned policies with averaged returns 36.510060860558795 ...
[3] Finished: 3456/80000 Evaluate learned policies with averaged returns 36.510060860558795 ...
[2] Finished: 3264/80000 Evaluate learned policies with averaged returns 33.35041605717201 ...
[6] Finished: 3456/80000 Evaluate learned policies with averaged returns 36.510060860558795 ...
[4] Finished: 3072/80000 Evaluate learned policies with averaged returns 36.510060860558795 ...
[10] Finished: 3648/80000 Evaluate learned policies with averaged returns 34.64593016474481 ...
[1] Finished: 3648/80000 Evaluate learned policies with averaged returns 36.510060860558795 ...
[5] Finished: 3168/80000 Evaluate learned policies with averaged returns 36.510060860558795 ...
[0] Finished: 2880/80000 Evaluate learned policies with averaged returns 36.510060860558795 ...
[7] Finished: 3456/80000 Evaluate learned policies with averaged returns 36.510060860558795 ...
[9] Finished: 3168/80000 Evaluate learned policies with averaged returns 36.510060860558795 ...
[8] Finished: 2976/80000 Evaluate learned policies with averaged returns 36.510060860558795 ...
[3] Finished: 3552/80000 Evaluate learned policies with averaged returns 36.510060860558795 ...
[6] Finished: 3552/80000 Evaluate learned policies with averaged returns 36.510060860558795 ...
[10] Finished: 3744/80000 Evaluate learned policies with averaged returns 36.510060860558795 ...
[1] Finished: 3744/80000 Evaluate learned policies with averaged returns 34.64593016474481 ...
[2] Finished: 3360/80000 Evaluate learned policies with averaged returns 33.35041605717201 ...
[4] Finished: 3168/80000 Evaluate learned policies with averaged returns 36.510060860558795 ...
[5] Finished: 3264/80000 Evaluate learned policies with averaged returns 36.510060860558795 ...
[0] Finished: 2976/80000 Evaluate learned policies with averaged returns 36.510060860558795 ...
[3] Finished: 3648/80000 Evaluate learned policies with averaged returns 36.510060860558795 ...
[9] Finished: 3264/80000 Evaluate learned policies with averaged returns 36.510060860558795 ...
[8] Finished: 3072/80000 Evaluate learned policies with averaged returns 36.510060860558795 ...
[7] Finished: 3552/80000 Evaluate learned policies with averaged returns 36.510060860558795 ...
[6] Finished: 3648/80000 Evaluate learned policies with averaged returns 36.510060860558795 ...
[10] Finished: 3840/80000 Evaluate learned policies with averaged returns 36.510060860558795 ...
[1] Finished: 3840/80000 Evaluate learned policies with averaged returns 34.64593016474481 ...
[2] Finished: 3456/80000 Evaluate learned policies with averaged returns 31.61292443163406 ...
[4] Finished: 3264/80000 Evaluate learned policies with averaged returns 36.510060860558795 ...
[3] Finished: 3744/80000 Evaluate learned policies with averaged returns 36.510060860558795 ...
[5] Finished: 3360/80000 Evaluate learned policies with averaged returns 34.64593016474481 ...
[0] Finished: 3072/80000 Evaluate learned policies with averaged returns 34.64593016474481 ...
[8] Finished: 3168/80000 Evaluate learned policies with averaged returns 34.64593016474481 ...
[9] Finished: 3360/80000 Evaluate learned policies with averaged returns 34.64593016474481 ...
[7] Finished: 3648/80000 Evaluate learned policies with averaged returns 34.64593016474481 ...
[1] Finished: 3936/80000 Evaluate learned policies with averaged returns 34.64593016474481 ...
[4] Finished: 3360/80000 Evaluate learned policies with averaged returns 36.510060860558795 ...
[6] Finished: 3744/80000 Evaluate learned policies with averaged returns 36.510060860558795 ...
[3] Finished: 3840/80000 Evaluate learned policies with averaged returns 36.510060860558795 ...
[2] Finished: 3552/80000 Evaluate learned policies with averaged returns 33.35041605717201 ...
[10] Finished: 3936/80000 Evaluate learned policies with averaged returns 36.510060860558795 ...
[5] Finished: 3456/80000 Evaluate learned policies with averaged returns 36.510060860558795 ...
[9] Finished: 3456/80000 Evaluate learned policies with averaged returns 36.510060860558795 ...
[0] Finished: 3168/80000 Evaluate learned policies with averaged returns 36.510060860558795 ...
[8] Finished: 3264/80000 Evaluate learned policies with averaged returns 36.510060860558795 ...
[7] Finished: 3744/80000 Evaluate learned policies with averaged returns 36.510060860558795 ...
[3] Finished: 3936/80000 Evaluate learned policies with averaged returns 36.510060860558795 ...
/home/lin.wo/macro_marl_ppo/src/macro_marl/cores/pg_based/mac_ippov2/models.py:40: RuntimeWarning: divide by zero encountered in log
  logits_1 = action_logits + np.log(1-eps)
wandb: - 0.005 MB of 0.005 MB uploadedwandb: \ 0.005 MB of 0.005 MB uploadedwandb: | 0.005 MB of 0.005 MB uploadedwandb: / 0.011 MB of 0.011 MB uploadedwandb: 
wandb: Run history:
wandb:    episodes ▁▁▁▂▂▂▂▂▃▃▃▃▃▄▄▄▄▅▅▅▅▅▆▆▆▆▆▇▇▇▇▇███
wandb: mean_return ▂▂▂▂▁▁▂▃▂▂▂▃▄▃▃▄▃▅▅▅▅▆▇▆▇▇▇▇▇████▇█
wandb: 
wandb: Run summary:
wandb:    episodes 3264
wandb: mean_return 36.51006
wandb: 
wandb: 🚀 View run lunar-feather-14 at: https://wandb.ai/wwlin1198/ma_ippo_bp10_discovery/runs/nlav7bhc
wandb: ⭐️ View project at: https://wandb.ai/wwlin1198/ma_ippo_bp10_discovery
wandb: Synced 5 W&B file(s), 0 media file(s), 0 artifact file(s) and 0 other file(s)
wandb: Find logs at: ./wandb/run-20240912_131134-nlav7bhc/logs
[4] Finished: 3456/80000 Evaluate learned policies with averaged returns 36.510060860558795 ...
Traceback (most recent call last):
  File "/scratch/lin.wo/macro_marl/bin/pg_based_main.py", line 7, in <module>
    exec(compile(f.read(), __file__, 'exec'))
  File "/home/lin.wo/macro_marl_ppo/scripts/pg_based_main.py", line 178, in <module>
    main(args)
  File "/home/lin.wo/macro_marl_ppo/scripts/pg_based_main.py", line 94, in main
    model.learn()
  File "/home/lin.wo/macro_marl_ppo/src/macro_marl/algs/pg_based/mac_ippov2.py", line 142, in learn
    self.learner.train(eps, self.ppo_clip_value, self.ppo_epochs)
  File "/home/lin.wo/macro_marl_ppo/src/macro_marl/cores/pg_based/mac_ippov2/learner.py", line 124, in train
    old_actor = torch.load(PATH)
  File "/scratch/lin.wo/macro_marl/lib/python3.8/site-packages/torch/serialization.py", line 1040, in load
    return _legacy_load(opened_file, map_location, pickle_module, **pickle_load_args)
  File "/scratch/lin.wo/macro_marl/lib/python3.8/site-packages/torch/serialization.py", line 1262, in _legacy_load
    magic_number = pickle_module.load(f, **pickle_load_args)
EOFError: Ran out of input
[2] Finished: 3648/80000 Evaluate learned policies with averaged returns 31.61292443163406 ...
[10] Finished: 4032/80000 Evaluate learned policies with averaged returns 36.510060860558795 ...
[1] Finished: 4032/80000 Evaluate learned policies with averaged returns 36.510060860558795 ...
[0] Finished: 3264/80000 Evaluate learned policies with averaged returns 36.510060860558795 ...
[6] Finished: 3840/80000 Evaluate learned policies with averaged returns 36.510060860558795 ...
[9] Finished: 3552/80000 Evaluate learned policies with averaged returns 36.510060860558795 ...
[5] Finished: 3552/80000 Evaluate learned policies with averaged returns 36.510060860558795 ...
[3] Finished: 4032/80000 Evaluate learned policies with averaged returns 36.510060860558795 ...
[7] Finished: 3840/80000 Evaluate learned policies with averaged returns 36.510060860558795 ...
[2] Finished: 3744/80000 Evaluate learned policies with averaged returns 33.35041605717201 ...
[4] Finished: 3552/80000 Evaluate learned policies with averaged returns 36.510060860558795 ...
[9] Finished: 3648/80000 Evaluate learned policies with averaged returns 36.510060860558795 ...
[10] Finished: 4128/80000 Evaluate learned policies with averaged returns 36.510060860558795 ...
[5] Finished: 3648/80000 Evaluate learned policies with averaged returns 36.510060860558795 ...
[1] Finished: 4128/80000 Evaluate learned policies with averaged returns 36.510060860558795 ...
[0] Finished: 3360/80000 Evaluate learned policies with averaged returns 36.510060860558795 ...
[3] Finished: 4128/80000 Evaluate learned policies with averaged returns 36.510060860558795 ...
[6] Finished: 3936/80000 Evaluate learned policies with averaged returns 36.510060860558795 ...
[7] Finished: 3936/80000 Evaluate learned policies with averaged returns 36.510060860558795 ...
[9] Finished: 3744/80000 Evaluate learned policies with averaged returns 36.510060860558795 ...
[4] Finished: 3648/80000 Evaluate learned policies with averaged returns 36.510060860558795 ...
[2] Finished: 3840/80000 Evaluate learned policies with averaged returns 31.61292443163406 ...
[5] Finished: 3744/80000 Evaluate learned policies with averaged returns 34.64593016474481 ...
[10] Finished: 4224/80000 Evaluate learned policies with averaged returns 36.510060860558795 ...
[3] Finished: 4224/80000 Evaluate learned policies with averaged returns 36.510060860558795 ...
[1] Finished: 4224/80000 Evaluate learned policies with averaged returns 36.510060860558795 ...
[0] Finished: 3456/80000 Evaluate learned policies with averaged returns 36.510060860558795 ...
[6] Finished: 4032/80000 Evaluate learned policies with averaged returns 36.510060860558795 ...
[7] Finished: 4032/80000 Evaluate learned policies with averaged returns 34.64593016474481 ...
[10] Finished: 4320/80000 Evaluate learned policies with averaged returns 36.510060860558795 ...
[9] Finished: 3840/80000 Evaluate learned policies with averaged returns 36.510060860558795 ...
[4] Finished: 3744/80000 Evaluate learned policies with averaged returns 36.510060860558795 ...
[2] Finished: 3936/80000 Evaluate learned policies with averaged returns 33.35041605717201 ...
[1] Finished: 4320/80000 Evaluate learned policies with averaged returns 36.510060860558795 ...
[5] Finished: 3840/80000 Evaluate learned policies with averaged returns 36.510060860558795 ...
[3] Finished: 4320/80000 Evaluate learned policies with averaged returns 36.510060860558795 ...
[6] Finished: 4128/80000 Evaluate learned policies with averaged returns 36.510060860558795 ...
[0] Finished: 3552/80000 Evaluate learned policies with averaged returns 36.510060860558795 ...
[10] Finished: 4416/80000 Evaluate learned policies with averaged returns 36.510060860558795 ...
[7] Finished: 4128/80000 Evaluate learned policies with averaged returns 34.64593016474481 ...
[1] Finished: 4416/80000 Evaluate learned policies with averaged returns 36.510060860558795 ...
[6] Finished: 4224/80000 Evaluate learned policies with averaged returns 36.510060860558795 ...
[4] Finished: 3840/80000 Evaluate learned policies with averaged returns 36.510060860558795 ...
[9] Finished: 3936/80000 Evaluate learned policies with averaged returns 34.64593016474481 ...
[2] Finished: 4032/80000 Evaluate learned policies with averaged returns 33.35041605717201 ...
[10] Finished: 4512/80000 Evaluate learned policies with averaged returns 36.510060860558795 ...
[3] Finished: 4416/80000 Evaluate learned policies with averaged returns 36.510060860558795 ...
[5] Finished: 3936/80000 Evaluate learned policies with averaged returns 36.510060860558795 ...
[7] Finished: 4224/80000 Evaluate learned policies with averaged returns 34.64593016474481 ...
[1] Finished: 4512/80000 Evaluate learned policies with averaged returns 34.64593016474481 ...
[6] Finished: 4320/80000 Evaluate learned policies with averaged returns 36.510060860558795 ...
[0] Finished: 3648/80000 Evaluate learned policies with averaged returns 36.510060860558795 ...
[2] Finished: 4128/80000 Evaluate learned policies with averaged returns 33.35041605717201 ...
[10] Finished: 4608/80000 Evaluate learned policies with averaged returns 36.510060860558795 ...
[7] Finished: 4320/80000 Evaluate learned policies with averaged returns 36.510060860558795 ...
[6] Finished: 4416/80000 Evaluate learned policies with averaged returns 36.510060860558795 ...
[9] Finished: 4032/80000 Evaluate learned policies with averaged returns 36.510060860558795 ...
[1] Finished: 4608/80000 Evaluate learned policies with averaged returns 36.510060860558795 ...
[3] Finished: 4512/80000 Evaluate learned policies with averaged returns 36.510060860558795 ...
[4] Finished: 3936/80000 Evaluate learned policies with averaged returns 36.510060860558795 ...
[10] Finished: 4704/80000 Evaluate learned policies with averaged returns 36.510060860558795 ...
[2] Finished: 4224/80000 Evaluate learned policies with averaged returns 33.35041605717201 ...
[5] Finished: 4032/80000 Evaluate learned policies with averaged returns 36.510060860558795 ...
[6] Finished: 4512/80000 Evaluate learned policies with averaged returns 36.510060860558795 ...
[1] Finished: 4704/80000 Evaluate learned policies with averaged returns 36.510060860558795 ...
[0] Finished: 3744/80000 Evaluate learned policies with averaged returns 36.510060860558795 ...
[7] Finished: 4416/80000 Evaluate learned policies with averaged returns 36.510060860558795 ...
[9] Finished: 4128/80000 Evaluate learned policies with averaged returns 34.64593016474481 ...
[3] Finished: 4608/80000 Evaluate learned policies with averaged returns 36.510060860558795 ...
[10] Finished: 4800/80000 Evaluate learned policies with averaged returns 36.510060860558795 ...
[6] Finished: 4608/80000 Evaluate learned policies with averaged returns 36.510060860558795 ...
[1] Finished: 4800/80000 Evaluate learned policies with averaged returns 36.510060860558795 ...
[2] Finished: 4320/80000 Evaluate learned policies with averaged returns 33.35041605717201 ...
[4] Finished: 4032/80000 Evaluate learned policies with averaged returns 36.510060860558795 ...
[5] Finished: 4128/80000 Evaluate learned policies with averaged returns 36.510060860558795 ...
[10] Finished: 4896/80000 Evaluate learned policies with averaged returns 36.510060860558795 ...
[1] Finished: 4896/80000 Evaluate learned policies with averaged returns 36.510060860558795 ...
[0] Finished: 3840/80000 Evaluate learned policies with averaged returns 36.510060860558795 ...
[6] Finished: 4704/80000 Evaluate learned policies with averaged returns 36.510060860558795 ...
[7] Finished: 4512/80000 Evaluate learned policies with averaged returns 36.510060860558795 ...
[9] Finished: 4224/80000 Evaluate learned policies with averaged returns 36.510060860558795 ...
[10] Finished: 4992/80000 Evaluate learned policies with averaged returns 36.510060860558795 ...
[2] Finished: 4416/80000 Evaluate learned policies with averaged returns 33.35041605717201 ...
[3] Finished: 4704/80000 Evaluate learned policies with averaged returns 36.510060860558795 ...
[6] Finished: 4800/80000 Evaluate learned policies with averaged returns 36.510060860558795 ...
[1] Finished: 4992/80000 Evaluate learned policies with averaged returns 36.510060860558795 ...
[4] Finished: 4128/80000 Evaluate learned policies with averaged returns 36.510060860558795 ...
[2] Finished: 4512/80000 Evaluate learned policies with averaged returns 33.35041605717201 ...
[5] Finished: 4224/80000 Evaluate learned policies with averaged returns 36.510060860558795 ...
[10] Finished: 5088/80000 Evaluate learned policies with averaged returns 36.510060860558795 ...
[6] Finished: 4896/80000 Evaluate learned policies with averaged returns 36.510060860558795 ...
[0] Finished: 3936/80000 Evaluate learned policies with averaged returns 36.510060860558795 ...
[1] Finished: 5088/80000 Evaluate learned policies with averaged returns 36.510060860558795 ...
[7] Finished: 4608/80000 Evaluate learned policies with averaged returns 36.510060860558795 ...
[9] Finished: 4320/80000 Evaluate learned policies with averaged returns 36.510060860558795 ...
[10] Finished: 5184/80000 Evaluate learned policies with averaged returns 36.510060860558795 ...
[3] Finished: 4800/80000 Evaluate learned policies with averaged returns 36.510060860558795 ...
[1] Finished: 5184/80000 Evaluate learned policies with averaged returns 36.510060860558795 ...
[6] Finished: 4992/80000 Evaluate learned policies with averaged returns 36.510060860558795 ...
[2] Finished: 4608/80000 Evaluate learned policies with averaged returns 33.35041605717201 ...
[10] Finished: 5280/80000 Evaluate learned policies with averaged returns 36.510060860558795 ...
[5] Finished: 4320/80000 Evaluate learned policies with averaged returns 36.510060860558795 ...
[1] Finished: 5280/80000 Evaluate learned policies with averaged returns 36.510060860558795 ...
[6] Finished: 5088/80000 Evaluate learned policies with averaged returns 36.510060860558795 ...
[4] Finished: 4224/80000 Evaluate learned policies with averaged returns 36.510060860558795 ...
[0] Finished: 4032/80000 Evaluate learned policies with averaged returns 36.510060860558795 ...
[7] Finished: 4704/80000 Evaluate learned policies with averaged returns 36.510060860558795 ...
[9] Finished: 4416/80000 Evaluate learned policies with averaged returns 36.510060860558795 ...
[2] Finished: 4704/80000 Evaluate learned policies with averaged returns 33.35041605717201 ...
[10] Finished: 5376/80000 Evaluate learned policies with averaged returns 36.510060860558795 ...
[1] Finished: 5376/80000 Evaluate learned policies with averaged returns 36.510060860558795 ...
[3] Finished: 4896/80000 Evaluate learned policies with averaged returns 34.64593016474481 ...
[0] Finished: 4128/80000 Evaluate learned policies with averaged returns 36.510060860558795 ...
[5] Finished: 4416/80000 Evaluate learned policies with averaged returns 36.510060860558795 ...
[6] Finished: 5184/80000 Evaluate learned policies with averaged returns 36.510060860558795 ...
[9] Finished: 4512/80000 Evaluate learned policies with averaged returns 36.510060860558795 ...
[4] Finished: 4320/80000 Evaluate learned policies with averaged returns 36.510060860558795 ...
[7] Finished: 4800/80000 Evaluate learned policies with averaged returns 36.510060860558795 ...
[1] Finished: 5472/80000 Evaluate learned policies with averaged returns 36.510060860558795 ...
[10] Finished: 5472/80000 Evaluate learned policies with averaged returns 36.510060860558795 ...
[2] Finished: 4800/80000 Evaluate learned policies with averaged returns 33.35041605717201 ...
[3] Finished: 4992/80000 Evaluate learned policies with averaged returns 36.510060860558795 ...
[0] Finished: 4224/80000 Evaluate learned policies with averaged returns 36.510060860558795 ...
[6] Finished: 5280/80000 Evaluate learned policies with averaged returns 36.510060860558795 ...
[7] Finished: 4896/80000 Evaluate learned policies with averaged returns 36.510060860558795 ...
[1] Finished: 5568/80000 Evaluate learned policies with averaged returns 36.510060860558795 ...
[9] Finished: 4608/80000 Evaluate learned policies with averaged returns 36.510060860558795 ...
[5] Finished: 4512/80000 Evaluate learned policies with averaged returns 36.510060860558795 ...
[3] Finished: 5088/80000 Evaluate learned policies with averaged returns 36.510060860558795 ...
[4] Finished: 4416/80000 Evaluate learned policies with averaged returns 36.510060860558795 ...
[10] Finished: 5568/80000 Evaluate learned policies with averaged returns 36.510060860558795 ...
[2] Finished: 4896/80000 Evaluate learned policies with averaged returns 33.35041605717201 ...
[0] Finished: 4320/80000 Evaluate learned policies with averaged returns 36.510060860558795 ...
[7] Finished: 4992/80000 Evaluate learned policies with averaged returns 36.510060860558795 ...
[6] Finished: 5376/80000 Evaluate learned policies with averaged returns 36.510060860558795 ...
[1] Finished: 5664/80000 Evaluate learned policies with averaged returns 36.510060860558795 ...
[3] Finished: 5184/80000 Evaluate learned policies with averaged returns 36.510060860558795 ...
[5] Finished: 4608/80000 Evaluate learned policies with averaged returns 36.510060860558795 ...
[7] Finished: 5088/80000 Evaluate learned policies with averaged returns 36.510060860558795 ...
[9] Finished: 4704/80000 Evaluate learned policies with averaged returns 36.510060860558795 ...
[10] Finished: 5664/80000 Evaluate learned policies with averaged returns 36.510060860558795 ...
[4] Finished: 4512/80000 Evaluate learned policies with averaged returns 36.510060860558795 ...
[1] Finished: 5760/80000 Evaluate learned policies with averaged returns 36.510060860558795 ...
[6] Finished: 5472/80000 Evaluate learned policies with averaged returns 36.510060860558795 ...
[2] Finished: 4992/80000 Evaluate learned policies with averaged returns 33.35041605717201 ...
[0] Finished: 4416/80000 Evaluate learned policies with averaged returns 36.510060860558795 ...
[3] Finished: 5280/80000 Evaluate learned policies with averaged returns 36.510060860558795 ...
[5] Finished: 4704/80000 Evaluate learned policies with averaged returns 36.510060860558795 ...
[10] Finished: 5760/80000 Evaluate learned policies with averaged returns 36.510060860558795 ...
[7] Finished: 5184/80000 Evaluate learned policies with averaged returns 36.510060860558795 ...
[9] Finished: 4800/80000 Evaluate learned policies with averaged returns 36.510060860558795 ...
[1] Finished: 5856/80000 Evaluate learned policies with averaged returns 36.510060860558795 ...
[4] Finished: 4608/80000 Evaluate learned policies with averaged returns 36.510060860558795 ...
[7] Finished: 5280/80000 Evaluate learned policies with averaged returns 36.510060860558795 ...
[6] Finished: 5568/80000 Evaluate learned policies with averaged returns 36.510060860558795 ...
[10] Finished: 5856/80000 Evaluate learned policies with averaged returns 36.510060860558795 ...
[0] Finished: 4512/80000 Evaluate learned policies with averaged returns 36.510060860558795 ...
[9] Finished: 4896/80000 Evaluate learned policies with averaged returns 34.64593016474481 ...
[2] Finished: 5088/80000 Evaluate learned policies with averaged returns 33.35041605717201 ...
[5] Finished: 4800/80000 Evaluate learned policies with averaged returns 36.510060860558795 ...
[1] Finished: 5952/80000 Evaluate learned policies with averaged returns 36.510060860558795 ...
[3] Finished: 5376/80000 Evaluate learned policies with averaged returns 36.510060860558795 ...
[7] Finished: 5376/80000 Evaluate learned policies with averaged returns 36.510060860558795 ...
[0] Finished: 4608/80000 Evaluate learned policies with averaged returns 36.510060860558795 ...
[6] Finished: 5664/80000 Evaluate learned policies with averaged returns 36.510060860558795 ...
[10] Finished: 5952/80000 Evaluate learned policies with averaged returns 36.510060860558795 ...
[9] Finished: 4992/80000 Evaluate learned policies with averaged returns 36.510060860558795 ...
[4] Finished: 4704/80000 Evaluate learned policies with averaged returns 36.510060860558795 ...
[1] Finished: 6048/80000 Evaluate learned policies with averaged returns 36.510060860558795 ...
[5] Finished: 4896/80000 Evaluate learned policies with averaged returns 36.510060860558795 ...
[7] Finished: 5472/80000 Evaluate learned policies with averaged returns 36.510060860558795 ...
[2] Finished: 5184/80000 Evaluate learned policies with averaged returns 33.35041605717201 ...
[3] Finished: 5472/80000 Evaluate learned policies with averaged returns 36.510060860558795 ...
[9] Finished: 5088/80000 Evaluate learned policies with averaged returns 36.510060860558795 ...
[1] Finished: 6144/80000 Evaluate learned policies with averaged returns 36.510060860558795 ...
[6] Finished: 5760/80000 Evaluate learned policies with averaged returns 36.510060860558795 ...
[10] Finished: 6048/80000 Evaluate learned policies with averaged returns 36.510060860558795 ...
[0] Finished: 4704/80000 Evaluate learned policies with averaged returns 36.510060860558795 ...
[7] Finished: 5568/80000 Evaluate learned policies with averaged returns 36.510060860558795 ...
[3] Finished: 5568/80000 Evaluate learned policies with averaged returns 36.510060860558795 ...
[1] Finished: 6240/80000 Evaluate learned policies with averaged returns 36.510060860558795 ...
[4] Finished: 4800/80000 Evaluate learned policies with averaged returns 36.510060860558795 ...
[6] Finished: 5856/80000 Evaluate learned policies with averaged returns 36.510060860558795 ...
[10] Finished: 6144/80000 Evaluate learned policies with averaged returns 36.510060860558795 ...
[5] Finished: 4992/80000 Evaluate learned policies with averaged returns 36.510060860558795 ...
[3] Finished: 5664/80000 Evaluate learned policies with averaged returns 36.510060860558795 ...
[2] Finished: 5280/80000 Evaluate learned policies with averaged returns 33.35041605717201 ...
[10] Finished: 6240/80000 Evaluate learned policies with averaged returns 36.510060860558795 ...
[9] Finished: 5184/80000 Evaluate learned policies with averaged returns 36.510060860558795 ...
[7] Finished: 5664/80000 Evaluate learned policies with averaged returns 36.510060860558795 ...
[3] Finished: 5760/80000 Evaluate learned policies with averaged returns 36.510060860558795 ...
[10] Finished: 6336/80000 Evaluate learned policies with averaged returns 36.510060860558795 ...
[1] Finished: 6336/80000 Evaluate learned policies with averaged returns 36.510060860558795 ...
[2] Finished: 5376/80000 Evaluate learned policies with averaged returns 33.35041605717201 ...
[3] Finished: 5856/80000 Evaluate learned policies with averaged returns 36.510060860558795 ...
[6] Finished: 5952/80000 Evaluate learned policies with averaged returns 36.510060860558795 ...
[4] Finished: 4896/80000 Evaluate learned policies with averaged returns 36.510060860558795 ...
[0] Finished: 4800/80000 Evaluate learned policies with averaged returns 36.510060860558795 ...
[10] Finished: 6432/80000 Evaluate learned policies with averaged returns 36.510060860558795 ...
[7] Finished: 5760/80000 Evaluate learned policies with averaged returns 36.510060860558795 ...
[5] Finished: 5088/80000 Evaluate learned policies with averaged returns 36.510060860558795 ...
[3] Finished: 5952/80000 Evaluate learned policies with averaged returns 36.510060860558795 ...
[2] Finished: 5472/80000 Evaluate learned policies with averaged returns 33.35041605717201 ...
[10] Finished: 6528/80000 Evaluate learned policies with averaged returns 36.510060860558795 ...
[9] Finished: 5280/80000 Evaluate learned policies with averaged returns 36.510060860558795 ...
[1] Finished: 6432/80000 Evaluate learned policies with averaged returns 36.510060860558795 ...
[6] Finished: 6048/80000 Evaluate learned policies with averaged returns 36.510060860558795 ...
[3] Finished: 6048/80000 Evaluate learned policies with averaged returns 36.510060860558795 ...
[2] Finished: 5568/80000 Evaluate learned policies with averaged returns 33.35041605717201 ...
[10] Finished: 6624/80000 Evaluate learned policies with averaged returns 36.510060860558795 ...
[3] Finished: 6144/80000 Evaluate learned policies with averaged returns 36.510060860558795 ...
[4] Finished: 4992/80000 Evaluate learned policies with averaged returns 36.510060860558795 ...
[2] Finished: 5664/80000 Evaluate learned policies with averaged returns 33.35041605717201 ...
[6] Finished: 6144/80000 Evaluate learned policies with averaged returns 36.510060860558795 ...
[7] Finished: 5856/80000 Evaluate learned policies with averaged returns 34.64593016474481 ...
[1] Finished: 6528/80000 Evaluate learned policies with averaged returns 36.510060860558795 ...
[0] Finished: 4896/80000 Evaluate learned policies with averaged returns 36.510060860558795 ...
[5] Finished: 5184/80000 Evaluate learned policies with averaged returns 36.510060860558795 ...
[3] Finished: 6240/80000 Evaluate learned policies with averaged returns 36.510060860558795 ...
[10] Finished: 6720/80000 Evaluate learned policies with averaged returns 36.510060860558795 ...
[9] Finished: 5376/80000 Evaluate learned policies with averaged returns 36.510060860558795 ...
[2] Finished: 5760/80000 Evaluate learned policies with averaged returns 33.35041605717201 ...
[6] Finished: 6240/80000 Evaluate learned policies with averaged returns 36.510060860558795 ...
[3] Finished: 6336/80000 Evaluate learned policies with averaged returns 36.510060860558795 ...
[10] Finished: 6816/80000 Evaluate learned policies with averaged returns 36.510060860558795 ...
[1] Finished: 6624/80000 Evaluate learned policies with averaged returns 36.510060860558795 ...
[7] Finished: 5952/80000 Evaluate learned policies with averaged returns 36.510060860558795 ...
[2] Finished: 5856/80000 Evaluate learned policies with averaged returns 33.35041605717201 ...
[4] Finished: 5088/80000 Evaluate learned policies with averaged returns 36.510060860558795 ...
[3] Finished: 6432/80000 Evaluate learned policies with averaged returns 36.510060860558795 ...
[6] Finished: 6336/80000 Evaluate learned policies with averaged returns 36.510060860558795 ...
[5] Finished: 5280/80000 Evaluate learned policies with averaged returns 36.510060860558795 ...
[2] Finished: 5952/80000 Evaluate learned policies with averaged returns 33.35041605717201 ...
[9] Finished: 5472/80000 Evaluate learned policies with averaged returns 36.510060860558795 ...
[3] Finished: 6528/80000 Evaluate learned policies with averaged returns 36.510060860558795 ...
[0] Finished: 4992/80000 Evaluate learned policies with averaged returns 36.510060860558795 ...
[10] Finished: 6912/80000 Evaluate learned policies with averaged returns 36.510060860558795 ...
[7] Finished: 6048/80000 Evaluate learned policies with averaged returns 36.510060860558795 ...
[1] Finished: 6720/80000 Evaluate learned policies with averaged returns 36.510060860558795 ...
[6] Finished: 6432/80000 Evaluate learned policies with averaged returns 36.510060860558795 ...
[3] Finished: 6624/80000 Evaluate learned policies with averaged returns 36.510060860558795 ...
[2] Finished: 6048/80000 Evaluate learned policies with averaged returns 33.35041605717201 ...
[10] Finished: 7008/80000 Evaluate learned policies with averaged returns 36.510060860558795 ...
[4] Finished: 5184/80000 Evaluate learned policies with averaged returns 36.510060860558795 ...
[6] Finished: 6528/80000 Evaluate learned policies with averaged returns 36.510060860558795 ...
[7] Finished: 6144/80000 Evaluate learned policies with averaged returns 36.510060860558795 ...
[9] Finished: 5568/80000 Evaluate learned policies with averaged returns 36.510060860558795 ...
[3] Finished: 6720/80000 Evaluate learned policies with averaged returns 36.510060860558795 ...
[2] Finished: 6144/80000 Evaluate learned policies with averaged returns 33.35041605717201 ...
[6] Finished: 6624/80000 Evaluate learned policies with averaged returns 36.510060860558795 ...
[1] Finished: 6816/80000 Evaluate learned policies with averaged returns 36.510060860558795 ...
[5] Finished: 5376/80000 Evaluate learned policies with averaged returns 36.510060860558795 ...
[10] Finished: 7104/80000 Evaluate learned policies with averaged returns 36.510060860558795 ...
[0] Finished: 5088/80000 Evaluate learned policies with averaged returns 34.64593016474481 ...
[4] Finished: 5280/80000 Evaluate learned policies with averaged returns 36.510060860558795 ...
[6] Finished: 6720/80000 Evaluate learned policies with averaged returns 36.510060860558795 ...
[3] Finished: 6816/80000 Evaluate learned policies with averaged returns 36.510060860558795 ...
[2] Finished: 6240/80000 Evaluate learned policies with averaged returns 33.35041605717201 ...
[10] Finished: 7200/80000 Evaluate learned policies with averaged returns 36.510060860558795 ...
[7] Finished: 6240/80000 Evaluate learned policies with averaged returns 36.510060860558795 ...
[9] Finished: 5664/80000 Evaluate learned policies with averaged returns 36.510060860558795 ...
[1] Finished: 6912/80000 Evaluate learned policies with averaged returns 36.510060860558795 ...
[6] Finished: 6816/80000 Evaluate learned policies with averaged returns 36.510060860558795 ...
[3] Finished: 6912/80000 Evaluate learned policies with averaged returns 36.510060860558795 ...
[5] Finished: 5472/80000 Evaluate learned policies with averaged returns 36.510060860558795 ...
[2] Finished: 6336/80000 Evaluate learned policies with averaged returns 33.35041605717201 ...
[10] Finished: 7296/80000 Evaluate learned policies with averaged returns 36.510060860558795 ...
[0] Finished: 5184/80000 Evaluate learned policies with averaged returns 36.510060860558795 ...
[6] Finished: 6912/80000 Evaluate learned policies with averaged returns 36.510060860558795 ...
[4] Finished: 5376/80000 Evaluate learned policies with averaged returns 36.510060860558795 ...
[3] Finished: 7008/80000 Evaluate learned policies with averaged returns 36.510060860558795 ...
[7] Finished: 6336/80000 Evaluate learned policies with averaged returns 34.64593016474481 ...
[9] Finished: 5760/80000 Evaluate learned policies with averaged returns 36.510060860558795 ...
[2] Finished: 6432/80000 Evaluate learned policies with averaged returns 33.35041605717201 ...
[1] Finished: 7008/80000 Evaluate learned policies with averaged returns 36.510060860558795 ...
[10] Finished: 7392/80000 Evaluate learned policies with averaged returns 36.510060860558795 ...
[3] Finished: 7104/80000 Evaluate learned policies with averaged returns 36.510060860558795 ...
[6] Finished: 7008/80000 Evaluate learned policies with averaged returns 36.510060860558795 ...
[7] Finished: 6432/80000 Evaluate learned policies with averaged returns 36.510060860558795 ...
[2] Finished: 6528/80000 Evaluate learned policies with averaged returns 33.35041605717201 ...
[5] Finished: 5568/80000 Evaluate learned policies with averaged returns 36.510060860558795 ...
[4] Finished: 5472/80000 Evaluate learned policies with averaged returns 36.510060860558795 ...
[6] Finished: 7104/80000 Evaluate learned policies with averaged returns 36.510060860558795 ...
[10] Finished: 7488/80000 Evaluate learned policies with averaged returns 36.510060860558795 ...
[9] Finished: 5856/80000 Evaluate learned policies with averaged returns 36.510060860558795 ...
[3] Finished: 7200/80000 Evaluate learned policies with averaged returns 36.510060860558795 ...
[0] Finished: 5280/80000 Evaluate learned policies with averaged returns 36.510060860558795 ...
[1] Finished: 7104/80000 Evaluate learned policies with averaged returns 36.510060860558795 ...
[2] Finished: 6624/80000 Evaluate learned policies with averaged returns 33.35041605717201 ...
[6] Finished: 7200/80000 Evaluate learned policies with averaged returns 36.510060860558795 ...
[3] Finished: 7296/80000 Evaluate learned policies with averaged returns 36.510060860558795 ...
[7] Finished: 6528/80000 Evaluate learned policies with averaged returns 34.64593016474481 ...
[10] Finished: 7584/80000 Evaluate learned policies with averaged returns 36.510060860558795 ...
[4] Finished: 5568/80000 Evaluate learned policies with averaged returns 36.510060860558795 ...
[5] Finished: 5664/80000 Evaluate learned policies with averaged returns 36.510060860558795 ...
[2] Finished: 6720/80000 Evaluate learned policies with averaged returns 33.35041605717201 ...
[9] Finished: 5952/80000 Evaluate learned policies with averaged returns 36.510060860558795 ...
[3] Finished: 7392/80000 Evaluate learned policies with averaged returns 36.510060860558795 ...
/home/lin.wo/macro_marl_ppo/src/macro_marl/cores/pg_based/mac_ippov2/models.py:40: RuntimeWarning: divide by zero encountered in log
  logits_1 = action_logits + np.log(1-eps)
[0] Finished: 5376/80000 Evaluate learned policies with averaged returns 34.64593016474481 ...
[10] Finished: 7680/80000 Evaluate learned policies with averaged returns 36.510060860558795 ...
wandb: - 0.005 MB of 0.005 MB uploaded[2] Finished: 6816/80000 Evaluate learned policies with averaged returns 33.35041605717201 ...
wandb: \ 0.005 MB of 0.015 MB uploadedwandb: 
wandb: Run history:
wandb:    episodes ▁▁▁▁▂▂▂▂▂▃▃▃▃▃▃▄▄▄▄▄▄▅▅▅▅▅▆▆▆▆▆▆▇▇▇▇▇███
wandb: mean_return ▁▁▂▂▃▃▃▂▃▃▃▃▃▄▅▇█████▇▇██▇██████████████
wandb: 
wandb: Run summary:
wandb:    episodes 7104
wandb: mean_return 36.51006
wandb: 
wandb: 🚀 View run ethereal-firefly-17 at: https://wandb.ai/wwlin1198/ma_ippo_bp10_discovery/runs/3us2okua
wandb: ⭐️ View project at: https://wandb.ai/wwlin1198/ma_ippo_bp10_discovery
wandb: Synced 5 W&B file(s), 0 media file(s), 0 artifact file(s) and 0 other file(s)
wandb: Find logs at: ./wandb/run-20240912_131134-3us2okua/logs
[6] Finished: 7296/80000 Evaluate learned policies with averaged returns 34.64593016474481 ...
[7] Finished: 6624/80000 Evaluate learned policies with averaged returns 36.510060860558795 ...
Traceback (most recent call last):
  File "/scratch/lin.wo/macro_marl/bin/pg_based_main.py", line 7, in <module>
    exec(compile(f.read(), __file__, 'exec'))
  File "/home/lin.wo/macro_marl_ppo/scripts/pg_based_main.py", line 178, in <module>
    main(args)
  File "/home/lin.wo/macro_marl_ppo/scripts/pg_based_main.py", line 94, in main
    model.learn()
  File "/home/lin.wo/macro_marl_ppo/src/macro_marl/algs/pg_based/mac_ippov2.py", line 142, in learn
    self.learner.train(eps, self.ppo_clip_value, self.ppo_epochs)
  File "/home/lin.wo/macro_marl_ppo/src/macro_marl/cores/pg_based/mac_ippov2/learner.py", line 124, in train
    old_actor = torch.load(PATH)
  File "/scratch/lin.wo/macro_marl/lib/python3.8/site-packages/torch/serialization.py", line 1040, in load
    return _legacy_load(opened_file, map_location, pickle_module, **pickle_load_args)
  File "/scratch/lin.wo/macro_marl/lib/python3.8/site-packages/torch/serialization.py", line 1262, in _legacy_load
    magic_number = pickle_module.load(f, **pickle_load_args)
EOFError: Ran out of input
[3] Finished: 7488/80000 Evaluate learned policies with averaged returns 36.510060860558795 ...
[9] Finished: 6048/80000 Evaluate learned policies with averaged returns 36.510060860558795 ...
[2] Finished: 6912/80000 Evaluate learned policies with averaged returns 33.35041605717201 ...
[6] Finished: 7392/80000 Evaluate learned policies with averaged returns 36.510060860558795 ...
[5] Finished: 5760/80000 Evaluate learned policies with averaged returns 36.510060860558795 ...
[4] Finished: 5664/80000 Evaluate learned policies with averaged returns 36.510060860558795 ...
[3] Finished: 7584/80000 Evaluate learned policies with averaged returns 36.510060860558795 ...
[10] Finished: 7776/80000 Evaluate learned policies with averaged returns 36.510060860558795 ...
[0] Finished: 5472/80000 Evaluate learned policies with averaged returns 36.510060860558795 ...
[6] Finished: 7488/80000 Evaluate learned policies with averaged returns 36.510060860558795 ...
[2] Finished: 7008/80000 Evaluate learned policies with averaged returns 33.35041605717201 ...
[9] Finished: 6144/80000 Evaluate learned policies with averaged returns 36.510060860558795 ...
[7] Finished: 6720/80000 Evaluate learned policies with averaged returns 36.510060860558795 ...
[3] Finished: 7680/80000 Evaluate learned policies with averaged returns 36.510060860558795 ...
[6] Finished: 7584/80000 Evaluate learned policies with averaged returns 36.510060860558795 ...
[2] Finished: 7104/80000 Evaluate learned policies with averaged returns 33.35041605717201 ...
[5] Finished: 5856/80000 Evaluate learned policies with averaged returns 36.510060860558795 ...
[4] Finished: 5760/80000 Evaluate learned policies with averaged returns 36.510060860558795 ...
[10] Finished: 7872/80000 Evaluate learned policies with averaged returns 36.510060860558795 ...
[0] Finished: 5568/80000 Evaluate learned policies with averaged returns 36.510060860558795 ...
[3] Finished: 7776/80000 Evaluate learned policies with averaged returns 36.510060860558795 ...
[6] Finished: 7680/80000 Evaluate learned policies with averaged returns 36.510060860558795 ...
[7] Finished: 6816/80000 Evaluate learned policies with averaged returns 36.510060860558795 ...
[2] Finished: 7200/80000 Evaluate learned policies with averaged returns 33.35041605717201 ...
[9] Finished: 6240/80000 Evaluate learned policies with averaged returns 36.510060860558795 ...
[10] Finished: 7968/80000 Evaluate learned policies with averaged returns 36.510060860558795 ...
[5] Finished: 5952/80000 Evaluate learned policies with averaged returns 36.510060860558795 ...
[4] Finished: 5856/80000 Evaluate learned policies with averaged returns 36.510060860558795 ...
[3] Finished: 7872/80000 Evaluate learned policies with averaged returns 36.510060860558795 ...
[6] Finished: 7776/80000 Evaluate learned policies with averaged returns 36.510060860558795 ...
[0] Finished: 5664/80000 Evaluate learned policies with averaged returns 36.510060860558795 ...
[2] Finished: 7296/80000 Evaluate learned policies with averaged returns 33.35041605717201 ...
[7] Finished: 6912/80000 Evaluate learned policies with averaged returns 36.510060860558795 ...
[9] Finished: 6336/80000 Evaluate learned policies with averaged returns 36.510060860558795 ...
[6] Finished: 7872/80000 Evaluate learned policies with averaged returns 36.510060860558795 ...
[3] Finished: 7968/80000 Evaluate learned policies with averaged returns 36.510060860558795 ...
[5] Finished: 6048/80000 Evaluate learned policies with averaged returns 36.510060860558795 ...
[2] Finished: 7392/80000 Evaluate learned policies with averaged returns 33.35041605717201 ...
[10] Finished: 8064/80000 Evaluate learned policies with averaged returns 36.510060860558795 ...
[4] Finished: 5952/80000 Evaluate learned policies with averaged returns 36.510060860558795 ...
[6] Finished: 7968/80000 Evaluate learned policies with averaged returns 36.510060860558795 ...
[3] Finished: 8064/80000 Evaluate learned policies with averaged returns 36.510060860558795 ...
[7] Finished: 7008/80000 Evaluate learned policies with averaged returns 36.510060860558795 ...
[0] Finished: 5760/80000 Evaluate learned policies with averaged returns 36.510060860558795 ...
[9] Finished: 6432/80000 Evaluate learned policies with averaged returns 36.510060860558795 ...
[2] Finished: 7488/80000 Evaluate learned policies with averaged returns 33.35041605717201 ...
[6] Finished: 8064/80000 Evaluate learned policies with averaged returns 36.510060860558795 ...
[3] Finished: 8160/80000 Evaluate learned policies with averaged returns 36.510060860558795 ...
[4] Finished: 6048/80000 Evaluate learned policies with averaged returns 36.510060860558795 ...
[5] Finished: 6144/80000 Evaluate learned policies with averaged returns 36.510060860558795 ...
[10] Finished: 8160/80000 Evaluate learned policies with averaged returns 36.510060860558795 ...
[3] Finished: 8256/80000 Evaluate learned policies with averaged returns 36.510060860558795 ...
[6] Finished: 8160/80000 Evaluate learned policies with averaged returns 36.510060860558795 ...
[2] Finished: 7584/80000 Evaluate learned policies with averaged returns 33.35041605717201 ...
[7] Finished: 7104/80000 Evaluate learned policies with averaged returns 36.510060860558795 ...
[0] Finished: 5856/80000 Evaluate learned policies with averaged returns 36.510060860558795 ...
[9] Finished: 6528/80000 Evaluate learned policies with averaged returns 36.510060860558795 ...
[4] Finished: 6144/80000 Evaluate learned policies with averaged returns 36.510060860558795 ...
[10] Finished: 8256/80000 Evaluate learned policies with averaged returns 36.510060860558795 ...
[6] Finished: 8256/80000 Evaluate learned policies with averaged returns 36.510060860558795 ...
[5] Finished: 6240/80000 Evaluate learned policies with averaged returns 36.510060860558795 ...
[3] Finished: 8352/80000 Evaluate learned policies with averaged returns 36.510060860558795 ...
[2] Finished: 7680/80000 Evaluate learned policies with averaged returns 33.35041605717201 ...
[7] Finished: 7200/80000 Evaluate learned policies with averaged returns 36.510060860558795 ...
[6] Finished: 8352/80000 Evaluate learned policies with averaged returns 36.510060860558795 ...
[9] Finished: 6624/80000 Evaluate learned policies with averaged returns 36.510060860558795 ...
[3] Finished: 8448/80000 Evaluate learned policies with averaged returns 36.510060860558795 ...
[4] Finished: 6240/80000 Evaluate learned policies with averaged returns 36.510060860558795 ...
[0] Finished: 5952/80000 Evaluate learned policies with averaged returns 36.510060860558795 ...
[2] Finished: 7776/80000 Evaluate learned policies with averaged returns 33.35041605717201 ...
[10] Finished: 8352/80000 Evaluate learned policies with averaged returns 36.510060860558795 ...
[5] Finished: 6336/80000 Evaluate learned policies with averaged returns 36.510060860558795 ...
[6] Finished: 8448/80000 Evaluate learned policies with averaged returns 36.510060860558795 ...
[3] Finished: 8544/80000 Evaluate learned policies with averaged returns 36.510060860558795 ...
[7] Finished: 7296/80000 Evaluate learned policies with averaged returns 36.510060860558795 ...
[2] Finished: 7872/80000 Evaluate learned policies with averaged returns 33.35041605717201 ...
[4] Finished: 6336/80000 Evaluate learned policies with averaged returns 36.510060860558795 ...
[0] Finished: 6048/80000 Evaluate learned policies with averaged returns 36.510060860558795 ...
[9] Finished: 6720/80000 Evaluate learned policies with averaged returns 36.510060860558795 ...
[6] Finished: 8544/80000 Evaluate learned policies with averaged returns 36.510060860558795 ...
[10] Finished: 8448/80000 Evaluate learned policies with averaged returns 36.510060860558795 ...
[3] Finished: 8640/80000 Evaluate learned policies with averaged returns 36.510060860558795 ...
[5] Finished: 6432/80000 Evaluate learned policies with averaged returns 36.510060860558795 ...
[2] Finished: 7968/80000 Evaluate learned policies with averaged returns 33.35041605717201 ...
/home/lin.wo/macro_marl_ppo/src/macro_marl/cores/pg_based/mac_ippov2/models.py:40: RuntimeWarning: divide by zero encountered in log
  logits_1 = action_logits + np.log(1-eps)
wandb: - 0.005 MB of 0.005 MB uploaded[6] Finished: 8640/80000 Evaluate learned policies with averaged returns 36.510060860558795 ...
wandb: \ 0.005 MB of 0.005 MB uploaded[4] Finished: 6432/80000 Evaluate learned policies with averaged returns 36.510060860558795 ...
[7] Finished: 7392/80000 Evaluate learned policies with averaged returns 36.510060860558795 ...
wandb: | 0.005 MB of 0.013 MB uploadedwandb: / 0.005 MB of 0.014 MB uploaded[0] Finished: 6144/80000 Evaluate learned policies with averaged returns 36.510060860558795 ...
wandb: - 0.014 MB of 0.014 MB uploadedwandb: 
wandb: Run history:
wandb:    episodes ▁▁▁▁▂▂▂▂▂▃▃▃▃▃▃▄▄▄▄▄▅▅▅▅▅▅▆▆▆▆▆▇▇▇▇▇▇███
wandb: mean_return ▁▁▂█▂▁▂▃▂▂▄▃▃▃▆▅▇▆▇▇▆▇▇▆▆▇▇▇▇▇▇▇▇▇▇▇▇▇▇▇
wandb: 
wandb: Run summary:
wandb:    episodes 6720
wandb: mean_return 36.51006
wandb: 
wandb: 🚀 View run usual-energy-19 at: https://wandb.ai/wwlin1198/ma_ippo_bp10_discovery/runs/j02lc6r1
wandb: ⭐️ View project at: https://wandb.ai/wwlin1198/ma_ippo_bp10_discovery
wandb: Synced 5 W&B file(s), 0 media file(s), 0 artifact file(s) and 0 other file(s)
wandb: Find logs at: ./wandb/run-20240912_131134-j02lc6r1/logs
Traceback (most recent call last):
  File "/scratch/lin.wo/macro_marl/bin/pg_based_main.py", line 7, in <module>
    exec(compile(f.read(), __file__, 'exec'))
  File "/home/lin.wo/macro_marl_ppo/scripts/pg_based_main.py", line 178, in <module>
    main(args)
  File "/home/lin.wo/macro_marl_ppo/scripts/pg_based_main.py", line 94, in main
    model.learn()
  File "/home/lin.wo/macro_marl_ppo/src/macro_marl/algs/pg_based/mac_ippov2.py", line 142, in learn
    self.learner.train(eps, self.ppo_clip_value, self.ppo_epochs)
  File "/home/lin.wo/macro_marl_ppo/src/macro_marl/cores/pg_based/mac_ippov2/learner.py", line 124, in train
    old_actor = torch.load(PATH)
  File "/scratch/lin.wo/macro_marl/lib/python3.8/site-packages/torch/serialization.py", line 1040, in load
    return _legacy_load(opened_file, map_location, pickle_module, **pickle_load_args)
  File "/scratch/lin.wo/macro_marl/lib/python3.8/site-packages/torch/serialization.py", line 1262, in _legacy_load
    magic_number = pickle_module.load(f, **pickle_load_args)
EOFError: Ran out of input
[2] Finished: 8064/80000 Evaluate learned policies with averaged returns 33.35041605717201 ...
[3] Finished: 8736/80000 Evaluate learned policies with averaged returns 36.510060860558795 ...
[10] Finished: 8544/80000 Evaluate learned policies with averaged returns 36.510060860558795 ...
[6] Finished: 8736/80000 Evaluate learned policies with averaged returns 36.510060860558795 ...
[5] Finished: 6528/80000 Evaluate learned policies with averaged returns 36.510060860558795 ...
[4] Finished: 6528/80000 Evaluate learned policies with averaged returns 36.510060860558795 ...
[3] Finished: 8832/80000 Evaluate learned policies with averaged returns 36.510060860558795 ...
[2] Finished: 8160/80000 Evaluate learned policies with averaged returns 33.35041605717201 ...
[7] Finished: 7488/80000 Evaluate learned policies with averaged returns 32.781799468930835 ...
[0] Finished: 6240/80000 Evaluate learned policies with averaged returns 36.510060860558795 ...
[6] Finished: 8832/80000 Evaluate learned policies with averaged returns 36.510060860558795 ...
[10] Finished: 8640/80000 Evaluate learned policies with averaged returns 36.510060860558795 ...
[5] Finished: 6624/80000 Evaluate learned policies with averaged returns 34.64593016474481 ...
[3] Finished: 8928/80000 Evaluate learned policies with averaged returns 36.510060860558795 ...
[2] Finished: 8256/80000 Evaluate learned policies with averaged returns 33.35041605717201 ...
[4] Finished: 6624/80000 Evaluate learned policies with averaged returns 36.510060860558795 ...
[6] Finished: 8928/80000 Evaluate learned policies with averaged returns 36.510060860558795 ...
[0] Finished: 6336/80000 Evaluate learned policies with averaged returns 36.510060860558795 ...
[7] Finished: 7584/80000 Evaluate learned policies with averaged returns 27.1894073814889 ...
[10] Finished: 8736/80000 Evaluate learned policies with averaged returns 36.510060860558795 ...
/home/lin.wo/macro_marl_ppo/src/macro_marl/cores/pg_based/mac_ippov2/models.py:40: RuntimeWarning: divide by zero encountered in log
  logits_1 = action_logits + np.log(1-eps)
[3] Finished: 9024/80000 Evaluate learned policies with averaged returns 36.510060860558795 ...
[5] Finished: 6720/80000 Evaluate learned policies with averaged returns 36.510060860558795 ...
wandb: - 0.005 MB of 0.005 MB uploaded[6] Finished: 9024/80000 Evaluate learned policies with averaged returns 36.510060860558795 ...
wandb: \ 0.005 MB of 0.016 MB uploadedwandb: | 0.016 MB of 0.016 MB uploadedwandb: 
wandb: Run history:
wandb:    episodes ▁▁▁▁▂▂▂▂▂▃▃▃▃▃▃▄▄▄▄▄▅▅▅▅▅▅▆▆▆▆▆▇▇▇▇▇▇███
wandb: mean_return ▁▁▂█▂▂▂▃▄▃▄▆▄▄▅▅▆▆▆▆▆▆▆▆▆▆▆▆▆▆▆▆▆▆▆▆▆▆▆▆
wandb: 
wandb: Run summary:
wandb:    episodes 8256
wandb: mean_return 33.35042
wandb: 
wandb: 🚀 View run serene-spaceship-15 at: https://wandb.ai/wwlin1198/ma_ippo_bp10_discovery/runs/jmq1rch5
wandb: ⭐️ View project at: https://wandb.ai/wwlin1198/ma_ippo_bp10_discovery
wandb: Synced 5 W&B file(s), 0 media file(s), 0 artifact file(s) and 0 other file(s)
wandb: Find logs at: ./wandb/run-20240912_131134-jmq1rch5/logs
[4] Finished: 6720/80000 Evaluate learned policies with averaged returns 36.510060860558795 ...
Traceback (most recent call last):
  File "/scratch/lin.wo/macro_marl/bin/pg_based_main.py", line 7, in <module>
    exec(compile(f.read(), __file__, 'exec'))
  File "/home/lin.wo/macro_marl_ppo/scripts/pg_based_main.py", line 178, in <module>
    main(args)
  File "/home/lin.wo/macro_marl_ppo/scripts/pg_based_main.py", line 94, in main
    model.learn()
  File "/home/lin.wo/macro_marl_ppo/src/macro_marl/algs/pg_based/mac_ippov2.py", line 142, in learn
    self.learner.train(eps, self.ppo_clip_value, self.ppo_epochs)
  File "/home/lin.wo/macro_marl_ppo/src/macro_marl/cores/pg_based/mac_ippov2/learner.py", line 124, in train
    old_actor = torch.load(PATH)
  File "/scratch/lin.wo/macro_marl/lib/python3.8/site-packages/torch/serialization.py", line 1040, in load
    return _legacy_load(opened_file, map_location, pickle_module, **pickle_load_args)
  File "/scratch/lin.wo/macro_marl/lib/python3.8/site-packages/torch/serialization.py", line 1262, in _legacy_load
    magic_number = pickle_module.load(f, **pickle_load_args)
EOFError: Ran out of input
[3] Finished: 9120/80000 Evaluate learned policies with averaged returns 36.510060860558795 ...
[0] Finished: 6432/80000 Evaluate learned policies with averaged returns 36.510060860558795 ...
[7] Finished: 7680/80000 Evaluate learned policies with averaged returns 34.64593016474481 ...
[10] Finished: 8832/80000 Evaluate learned policies with averaged returns 36.510060860558795 ...
[6] Finished: 9120/80000 Evaluate learned policies with averaged returns 36.510060860558795 ...
[5] Finished: 6816/80000 Evaluate learned policies with averaged returns 36.510060860558795 ...
[4] Finished: 6816/80000 Evaluate learned policies with averaged returns 36.510060860558795 ...
[3] Finished: 9216/80000 Evaluate learned policies with averaged returns 36.510060860558795 ...
[6] Finished: 9216/80000 Evaluate learned policies with averaged returns 34.64593016474481 ...
[0] Finished: 6528/80000 Evaluate learned policies with averaged returns 36.510060860558795 ...
[10] Finished: 8928/80000 Evaluate learned policies with averaged returns 36.510060860558795 ...
[7] Finished: 7776/80000 Evaluate learned policies with averaged returns 36.510060860558795 ...
[5] Finished: 6912/80000 Evaluate learned policies with averaged returns 36.510060860558795 ...
[3] Finished: 9312/80000 Evaluate learned policies with averaged returns 36.510060860558795 ...
[4] Finished: 6912/80000 Evaluate learned policies with averaged returns 36.510060860558795 ...
[6] Finished: 9312/80000 Evaluate learned policies with averaged returns 36.510060860558795 ...
[7] Finished: 7872/80000 Evaluate learned policies with averaged returns 36.510060860558795 ...
[10] Finished: 9024/80000 Evaluate learned policies with averaged returns 36.510060860558795 ...
[0] Finished: 6624/80000 Evaluate learned policies with averaged returns 36.510060860558795 ...
[5] Finished: 7008/80000 Evaluate learned policies with averaged returns 36.510060860558795 ...
[3] Finished: 9408/80000 Evaluate learned policies with averaged returns 36.510060860558795 ...
[4] Finished: 7008/80000 Evaluate learned policies with averaged returns 36.510060860558795 ...
[6] Finished: 9408/80000 Evaluate learned policies with averaged returns 36.510060860558795 ...
[10] Finished: 9120/80000 Evaluate learned policies with averaged returns 36.510060860558795 ...
[7] Finished: 7968/80000 Evaluate learned policies with averaged returns 36.510060860558795 ...
[0] Finished: 6720/80000 Evaluate learned policies with averaged returns 36.510060860558795 ...
[5] Finished: 7104/80000 Evaluate learned policies with averaged returns 36.510060860558795 ...
[4] Finished: 7104/80000 Evaluate learned policies with averaged returns 36.510060860558795 ...
[3] Finished: 9504/80000 Evaluate learned policies with averaged returns 36.510060860558795 ...
[6] Finished: 9504/80000 Evaluate learned policies with averaged returns 36.510060860558795 ...
[10] Finished: 9216/80000 Evaluate learned policies with averaged returns 36.510060860558795 ...
[0] Finished: 6816/80000 Evaluate learned policies with averaged returns 36.510060860558795 ...
[7] Finished: 8064/80000 Evaluate learned policies with averaged returns 36.510060860558795 ...
[4] Finished: 7200/80000 Evaluate learned policies with averaged returns 36.510060860558795 ...
[3] Finished: 9600/80000 Evaluate learned policies with averaged returns 36.510060860558795 ...
[5] Finished: 7200/80000 Evaluate learned policies with averaged returns 36.510060860558795 ...
[10] Finished: 9312/80000 Evaluate learned policies with averaged returns 36.510060860558795 ...
[6] Finished: 9600/80000 Evaluate learned policies with averaged returns 36.510060860558795 ...
[0] Finished: 6912/80000 Evaluate learned policies with averaged returns 36.510060860558795 ...
[7] Finished: 8160/80000 Evaluate learned policies with averaged returns 34.64593016474481 ...
[4] Finished: 7296/80000 Evaluate learned policies with averaged returns 36.510060860558795 ...
[3] Finished: 9696/80000 Evaluate learned policies with averaged returns 36.510060860558795 ...
[5] Finished: 7296/80000 Evaluate learned policies with averaged returns 34.64593016474481 ...
[10] Finished: 9408/80000 Evaluate learned policies with averaged returns 36.510060860558795 ...
[6] Finished: 9696/80000 Evaluate learned policies with averaged returns 36.510060860558795 ...
[0] Finished: 7008/80000 Evaluate learned policies with averaged returns 36.510060860558795 ...
[7] Finished: 8256/80000 Evaluate learned policies with averaged returns 36.510060860558795 ...
[4] Finished: 7392/80000 Evaluate learned policies with averaged returns 36.510060860558795 ...
[3] Finished: 9792/80000 Evaluate learned policies with averaged returns 36.510060860558795 ...
[5] Finished: 7392/80000 Evaluate learned policies with averaged returns 36.510060860558795 ...
[6] Finished: 9792/80000 Evaluate learned policies with averaged returns 36.510060860558795 ...
[0] Finished: 7104/80000 Evaluate learned policies with averaged returns 36.510060860558795 ...
[10] Finished: 9504/80000 Evaluate learned policies with averaged returns 36.510060860558795 ...
[7] Finished: 8352/80000 Evaluate learned policies with averaged returns 36.510060860558795 ...
[4] Finished: 7488/80000 Evaluate learned policies with averaged returns 36.510060860558795 ...
[3] Finished: 9888/80000 Evaluate learned policies with averaged returns 36.510060860558795 ...
[6] Finished: 9888/80000 Evaluate learned policies with averaged returns 36.510060860558795 ...
[0] Finished: 7200/80000 Evaluate learned policies with averaged returns 36.510060860558795 ...
[5] Finished: 7488/80000 Evaluate learned policies with averaged returns 36.510060860558795 ...
[10] Finished: 9600/80000 Evaluate learned policies with averaged returns 36.510060860558795 ...
[7] Finished: 8448/80000 Evaluate learned policies with averaged returns 36.510060860558795 ...
[4] Finished: 7584/80000 Evaluate learned policies with averaged returns 36.510060860558795 ...
[3] Finished: 9984/80000 Evaluate learned policies with averaged returns 36.510060860558795 ...
[6] Finished: 9984/80000 Evaluate learned policies with averaged returns 29.053538077302875 ...
[5] Finished: 7584/80000 Evaluate learned policies with averaged returns 36.510060860558795 ...
[10] Finished: 9696/80000 Evaluate learned policies with averaged returns 36.510060860558795 ...
[0] Finished: 7296/80000 Evaluate learned policies with averaged returns 36.510060860558795 ...
[7] Finished: 8544/80000 Evaluate learned policies with averaged returns 36.510060860558795 ...
[4] Finished: 7680/80000 Evaluate learned policies with averaged returns 36.510060860558795 ...
[3] Finished: 10080/80000 Evaluate learned policies with averaged returns 36.510060860558795 ...
[6] Finished: 10080/80000 Evaluate learned policies with averaged returns 32.78179946893083 ...
[5] Finished: 7680/80000 Evaluate learned policies with averaged returns 36.510060860558795 ...
[10] Finished: 9792/80000 Evaluate learned policies with averaged returns 36.510060860558795 ...
[0] Finished: 7392/80000 Evaluate learned policies with averaged returns 36.510060860558795 ...
[4] Finished: 7776/80000 Evaluate learned policies with averaged returns 36.510060860558795 ...
[7] Finished: 8640/80000 Evaluate learned policies with averaged returns 36.510060860558795 ...
[3] Finished: 10176/80000 Evaluate learned policies with averaged returns 36.510060860558795 ...
[6] Finished: 10176/80000 Evaluate learned policies with averaged returns 36.510060860558795 ...
[5] Finished: 7776/80000 Evaluate learned policies with averaged returns 36.510060860558795 ...
[0] Finished: 7488/80000 Evaluate learned policies with averaged returns 36.510060860558795 ...
[10] Finished: 9888/80000 Evaluate learned policies with averaged returns 36.510060860558795 ...
[4] Finished: 7872/80000 Evaluate learned policies with averaged returns 36.510060860558795 ...
[7] Finished: 8736/80000 Evaluate learned policies with averaged returns 36.510060860558795 ...
[3] Finished: 10272/80000 Evaluate learned policies with averaged returns 36.510060860558795 ...
[6] Finished: 10272/80000 Evaluate learned policies with averaged returns 36.510060860558795 ...
[5] Finished: 7872/80000 Evaluate learned policies with averaged returns 36.510060860558795 ...
[0] Finished: 7584/80000 Evaluate learned policies with averaged returns 36.510060860558795 ...
[4] Finished: 7968/80000 Evaluate learned policies with averaged returns 36.510060860558795 ...
[10] Finished: 9984/80000 Evaluate learned policies with averaged returns 36.510060860558795 ...
[7] Finished: 8832/80000 Evaluate learned policies with averaged returns 36.510060860558795 ...
[3] Finished: 10368/80000 Evaluate learned policies with averaged returns 36.510060860558795 ...
[6] Finished: 10368/80000 Evaluate learned policies with averaged returns 32.781799468930835 ...
[0] Finished: 7680/80000 Evaluate learned policies with averaged returns 36.510060860558795 ...
[5] Finished: 7968/80000 Evaluate learned policies with averaged returns 36.510060860558795 ...
[4] Finished: 8064/80000 Evaluate learned policies with averaged returns 36.510060860558795 ...
[3] Finished: 10464/80000 Evaluate learned policies with averaged returns 36.510060860558795 ...
[10] Finished: 10080/80000 Evaluate learned policies with averaged returns 36.510060860558795 ...
[7] Finished: 8928/80000 Evaluate learned policies with averaged returns 36.510060860558795 ...
[6] Finished: 10464/80000 Evaluate learned policies with averaged returns 27.189407381488895 ...
[0] Finished: 7776/80000 Evaluate learned policies with averaged returns 36.510060860558795 ...
[5] Finished: 8064/80000 Evaluate learned policies with averaged returns 36.510060860558795 ...
[3] Finished: 10560/80000 Evaluate learned policies with averaged returns 36.510060860558795 ...
[4] Finished: 8160/80000 Evaluate learned policies with averaged returns 36.510060860558795 ...
[10] Finished: 10176/80000 Evaluate learned policies with averaged returns 36.510060860558795 ...
[7] Finished: 9024/80000 Evaluate learned policies with averaged returns 36.510060860558795 ...
[0] Finished: 7872/80000 Evaluate learned policies with averaged returns 36.510060860558795 ...
[6] Finished: 10560/80000 Evaluate learned policies with averaged returns 30.917668773116855 ...
[5] Finished: 8160/80000 Evaluate learned policies with averaged returns 36.510060860558795 ...
[4] Finished: 8256/80000 Evaluate learned policies with averaged returns 36.510060860558795 ...
[3] Finished: 10656/80000 Evaluate learned policies with averaged returns 36.510060860558795 ...
[10] Finished: 10272/80000 Evaluate learned policies with averaged returns 36.510060860558795 ...
[7] Finished: 9120/80000 Evaluate learned policies with averaged returns 34.64593016474481 ...
[4] Finished: 8352/80000 Evaluate learned policies with averaged returns 36.510060860558795 ...
[6] Finished: 10656/80000 Evaluate learned policies with averaged returns 23.46114598986094 ...
[5] Finished: 8256/80000 Evaluate learned policies with averaged returns 36.510060860558795 ...
[0] Finished: 7968/80000 Evaluate learned policies with averaged returns 36.510060860558795 ...
[10] Finished: 10368/80000 Evaluate learned policies with averaged returns 36.510060860558795 ...
[7] Finished: 9216/80000 Evaluate learned policies with averaged returns 36.510060860558795 ...
[3] Finished: 10752/80000 Evaluate learned policies with averaged returns 36.510060860558795 ...
[4] Finished: 8448/80000 Evaluate learned policies with averaged returns 36.510060860558795 ...
[5] Finished: 8352/80000 Evaluate learned policies with averaged returns 36.510060860558795 ...
[0] Finished: 8064/80000 Evaluate learned policies with averaged returns 36.510060860558795 ...
[10] Finished: 10464/80000 Evaluate learned policies with averaged returns 36.510060860558795 ...
[6] Finished: 10752/80000 Evaluate learned policies with averaged returns 36.510060860558795 ...
[7] Finished: 9312/80000 Evaluate learned policies with averaged returns 36.510060860558795 ...
[3] Finished: 10848/80000 Evaluate learned policies with averaged returns 36.510060860558795 ...
[5] Finished: 8448/80000 Evaluate learned policies with averaged returns 36.510060860558795 ...
[4] Finished: 8544/80000 Evaluate learned policies with averaged returns 36.510060860558795 ...
[10] Finished: 10560/80000 Evaluate learned policies with averaged returns 36.510060860558795 ...
[0] Finished: 8160/80000 Evaluate learned policies with averaged returns 36.510060860558795 ...
[6] Finished: 10848/80000 Evaluate learned policies with averaged returns 36.510060860558795 ...
[5] Finished: 8544/80000 Evaluate learned policies with averaged returns 36.510060860558795 ...
[7] Finished: 9408/80000 Evaluate learned policies with averaged returns 36.510060860558795 ...
[4] Finished: 8640/80000 Evaluate learned policies with averaged returns 36.510060860558795 ...
[3] Finished: 10944/80000 Evaluate learned policies with averaged returns 36.510060860558795 ...
[10] Finished: 10656/80000 Evaluate learned policies with averaged returns 36.510060860558795 ...
[0] Finished: 8256/80000 Evaluate learned policies with averaged returns 36.510060860558795 ...
[5] Finished: 8640/80000 Evaluate learned policies with averaged returns 36.510060860558795 ...
[6] Finished: 10944/80000 Evaluate learned policies with averaged returns 27.189407381488895 ...
[4] Finished: 8736/80000 Evaluate learned policies with averaged returns 36.510060860558795 ...
[7] Finished: 9504/80000 Evaluate learned policies with averaged returns 36.510060860558795 ...
[3] Finished: 11040/80000 Evaluate learned policies with averaged returns 36.510060860558795 ...
[10] Finished: 10752/80000 Evaluate learned policies with averaged returns 36.510060860558795 ...
[5] Finished: 8736/80000 Evaluate learned policies with averaged returns 36.510060860558795 ...
[4] Finished: 8832/80000 Evaluate learned policies with averaged returns 36.510060860558795 ...
[0] Finished: 8352/80000 Evaluate learned policies with averaged returns 36.510060860558795 ...
[6] Finished: 11040/80000 Evaluate learned policies with averaged returns 30.917668773116855 ...
[7] Finished: 9600/80000 Evaluate learned policies with averaged returns 36.510060860558795 ...
[3] Finished: 11136/80000 Evaluate learned policies with averaged returns 36.510060860558795 ...
[10] Finished: 10848/80000 Evaluate learned policies with averaged returns 36.510060860558795 ...
[5] Finished: 8832/80000 Evaluate learned policies with averaged returns 36.510060860558795 ...
[4] Finished: 8928/80000 Evaluate learned policies with averaged returns 36.510060860558795 ...
[0] Finished: 8448/80000 Evaluate learned policies with averaged returns 36.510060860558795 ...
[7] Finished: 9696/80000 Evaluate learned policies with averaged returns 36.510060860558795 ...
[6] Finished: 11136/80000 Evaluate learned policies with averaged returns 30.917668773116855 ...
[10] Finished: 10944/80000 Evaluate learned policies with averaged returns 36.510060860558795 ...
[3] Finished: 11232/80000 Evaluate learned policies with averaged returns 36.510060860558795 ...
[5] Finished: 8928/80000 Evaluate learned policies with averaged returns 36.510060860558795 ...
[4] Finished: 9024/80000 Evaluate learned policies with averaged returns 36.510060860558795 ...
[0] Finished: 8544/80000 Evaluate learned policies with averaged returns 36.510060860558795 ...
[5] Finished: 9024/80000 Evaluate learned policies with averaged returns 36.510060860558795 ...
[10] Finished: 11040/80000 Evaluate learned policies with averaged returns 36.510060860558795 ...
[7] Finished: 9792/80000 Evaluate learned policies with averaged returns 36.510060860558795 ...
[6] Finished: 11232/80000 Evaluate learned policies with averaged returns 32.781799468930835 ...
[4] Finished: 9120/80000 Evaluate learned policies with averaged returns 36.510060860558795 ...
[3] Finished: 11328/80000 Evaluate learned policies with averaged returns 36.510060860558795 ...
[5] Finished: 9120/80000 Evaluate learned policies with averaged returns 36.510060860558795 ...
[10] Finished: 11136/80000 Evaluate learned policies with averaged returns 36.510060860558795 ...
[0] Finished: 8640/80000 Evaluate learned policies with averaged returns 36.510060860558795 ...
[4] Finished: 9216/80000 Evaluate learned policies with averaged returns 36.510060860558795 ...
[6] Finished: 11328/80000 Evaluate learned policies with averaged returns 34.64593016474481 ...
[7] Finished: 9888/80000 Evaluate learned policies with averaged returns 36.510060860558795 ...
[3] Finished: 11424/80000 Evaluate learned policies with averaged returns 36.510060860558795 ...
[5] Finished: 9216/80000 Evaluate learned policies with averaged returns 36.510060860558795 ...
[10] Finished: 11232/80000 Evaluate learned policies with averaged returns 36.510060860558795 ...
[4] Finished: 9312/80000 Evaluate learned policies with averaged returns 36.510060860558795 ...
[0] Finished: 8736/80000 Evaluate learned policies with averaged returns 36.510060860558795 ...
[6] Finished: 11424/80000 Evaluate learned policies with averaged returns 36.510060860558795 ...
[3] Finished: 11520/80000 Evaluate learned policies with averaged returns 36.510060860558795 ...
[7] Finished: 9984/80000 Evaluate learned policies with averaged returns 36.510060860558795 ...
[10] Finished: 11328/80000 Evaluate learned policies with averaged returns 34.64593016474481 ...
[5] Finished: 9312/80000 Evaluate learned policies with averaged returns 36.510060860558795 ...
[4] Finished: 9408/80000 Evaluate learned policies with averaged returns 36.510060860558795 ...
[0] Finished: 8832/80000 Evaluate learned policies with averaged returns 36.510060860558795 ...
[6] Finished: 11520/80000 Evaluate learned policies with averaged returns 32.781799468930835 ...
[10] Finished: 11424/80000 Evaluate learned policies with averaged returns 36.510060860558795 ...
[5] Finished: 9408/80000 Evaluate learned policies with averaged returns 36.510060860558795 ...
[7] Finished: 10080/80000 Evaluate learned policies with averaged returns 36.510060860558795 ...
[3] Finished: 11616/80000 Evaluate learned policies with averaged returns 36.510060860558795 ...
[4] Finished: 9504/80000 Evaluate learned policies with averaged returns 36.510060860558795 ...
[5] Finished: 9504/80000 Evaluate learned policies with averaged returns 36.510060860558795 ...
[10] Finished: 11520/80000 Evaluate learned policies with averaged returns 34.64593016474481 ...
[0] Finished: 8928/80000 Evaluate learned policies with averaged returns 36.510060860558795 ...
[6] Finished: 11616/80000 Evaluate learned policies with averaged returns 29.053538077302882 ...
[3] Finished: 11712/80000 Evaluate learned policies with averaged returns 36.510060860558795 ...
[4] Finished: 9600/80000 Evaluate learned policies with averaged returns 36.510060860558795 ...
[7] Finished: 10176/80000 Evaluate learned policies with averaged returns 36.510060860558795 ...
[10] Finished: 11616/80000 Evaluate learned policies with averaged returns 36.510060860558795 ...
[5] Finished: 9600/80000 Evaluate learned policies with averaged returns 36.510060860558795 ...
[4] Finished: 9696/80000 Evaluate learned policies with averaged returns 36.510060860558795 ...
[0] Finished: 9024/80000 Evaluate learned policies with averaged returns 36.510060860558795 ...
[3] Finished: 11808/80000 Evaluate learned policies with averaged returns 36.510060860558795 ...
[6] Finished: 11712/80000 Evaluate learned policies with averaged returns 34.64593016474481 ...
[7] Finished: 10272/80000 Evaluate learned policies with averaged returns 34.64593016474481 ...
[5] Finished: 9696/80000 Evaluate learned policies with averaged returns 36.510060860558795 ...
[10] Finished: 11712/80000 Evaluate learned policies with averaged returns 36.510060860558795 ...
[4] Finished: 9792/80000 Evaluate learned policies with averaged returns 36.510060860558795 ...
[0] Finished: 9120/80000 Evaluate learned policies with averaged returns 36.510060860558795 ...
[3] Finished: 11904/80000 Evaluate learned policies with averaged returns 36.510060860558795 ...
[6] Finished: 11808/80000 Evaluate learned policies with averaged returns 32.781799468930835 ...
[5] Finished: 9792/80000 Evaluate learned policies with averaged returns 36.510060860558795 ...
[10] Finished: 11808/80000 Evaluate learned policies with averaged returns 36.510060860558795 ...
[7] Finished: 10368/80000 Evaluate learned policies with averaged returns 36.510060860558795 ...
[4] Finished: 9888/80000 Evaluate learned policies with averaged returns 36.510060860558795 ...
[0] Finished: 9216/80000 Evaluate learned policies with averaged returns 36.510060860558795 ...
[5] Finished: 9888/80000 Evaluate learned policies with averaged returns 36.510060860558795 ...
[10] Finished: 11904/80000 Evaluate learned policies with averaged returns 36.510060860558795 ...
[6] Finished: 11904/80000 Evaluate learned policies with averaged returns 36.510060860558795 ...
[3] Finished: 12000/80000 Evaluate learned policies with averaged returns 36.510060860558795 ...
[7] Finished: 10464/80000 Evaluate learned policies with averaged returns 36.510060860558795 ...
[4] Finished: 9984/80000 Evaluate learned policies with averaged returns 36.510060860558795 ...
[5] Finished: 9984/80000 Evaluate learned policies with averaged returns 36.510060860558795 ...
[10] Finished: 12000/80000 Evaluate learned policies with averaged returns 36.510060860558795 ...
[0] Finished: 9312/80000 Evaluate learned policies with averaged returns 36.510060860558795 ...
[4] Finished: 10080/80000 Evaluate learned policies with averaged returns 36.510060860558795 ...
[6] Finished: 12000/80000 Evaluate learned policies with averaged returns 30.917668773116855 ...
[3] Finished: 12096/80000 Evaluate learned policies with averaged returns 36.510060860558795 ...
[7] Finished: 10560/80000 Evaluate learned policies with averaged returns 36.510060860558795 ...
[10] Finished: 12096/80000 Evaluate learned policies with averaged returns 36.510060860558795 ...
[5] Finished: 10080/80000 Evaluate learned policies with averaged returns 36.510060860558795 ...
[4] Finished: 10176/80000 Evaluate learned policies with averaged returns 36.510060860558795 ...
[0] Finished: 9408/80000 Evaluate learned policies with averaged returns 36.510060860558795 ...
[6] Finished: 12096/80000 Evaluate learned policies with averaged returns 32.781799468930835 ...
[3] Finished: 12192/80000 Evaluate learned policies with averaged returns 36.510060860558795 ...
[10] Finished: 12192/80000 Evaluate learned policies with averaged returns 36.510060860558795 ...
[5] Finished: 10176/80000 Evaluate learned policies with averaged returns 36.510060860558795 ...
[7] Finished: 10656/80000 Evaluate learned policies with averaged returns 32.78179946893083 ...
[4] Finished: 10272/80000 Evaluate learned policies with averaged returns 36.510060860558795 ...
[0] Finished: 9504/80000 Evaluate learned policies with averaged returns 36.510060860558795 ...
[10] Finished: 12288/80000 Evaluate learned policies with averaged returns 36.510060860558795 ...
[6] Finished: 12192/80000 Evaluate learned policies with averaged returns 36.510060860558795 ...
[3] Finished: 12288/80000 Evaluate learned policies with averaged returns 36.510060860558795 ...
[5] Finished: 10272/80000 Evaluate learned policies with averaged returns 36.510060860558795 ...
[7] Finished: 10752/80000 Evaluate learned policies with averaged returns 29.053538077302875 ...
[4] Finished: 10368/80000 Evaluate learned policies with averaged returns 36.510060860558795 ...
[10] Finished: 12384/80000 Evaluate learned policies with averaged returns 36.510060860558795 ...
[5] Finished: 10368/80000 Evaluate learned policies with averaged returns 36.510060860558795 ...
[0] Finished: 9600/80000 Evaluate learned policies with averaged returns 36.510060860558795 ...
[3] Finished: 12384/80000 Evaluate learned policies with averaged returns 36.510060860558795 ...
[4] Finished: 10464/80000 Evaluate learned policies with averaged returns 36.510060860558795 ...
[6] Finished: 12288/80000 Evaluate learned policies with averaged returns 32.78179946893083 ...
[7] Finished: 10848/80000 Evaluate learned policies with averaged returns 32.78179946893083 ...
[10] Finished: 12480/80000 Evaluate learned policies with averaged returns 36.510060860558795 ...
[5] Finished: 10464/80000 Evaluate learned policies with averaged returns 36.510060860558795 ...
[0] Finished: 9696/80000 Evaluate learned policies with averaged returns 36.510060860558795 ...
[4] Finished: 10560/80000 Evaluate learned policies with averaged returns 36.510060860558795 ...
[6] Finished: 12384/80000 Evaluate learned policies with averaged returns 32.78179946893083 ...
[3] Finished: 12480/80000 Evaluate learned policies with averaged returns 34.64593016474481 ...
[7] Finished: 10944/80000 Evaluate learned policies with averaged returns 34.64593016474481 ...
[10] Finished: 12576/80000 Evaluate learned policies with averaged returns 36.510060860558795 ...
[5] Finished: 10560/80000 Evaluate learned policies with averaged returns 36.510060860558795 ...
[4] Finished: 10656/80000 Evaluate learned policies with averaged returns 36.510060860558795 ...
[0] Finished: 9792/80000 Evaluate learned policies with averaged returns 36.510060860558795 ...
[3] Finished: 12576/80000 Evaluate learned policies with averaged returns 36.510060860558795 ...
[6] Finished: 12480/80000 Evaluate learned policies with averaged returns 34.64593016474481 ...
[7] Finished: 11040/80000 Evaluate learned policies with averaged returns 34.64593016474481 ...
[10] Finished: 12672/80000 Evaluate learned policies with averaged returns 36.510060860558795 ...
[5] Finished: 10656/80000 Evaluate learned policies with averaged returns 36.510060860558795 ...
[4] Finished: 10752/80000 Evaluate learned policies with averaged returns 36.510060860558795 ...
[0] Finished: 9888/80000 Evaluate learned policies with averaged returns 36.510060860558795 ...
[7] Finished: 11136/80000 Evaluate learned policies with averaged returns 34.64593016474481 ...
[3] Finished: 12672/80000 Evaluate learned policies with averaged returns 36.510060860558795 ...
[6] Finished: 12576/80000 Evaluate learned policies with averaged returns 36.510060860558795 ...
[5] Finished: 10752/80000 Evaluate learned policies with averaged returns 36.510060860558795 ...
[10] Finished: 12768/80000 Evaluate learned policies with averaged returns 36.510060860558795 ...
[0] Finished: 9984/80000 Evaluate learned policies with averaged returns 36.510060860558795 ...
[4] Finished: 10848/80000 Evaluate learned policies with averaged returns 36.510060860558795 ...
[3] Finished: 12768/80000 Evaluate learned policies with averaged returns 36.510060860558795 ...
[7] Finished: 11232/80000 Evaluate learned policies with averaged returns 30.917668773116855 ...
[6] Finished: 12672/80000 Evaluate learned policies with averaged returns 32.781799468930835 ...
[0] Finished: 10080/80000 Evaluate learned policies with averaged returns 36.510060860558795 ...
[5] Finished: 10848/80000 Evaluate learned policies with averaged returns 36.510060860558795 ...
[10] Finished: 12864/80000 Evaluate learned policies with averaged returns 36.510060860558795 ...
[7] Finished: 11328/80000 Evaluate learned policies with averaged returns 36.510060860558795 ...
[4] Finished: 10944/80000 Evaluate learned policies with averaged returns 36.510060860558795 ...
[3] Finished: 12864/80000 Evaluate learned policies with averaged returns 36.510060860558795 ...
[0] Finished: 10176/80000 Evaluate learned policies with averaged returns 36.510060860558795 ...
[6] Finished: 12768/80000 Evaluate learned policies with averaged returns 30.917668773116855 ...
[5] Finished: 10944/80000 Evaluate learned policies with averaged returns 36.510060860558795 ...
[7] Finished: 11424/80000 Evaluate learned policies with averaged returns 36.510060860558795 ...
[10] Finished: 12960/80000 Evaluate learned policies with averaged returns 36.510060860558795 ...
[3] Finished: 12960/80000 Evaluate learned policies with averaged returns 36.510060860558795 ...
[4] Finished: 11040/80000 Evaluate learned policies with averaged returns 36.510060860558795 ...
[0] Finished: 10272/80000 Evaluate learned policies with averaged returns 36.510060860558795 ...
[6] Finished: 12864/80000 Evaluate learned policies with averaged returns 32.781799468930835 ...
[5] Finished: 11040/80000 Evaluate learned policies with averaged returns 36.510060860558795 ...
[7] Finished: 11520/80000 Evaluate learned policies with averaged returns 34.64593016474481 ...
[10] Finished: 13056/80000 Evaluate learned policies with averaged returns 36.510060860558795 ...
[4] Finished: 11136/80000 Evaluate learned policies with averaged returns 36.510060860558795 ...
[3] Finished: 13056/80000 Evaluate learned policies with averaged returns 36.510060860558795 ...
[0] Finished: 10368/80000 Evaluate learned policies with averaged returns 36.510060860558795 ...
[5] Finished: 11136/80000 Evaluate learned policies with averaged returns 36.510060860558795 ...
[10] Finished: 13152/80000 Evaluate learned policies with averaged returns 36.510060860558795 ...
[6] Finished: 12960/80000 Evaluate learned policies with averaged returns 27.1894073814889 ...
[4] Finished: 11232/80000 Evaluate learned policies with averaged returns 36.510060860558795 ...
[7] Finished: 11616/80000 Evaluate learned policies with averaged returns 32.781799468930835 ...
[3] Finished: 13152/80000 Evaluate learned policies with averaged returns 36.510060860558795 ...
[5] Finished: 11232/80000 Evaluate learned policies with averaged returns 36.510060860558795 ...
[0] Finished: 10464/80000 Evaluate learned policies with averaged returns 36.510060860558795 ...
[10] Finished: 13248/80000 Evaluate learned policies with averaged returns 34.64593016474481 ...
[4] Finished: 11328/80000 Evaluate learned policies with averaged returns 36.510060860558795 ...
[6] Finished: 13056/80000 Evaluate learned policies with averaged returns 36.510060860558795 ...
[7] Finished: 11712/80000 Evaluate learned policies with averaged returns 34.64593016474481 ...
[3] Finished: 13248/80000 Evaluate learned policies with averaged returns 36.510060860558795 ...
[5] Finished: 11328/80000 Evaluate learned policies with averaged returns 36.510060860558795 ...
[10] Finished: 13344/80000 Evaluate learned policies with averaged returns 36.510060860558795 ...
[4] Finished: 11424/80000 Evaluate learned policies with averaged returns 36.510060860558795 ...
[0] Finished: 10560/80000 Evaluate learned policies with averaged returns 36.510060860558795 ...
[7] Finished: 11808/80000 Evaluate learned policies with averaged returns 36.510060860558795 ...
[6] Finished: 13152/80000 Evaluate learned policies with averaged returns 29.053538077302875 ...
[5] Finished: 11424/80000 Evaluate learned policies with averaged returns 36.510060860558795 ...
[10] Finished: 13440/80000 Evaluate learned policies with averaged returns 36.510060860558795 ...
[4] Finished: 11520/80000 Evaluate learned policies with averaged returns 36.510060860558795 ...
[3] Finished: 13344/80000 Evaluate learned policies with averaged returns 36.510060860558795 ...
[0] Finished: 10656/80000 Evaluate learned policies with averaged returns 36.510060860558795 ...
[10] Finished: 13536/80000 Evaluate learned policies with averaged returns 36.510060860558795 ...
[5] Finished: 11520/80000 Evaluate learned policies with averaged returns 36.510060860558795 ...
[6] Finished: 13248/80000 Evaluate learned policies with averaged returns 36.510060860558795 ...
[4] Finished: 11616/80000 Evaluate learned policies with averaged returns 36.510060860558795 ...
[7] Finished: 11904/80000 Evaluate learned policies with averaged returns 36.510060860558795 ...
[3] Finished: 13440/80000 Evaluate learned policies with averaged returns 36.510060860558795 ...
[10] Finished: 13632/80000 Evaluate learned policies with averaged returns 34.64593016474481 ...
[5] Finished: 11616/80000 Evaluate learned policies with averaged returns 36.510060860558795 ...
[4] Finished: 11712/80000 Evaluate learned policies with averaged returns 36.510060860558795 ...
[0] Finished: 10752/80000 Evaluate learned policies with averaged returns 36.510060860558795 ...
[6] Finished: 13344/80000 Evaluate learned policies with averaged returns 36.510060860558795 ...
[7] Finished: 12000/80000 Evaluate learned policies with averaged returns 36.510060860558795 ...
[10] Finished: 13728/80000 Evaluate learned policies with averaged returns 36.510060860558795 ...
[3] Finished: 13536/80000 Evaluate learned policies with averaged returns 36.510060860558795 ...
[4] Finished: 11808/80000 Evaluate learned policies with averaged returns 36.510060860558795 ...
[5] Finished: 11712/80000 Evaluate learned policies with averaged returns 36.510060860558795 ...
[0] Finished: 10848/80000 Evaluate learned policies with averaged returns 36.510060860558795 ...
[10] Finished: 13824/80000 Evaluate learned policies with averaged returns 32.781799468930835 ...
[6] Finished: 13440/80000 Evaluate learned policies with averaged returns 32.781799468930835 ...
[7] Finished: 12096/80000 Evaluate learned policies with averaged returns 36.510060860558795 ...
[4] Finished: 11904/80000 Evaluate learned policies with averaged returns 36.510060860558795 ...
[3] Finished: 13632/80000 Evaluate learned policies with averaged returns 36.510060860558795 ...
[5] Finished: 11808/80000 Evaluate learned policies with averaged returns 36.510060860558795 ...
[0] Finished: 10944/80000 Evaluate learned policies with averaged returns 36.510060860558795 ...
[10] Finished: 13920/80000 Evaluate learned policies with averaged returns 29.053538077302875 ...
[4] Finished: 12000/80000 Evaluate learned policies with averaged returns 36.510060860558795 ...
[6] Finished: 13536/80000 Evaluate learned policies with averaged returns 32.781799468930835 ...
[7] Finished: 12192/80000 Evaluate learned policies with averaged returns 34.64593016474481 ...
[5] Finished: 11904/80000 Evaluate learned policies with averaged returns 36.510060860558795 ...
[3] Finished: 13728/80000 Evaluate learned policies with averaged returns 36.510060860558795 ...
[10] Finished: 14016/80000 Evaluate learned policies with averaged returns 30.917668773116855 ...
[0] Finished: 11040/80000 Evaluate learned policies with averaged returns 36.510060860558795 ...
[4] Finished: 12096/80000 Evaluate learned policies with averaged returns 36.510060860558795 ...
[5] Finished: 12000/80000 Evaluate learned policies with averaged returns 36.510060860558795 ...
[6] Finished: 13632/80000 Evaluate learned policies with averaged returns 36.510060860558795 ...
[7] Finished: 12288/80000 Evaluate learned policies with averaged returns 36.510060860558795 ...
[10] Finished: 14112/80000 Evaluate learned policies with averaged returns 27.189407381488895 ...
[3] Finished: 13824/80000 Evaluate learned policies with averaged returns 36.510060860558795 ...
[4] Finished: 12192/80000 Evaluate learned policies with averaged returns 36.510060860558795 ...
[0] Finished: 11136/80000 Evaluate learned policies with averaged returns 36.510060860558795 ...
[5] Finished: 12096/80000 Evaluate learned policies with averaged returns 36.510060860558795 ...
[6] Finished: 13728/80000 Evaluate learned policies with averaged returns 32.781799468930835 ...
[4] Finished: 12288/80000 Evaluate learned policies with averaged returns 36.510060860558795 ...
[10] Finished: 14208/80000 Evaluate learned policies with averaged returns 25.325276685674915 ...
[7] Finished: 12384/80000 Evaluate learned policies with averaged returns 34.64593016474481 ...
[3] Finished: 13920/80000 Evaluate learned policies with averaged returns 36.510060860558795 ...
[10] Finished: 14304/80000 Evaluate learned policies with averaged returns 32.78179946893083 ...
[4] Finished: 12384/80000 Evaluate learned policies with averaged returns 36.510060860558795 ...
[0] Finished: 11232/80000 Evaluate learned policies with averaged returns 36.510060860558795 ...
[5] Finished: 12192/80000 Evaluate learned policies with averaged returns 36.510060860558795 ...
[7] Finished: 12480/80000 Evaluate learned policies with averaged returns 36.510060860558795 ...
[6] Finished: 13824/80000 Evaluate learned policies with averaged returns 34.64593016474481 ...
[3] Finished: 14016/80000 Evaluate learned policies with averaged returns 36.510060860558795 ...
[10] Finished: 14400/80000 Evaluate learned policies with averaged returns 36.510060860558795 ...
[4] Finished: 12480/80000 Evaluate learned policies with averaged returns 36.510060860558795 ...
[0] Finished: 11328/80000 Evaluate learned policies with averaged returns 36.510060860558795 ...
[5] Finished: 12288/80000 Evaluate learned policies with averaged returns 36.510060860558795 ...
[10] Finished: 14496/80000 Evaluate learned policies with averaged returns 32.781799468930835 ...
[4] Finished: 12576/80000 Evaluate learned policies with averaged returns 36.510060860558795 ...
[7] Finished: 12576/80000 Evaluate learned policies with averaged returns 36.510060860558795 ...
[6] Finished: 13920/80000 Evaluate learned policies with averaged returns 34.64593016474481 ...
/home/lin.wo/macro_marl_ppo/src/macro_marl/cores/pg_based/mac_ippov2/models.py:40: RuntimeWarning: divide by zero encountered in log
  logits_1 = action_logits + np.log(1-eps)
[3] Finished: 14112/80000 Evaluate learned policies with averaged returns 36.510060860558795 ...
wandb: - 0.005 MB of 0.005 MB uploadedwandb: \ 0.005 MB of 0.005 MB uploadedwandb: | 0.020 MB of 0.020 MB uploadedwandb: 
wandb: Run history:
wandb:    episodes ▁▁▁▂▂▂▂▂▂▃▃▃▃▃▃▄▄▄▄▄▅▅▅▅▅▅▆▆▆▆▆▆▇▇▇▇▇███
wandb: mean_return ▁▂▁▂▃▄▇█▇███████████████████████████████
wandb: 
wandb: Run summary:
wandb:    episodes 12576
wandb: mean_return 36.51006
wandb: 
wandb: 🚀 View run skilled-capybara-20 at: https://wandb.ai/wwlin1198/ma_ippo_bp10_discovery/runs/g31k698t
wandb: ⭐️ View project at: https://wandb.ai/wwlin1198/ma_ippo_bp10_discovery
wandb: Synced 5 W&B file(s), 0 media file(s), 0 artifact file(s) and 0 other file(s)
wandb: Find logs at: ./wandb/run-20240912_131134-g31k698t/logs
[0] Finished: 11424/80000 Evaluate learned policies with averaged returns 36.510060860558795 ...
[5] Finished: 12384/80000 Evaluate learned policies with averaged returns 36.510060860558795 ...
[10] Finished: 14592/80000 Evaluate learned policies with averaged returns 27.189407381488895 ...
Traceback (most recent call last):
  File "/scratch/lin.wo/macro_marl/bin/pg_based_main.py", line 7, in <module>
    exec(compile(f.read(), __file__, 'exec'))
  File "/home/lin.wo/macro_marl_ppo/scripts/pg_based_main.py", line 178, in <module>
    main(args)
  File "/home/lin.wo/macro_marl_ppo/scripts/pg_based_main.py", line 94, in main
    model.learn()
  File "/home/lin.wo/macro_marl_ppo/src/macro_marl/algs/pg_based/mac_ippov2.py", line 142, in learn
    self.learner.train(eps, self.ppo_clip_value, self.ppo_epochs)
  File "/home/lin.wo/macro_marl_ppo/src/macro_marl/cores/pg_based/mac_ippov2/learner.py", line 124, in train
    old_actor = torch.load(PATH)
  File "/scratch/lin.wo/macro_marl/lib/python3.8/site-packages/torch/serialization.py", line 1040, in load
    return _legacy_load(opened_file, map_location, pickle_module, **pickle_load_args)
  File "/scratch/lin.wo/macro_marl/lib/python3.8/site-packages/torch/serialization.py", line 1262, in _legacy_load
    magic_number = pickle_module.load(f, **pickle_load_args)
EOFError: Ran out of input
[7] Finished: 12672/80000 Evaluate learned policies with averaged returns 36.510060860558795 ...
[6] Finished: 14016/80000 Evaluate learned policies with averaged returns 32.78179946893083 ...
[3] Finished: 14208/80000 Evaluate learned policies with averaged returns 36.510060860558795 ...
[10] Finished: 14688/80000 Evaluate learned policies with averaged returns 30.917668773116855 ...
[0] Finished: 11520/80000 Evaluate learned policies with averaged returns 36.510060860558795 ...
[5] Finished: 12480/80000 Evaluate learned policies with averaged returns 36.510060860558795 ...
[6] Finished: 14112/80000 Evaluate learned policies with averaged returns 34.64593016474481 ...
[7] Finished: 12768/80000 Evaluate learned policies with averaged returns 36.510060860558795 ...
[10] Finished: 14784/80000 Evaluate learned policies with averaged returns 36.510060860558795 ...
[3] Finished: 14304/80000 Evaluate learned policies with averaged returns 36.510060860558795 ...
[0] Finished: 11616/80000 Evaluate learned policies with averaged returns 36.510060860558795 ...
[5] Finished: 12576/80000 Evaluate learned policies with averaged returns 36.510060860558795 ...
[6] Finished: 14208/80000 Evaluate learned policies with averaged returns 32.78179946893083 ...
[7] Finished: 12864/80000 Evaluate learned policies with averaged returns 36.510060860558795 ...
[10] Finished: 14880/80000 Evaluate learned policies with averaged returns 34.64593016474481 ...
[3] Finished: 14400/80000 Evaluate learned policies with averaged returns 36.510060860558795 ...
[0] Finished: 11712/80000 Evaluate learned policies with averaged returns 36.510060860558795 ...
[5] Finished: 12672/80000 Evaluate learned policies with averaged returns 36.510060860558795 ...
[10] Finished: 14976/80000 Evaluate learned policies with averaged returns 30.917668773116855 ...
[6] Finished: 14304/80000 Evaluate learned policies with averaged returns 29.053538077302875 ...
[3] Finished: 14496/80000 Evaluate learned policies with averaged returns 36.510060860558795 ...
[7] Finished: 12960/80000 Evaluate learned policies with averaged returns 32.781799468930835 ...
[0] Finished: 11808/80000 Evaluate learned policies with averaged returns 36.510060860558795 ...
[5] Finished: 12768/80000 Evaluate learned policies with averaged returns 36.510060860558795 ...
[10] Finished: 15072/80000 Evaluate learned policies with averaged returns 30.917668773116855 ...
[6] Finished: 14400/80000 Evaluate learned policies with averaged returns 30.917668773116855 ...
[3] Finished: 14592/80000 Evaluate learned policies with averaged returns 36.510060860558795 ...
[7] Finished: 13056/80000 Evaluate learned policies with averaged returns 32.781799468930835 ...
[10] Finished: 15168/80000 Evaluate learned policies with averaged returns 30.917668773116855 ...
[0] Finished: 11904/80000 Evaluate learned policies with averaged returns 36.510060860558795 ...
[5] Finished: 12864/80000 Evaluate learned policies with averaged returns 36.510060860558795 ...
[6] Finished: 14496/80000 Evaluate learned policies with averaged returns 34.64593016474481 ...
[10] Finished: 15264/80000 Evaluate learned policies with averaged returns 25.32527668567492 ...
[7] Finished: 13152/80000 Evaluate learned policies with averaged returns 36.510060860558795 ...
[3] Finished: 14688/80000 Evaluate learned policies with averaged returns 34.64593016474481 ...
[0] Finished: 12000/80000 Evaluate learned policies with averaged returns 36.510060860558795 ...
[5] Finished: 12960/80000 Evaluate learned policies with averaged returns 36.510060860558795 ...
[10] Finished: 15360/80000 Evaluate learned policies with averaged returns 30.917668773116855 ...
[6] Finished: 14592/80000 Evaluate learned policies with averaged returns 30.917668773116855 ...
[7] Finished: 13248/80000 Evaluate learned policies with averaged returns 34.64593016474481 ...
[3] Finished: 14784/80000 Evaluate learned policies with averaged returns 30.91766877311685 ...
[0] Finished: 12096/80000 Evaluate learned policies with averaged returns 36.510060860558795 ...
[5] Finished: 13056/80000 Evaluate learned policies with averaged returns 36.510060860558795 ...
[10] Finished: 15456/80000 Evaluate learned policies with averaged returns 29.053538077302875 ...
[6] Finished: 14688/80000 Evaluate learned policies with averaged returns 30.917668773116855 ...
[7] Finished: 13344/80000 Evaluate learned policies with averaged returns 34.64593016474481 ...
[3] Finished: 14880/80000 Evaluate learned policies with averaged returns 34.64593016474481 ...
[10] Finished: 15552/80000 Evaluate learned policies with averaged returns 29.053538077302875 ...
[0] Finished: 12192/80000 Evaluate learned policies with averaged returns 36.510060860558795 ...
[5] Finished: 13152/80000 Evaluate learned policies with averaged returns 36.510060860558795 ...
[6] Finished: 14784/80000 Evaluate learned policies with averaged returns 32.78179946893083 ...
[7] Finished: 13440/80000 Evaluate learned policies with averaged returns 27.1894073814889 ...
[10] Finished: 15648/80000 Evaluate learned policies with averaged returns 29.053538077302875 ...
[3] Finished: 14976/80000 Evaluate learned policies with averaged returns 34.64593016474481 ...
[0] Finished: 12288/80000 Evaluate learned policies with averaged returns 36.510060860558795 ...
[5] Finished: 13248/80000 Evaluate learned policies with averaged returns 36.510060860558795 ...
[10] Finished: 15744/80000 Evaluate learned policies with averaged returns 30.917668773116855 ...
[6] Finished: 14880/80000 Evaluate learned policies with averaged returns 30.917668773116855 ...
[7] Finished: 13536/80000 Evaluate learned policies with averaged returns 34.64593016474481 ...
[3] Finished: 15072/80000 Evaluate learned policies with averaged returns 36.510060860558795 ...
[0] Finished: 12384/80000 Evaluate learned policies with averaged returns 36.510060860558795 ...
[5] Finished: 13344/80000 Evaluate learned policies with averaged returns 36.510060860558795 ...
[10] Finished: 15840/80000 Evaluate learned policies with averaged returns 32.781799468930835 ...
[6] Finished: 14976/80000 Evaluate learned policies with averaged returns 34.64593016474481 ...
[7] Finished: 13632/80000 Evaluate learned policies with averaged returns 25.32527668567492 ...
[0] Finished: 12480/80000 Evaluate learned policies with averaged returns 36.510060860558795 ...
[3] Finished: 15168/80000 Evaluate learned policies with averaged returns 36.510060860558795 ...
[10] Finished: 15936/80000 Evaluate learned policies with averaged returns 29.053538077302882 ...
[5] Finished: 13440/80000 Evaluate learned policies with averaged returns 36.510060860558795 ...
[6] Finished: 15072/80000 Evaluate learned policies with averaged returns 34.64593016474481 ...
[7] Finished: 13728/80000 Evaluate learned policies with averaged returns 32.781799468930835 ...
[3] Finished: 15264/80000 Evaluate learned policies with averaged returns 36.510060860558795 ...
[10] Finished: 16032/80000 Evaluate learned policies with averaged returns 30.917668773116855 ...
[0] Finished: 12576/80000 Evaluate learned policies with averaged returns 36.510060860558795 ...
[5] Finished: 13536/80000 Evaluate learned policies with averaged returns 36.510060860558795 ...
[6] Finished: 15168/80000 Evaluate learned policies with averaged returns 34.64593016474481 ...
[7] Finished: 13824/80000 Evaluate learned policies with averaged returns 30.917668773116855 ...
[3] Finished: 15360/80000 Evaluate learned policies with averaged returns 36.510060860558795 ...
[10] Finished: 16128/80000 Evaluate learned policies with averaged returns 34.64593016474481 ...
[0] Finished: 12672/80000 Evaluate learned policies with averaged returns 36.510060860558795 ...
[5] Finished: 13632/80000 Evaluate learned policies with averaged returns 36.510060860558795 ...
[6] Finished: 15264/80000 Evaluate learned policies with averaged returns 34.64593016474481 ...
[7] Finished: 13920/80000 Evaluate learned policies with averaged returns 29.053538077302875 ...
[3] Finished: 15456/80000 Evaluate learned policies with averaged returns 36.510060860558795 ...
[10] Finished: 16224/80000 Evaluate learned policies with averaged returns 30.917668773116855 ...
[0] Finished: 12768/80000 Evaluate learned policies with averaged returns 36.510060860558795 ...
[5] Finished: 13728/80000 Evaluate learned policies with averaged returns 36.510060860558795 ...
[6] Finished: 15360/80000 Evaluate learned policies with averaged returns 32.781799468930835 ...
[10] Finished: 16320/80000 Evaluate learned policies with averaged returns 27.189407381488895 ...
[7] Finished: 14016/80000 Evaluate learned policies with averaged returns 32.78179946893083 ...
[3] Finished: 15552/80000 Evaluate learned policies with averaged returns 36.510060860558795 ...
[0] Finished: 12864/80000 Evaluate learned policies with averaged returns 36.510060860558795 ...
[5] Finished: 13824/80000 Evaluate learned policies with averaged returns 36.510060860558795 ...
[10] Finished: 16416/80000 Evaluate learned policies with averaged returns 25.325276685674915 ...
[6] Finished: 15456/80000 Evaluate learned policies with averaged returns 32.78179946893083 ...
[7] Finished: 14112/80000 Evaluate learned policies with averaged returns 32.781799468930835 ...
[3] Finished: 15648/80000 Evaluate learned policies with averaged returns 36.510060860558795 ...
[0] Finished: 12960/80000 Evaluate learned policies with averaged returns 36.510060860558795 ...
[5] Finished: 13920/80000 Evaluate learned policies with averaged returns 36.510060860558795 ...
[10] Finished: 16512/80000 Evaluate learned policies with averaged returns 17.868753902418998 ...
[7] Finished: 14208/80000 Evaluate learned policies with averaged returns 36.510060860558795 ...
[3] Finished: 15744/80000 Evaluate learned policies with averaged returns 34.64593016474481 ...
[6] Finished: 15552/80000 Evaluate learned policies with averaged returns 32.78179946893083 ...
[0] Finished: 13056/80000 Evaluate learned policies with averaged returns 36.510060860558795 ...
[5] Finished: 14016/80000 Evaluate learned policies with averaged returns 36.510060860558795 ...
[10] Finished: 16608/80000 Evaluate learned policies with averaged returns 27.1894073814889 ...
[3] Finished: 15840/80000 Evaluate learned policies with averaged returns 36.510060860558795 ...
[6] Finished: 15648/80000 Evaluate learned policies with averaged returns 30.917668773116855 ...
[7] Finished: 14304/80000 Evaluate learned policies with averaged returns 32.781799468930835 ...
[5] Finished: 14112/80000 Evaluate learned policies with averaged returns 36.510060860558795 ...
[0] Finished: 13152/80000 Evaluate learned policies with averaged returns 36.510060860558795 ...
[10] Finished: 16704/80000 Evaluate learned policies with averaged returns 32.78179946893083 ...
[3] Finished: 15936/80000 Evaluate learned policies with averaged returns 36.510060860558795 ...
[6] Finished: 15744/80000 Evaluate learned policies with averaged returns 29.053538077302875 ...
[7] Finished: 14400/80000 Evaluate learned policies with averaged returns 30.917668773116855 ...
[10] Finished: 16800/80000 Evaluate learned policies with averaged returns 34.64593016474481 ...
[5] Finished: 14208/80000 Evaluate learned policies with averaged returns 36.510060860558795 ...
[0] Finished: 13248/80000 Evaluate learned policies with averaged returns 36.510060860558795 ...
[3] Finished: 16032/80000 Evaluate learned policies with averaged returns 34.64593016474481 ...
[6] Finished: 15840/80000 Evaluate learned policies with averaged returns 27.1894073814889 ...
[10] Finished: 16896/80000 Evaluate learned policies with averaged returns 29.053538077302875 ...
[7] Finished: 14496/80000 Evaluate learned policies with averaged returns 30.917668773116855 ...
[5] Finished: 14304/80000 Evaluate learned policies with averaged returns 36.510060860558795 ...
[0] Finished: 13344/80000 Evaluate learned policies with averaged returns 36.510060860558795 ...
[3] Finished: 16128/80000 Evaluate learned policies with averaged returns 36.510060860558795 ...
[6] Finished: 15936/80000 Evaluate learned policies with averaged returns 32.78179946893083 ...
[7] Finished: 14592/80000 Evaluate learned policies with averaged returns 32.78179946893083 ...
[10] Finished: 16992/80000 Evaluate learned policies with averaged returns 29.053538077302875 ...
[5] Finished: 14400/80000 Evaluate learned policies with averaged returns 36.510060860558795 ...
[0] Finished: 13440/80000 Evaluate learned policies with averaged returns 36.510060860558795 ...
[3] Finished: 16224/80000 Evaluate learned policies with averaged returns 36.510060860558795 ...
[7] Finished: 14688/80000 Evaluate learned policies with averaged returns 34.64593016474481 ...
[6] Finished: 16032/80000 Evaluate learned policies with averaged returns 27.189407381488895 ...
[10] Finished: 17088/80000 Evaluate learned policies with averaged returns 30.917668773116855 ...
[5] Finished: 14496/80000 Evaluate learned policies with averaged returns 36.510060860558795 ...
[0] Finished: 13536/80000 Evaluate learned policies with averaged returns 36.510060860558795 ...
[3] Finished: 16320/80000 Evaluate learned policies with averaged returns 36.510060860558795 ...
[6] Finished: 16128/80000 Evaluate learned policies with averaged returns 36.510060860558795 ...
[7] Finished: 14784/80000 Evaluate learned policies with averaged returns 36.510060860558795 ...
[10] Finished: 17184/80000 Evaluate learned policies with averaged returns 36.510060860558795 ...
[5] Finished: 14592/80000 Evaluate learned policies with averaged returns 36.510060860558795 ...
[0] Finished: 13632/80000 Evaluate learned policies with averaged returns 36.510060860558795 ...
[3] Finished: 16416/80000 Evaluate learned policies with averaged returns 36.510060860558795 ...
[6] Finished: 16224/80000 Evaluate learned policies with averaged returns 32.78179946893083 ...
[10] Finished: 17280/80000 Evaluate learned policies with averaged returns 29.053538077302882 ...
[7] Finished: 14880/80000 Evaluate learned policies with averaged returns 30.917668773116855 ...
[0] Finished: 13728/80000 Evaluate learned policies with averaged returns 36.510060860558795 ...
[5] Finished: 14688/80000 Evaluate learned policies with averaged returns 36.510060860558795 ...
[6] Finished: 16320/80000 Evaluate learned policies with averaged returns 27.1894073814889 ...
[3] Finished: 16512/80000 Evaluate learned policies with averaged returns 36.510060860558795 ...
[10] Finished: 17376/80000 Evaluate learned policies with averaged returns 36.510060860558795 ...
[0] Finished: 13824/80000 Evaluate learned policies with averaged returns 36.510060860558795 ...
[7] Finished: 14976/80000 Evaluate learned policies with averaged returns 34.64593016474481 ...
[5] Finished: 14784/80000 Evaluate learned policies with averaged returns 36.510060860558795 ...
[6] Finished: 16416/80000 Evaluate learned policies with averaged returns 25.32527668567492 ...
[10] Finished: 17472/80000 Evaluate learned policies with averaged returns 29.053538077302875 ...
[3] Finished: 16608/80000 Evaluate learned policies with averaged returns 36.510060860558795 ...
[0] Finished: 13920/80000 Evaluate learned policies with averaged returns 36.510060860558795 ...
[7] Finished: 15072/80000 Evaluate learned policies with averaged returns 30.917668773116855 ...
[10] Finished: 17568/80000 Evaluate learned policies with averaged returns 34.64593016474481 ...
[6] Finished: 16512/80000 Evaluate learned policies with averaged returns 21.597015294046958 ...
[5] Finished: 14880/80000 Evaluate learned policies with averaged returns 36.510060860558795 ...
[0] Finished: 14016/80000 Evaluate learned policies with averaged returns 36.510060860558795 ...
[3] Finished: 16704/80000 Evaluate learned policies with averaged returns 34.64593016474481 ...
[7] Finished: 15168/80000 Evaluate learned policies with averaged returns 36.510060860558795 ...
[10] Finished: 17664/80000 Evaluate learned policies with averaged returns 30.917668773116855 ...
[6] Finished: 16608/80000 Evaluate learned policies with averaged returns 19.732884598232978 ...
[0] Finished: 14112/80000 Evaluate learned policies with averaged returns 36.510060860558795 ...
[5] Finished: 14976/80000 Evaluate learned policies with averaged returns 36.510060860558795 ...
[3] Finished: 16800/80000 Evaluate learned policies with averaged returns 36.510060860558795 ...
[10] Finished: 17760/80000 Evaluate learned policies with averaged returns 32.781799468930835 ...
[7] Finished: 15264/80000 Evaluate learned policies with averaged returns 34.64593016474481 ...
[6] Finished: 16704/80000 Evaluate learned policies with averaged returns 27.189407381488895 ...
[0] Finished: 14208/80000 Evaluate learned policies with averaged returns 36.510060860558795 ...
[5] Finished: 15072/80000 Evaluate learned policies with averaged returns 36.510060860558795 ...
[3] Finished: 16896/80000 Evaluate learned policies with averaged returns 36.510060860558795 ...
[10] Finished: 17856/80000 Evaluate learned policies with averaged returns 30.917668773116855 ...
[7] Finished: 15360/80000 Evaluate learned policies with averaged returns 29.053538077302875 ...
[0] Finished: 14304/80000 Evaluate learned policies with averaged returns 36.510060860558795 ...
[6] Finished: 16800/80000 Evaluate learned policies with averaged returns 27.189407381488895 ...
[5] Finished: 15168/80000 Evaluate learned policies with averaged returns 36.510060860558795 ...
[10] Finished: 17952/80000 Evaluate learned policies with averaged returns 32.78179946893083 ...
[3] Finished: 16992/80000 Evaluate learned policies with averaged returns 36.510060860558795 ...
[0] Finished: 14400/80000 Evaluate learned policies with averaged returns 36.510060860558795 ...
[6] Finished: 16896/80000 Evaluate learned policies with averaged returns 30.917668773116855 ...
[7] Finished: 15456/80000 Evaluate learned policies with averaged returns 29.053538077302875 ...
[5] Finished: 15264/80000 Evaluate learned policies with averaged returns 36.510060860558795 ...
[10] Finished: 18048/80000 Evaluate learned policies with averaged returns 27.1894073814889 ...
[0] Finished: 14496/80000 Evaluate learned policies with averaged returns 36.510060860558795 ...
[6] Finished: 16992/80000 Evaluate learned policies with averaged returns 34.64593016474481 ...
[3] Finished: 17088/80000 Evaluate learned policies with averaged returns 34.64593016474481 ...
[7] Finished: 15552/80000 Evaluate learned policies with averaged returns 32.78179946893083 ...
[10] Finished: 18144/80000 Evaluate learned policies with averaged returns 32.781799468930835 ...
[5] Finished: 15360/80000 Evaluate learned policies with averaged returns 36.510060860558795 ...
[0] Finished: 14592/80000 Evaluate learned policies with averaged returns 36.510060860558795 ...
[6] Finished: 17088/80000 Evaluate learned policies with averaged returns 34.64593016474481 ...
[3] Finished: 17184/80000 Evaluate learned policies with averaged returns 36.510060860558795 ...
[10] Finished: 18240/80000 Evaluate learned policies with averaged returns 30.917668773116855 ...
[0] Finished: 14688/80000 Evaluate learned policies with averaged returns 36.510060860558795 ...
[7] Finished: 15648/80000 Evaluate learned policies with averaged returns 34.64593016474481 ...
[6] Finished: 17184/80000 Evaluate learned policies with averaged returns 32.781799468930835 ...
[5] Finished: 15456/80000 Evaluate learned policies with averaged returns 36.510060860558795 ...
[10] Finished: 18336/80000 Evaluate learned policies with averaged returns 30.917668773116855 ...
[3] Finished: 17280/80000 Evaluate learned policies with averaged returns 36.510060860558795 ...
[0] Finished: 14784/80000 Evaluate learned policies with averaged returns 36.510060860558795 ...
[6] Finished: 17280/80000 Evaluate learned policies with averaged returns 36.510060860558795 ...
[7] Finished: 15744/80000 Evaluate learned policies with averaged returns 32.781799468930835 ...
[5] Finished: 15552/80000 Evaluate learned policies with averaged returns 36.510060860558795 ...
[10] Finished: 18432/80000 Evaluate learned policies with averaged returns 34.64593016474481 ...
[0] Finished: 14880/80000 Evaluate learned policies with averaged returns 36.510060860558795 ...
[3] Finished: 17376/80000 Evaluate learned policies with averaged returns 36.510060860558795 ...
[6] Finished: 17376/80000 Evaluate learned policies with averaged returns 32.78179946893083 ...
[7] Finished: 15840/80000 Evaluate learned policies with averaged returns 27.1894073814889 ...
[5] Finished: 15648/80000 Evaluate learned policies with averaged returns 36.510060860558795 ...
[10] Finished: 18528/80000 Evaluate learned policies with averaged returns 27.1894073814889 ...
[0] Finished: 14976/80000 Evaluate learned policies with averaged returns 36.510060860558795 ...
[3] Finished: 17472/80000 Evaluate learned policies with averaged returns 36.510060860558795 ...
[6] Finished: 17472/80000 Evaluate learned policies with averaged returns 32.781799468930835 ...
[7] Finished: 15936/80000 Evaluate learned policies with averaged returns 27.189407381488895 ...
[10] Finished: 18624/80000 Evaluate learned policies with averaged returns 30.917668773116855 ...
[0] Finished: 15072/80000 Evaluate learned policies with averaged returns 36.510060860558795 ...
[5] Finished: 15744/80000 Evaluate learned policies with averaged returns 36.510060860558795 ...
[6] Finished: 17568/80000 Evaluate learned policies with averaged returns 32.78179946893083 ...
[3] Finished: 17568/80000 Evaluate learned policies with averaged returns 36.510060860558795 ...
[10] Finished: 18720/80000 Evaluate learned policies with averaged returns 30.91766877311685 ...
[7] Finished: 16032/80000 Evaluate learned policies with averaged returns 34.64593016474481 ...
[0] Finished: 15168/80000 Evaluate learned policies with averaged returns 36.510060860558795 ...
[6] Finished: 17664/80000 Evaluate learned policies with averaged returns 34.64593016474481 ...
[5] Finished: 15840/80000 Evaluate learned policies with averaged returns 36.510060860558795 ...
[3] Finished: 17664/80000 Evaluate learned policies with averaged returns 30.91766877311685 ...
[10] Finished: 18816/80000 Evaluate learned policies with averaged returns 29.053538077302875 ...
[0] Finished: 15264/80000 Evaluate learned policies with averaged returns 36.510060860558795 ...
[7] Finished: 16128/80000 Evaluate learned policies with averaged returns 32.78179946893083 ...
[6] Finished: 17760/80000 Evaluate learned policies with averaged returns 30.917668773116855 ...
[5] Finished: 15936/80000 Evaluate learned policies with averaged returns 36.510060860558795 ...
[0] Finished: 15360/80000 Evaluate learned policies with averaged returns 36.510060860558795 ...
[10] Finished: 18912/80000 Evaluate learned policies with averaged returns 27.189407381488895 ...
[3] Finished: 17760/80000 Evaluate learned policies with averaged returns 30.91766877311685 ...
[6] Finished: 17856/80000 Evaluate learned policies with averaged returns 29.053538077302875 ...
[7] Finished: 16224/80000 Evaluate learned policies with averaged returns 34.64593016474481 ...
[5] Finished: 16032/80000 Evaluate learned policies with averaged returns 36.510060860558795 ...
[0] Finished: 15456/80000 Evaluate learned policies with averaged returns 36.510060860558795 ...
[10] Finished: 19008/80000 Evaluate learned policies with averaged returns 29.053538077302875 ...
[3] Finished: 17856/80000 Evaluate learned policies with averaged returns 30.917668773116855 ...
[6] Finished: 17952/80000 Evaluate learned policies with averaged returns 34.64593016474481 ...
[7] Finished: 16320/80000 Evaluate learned policies with averaged returns 32.781799468930835 ...
[10] Finished: 19104/80000 Evaluate learned policies with averaged returns 25.325276685674915 ...
[0] Finished: 15552/80000 Evaluate learned policies with averaged returns 36.510060860558795 ...
[5] Finished: 16128/80000 Evaluate learned policies with averaged returns 36.510060860558795 ...
[6] Finished: 18048/80000 Evaluate learned policies with averaged returns 32.781799468930835 ...
[3] Finished: 17952/80000 Evaluate learned policies with averaged returns 34.64593016474481 ...
[10] Finished: 19200/80000 Evaluate learned policies with averaged returns 30.917668773116855 ...
[0] Finished: 15648/80000 Evaluate learned policies with averaged returns 36.510060860558795 ...
[7] Finished: 16416/80000 Evaluate learned policies with averaged returns 36.510060860558795 ...
[6] Finished: 18144/80000 Evaluate learned policies with averaged returns 34.64593016474481 ...
[5] Finished: 16224/80000 Evaluate learned policies with averaged returns 36.510060860558795 ...
[3] Finished: 18048/80000 Evaluate learned policies with averaged returns 30.917668773116855 ...
[10] Finished: 19296/80000 Evaluate learned policies with averaged returns 30.917668773116855 ...
[0] Finished: 15744/80000 Evaluate learned policies with averaged returns 36.510060860558795 ...
[7] Finished: 16512/80000 Evaluate learned policies with averaged returns 32.78179946893083 ...
[6] Finished: 18240/80000 Evaluate learned policies with averaged returns 34.64593016474481 ...
[5] Finished: 16320/80000 Evaluate learned policies with averaged returns 36.510060860558795 ...
[3] Finished: 18144/80000 Evaluate learned policies with averaged returns 36.510060860558795 ...
[10] Finished: 19392/80000 Evaluate learned policies with averaged returns 25.32527668567492 ...
[0] Finished: 15840/80000 Evaluate learned policies with averaged returns 36.510060860558795 ...
[6] Finished: 18336/80000 Evaluate learned policies with averaged returns 34.64593016474481 ...
[7] Finished: 16608/80000 Evaluate learned policies with averaged returns 30.917668773116855 ...
[5] Finished: 16416/80000 Evaluate learned policies with averaged returns 36.510060860558795 ...
[10] Finished: 19488/80000 Evaluate learned policies with averaged returns 29.053538077302875 ...
[3] Finished: 18240/80000 Evaluate learned policies with averaged returns 32.781799468930835 ...
[6] Finished: 18432/80000 Evaluate learned policies with averaged returns 34.64593016474481 ...
[0] Finished: 15936/80000 Evaluate learned policies with averaged returns 36.510060860558795 ...
[7] Finished: 16704/80000 Evaluate learned policies with averaged returns 32.78179946893083 ...
[10] Finished: 19584/80000 Evaluate learned policies with averaged returns 29.053538077302875 ...
[6] Finished: 18528/80000 Evaluate learned policies with averaged returns 30.917668773116855 ...
[5] Finished: 16512/80000 Evaluate learned policies with averaged returns 36.510060860558795 ...
[3] Finished: 18336/80000 Evaluate learned policies with averaged returns 34.64593016474481 ...
[0] Finished: 16032/80000 Evaluate learned policies with averaged returns 36.510060860558795 ...
[7] Finished: 16800/80000 Evaluate learned policies with averaged returns 34.64593016474481 ...
[6] Finished: 18624/80000 Evaluate learned policies with averaged returns 36.510060860558795 ...
[10] Finished: 19680/80000 Evaluate learned policies with averaged returns 29.053538077302882 ...
[5] Finished: 16608/80000 Evaluate learned policies with averaged returns 36.510060860558795 ...
[3] Finished: 18432/80000 Evaluate learned policies with averaged returns 30.917668773116855 ...
[0] Finished: 16128/80000 Evaluate learned policies with averaged returns 36.510060860558795 ...
[6] Finished: 18720/80000 Evaluate learned policies with averaged returns 30.917668773116855 ...
[10] Finished: 19776/80000 Evaluate learned policies with averaged returns 34.64593016474481 ...
[7] Finished: 16896/80000 Evaluate learned policies with averaged returns 36.510060860558795 ...
[5] Finished: 16704/80000 Evaluate learned policies with averaged returns 36.510060860558795 ...
[3] Finished: 18528/80000 Evaluate learned policies with averaged returns 32.781799468930835 ...
[0] Finished: 16224/80000 Evaluate learned policies with averaged returns 36.510060860558795 ...
[6] Finished: 18816/80000 Evaluate learned policies with averaged returns 36.510060860558795 ...
[10] Finished: 19872/80000 Evaluate learned policies with averaged returns 27.1894073814889 ...
[7] Finished: 16992/80000 Evaluate learned policies with averaged returns 34.64593016474481 ...
[5] Finished: 16800/80000 Evaluate learned policies with averaged returns 34.64593016474481 ...
[3] Finished: 18624/80000 Evaluate learned policies with averaged returns 36.510060860558795 ...
[0] Finished: 16320/80000 Evaluate learned policies with averaged returns 36.510060860558795 ...
[10] Finished: 19968/80000 Evaluate learned policies with averaged returns 32.781799468930835 ...
[6] Finished: 18912/80000 Evaluate learned policies with averaged returns 30.917668773116855 ...
[7] Finished: 17088/80000 Evaluate learned policies with averaged returns 36.510060860558795 ...
[10] Finished: 20064/80000 Evaluate learned policies with averaged returns 29.053538077302882 ...
[6] Finished: 19008/80000 Evaluate learned policies with averaged returns 32.78179946893083 ...
[5] Finished: 16896/80000 Evaluate learned policies with averaged returns 36.510060860558795 ...
[0] Finished: 16416/80000 Evaluate learned policies with averaged returns 36.510060860558795 ...
[3] Finished: 18720/80000 Evaluate learned policies with averaged returns 36.510060860558795 ...
[10] Finished: 20160/80000 Evaluate learned policies with averaged returns 19.732884598232978 ...
[7] Finished: 17184/80000 Evaluate learned policies with averaged returns 36.510060860558795 ...
[6] Finished: 19104/80000 Evaluate learned policies with averaged returns 34.64593016474481 ...
[0] Finished: 16512/80000 Evaluate learned policies with averaged returns 36.510060860558795 ...
[5] Finished: 16992/80000 Evaluate learned policies with averaged returns 36.510060860558795 ...
[3] Finished: 18816/80000 Evaluate learned policies with averaged returns 34.64593016474481 ...
[10] Finished: 20256/80000 Evaluate learned policies with averaged returns 23.46114598986094 ...
[6] Finished: 19200/80000 Evaluate learned policies with averaged returns 34.64593016474481 ...
[7] Finished: 17280/80000 Evaluate learned policies with averaged returns 36.510060860558795 ...
[5] Finished: 17088/80000 Evaluate learned policies with averaged returns 36.510060860558795 ...
[10] Finished: 20352/80000 Evaluate learned policies with averaged returns 29.053538077302875 ...
[3] Finished: 18912/80000 Evaluate learned policies with averaged returns 29.053538077302875 ...
[0] Finished: 16608/80000 Evaluate learned policies with averaged returns 36.510060860558795 ...
[6] Finished: 19296/80000 Evaluate learned policies with averaged returns 32.781799468930835 ...
[7] Finished: 17376/80000 Evaluate learned policies with averaged returns 32.781799468930835 ...
[10] Finished: 20448/80000 Evaluate learned policies with averaged returns 27.1894073814889 ...
[5] Finished: 17184/80000 Evaluate learned policies with averaged returns 36.510060860558795 ...
[0] Finished: 16704/80000 Evaluate learned policies with averaged returns 36.510060860558795 ...
[3] Finished: 19008/80000 Evaluate learned policies with averaged returns 36.510060860558795 ...
[6] Finished: 19392/80000 Evaluate learned policies with averaged returns 34.64593016474481 ...
[10] Finished: 20544/80000 Evaluate learned policies with averaged returns 32.781799468930835 ...
[7] Finished: 17472/80000 Evaluate learned policies with averaged returns 34.64593016474481 ...
[5] Finished: 17280/80000 Evaluate learned policies with averaged returns 36.510060860558795 ...
[0] Finished: 16800/80000 Evaluate learned policies with averaged returns 36.510060860558795 ...
[6] Finished: 19488/80000 Evaluate learned policies with averaged returns 30.917668773116855 ...
[3] Finished: 19104/80000 Evaluate learned policies with averaged returns 32.781799468930835 ...
[10] Finished: 20640/80000 Evaluate learned policies with averaged returns 30.917668773116855 ...
[7] Finished: 17568/80000 Evaluate learned policies with averaged returns 36.510060860558795 ...
[6] Finished: 19584/80000 Evaluate learned policies with averaged returns 34.64593016474481 ...
[0] Finished: 16896/80000 Evaluate learned policies with averaged returns 36.510060860558795 ...
[5] Finished: 17376/80000 Evaluate learned policies with averaged returns 36.510060860558795 ...
[10] Finished: 20736/80000 Evaluate learned policies with averaged returns 27.1894073814889 ...
[3] Finished: 19200/80000 Evaluate learned policies with averaged returns 30.917668773116855 ...
[6] Finished: 19680/80000 Evaluate learned policies with averaged returns 36.510060860558795 ...
[7] Finished: 17664/80000 Evaluate learned policies with averaged returns 36.510060860558795 ...
[10] Finished: 20832/80000 Evaluate learned policies with averaged returns 32.78179946893083 ...
[0] Finished: 16992/80000 Evaluate learned policies with averaged returns 36.510060860558795 ...
[5] Finished: 17472/80000 Evaluate learned policies with averaged returns 36.510060860558795 ...
[3] Finished: 19296/80000 Evaluate learned policies with averaged returns 34.64593016474481 ...
[6] Finished: 19776/80000 Evaluate learned policies with averaged returns 32.78179946893083 ...
[10] Finished: 20928/80000 Evaluate learned policies with averaged returns 32.78179946893083 ...
[7] Finished: 17760/80000 Evaluate learned policies with averaged returns 34.64593016474481 ...
[0] Finished: 17088/80000 Evaluate learned policies with averaged returns 36.510060860558795 ...
[5] Finished: 17568/80000 Evaluate learned policies with averaged returns 36.510060860558795 ...
[3] Finished: 19392/80000 Evaluate learned policies with averaged returns 29.053538077302875 ...
[6] Finished: 19872/80000 Evaluate learned policies with averaged returns 34.64593016474481 ...
[10] Finished: 21024/80000 Evaluate learned policies with averaged returns 32.781799468930835 ...
[7] Finished: 17856/80000 Evaluate learned policies with averaged returns 32.781799468930835 ...
[0] Finished: 17184/80000 Evaluate learned policies with averaged returns 36.510060860558795 ...
[6] Finished: 19968/80000 Evaluate learned policies with averaged returns 36.510060860558795 ...
[10] Finished: 21120/80000 Evaluate learned policies with averaged returns 29.053538077302875 ...
[5] Finished: 17664/80000 Evaluate learned policies with averaged returns 36.510060860558795 ...
[3] Finished: 19488/80000 Evaluate learned policies with averaged returns 34.64593016474481 ...
[7] Finished: 17952/80000 Evaluate learned policies with averaged returns 36.510060860558795 ...
[6] Finished: 20064/80000 Evaluate learned policies with averaged returns 36.510060860558795 ...
[10] Finished: 21216/80000 Evaluate learned policies with averaged returns 34.64593016474481 ...
[0] Finished: 17280/80000 Evaluate learned policies with averaged returns 36.510060860558795 ...
[5] Finished: 17760/80000 Evaluate learned policies with averaged returns 36.510060860558795 ...
[3] Finished: 19584/80000 Evaluate learned policies with averaged returns 29.053538077302875 ...
[10] Finished: 21312/80000 Evaluate learned policies with averaged returns 27.189407381488895 ...
[6] Finished: 20160/80000 Evaluate learned policies with averaged returns 36.510060860558795 ...
[7] Finished: 18048/80000 Evaluate learned policies with averaged returns 36.510060860558795 ...
[0] Finished: 17376/80000 Evaluate learned policies with averaged returns 36.510060860558795 ...
[5] Finished: 17856/80000 Evaluate learned policies with averaged returns 36.510060860558795 ...
[6] Finished: 20256/80000 Evaluate learned policies with averaged returns 34.64593016474481 ...
[3] Finished: 19680/80000 Evaluate learned policies with averaged returns 30.917668773116855 ...
[10] Finished: 21408/80000 Evaluate learned policies with averaged returns 34.64593016474481 ...
[7] Finished: 18144/80000 Evaluate learned policies with averaged returns 30.917668773116855 ...
[0] Finished: 17472/80000 Evaluate learned policies with averaged returns 36.510060860558795 ...
[6] Finished: 20352/80000 Evaluate learned policies with averaged returns 34.64593016474481 ...
[10] Finished: 21504/80000 Evaluate learned policies with averaged returns 30.917668773116855 ...
[5] Finished: 17952/80000 Evaluate learned policies with averaged returns 36.510060860558795 ...
[3] Finished: 19776/80000 Evaluate learned policies with averaged returns 32.781799468930835 ...
[7] Finished: 18240/80000 Evaluate learned policies with averaged returns 27.1894073814889 ...
[6] Finished: 20448/80000 Evaluate learned policies with averaged returns 27.189407381488895 ...
[10] Finished: 21600/80000 Evaluate learned policies with averaged returns 23.461145989860935 ...
[0] Finished: 17568/80000 Evaluate learned policies with averaged returns 36.510060860558795 ...
[5] Finished: 18048/80000 Evaluate learned policies with averaged returns 36.510060860558795 ...
[3] Finished: 19872/80000 Evaluate learned policies with averaged returns 36.510060860558795 ...
[10] Finished: 21696/80000 Evaluate learned policies with averaged returns 25.32527668567492 ...
[6] Finished: 20544/80000 Evaluate learned policies with averaged returns 30.917668773116855 ...
[7] Finished: 18336/80000 Evaluate learned policies with averaged returns 34.64593016474481 ...
[0] Finished: 17664/80000 Evaluate learned policies with averaged returns 36.510060860558795 ...
[5] Finished: 18144/80000 Evaluate learned policies with averaged returns 36.510060860558795 ...
[10] Finished: 21792/80000 Evaluate learned policies with averaged returns 25.32527668567492 ...
[6] Finished: 20640/80000 Evaluate learned policies with averaged returns 36.510060860558795 ...
[3] Finished: 19968/80000 Evaluate learned policies with averaged returns 34.64593016474481 ...
[7] Finished: 18432/80000 Evaluate learned policies with averaged returns 36.510060860558795 ...
[0] Finished: 17760/80000 Evaluate learned policies with averaged returns 36.510060860558795 ...
[6] Finished: 20736/80000 Evaluate learned policies with averaged returns 36.510060860558795 ...
[5] Finished: 18240/80000 Evaluate learned policies with averaged returns 36.510060860558795 ...
[10] Finished: 21888/80000 Evaluate learned policies with averaged returns 23.46114598986093 ...
[3] Finished: 20064/80000 Evaluate learned policies with averaged returns 36.510060860558795 ...
[7] Finished: 18528/80000 Evaluate learned policies with averaged returns 30.917668773116855 ...
[0] Finished: 17856/80000 Evaluate learned policies with averaged returns 36.510060860558795 ...
[6] Finished: 20832/80000 Evaluate learned policies with averaged returns 34.64593016474481 ...
[5] Finished: 18336/80000 Evaluate learned policies with averaged returns 36.510060860558795 ...
[10] Finished: 21984/80000 Evaluate learned policies with averaged returns 29.053538077302875 ...
[3] Finished: 20160/80000 Evaluate learned policies with averaged returns 32.781799468930835 ...
[7] Finished: 18624/80000 Evaluate learned policies with averaged returns 29.053538077302875 ...
[0] Finished: 17952/80000 Evaluate learned policies with averaged returns 36.510060860558795 ...
[6] Finished: 20928/80000 Evaluate learned policies with averaged returns 32.781799468930835 ...
[5] Finished: 18432/80000 Evaluate learned policies with averaged returns 36.510060860558795 ...
[3] Finished: 20256/80000 Evaluate learned policies with averaged returns 30.917668773116855 ...
[10] Finished: 22080/80000 Evaluate learned policies with averaged returns 30.917668773116855 ...
[7] Finished: 18720/80000 Evaluate learned policies with averaged returns 32.78179946893083 ...
[6] Finished: 21024/80000 Evaluate learned policies with averaged returns 27.1894073814889 ...
[0] Finished: 18048/80000 Evaluate learned policies with averaged returns 36.510060860558795 ...
[10] Finished: 22176/80000 Evaluate learned policies with averaged returns 27.1894073814889 ...
[5] Finished: 18528/80000 Evaluate learned policies with averaged returns 36.510060860558795 ...
[3] Finished: 20352/80000 Evaluate learned policies with averaged returns 36.510060860558795 ...
[6] Finished: 21120/80000 Evaluate learned policies with averaged returns 30.917668773116855 ...
[7] Finished: 18816/80000 Evaluate learned policies with averaged returns 29.053538077302875 ...
[0] Finished: 18144/80000 Evaluate learned policies with averaged returns 36.510060860558795 ...
[10] Finished: 22272/80000 Evaluate learned policies with averaged returns 32.78179946893083 ...
[5] Finished: 18624/80000 Evaluate learned policies with averaged returns 36.510060860558795 ...
[6] Finished: 21216/80000 Evaluate learned policies with averaged returns 30.917668773116855 ...
[3] Finished: 20448/80000 Evaluate learned policies with averaged returns 32.781799468930835 ...
[10] Finished: 22368/80000 Evaluate learned policies with averaged returns 34.64593016474481 ...
[7] Finished: 18912/80000 Evaluate learned policies with averaged returns 32.781799468930835 ...
[0] Finished: 18240/80000 Evaluate learned policies with averaged returns 36.510060860558795 ...
[6] Finished: 21312/80000 Evaluate learned policies with averaged returns 30.917668773116855 ...
[5] Finished: 18720/80000 Evaluate learned policies with averaged returns 36.510060860558795 ...
[10] Finished: 22464/80000 Evaluate learned policies with averaged returns 29.053538077302875 ...
[3] Finished: 20544/80000 Evaluate learned policies with averaged returns 34.64593016474481 ...
[7] Finished: 19008/80000 Evaluate learned policies with averaged returns 30.917668773116855 ...
[0] Finished: 18336/80000 Evaluate learned policies with averaged returns 36.510060860558795 ...
[6] Finished: 21408/80000 Evaluate learned policies with averaged returns 27.189407381488895 ...
[10] Finished: 22560/80000 Evaluate learned policies with averaged returns 30.917668773116855 ...
[5] Finished: 18816/80000 Evaluate learned policies with averaged returns 36.510060860558795 ...
[3] Finished: 20640/80000 Evaluate learned policies with averaged returns 36.510060860558795 ...
[6] Finished: 21504/80000 Evaluate learned policies with averaged returns 34.64593016474481 ...
[7] Finished: 19104/80000 Evaluate learned policies with averaged returns 34.64593016474481 ...
[10] Finished: 22656/80000 Evaluate learned policies with averaged returns 32.78179946893083 ...
[0] Finished: 18432/80000 Evaluate learned policies with averaged returns 36.510060860558795 ...
[5] Finished: 18912/80000 Evaluate learned policies with averaged returns 36.510060860558795 ...
[6] Finished: 21600/80000 Evaluate learned policies with averaged returns 30.917668773116855 ...
[3] Finished: 20736/80000 Evaluate learned policies with averaged returns 36.510060860558795 ...
[10] Finished: 22752/80000 Evaluate learned policies with averaged returns 34.64593016474481 ...
[7] Finished: 19200/80000 Evaluate learned policies with averaged returns 36.510060860558795 ...
[0] Finished: 18528/80000 Evaluate learned policies with averaged returns 36.510060860558795 ...
[6] Finished: 21696/80000 Evaluate learned policies with averaged returns 27.1894073814889 ...
[5] Finished: 19008/80000 Evaluate learned policies with averaged returns 36.510060860558795 ...
[10] Finished: 22848/80000 Evaluate learned policies with averaged returns 34.64593016474481 ...
[3] Finished: 20832/80000 Evaluate learned policies with averaged returns 36.510060860558795 ...
[7] Finished: 19296/80000 Evaluate learned policies with averaged returns 36.510060860558795 ...
[0] Finished: 18624/80000 Evaluate learned policies with averaged returns 36.510060860558795 ...
[6] Finished: 21792/80000 Evaluate learned policies with averaged returns 32.781799468930835 ...
[10] Finished: 22944/80000 Evaluate learned policies with averaged returns 36.510060860558795 ...
[5] Finished: 19104/80000 Evaluate learned policies with averaged returns 36.510060860558795 ...
[3] Finished: 20928/80000 Evaluate learned policies with averaged returns 34.64593016474481 ...
[6] Finished: 21888/80000 Evaluate learned policies with averaged returns 34.64593016474481 ...
[7] Finished: 19392/80000 Evaluate learned policies with averaged returns 30.917668773116855 ...
[10] Finished: 23040/80000 Evaluate learned policies with averaged returns 32.78179946893083 ...
[0] Finished: 18720/80000 Evaluate learned policies with averaged returns 36.510060860558795 ...
[5] Finished: 19200/80000 Evaluate learned policies with averaged returns 36.510060860558795 ...
[6] Finished: 21984/80000 Evaluate learned policies with averaged returns 34.64593016474481 ...
[3] Finished: 21024/80000 Evaluate learned policies with averaged returns 36.510060860558795 ...
[10] Finished: 23136/80000 Evaluate learned policies with averaged returns 29.053538077302882 ...
[7] Finished: 19488/80000 Evaluate learned policies with averaged returns 32.781799468930835 ...
[0] Finished: 18816/80000 Evaluate learned policies with averaged returns 36.510060860558795 ...
[5] Finished: 19296/80000 Evaluate learned policies with averaged returns 36.510060860558795 ...
[6] Finished: 22080/80000 Evaluate learned policies with averaged returns 36.510060860558795 ...
[10] Finished: 23232/80000 Evaluate learned policies with averaged returns 25.32527668567492 ...
[3] Finished: 21120/80000 Evaluate learned policies with averaged returns 32.781799468930835 ...
[7] Finished: 19584/80000 Evaluate learned policies with averaged returns 34.64593016474481 ...
[0] Finished: 18912/80000 Evaluate learned policies with averaged returns 36.510060860558795 ...
[6] Finished: 22176/80000 Evaluate learned policies with averaged returns 32.781799468930835 ...
[5] Finished: 19392/80000 Evaluate learned policies with averaged returns 36.510060860558795 ...
[10] Finished: 23328/80000 Evaluate learned policies with averaged returns 30.917668773116855 ...
[3] Finished: 21216/80000 Evaluate learned policies with averaged returns 36.510060860558795 ...
[7] Finished: 19680/80000 Evaluate learned policies with averaged returns 34.64593016474481 ...
[6] Finished: 22272/80000 Evaluate learned policies with averaged returns 34.64593016474481 ...
[0] Finished: 19008/80000 Evaluate learned policies with averaged returns 36.510060860558795 ...
[10] Finished: 23424/80000 Evaluate learned policies with averaged returns 32.781799468930835 ...
[5] Finished: 19488/80000 Evaluate learned policies with averaged returns 36.510060860558795 ...
[6] Finished: 22368/80000 Evaluate learned policies with averaged returns 30.917668773116855 ...
[7] Finished: 19776/80000 Evaluate learned policies with averaged returns 36.510060860558795 ...
[3] Finished: 21312/80000 Evaluate learned policies with averaged returns 36.510060860558795 ...
[10] Finished: 23520/80000 Evaluate learned policies with averaged returns 34.64593016474481 ...
[0] Finished: 19104/80000 Evaluate learned policies with averaged returns 36.510060860558795 ...
[5] Finished: 19584/80000 Evaluate learned policies with averaged returns 36.510060860558795 ...
[6] Finished: 22464/80000 Evaluate learned policies with averaged returns 32.781799468930835 ...
[7] Finished: 19872/80000 Evaluate learned policies with averaged returns 32.781799468930835 ...
[10] Finished: 23616/80000 Evaluate learned policies with averaged returns 32.781799468930835 ...
[3] Finished: 21408/80000 Evaluate learned policies with averaged returns 36.510060860558795 ...
[0] Finished: 19200/80000 Evaluate learned policies with averaged returns 36.510060860558795 ...
[5] Finished: 19680/80000 Evaluate learned policies with averaged returns 36.510060860558795 ...
[6] Finished: 22560/80000 Evaluate learned policies with averaged returns 34.64593016474481 ...
[10] Finished: 23712/80000 Evaluate learned policies with averaged returns 32.781799468930835 ...
[7] Finished: 19968/80000 Evaluate learned policies with averaged returns 36.510060860558795 ...
[0] Finished: 19296/80000 Evaluate learned policies with averaged returns 36.510060860558795 ...
[3] Finished: 21504/80000 Evaluate learned policies with averaged returns 36.510060860558795 ...
[5] Finished: 19776/80000 Evaluate learned policies with averaged returns 36.510060860558795 ...
[6] Finished: 22656/80000 Evaluate learned policies with averaged returns 30.917668773116855 ...
[10] Finished: 23808/80000 Evaluate learned policies with averaged returns 29.053538077302875 ...
[7] Finished: 20064/80000 Evaluate learned policies with averaged returns 34.64593016474481 ...
[0] Finished: 19392/80000 Evaluate learned policies with averaged returns 36.510060860558795 ...
[6] Finished: 22752/80000 Evaluate learned policies with averaged returns 27.1894073814889 ...
[10] Finished: 23904/80000 Evaluate learned policies with averaged returns 29.053538077302875 ...
[3] Finished: 21600/80000 Evaluate learned policies with averaged returns 36.510060860558795 ...
[5] Finished: 19872/80000 Evaluate learned policies with averaged returns 36.510060860558795 ...
[7] Finished: 20160/80000 Evaluate learned policies with averaged returns 32.78179946893083 ...
[6] Finished: 22848/80000 Evaluate learned policies with averaged returns 27.189407381488895 ...
[10] Finished: 24000/80000 Evaluate learned policies with averaged returns 32.78179946893083 ...
[0] Finished: 19488/80000 Evaluate learned policies with averaged returns 36.510060860558795 ...
[3] Finished: 21696/80000 Evaluate learned policies with averaged returns 34.64593016474481 ...
[5] Finished: 19968/80000 Evaluate learned policies with averaged returns 36.510060860558795 ...
[6] Finished: 22944/80000 Evaluate learned policies with averaged returns 29.053538077302875 ...
[7] Finished: 20256/80000 Evaluate learned policies with averaged returns 34.64593016474481 ...
[10] Finished: 24096/80000 Evaluate learned policies with averaged returns 36.510060860558795 ...
[0] Finished: 19584/80000 Evaluate learned policies with averaged returns 36.510060860558795 ...
[3] Finished: 21792/80000 Evaluate learned policies with averaged returns 36.510060860558795 ...
[5] Finished: 20064/80000 Evaluate learned policies with averaged returns 36.510060860558795 ...
[6] Finished: 23040/80000 Evaluate learned policies with averaged returns 32.781799468930835 ...
[10] Finished: 24192/80000 Evaluate learned policies with averaged returns 29.053538077302875 ...
[7] Finished: 20352/80000 Evaluate learned policies with averaged returns 34.64593016474481 ...
[0] Finished: 19680/80000 Evaluate learned policies with averaged returns 36.510060860558795 ...
[6] Finished: 23136/80000 Evaluate learned policies with averaged returns 30.917668773116855 ...
[3] Finished: 21888/80000 Evaluate learned policies with averaged returns 36.510060860558795 ...
[5] Finished: 20160/80000 Evaluate learned policies with averaged returns 36.510060860558795 ...
[10] Finished: 24288/80000 Evaluate learned policies with averaged returns 30.917668773116855 ...
[7] Finished: 20448/80000 Evaluate learned policies with averaged returns 34.64593016474481 ...
[6] Finished: 23232/80000 Evaluate learned policies with averaged returns 36.510060860558795 ...
[0] Finished: 19776/80000 Evaluate learned policies with averaged returns 36.510060860558795 ...
[10] Finished: 24384/80000 Evaluate learned policies with averaged returns 32.781799468930835 ...
[3] Finished: 21984/80000 Evaluate learned policies with averaged returns 36.510060860558795 ...
[5] Finished: 20256/80000 Evaluate learned policies with averaged returns 36.510060860558795 ...
[6] Finished: 23328/80000 Evaluate learned policies with averaged returns 30.917668773116855 ...
[7] Finished: 20544/80000 Evaluate learned policies with averaged returns 32.781799468930835 ...
[0] Finished: 19872/80000 Evaluate learned policies with averaged returns 36.510060860558795 ...
[10] Finished: 24480/80000 Evaluate learned policies with averaged returns 29.053538077302875 ...
[3] Finished: 22080/80000 Evaluate learned policies with averaged returns 36.510060860558795 ...
[5] Finished: 20352/80000 Evaluate learned policies with averaged returns 36.510060860558795 ...
[6] Finished: 23424/80000 Evaluate learned policies with averaged returns 34.64593016474481 ...
[10] Finished: 24576/80000 Evaluate learned policies with averaged returns 30.917668773116855 ...
[7] Finished: 20640/80000 Evaluate learned policies with averaged returns 36.510060860558795 ...
[0] Finished: 19968/80000 Evaluate learned policies with averaged returns 36.510060860558795 ...
[6] Finished: 23520/80000 Evaluate learned policies with averaged returns 29.053538077302882 ...
[3] Finished: 22176/80000 Evaluate learned policies with averaged returns 36.510060860558795 ...
[5] Finished: 20448/80000 Evaluate learned policies with averaged returns 36.510060860558795 ...
[10] Finished: 24672/80000 Evaluate learned policies with averaged returns 30.91766877311685 ...
[7] Finished: 20736/80000 Evaluate learned policies with averaged returns 36.510060860558795 ...
[6] Finished: 23616/80000 Evaluate learned policies with averaged returns 32.78179946893083 ...
[0] Finished: 20064/80000 Evaluate learned policies with averaged returns 36.510060860558795 ...
[3] Finished: 22272/80000 Evaluate learned policies with averaged returns 32.781799468930835 ...
[10] Finished: 24768/80000 Evaluate learned policies with averaged returns 30.917668773116855 ...
[5] Finished: 20544/80000 Evaluate learned policies with averaged returns 36.510060860558795 ...
[6] Finished: 23712/80000 Evaluate learned policies with averaged returns 36.510060860558795 ...
[7] Finished: 20832/80000 Evaluate learned policies with averaged returns 36.510060860558795 ...
[10] Finished: 24864/80000 Evaluate learned policies with averaged returns 32.78179946893083 ...
[0] Finished: 20160/80000 Evaluate learned policies with averaged returns 36.510060860558795 ...
[3] Finished: 22368/80000 Evaluate learned policies with averaged returns 34.64593016474481 ...
[5] Finished: 20640/80000 Evaluate learned policies with averaged returns 36.510060860558795 ...
[6] Finished: 23808/80000 Evaluate learned policies with averaged returns 32.78179946893083 ...
[10] Finished: 24960/80000 Evaluate learned policies with averaged returns 32.78179946893083 ...
[7] Finished: 20928/80000 Evaluate learned policies with averaged returns 36.510060860558795 ...
[0] Finished: 20256/80000 Evaluate learned policies with averaged returns 36.510060860558795 ...
[6] Finished: 23904/80000 Evaluate learned policies with averaged returns 30.91766877311685 ...
[3] Finished: 22464/80000 Evaluate learned policies with averaged returns 34.64593016474481 ...
[5] Finished: 20736/80000 Evaluate learned policies with averaged returns 36.510060860558795 ...
[10] Finished: 25056/80000 Evaluate learned policies with averaged returns 32.781799468930835 ...
[7] Finished: 21024/80000 Evaluate learned policies with averaged returns 36.510060860558795 ...
[0] Finished: 20352/80000 Evaluate learned policies with averaged returns 36.510060860558795 ...
[6] Finished: 24000/80000 Evaluate learned policies with averaged returns 30.917668773116855 ...
[3] Finished: 22560/80000 Evaluate learned policies with averaged returns 36.510060860558795 ...
[10] Finished: 25152/80000 Evaluate learned policies with averaged returns 30.917668773116855 ...
[5] Finished: 20832/80000 Evaluate learned policies with averaged returns 36.510060860558795 ...
[7] Finished: 21120/80000 Evaluate learned policies with averaged returns 34.64593016474481 ...
[0] Finished: 20448/80000 Evaluate learned policies with averaged returns 36.510060860558795 ...
[6] Finished: 24096/80000 Evaluate learned policies with averaged returns 34.64593016474481 ...
[10] Finished: 25248/80000 Evaluate learned policies with averaged returns 21.597015294046958 ...
[3] Finished: 22656/80000 Evaluate learned policies with averaged returns 36.510060860558795 ...
[5] Finished: 20928/80000 Evaluate learned policies with averaged returns 36.510060860558795 ...
[7] Finished: 21216/80000 Evaluate learned policies with averaged returns 36.510060860558795 ...
[6] Finished: 24192/80000 Evaluate learned policies with averaged returns 34.64593016474481 ...
[0] Finished: 20544/80000 Evaluate learned policies with averaged returns 36.510060860558795 ...
[10] Finished: 25344/80000 Evaluate learned policies with averaged returns 25.32527668567492 ...
[3] Finished: 22752/80000 Evaluate learned policies with averaged returns 36.510060860558795 ...
[5] Finished: 21024/80000 Evaluate learned policies with averaged returns 36.510060860558795 ...
[7] Finished: 21312/80000 Evaluate learned policies with averaged returns 34.64593016474481 ...
[6] Finished: 24288/80000 Evaluate learned policies with averaged returns 34.64593016474481 ...
[0] Finished: 20640/80000 Evaluate learned policies with averaged returns 36.510060860558795 ...
[10] Finished: 25440/80000 Evaluate learned policies with averaged returns 21.597015294046958 ...
[5] Finished: 21120/80000 Evaluate learned policies with averaged returns 36.510060860558795 ...
[3] Finished: 22848/80000 Evaluate learned policies with averaged returns 34.64593016474481 ...
[6] Finished: 24384/80000 Evaluate learned policies with averaged returns 36.510060860558795 ...
[7] Finished: 21408/80000 Evaluate learned policies with averaged returns 34.64593016474481 ...
[0] Finished: 20736/80000 Evaluate learned policies with averaged returns 36.510060860558795 ...
[10] Finished: 25536/80000 Evaluate learned policies with averaged returns 21.597015294046958 ...
[5] Finished: 21216/80000 Evaluate learned policies with averaged returns 36.510060860558795 ...
[3] Finished: 22944/80000 Evaluate learned policies with averaged returns 34.64593016474481 ...
[6] Finished: 24480/80000 Evaluate learned policies with averaged returns 36.510060860558795 ...
[10] Finished: 25632/80000 Evaluate learned policies with averaged returns 21.597015294046955 ...
[0] Finished: 20832/80000 Evaluate learned policies with averaged returns 36.510060860558795 ...
[7] Finished: 21504/80000 Evaluate learned policies with averaged returns 30.91766877311685 ...
[5] Finished: 21312/80000 Evaluate learned policies with averaged returns 36.510060860558795 ...
[3] Finished: 23040/80000 Evaluate learned policies with averaged returns 32.781799468930835 ...
[6] Finished: 24576/80000 Evaluate learned policies with averaged returns 30.917668773116855 ...
[7] Finished: 21600/80000 Evaluate learned policies with averaged returns 34.64593016474481 ...
[0] Finished: 20928/80000 Evaluate learned policies with averaged returns 36.510060860558795 ...
[5] Finished: 21408/80000 Evaluate learned policies with averaged returns 36.510060860558795 ...
[10] Finished: 25728/80000 Evaluate learned policies with averaged returns 19.732884598232978 ...
[3] Finished: 23136/80000 Evaluate learned policies with averaged returns 36.510060860558795 ...
[6] Finished: 24672/80000 Evaluate learned policies with averaged returns 30.917668773116855 ...
[5] Finished: 21504/80000 Evaluate learned policies with averaged returns 36.510060860558795 ...
[10] Finished: 25824/80000 Evaluate learned policies with averaged returns 27.189407381488895 ...
[0] Finished: 21024/80000 Evaluate learned policies with averaged returns 36.510060860558795 ...
[7] Finished: 21696/80000 Evaluate learned policies with averaged returns 30.917668773116855 ...
[6] Finished: 24768/80000 Evaluate learned policies with averaged returns 27.1894073814889 ...
[3] Finished: 23232/80000 Evaluate learned policies with averaged returns 34.64593016474481 ...
[5] Finished: 21600/80000 Evaluate learned policies with averaged returns 36.510060860558795 ...
[10] Finished: 25920/80000 Evaluate learned policies with averaged returns 29.053538077302875 ...
[6] Finished: 24864/80000 Evaluate learned policies with averaged returns 34.64593016474481 ...
[0] Finished: 21120/80000 Evaluate learned policies with averaged returns 36.510060860558795 ...
[7] Finished: 21792/80000 Evaluate learned policies with averaged returns 34.64593016474481 ...
[3] Finished: 23328/80000 Evaluate learned policies with averaged returns 30.917668773116855 ...
[5] Finished: 21696/80000 Evaluate learned policies with averaged returns 36.510060860558795 ...
[10] Finished: 26016/80000 Evaluate learned policies with averaged returns 29.053538077302875 ...
[6] Finished: 24960/80000 Evaluate learned policies with averaged returns 34.64593016474481 ...
[0] Finished: 21216/80000 Evaluate learned policies with averaged returns 36.510060860558795 ...
[7] Finished: 21888/80000 Evaluate learned policies with averaged returns 34.64593016474481 ...
[10] Finished: 26112/80000 Evaluate learned policies with averaged returns 29.053538077302875 ...
[3] Finished: 23424/80000 Evaluate learned policies with averaged returns 34.64593016474481 ...
[5] Finished: 21792/80000 Evaluate learned policies with averaged returns 36.510060860558795 ...
[6] Finished: 25056/80000 Evaluate learned policies with averaged returns 36.510060860558795 ...
[0] Finished: 21312/80000 Evaluate learned policies with averaged returns 36.510060860558795 ...
[7] Finished: 21984/80000 Evaluate learned policies with averaged returns 34.64593016474481 ...
[10] Finished: 26208/80000 Evaluate learned policies with averaged returns 30.917668773116855 ...
[5] Finished: 21888/80000 Evaluate learned policies with averaged returns 36.510060860558795 ...
[3] Finished: 23520/80000 Evaluate learned policies with averaged returns 30.917668773116855 ...
[6] Finished: 25152/80000 Evaluate learned policies with averaged returns 36.510060860558795 ...
[0] Finished: 21408/80000 Evaluate learned policies with averaged returns 36.510060860558795 ...
[10] Finished: 26304/80000 Evaluate learned policies with averaged returns 30.917668773116855 ...
[6] Finished: 25248/80000 Evaluate learned policies with averaged returns 36.510060860558795 ...
[7] Finished: 22080/80000 Evaluate learned policies with averaged returns 34.64593016474481 ...
[5] Finished: 21984/80000 Evaluate learned policies with averaged returns 36.510060860558795 ...
[3] Finished: 23616/80000 Evaluate learned policies with averaged returns 29.053538077302882 ...
[10] Finished: 26400/80000 Evaluate learned policies with averaged returns 29.053538077302875 ...
[6] Finished: 25344/80000 Evaluate learned policies with averaged returns 36.510060860558795 ...
[0] Finished: 21504/80000 Evaluate learned policies with averaged returns 36.510060860558795 ...
[7] Finished: 22176/80000 Evaluate learned policies with averaged returns 32.78179946893083 ...
[5] Finished: 22080/80000 Evaluate learned policies with averaged returns 36.510060860558795 ...
[3] Finished: 23712/80000 Evaluate learned policies with averaged returns 34.64593016474481 ...
[6] Finished: 25440/80000 Evaluate learned policies with averaged returns 36.510060860558795 ...
[10] Finished: 26496/80000 Evaluate learned policies with averaged returns 34.64593016474481 ...
[7] Finished: 22272/80000 Evaluate learned policies with averaged returns 34.64593016474481 ...
[0] Finished: 21600/80000 Evaluate learned policies with averaged returns 36.510060860558795 ...
[5] Finished: 22176/80000 Evaluate learned policies with averaged returns 36.510060860558795 ...
[3] Finished: 23808/80000 Evaluate learned policies with averaged returns 34.64593016474481 ...
[6] Finished: 25536/80000 Evaluate learned policies with averaged returns 36.510060860558795 ...
[0] Finished: 21696/80000 Evaluate learned policies with averaged returns 36.510060860558795 ...
[7] Finished: 22368/80000 Evaluate learned policies with averaged returns 34.64593016474481 ...
[10] Finished: 26592/80000 Evaluate learned policies with averaged returns 30.917668773116855 ...
[5] Finished: 22272/80000 Evaluate learned policies with averaged returns 36.510060860558795 ...
[3] Finished: 23904/80000 Evaluate learned policies with averaged returns 32.78179946893083 ...
[6] Finished: 25632/80000 Evaluate learned policies with averaged returns 36.510060860558795 ...
[10] Finished: 26688/80000 Evaluate learned policies with averaged returns 29.053538077302875 ...
[0] Finished: 21792/80000 Evaluate learned policies with averaged returns 36.510060860558795 ...
[5] Finished: 22368/80000 Evaluate learned policies with averaged returns 36.510060860558795 ...
[7] Finished: 22464/80000 Evaluate learned policies with averaged returns 32.781799468930835 ...
[3] Finished: 24000/80000 Evaluate learned policies with averaged returns 32.781799468930835 ...
[6] Finished: 25728/80000 Evaluate learned policies with averaged returns 36.510060860558795 ...
[10] Finished: 26784/80000 Evaluate learned policies with averaged returns 29.053538077302875 ...
[0] Finished: 21888/80000 Evaluate learned policies with averaged returns 36.510060860558795 ...
[5] Finished: 22464/80000 Evaluate learned policies with averaged returns 36.510060860558795 ...
[7] Finished: 22560/80000 Evaluate learned policies with averaged returns 34.64593016474481 ...
[3] Finished: 24096/80000 Evaluate learned policies with averaged returns 29.053538077302875 ...
[6] Finished: 25824/80000 Evaluate learned policies with averaged returns 36.510060860558795 ...
[10] Finished: 26880/80000 Evaluate learned policies with averaged returns 30.917668773116855 ...
[5] Finished: 22560/80000 Evaluate learned policies with averaged returns 36.510060860558795 ...
[0] Finished: 21984/80000 Evaluate learned policies with averaged returns 36.510060860558795 ...
[7] Finished: 22656/80000 Evaluate learned policies with averaged returns 34.64593016474481 ...
[10] Finished: 26976/80000 Evaluate learned policies with averaged returns 32.78179946893083 ...
[3] Finished: 24192/80000 Evaluate learned policies with averaged returns 34.64593016474481 ...
[6] Finished: 25920/80000 Evaluate learned policies with averaged returns 32.781799468930835 ...
[5] Finished: 22656/80000 Evaluate learned policies with averaged returns 36.510060860558795 ...
[0] Finished: 22080/80000 Evaluate learned policies with averaged returns 36.510060860558795 ...
[6] Finished: 26016/80000 Evaluate learned policies with averaged returns 36.510060860558795 ...
[10] Finished: 27072/80000 Evaluate learned policies with averaged returns 29.053538077302875 ...
[7] Finished: 22752/80000 Evaluate learned policies with averaged returns 36.510060860558795 ...
[3] Finished: 24288/80000 Evaluate learned policies with averaged returns 32.781799468930835 ...
[5] Finished: 22752/80000 Evaluate learned policies with averaged returns 36.510060860558795 ...
[6] Finished: 26112/80000 Evaluate learned policies with averaged returns 36.510060860558795 ...
[0] Finished: 22176/80000 Evaluate learned policies with averaged returns 36.510060860558795 ...
[10] Finished: 27168/80000 Evaluate learned policies with averaged returns 30.917668773116855 ...
[3] Finished: 24384/80000 Evaluate learned policies with averaged returns 30.917668773116855 ...
[7] Finished: 22848/80000 Evaluate learned policies with averaged returns 34.64593016474481 ...
[5] Finished: 22848/80000 Evaluate learned policies with averaged returns 36.510060860558795 ...
[6] Finished: 26208/80000 Evaluate learned policies with averaged returns 36.510060860558795 ...
[10] Finished: 27264/80000 Evaluate learned policies with averaged returns 32.781799468930835 ...
[0] Finished: 22272/80000 Evaluate learned policies with averaged returns 36.510060860558795 ...
[3] Finished: 24480/80000 Evaluate learned policies with averaged returns 36.510060860558795 ...
[7] Finished: 22944/80000 Evaluate learned policies with averaged returns 30.917668773116855 ...
[10] Finished: 27360/80000 Evaluate learned policies with averaged returns 29.053538077302882 ...
[6] Finished: 26304/80000 Evaluate learned policies with averaged returns 36.510060860558795 ...
[5] Finished: 22944/80000 Evaluate learned policies with averaged returns 36.510060860558795 ...
[0] Finished: 22368/80000 Evaluate learned policies with averaged returns 36.510060860558795 ...
[10] Finished: 27456/80000 Evaluate learned policies with averaged returns 32.781799468930835 ...
[6] Finished: 26400/80000 Evaluate learned policies with averaged returns 36.510060860558795 ...
[3] Finished: 24576/80000 Evaluate learned policies with averaged returns 30.917668773116855 ...
[7] Finished: 23040/80000 Evaluate learned policies with averaged returns 32.781799468930835 ...
[5] Finished: 23040/80000 Evaluate learned policies with averaged returns 36.510060860558795 ...
[0] Finished: 22464/80000 Evaluate learned policies with averaged returns 36.510060860558795 ...
[10] Finished: 27552/80000 Evaluate learned policies with averaged returns 30.917668773116855 ...
[6] Finished: 26496/80000 Evaluate learned policies with averaged returns 36.510060860558795 ...
[3] Finished: 24672/80000 Evaluate learned policies with averaged returns 23.46114598986094 ...
[7] Finished: 23136/80000 Evaluate learned policies with averaged returns 36.510060860558795 ...
[5] Finished: 23136/80000 Evaluate learned policies with averaged returns 36.510060860558795 ...
[10] Finished: 27648/80000 Evaluate learned policies with averaged returns 27.1894073814889 ...
[6] Finished: 26592/80000 Evaluate learned policies with averaged returns 36.510060860558795 ...
[0] Finished: 22560/80000 Evaluate learned policies with averaged returns 36.510060860558795 ...
[3] Finished: 24768/80000 Evaluate learned policies with averaged returns 32.78179946893083 ...
[10] Finished: 27744/80000 Evaluate learned policies with averaged returns 30.917668773116855 ...
[7] Finished: 23232/80000 Evaluate learned policies with averaged returns 34.64593016474481 ...
[5] Finished: 23232/80000 Evaluate learned policies with averaged returns 36.510060860558795 ...
[6] Finished: 26688/80000 Evaluate learned policies with averaged returns 36.510060860558795 ...
[0] Finished: 22656/80000 Evaluate learned policies with averaged returns 36.510060860558795 ...
[10] Finished: 27840/80000 Evaluate learned policies with averaged returns 30.917668773116855 ...
[3] Finished: 24864/80000 Evaluate learned policies with averaged returns 32.781799468930835 ...
[5] Finished: 23328/80000 Evaluate learned policies with averaged returns 36.510060860558795 ...
[6] Finished: 26784/80000 Evaluate learned policies with averaged returns 36.510060860558795 ...
[7] Finished: 23328/80000 Evaluate learned policies with averaged returns 36.510060860558795 ...
[0] Finished: 22752/80000 Evaluate learned policies with averaged returns 36.510060860558795 ...
[10] Finished: 27936/80000 Evaluate learned policies with averaged returns 30.917668773116855 ...
[3] Finished: 24960/80000 Evaluate learned policies with averaged returns 34.64593016474481 ...
[6] Finished: 26880/80000 Evaluate learned policies with averaged returns 36.510060860558795 ...
[5] Finished: 23424/80000 Evaluate learned policies with averaged returns 36.510060860558795 ...
[10] Finished: 28032/80000 Evaluate learned policies with averaged returns 34.64593016474481 ...
[7] Finished: 23424/80000 Evaluate learned policies with averaged returns 30.917668773116855 ...
[0] Finished: 22848/80000 Evaluate learned policies with averaged returns 36.510060860558795 ...
[6] Finished: 26976/80000 Evaluate learned policies with averaged returns 36.510060860558795 ...
[10] Finished: 28128/80000 Evaluate learned policies with averaged returns 29.053538077302875 ...
[3] Finished: 25056/80000 Evaluate learned policies with averaged returns 32.78179946893083 ...
[5] Finished: 23520/80000 Evaluate learned policies with averaged returns 36.510060860558795 ...
[7] Finished: 23520/80000 Evaluate learned policies with averaged returns 36.510060860558795 ...
[6] Finished: 27072/80000 Evaluate learned policies with averaged returns 36.510060860558795 ...
[0] Finished: 22944/80000 Evaluate learned policies with averaged returns 36.510060860558795 ...
[10] Finished: 28224/80000 Evaluate learned policies with averaged returns 30.91766877311685 ...
[3] Finished: 25152/80000 Evaluate learned policies with averaged returns 36.510060860558795 ...
[6] Finished: 27168/80000 Evaluate learned policies with averaged returns 36.510060860558795 ...
[5] Finished: 23616/80000 Evaluate learned policies with averaged returns 36.510060860558795 ...
[7] Finished: 23616/80000 Evaluate learned policies with averaged returns 30.917668773116855 ...
[10] Finished: 28320/80000 Evaluate learned policies with averaged returns 29.053538077302875 ...
[0] Finished: 23040/80000 Evaluate learned policies with averaged returns 36.510060860558795 ...
[6] Finished: 27264/80000 Evaluate learned policies with averaged returns 36.510060860558795 ...
[5] Finished: 23712/80000 Evaluate learned policies with averaged returns 36.510060860558795 ...
[10] Finished: 28416/80000 Evaluate learned policies with averaged returns 29.053538077302875 ...
[3] Finished: 25248/80000 Evaluate learned policies with averaged returns 32.781799468930835 ...
[7] Finished: 23712/80000 Evaluate learned policies with averaged returns 32.781799468930835 ...
[0] Finished: 23136/80000 Evaluate learned policies with averaged returns 36.510060860558795 ...
[6] Finished: 27360/80000 Evaluate learned policies with averaged returns 34.64593016474481 ...
[10] Finished: 28512/80000 Evaluate learned policies with averaged returns 30.917668773116855 ...
[5] Finished: 23808/80000 Evaluate learned policies with averaged returns 36.510060860558795 ...
[7] Finished: 23808/80000 Evaluate learned policies with averaged returns 29.053538077302875 ...
[3] Finished: 25344/80000 Evaluate learned policies with averaged returns 34.64593016474481 ...
[6] Finished: 27456/80000 Evaluate learned policies with averaged returns 36.510060860558795 ...
[0] Finished: 23232/80000 Evaluate learned policies with averaged returns 36.510060860558795 ...
[10] Finished: 28608/80000 Evaluate learned policies with averaged returns 32.781799468930835 ...
[6] Finished: 27552/80000 Evaluate learned policies with averaged returns 36.510060860558795 ...
[5] Finished: 23904/80000 Evaluate learned policies with averaged returns 36.510060860558795 ...
[7] Finished: 23904/80000 Evaluate learned policies with averaged returns 29.053538077302875 ...
[3] Finished: 25440/80000 Evaluate learned policies with averaged returns 34.64593016474481 ...
[0] Finished: 23328/80000 Evaluate learned policies with averaged returns 36.510060860558795 ...
[10] Finished: 28704/80000 Evaluate learned policies with averaged returns 30.917668773116855 ...
[6] Finished: 27648/80000 Evaluate learned policies with averaged returns 36.510060860558795 ...
[5] Finished: 24000/80000 Evaluate learned policies with averaged returns 36.510060860558795 ...
[3] Finished: 25536/80000 Evaluate learned policies with averaged returns 34.64593016474481 ...
[7] Finished: 24000/80000 Evaluate learned policies with averaged returns 30.917668773116855 ...
[10] Finished: 28800/80000 Evaluate learned policies with averaged returns 34.64593016474481 ...
[0] Finished: 23424/80000 Evaluate learned policies with averaged returns 36.510060860558795 ...
[6] Finished: 27744/80000 Evaluate learned policies with averaged returns 34.64593016474481 ...
[5] Finished: 24096/80000 Evaluate learned policies with averaged returns 36.510060860558795 ...
[3] Finished: 25632/80000 Evaluate learned policies with averaged returns 36.510060860558795 ...
[7] Finished: 24096/80000 Evaluate learned policies with averaged returns 36.510060860558795 ...
[6] Finished: 27840/80000 Evaluate learned policies with averaged returns 36.510060860558795 ...
[10] Finished: 28896/80000 Evaluate learned policies with averaged returns 32.781799468930835 ...
[0] Finished: 23520/80000 Evaluate learned policies with averaged returns 36.510060860558795 ...
[6] Finished: 27936/80000 Evaluate learned policies with averaged returns 36.510060860558795 ...
[5] Finished: 24192/80000 Evaluate learned policies with averaged returns 36.510060860558795 ...
[3] Finished: 25728/80000 Evaluate learned policies with averaged returns 32.781799468930835 ...
[10] Finished: 28992/80000 Evaluate learned policies with averaged returns 25.325276685674915 ...
[7] Finished: 24192/80000 Evaluate learned policies with averaged returns 30.917668773116855 ...
[0] Finished: 23616/80000 Evaluate learned policies with averaged returns 36.510060860558795 ...
[6] Finished: 28032/80000 Evaluate learned policies with averaged returns 36.510060860558795 ...
[10] Finished: 29088/80000 Evaluate learned policies with averaged returns 34.64593016474481 ...
[5] Finished: 24288/80000 Evaluate learned policies with averaged returns 36.510060860558795 ...
[3] Finished: 25824/80000 Evaluate learned policies with averaged returns 36.510060860558795 ...
[7] Finished: 24288/80000 Evaluate learned policies with averaged returns 32.781799468930835 ...
[0] Finished: 23712/80000 Evaluate learned policies with averaged returns 36.510060860558795 ...
[6] Finished: 28128/80000 Evaluate learned policies with averaged returns 36.510060860558795 ...
[10] Finished: 29184/80000 Evaluate learned policies with averaged returns 34.64593016474481 ...
[5] Finished: 24384/80000 Evaluate learned policies with averaged returns 34.64593016474481 ...
[3] Finished: 25920/80000 Evaluate learned policies with averaged returns 32.78179946893083 ...
[7] Finished: 24384/80000 Evaluate learned policies with averaged returns 32.781799468930835 ...
[6] Finished: 28224/80000 Evaluate learned policies with averaged returns 36.510060860558795 ...
[0] Finished: 23808/80000 Evaluate learned policies with averaged returns 36.510060860558795 ...
[10] Finished: 29280/80000 Evaluate learned policies with averaged returns 30.91766877311685 ...
[5] Finished: 24480/80000 Evaluate learned policies with averaged returns 30.917668773116855 ...
[6] Finished: 28320/80000 Evaluate learned policies with averaged returns 36.510060860558795 ...
[3] Finished: 26016/80000 Evaluate learned policies with averaged returns 29.053538077302882 ...
[7] Finished: 24480/80000 Evaluate learned policies with averaged returns 30.917668773116855 ...
[10] Finished: 29376/80000 Evaluate learned policies with averaged returns 27.189407381488895 ...
[0] Finished: 23904/80000 Evaluate learned policies with averaged returns 36.510060860558795 ...
[6] Finished: 28416/80000 Evaluate learned policies with averaged returns 34.64593016474481 ...
[5] Finished: 24576/80000 Evaluate learned policies with averaged returns 34.64593016474481 ...
[10] Finished: 29472/80000 Evaluate learned policies with averaged returns 32.78179946893083 ...
[3] Finished: 26112/80000 Evaluate learned policies with averaged returns 25.32527668567492 ...
[7] Finished: 24576/80000 Evaluate learned policies with averaged returns 36.510060860558795 ...
[0] Finished: 24000/80000 Evaluate learned policies with averaged returns 36.510060860558795 ...
[6] Finished: 28512/80000 Evaluate learned policies with averaged returns 36.510060860558795 ...
[10] Finished: 29568/80000 Evaluate learned policies with averaged returns 30.917668773116855 ...
[5] Finished: 24672/80000 Evaluate learned policies with averaged returns 36.510060860558795 ...
[3] Finished: 26208/80000 Evaluate learned policies with averaged returns 27.1894073814889 ...
[7] Finished: 24672/80000 Evaluate learned policies with averaged returns 34.64593016474481 ...
[6] Finished: 28608/80000 Evaluate learned policies with averaged returns 36.510060860558795 ...
[0] Finished: 24096/80000 Evaluate learned policies with averaged returns 36.510060860558795 ...
[10] Finished: 29664/80000 Evaluate learned policies with averaged returns 30.917668773116855 ...
[5] Finished: 24768/80000 Evaluate learned policies with averaged returns 36.510060860558795 ...
[6] Finished: 28704/80000 Evaluate learned policies with averaged returns 36.510060860558795 ...
[3] Finished: 26304/80000 Evaluate learned policies with averaged returns 29.053538077302875 ...
[7] Finished: 24768/80000 Evaluate learned policies with averaged returns 32.781799468930835 ...
[0] Finished: 24192/80000 Evaluate learned policies with averaged returns 36.510060860558795 ...
[10] Finished: 29760/80000 Evaluate learned policies with averaged returns 23.46114598986094 ...
[6] Finished: 28800/80000 Evaluate learned policies with averaged returns 34.64593016474481 ...
[5] Finished: 24864/80000 Evaluate learned policies with averaged returns 36.510060860558795 ...
[10] Finished: 29856/80000 Evaluate learned policies with averaged returns 32.78179946893083 ...
[3] Finished: 26400/80000 Evaluate learned policies with averaged returns 34.64593016474481 ...
[7] Finished: 24864/80000 Evaluate learned policies with averaged returns 30.91766877311685 ...
[0] Finished: 24288/80000 Evaluate learned policies with averaged returns 36.510060860558795 ...
[6] Finished: 28896/80000 Evaluate learned policies with averaged returns 36.510060860558795 ...
[10] Finished: 29952/80000 Evaluate learned policies with averaged returns 34.64593016474481 ...
[5] Finished: 24960/80000 Evaluate learned policies with averaged returns 36.510060860558795 ...
[3] Finished: 26496/80000 Evaluate learned policies with averaged returns 32.78179946893083 ...
[7] Finished: 24960/80000 Evaluate learned policies with averaged returns 34.64593016474481 ...
[6] Finished: 28992/80000 Evaluate learned policies with averaged returns 36.510060860558795 ...
[0] Finished: 24384/80000 Evaluate learned policies with averaged returns 36.510060860558795 ...
[10] Finished: 30048/80000 Evaluate learned policies with averaged returns 30.917668773116855 ...
[5] Finished: 25056/80000 Evaluate learned policies with averaged returns 36.510060860558795 ...
[6] Finished: 29088/80000 Evaluate learned policies with averaged returns 36.510060860558795 ...
[3] Finished: 26592/80000 Evaluate learned policies with averaged returns 27.189407381488895 ...
[7] Finished: 25056/80000 Evaluate learned policies with averaged returns 36.510060860558795 ...
[10] Finished: 30144/80000 Evaluate learned policies with averaged returns 32.78179946893083 ...
[0] Finished: 24480/80000 Evaluate learned policies with averaged returns 36.510060860558795 ...
[6] Finished: 29184/80000 Evaluate learned policies with averaged returns 29.053538077302875 ...
[5] Finished: 25152/80000 Evaluate learned policies with averaged returns 36.510060860558795 ...
[10] Finished: 30240/80000 Evaluate learned policies with averaged returns 27.189407381488895 ...
[3] Finished: 26688/80000 Evaluate learned policies with averaged returns 32.781799468930835 ...
[7] Finished: 25152/80000 Evaluate learned policies with averaged returns 30.917668773116855 ...
[0] Finished: 24576/80000 Evaluate learned policies with averaged returns 36.510060860558795 ...
[6] Finished: 29280/80000 Evaluate learned policies with averaged returns 32.781799468930835 ...
[10] Finished: 30336/80000 Evaluate learned policies with averaged returns 34.64593016474481 ...
[5] Finished: 25248/80000 Evaluate learned policies with averaged returns 36.510060860558795 ...
[3] Finished: 26784/80000 Evaluate learned policies with averaged returns 32.781799468930835 ...
[6] Finished: 29376/80000 Evaluate learned policies with averaged returns 36.510060860558795 ...
[7] Finished: 25248/80000 Evaluate learned policies with averaged returns 29.053538077302875 ...
[0] Finished: 24672/80000 Evaluate learned policies with averaged returns 36.510060860558795 ...
[10] Finished: 30432/80000 Evaluate learned policies with averaged returns 30.917668773116855 ...
[6] Finished: 29472/80000 Evaluate learned policies with averaged returns 30.917668773116855 ...
[5] Finished: 25344/80000 Evaluate learned policies with averaged returns 36.510060860558795 ...
[3] Finished: 26880/80000 Evaluate learned policies with averaged returns 32.78179946893083 ...
[7] Finished: 25344/80000 Evaluate learned policies with averaged returns 32.781799468930835 ...
[10] Finished: 30528/80000 Evaluate learned policies with averaged returns 30.917668773116855 ...
[0] Finished: 24768/80000 Evaluate learned policies with averaged returns 36.510060860558795 ...
[6] Finished: 29568/80000 Evaluate learned policies with averaged returns 36.510060860558795 ...
[5] Finished: 25440/80000 Evaluate learned policies with averaged returns 36.510060860558795 ...
[10] Finished: 30624/80000 Evaluate learned policies with averaged returns 27.189407381488895 ...
[3] Finished: 26976/80000 Evaluate learned policies with averaged returns 34.64593016474481 ...
[7] Finished: 25440/80000 Evaluate learned policies with averaged returns 30.917668773116855 ...
[0] Finished: 24864/80000 Evaluate learned policies with averaged returns 36.510060860558795 ...
[6] Finished: 29664/80000 Evaluate learned policies with averaged returns 30.917668773116855 ...
[10] Finished: 30720/80000 Evaluate learned policies with averaged returns 29.053538077302882 ...
[5] Finished: 25536/80000 Evaluate learned policies with averaged returns 36.510060860558795 ...
[3] Finished: 27072/80000 Evaluate learned policies with averaged returns 34.64593016474481 ...
[6] Finished: 29760/80000 Evaluate learned policies with averaged returns 36.510060860558795 ...
[7] Finished: 25536/80000 Evaluate learned policies with averaged returns 30.917668773116855 ...
[0] Finished: 24960/80000 Evaluate learned policies with averaged returns 36.510060860558795 ...
[10] Finished: 30816/80000 Evaluate learned policies with averaged returns 23.461145989860935 ...
[5] Finished: 25632/80000 Evaluate learned policies with averaged returns 36.510060860558795 ...
[6] Finished: 29856/80000 Evaluate learned policies with averaged returns 34.64593016474481 ...
[10] Finished: 30912/80000 Evaluate learned policies with averaged returns 29.053538077302875 ...
[3] Finished: 27168/80000 Evaluate learned policies with averaged returns 34.64593016474481 ...
[7] Finished: 25632/80000 Evaluate learned policies with averaged returns 34.64593016474481 ...
[0] Finished: 25056/80000 Evaluate learned policies with averaged returns 36.510060860558795 ...
[6] Finished: 29952/80000 Evaluate learned policies with averaged returns 32.781799468930835 ...
[5] Finished: 25728/80000 Evaluate learned policies with averaged returns 36.510060860558795 ...
[10] Finished: 31008/80000 Evaluate learned policies with averaged returns 30.917668773116855 ...
[3] Finished: 27264/80000 Evaluate learned policies with averaged returns 32.78179946893083 ...
[0] Finished: 25152/80000 Evaluate learned policies with averaged returns 36.510060860558795 ...
[7] Finished: 25728/80000 Evaluate learned policies with averaged returns 30.917668773116855 ...
[6] Finished: 30048/80000 Evaluate learned policies with averaged returns 36.510060860558795 ...
[10] Finished: 31104/80000 Evaluate learned policies with averaged returns 32.781799468930835 ...
[5] Finished: 25824/80000 Evaluate learned policies with averaged returns 34.64593016474481 ...
[3] Finished: 27360/80000 Evaluate learned policies with averaged returns 34.64593016474481 ...
[6] Finished: 30144/80000 Evaluate learned policies with averaged returns 34.64593016474481 ...
[0] Finished: 25248/80000 Evaluate learned policies with averaged returns 36.510060860558795 ...
[7] Finished: 25824/80000 Evaluate learned policies with averaged returns 32.78179946893083 ...
[10] Finished: 31200/80000 Evaluate learned policies with averaged returns 32.78179946893083 ...
[6] Finished: 30240/80000 Evaluate learned policies with averaged returns 34.64593016474481 ...
[5] Finished: 25920/80000 Evaluate learned policies with averaged returns 32.781799468930835 ...
[10] Finished: 31296/80000 Evaluate learned policies with averaged returns 29.053538077302875 ...
[3] Finished: 27456/80000 Evaluate learned policies with averaged returns 36.510060860558795 ...
[7] Finished: 25920/80000 Evaluate learned policies with averaged returns 25.32527668567492 ...
[0] Finished: 25344/80000 Evaluate learned policies with averaged returns 36.510060860558795 ...
[6] Finished: 30336/80000 Evaluate learned policies with averaged returns 36.510060860558795 ...
[5] Finished: 26016/80000 Evaluate learned policies with averaged returns 29.053538077302875 ...
[10] Finished: 31392/80000 Evaluate learned policies with averaged returns 34.64593016474481 ...
[3] Finished: 27552/80000 Evaluate learned policies with averaged returns 32.78179946893083 ...
[7] Finished: 26016/80000 Evaluate learned policies with averaged returns 32.78179946893083 ...
[0] Finished: 25440/80000 Evaluate learned policies with averaged returns 36.510060860558795 ...
[6] Finished: 30432/80000 Evaluate learned policies with averaged returns 34.64593016474481 ...
[10] Finished: 31488/80000 Evaluate learned policies with averaged returns 32.78179946893083 ...
[5] Finished: 26112/80000 Evaluate learned policies with averaged returns 34.64593016474481 ...
[3] Finished: 27648/80000 Evaluate learned policies with averaged returns 30.917668773116855 ...
[7] Finished: 26112/80000 Evaluate learned policies with averaged returns 32.78179946893083 ...
[0] Finished: 25536/80000 Evaluate learned policies with averaged returns 36.510060860558795 ...
[6] Finished: 30528/80000 Evaluate learned policies with averaged returns 36.510060860558795 ...
[10] Finished: 31584/80000 Evaluate learned policies with averaged returns 30.917668773116855 ...
[5] Finished: 26208/80000 Evaluate learned policies with averaged returns 34.64593016474481 ...
[3] Finished: 27744/80000 Evaluate learned policies with averaged returns 36.510060860558795 ...
[6] Finished: 30624/80000 Evaluate learned policies with averaged returns 34.64593016474481 ...
[10] Finished: 31680/80000 Evaluate learned policies with averaged returns 36.510060860558795 ...
[7] Finished: 26208/80000 Evaluate learned policies with averaged returns 34.64593016474481 ...
[0] Finished: 25632/80000 Evaluate learned policies with averaged returns 36.510060860558795 ...
[5] Finished: 26304/80000 Evaluate learned policies with averaged returns 32.781799468930835 ...
[6] Finished: 30720/80000 Evaluate learned policies with averaged returns 34.64593016474481 ...
[10] Finished: 31776/80000 Evaluate learned policies with averaged returns 30.917668773116855 ...
[3] Finished: 27840/80000 Evaluate learned policies with averaged returns 30.917668773116855 ...
[7] Finished: 26304/80000 Evaluate learned policies with averaged returns 32.781799468930835 ...
[0] Finished: 25728/80000 Evaluate learned policies with averaged returns 36.510060860558795 ...
[6] Finished: 30816/80000 Evaluate learned policies with averaged returns 30.917668773116855 ...
[10] Finished: 31872/80000 Evaluate learned policies with averaged returns 34.64593016474481 ...
[5] Finished: 26400/80000 Evaluate learned policies with averaged returns 36.510060860558795 ...
[3] Finished: 27936/80000 Evaluate learned policies with averaged returns 29.053538077302875 ...
[6] Finished: 30912/80000 Evaluate learned policies with averaged returns 30.917668773116855 ...
[0] Finished: 25824/80000 Evaluate learned policies with averaged returns 36.510060860558795 ...
[7] Finished: 26400/80000 Evaluate learned policies with averaged returns 23.46114598986094 ...
[10] Finished: 31968/80000 Evaluate learned policies with averaged returns 30.917668773116855 ...
[5] Finished: 26496/80000 Evaluate learned policies with averaged returns 36.510060860558795 ...
[6] Finished: 31008/80000 Evaluate learned policies with averaged returns 36.510060860558795 ...
[3] Finished: 28032/80000 Evaluate learned policies with averaged returns 32.78179946893083 ...
[10] Finished: 32064/80000 Evaluate learned policies with averaged returns 30.917668773116855 ...
[0] Finished: 25920/80000 Evaluate learned policies with averaged returns 36.510060860558795 ...
[7] Finished: 26496/80000 Evaluate learned policies with averaged returns 29.053538077302875 ...
[6] Finished: 31104/80000 Evaluate learned policies with averaged returns 36.510060860558795 ...
[10] Finished: 32160/80000 Evaluate learned policies with averaged returns 30.917668773116855 ...
[5] Finished: 26592/80000 Evaluate learned policies with averaged returns 36.510060860558795 ...
[3] Finished: 28128/80000 Evaluate learned policies with averaged returns 36.510060860558795 ...
[0] Finished: 26016/80000 Evaluate learned policies with averaged returns 36.510060860558795 ...
[7] Finished: 26592/80000 Evaluate learned policies with averaged returns 29.053538077302882 ...
[6] Finished: 31200/80000 Evaluate learned policies with averaged returns 32.781799468930835 ...
[10] Finished: 32256/80000 Evaluate learned policies with averaged returns 34.64593016474481 ...
[5] Finished: 26688/80000 Evaluate learned policies with averaged returns 34.64593016474481 ...
[3] Finished: 28224/80000 Evaluate learned policies with averaged returns 30.917668773116855 ...
[6] Finished: 31296/80000 Evaluate learned policies with averaged returns 34.64593016474481 ...
[0] Finished: 26112/80000 Evaluate learned policies with averaged returns 36.510060860558795 ...
[10] Finished: 32352/80000 Evaluate learned policies with averaged returns 29.053538077302875 ...
[7] Finished: 26688/80000 Evaluate learned policies with averaged returns 32.78179946893083 ...
[5] Finished: 26784/80000 Evaluate learned policies with averaged returns 36.510060860558795 ...
[6] Finished: 31392/80000 Evaluate learned policies with averaged returns 30.917668773116855 ...
[3] Finished: 28320/80000 Evaluate learned policies with averaged returns 32.78179946893083 ...
[10] Finished: 32448/80000 Evaluate learned policies with averaged returns 30.917668773116855 ...
[0] Finished: 26208/80000 Evaluate learned policies with averaged returns 36.510060860558795 ...
[7] Finished: 26784/80000 Evaluate learned policies with averaged returns 32.781799468930835 ...
[6] Finished: 31488/80000 Evaluate learned policies with averaged returns 30.917668773116855 ...
[5] Finished: 26880/80000 Evaluate learned policies with averaged returns 36.510060860558795 ...
[10] Finished: 32544/80000 Evaluate learned policies with averaged returns 29.053538077302882 ...
[3] Finished: 28416/80000 Evaluate learned policies with averaged returns 34.64593016474481 ...
[0] Finished: 26304/80000 Evaluate learned policies with averaged returns 36.510060860558795 ...
[6] Finished: 31584/80000 Evaluate learned policies with averaged returns 34.64593016474481 ...
[7] Finished: 26880/80000 Evaluate learned policies with averaged returns 34.64593016474481 ...
[5] Finished: 26976/80000 Evaluate learned policies with averaged returns 36.510060860558795 ...
[10] Finished: 32640/80000 Evaluate learned policies with averaged returns 30.91766877311685 ...
[3] Finished: 28512/80000 Evaluate learned policies with averaged returns 34.64593016474481 ...
[0] Finished: 26400/80000 Evaluate learned policies with averaged returns 36.510060860558795 ...
[6] Finished: 31680/80000 Evaluate learned policies with averaged returns 36.510060860558795 ...
[10] Finished: 32736/80000 Evaluate learned policies with averaged returns 27.189407381488895 ...
[7] Finished: 26976/80000 Evaluate learned policies with averaged returns 32.781799468930835 ...
[5] Finished: 27072/80000 Evaluate learned policies with averaged returns 34.64593016474481 ...
[6] Finished: 31776/80000 Evaluate learned policies with averaged returns 36.510060860558795 ...
[3] Finished: 28608/80000 Evaluate learned policies with averaged returns 36.510060860558795 ...
[0] Finished: 26496/80000 Evaluate learned policies with averaged returns 36.510060860558795 ...
[10] Finished: 32832/80000 Evaluate learned policies with averaged returns 29.053538077302875 ...
[7] Finished: 27072/80000 Evaluate learned policies with averaged returns 30.917668773116855 ...
[6] Finished: 31872/80000 Evaluate learned policies with averaged returns 36.510060860558795 ...
[5] Finished: 27168/80000 Evaluate learned policies with averaged returns 27.1894073814889 ...
[10] Finished: 32928/80000 Evaluate learned policies with averaged returns 29.053538077302875 ...
[3] Finished: 28704/80000 Evaluate learned policies with averaged returns 32.781799468930835 ...
[0] Finished: 26592/80000 Evaluate learned policies with averaged returns 36.510060860558795 ...
[6] Finished: 31968/80000 Evaluate learned policies with averaged returns 32.781799468930835 ...
[7] Finished: 27168/80000 Evaluate learned policies with averaged returns 30.917668773116855 ...
[5] Finished: 27264/80000 Evaluate learned policies with averaged returns 32.781799468930835 ...
[10] Finished: 33024/80000 Evaluate learned policies with averaged returns 34.64593016474481 ...
[3] Finished: 28800/80000 Evaluate learned policies with averaged returns 32.78179946893083 ...
[0] Finished: 26688/80000 Evaluate learned policies with averaged returns 36.510060860558795 ...
[6] Finished: 32064/80000 Evaluate learned policies with averaged returns 36.510060860558795 ...
[7] Finished: 27264/80000 Evaluate learned policies with averaged returns 32.781799468930835 ...
[10] Finished: 33120/80000 Evaluate learned policies with averaged returns 34.64593016474481 ...
[5] Finished: 27360/80000 Evaluate learned policies with averaged returns 29.053538077302882 ...
[6] Finished: 32160/80000 Evaluate learned policies with averaged returns 32.781799468930835 ...
[3] Finished: 28896/80000 Evaluate learned policies with averaged returns 36.510060860558795 ...
[0] Finished: 26784/80000 Evaluate learned policies with averaged returns 36.510060860558795 ...
[10] Finished: 33216/80000 Evaluate learned policies with averaged returns 32.781799468930835 ...
[7] Finished: 27360/80000 Evaluate learned policies with averaged returns 36.510060860558795 ...
[6] Finished: 32256/80000 Evaluate learned policies with averaged returns 30.917668773116855 ...
[5] Finished: 27456/80000 Evaluate learned policies with averaged returns 34.64593016474481 ...
[3] Finished: 28992/80000 Evaluate learned policies with averaged returns 36.510060860558795 ...
[10] Finished: 33312/80000 Evaluate learned policies with averaged returns 34.64593016474481 ...
[0] Finished: 26880/80000 Evaluate learned policies with averaged returns 36.510060860558795 ...
[6] Finished: 32352/80000 Evaluate learned policies with averaged returns 34.64593016474481 ...
[7] Finished: 27456/80000 Evaluate learned policies with averaged returns 32.78179946893083 ...
[5] Finished: 27552/80000 Evaluate learned policies with averaged returns 36.510060860558795 ...
[10] Finished: 33408/80000 Evaluate learned policies with averaged returns 29.053538077302875 ...
[3] Finished: 29088/80000 Evaluate learned policies with averaged returns 32.781799468930835 ...
[0] Finished: 26976/80000 Evaluate learned policies with averaged returns 36.510060860558795 ...
[6] Finished: 32448/80000 Evaluate learned policies with averaged returns 34.64593016474481 ...
[7] Finished: 27552/80000 Evaluate learned policies with averaged returns 30.917668773116855 ...
[10] Finished: 33504/80000 Evaluate learned policies with averaged returns 29.053538077302875 ...
[5] Finished: 27648/80000 Evaluate learned policies with averaged returns 36.510060860558795 ...
[6] Finished: 32544/80000 Evaluate learned policies with averaged returns 34.64593016474481 ...
[3] Finished: 29184/80000 Evaluate learned policies with averaged returns 32.78179946893083 ...
[0] Finished: 27072/80000 Evaluate learned policies with averaged returns 36.510060860558795 ...
[10] Finished: 33600/80000 Evaluate learned policies with averaged returns 29.053538077302882 ...
[7] Finished: 27648/80000 Evaluate learned policies with averaged returns 27.1894073814889 ...
[6] Finished: 32640/80000 Evaluate learned policies with averaged returns 32.781799468930835 ...
[5] Finished: 27744/80000 Evaluate learned policies with averaged returns 36.510060860558795 ...
[3] Finished: 29280/80000 Evaluate learned policies with averaged returns 36.510060860558795 ...
[0] Finished: 27168/80000 Evaluate learned policies with averaged returns 36.510060860558795 ...
[10] Finished: 33696/80000 Evaluate learned policies with averaged returns 25.325276685674915 ...
[6] Finished: 32736/80000 Evaluate learned policies with averaged returns 32.781799468930835 ...
[7] Finished: 27744/80000 Evaluate learned policies with averaged returns 23.461145989860935 ...
[5] Finished: 27840/80000 Evaluate learned policies with averaged returns 36.510060860558795 ...
[3] Finished: 29376/80000 Evaluate learned policies with averaged returns 32.781799468930835 ...
[10] Finished: 33792/80000 Evaluate learned policies with averaged returns 30.917668773116855 ...
[0] Finished: 27264/80000 Evaluate learned policies with averaged returns 36.510060860558795 ...
[6] Finished: 32832/80000 Evaluate learned policies with averaged returns 36.510060860558795 ...
[7] Finished: 27840/80000 Evaluate learned policies with averaged returns 32.78179946893083 ...
[5] Finished: 27936/80000 Evaluate learned policies with averaged returns 36.510060860558795 ...
[10] Finished: 33888/80000 Evaluate learned policies with averaged returns 30.917668773116855 ...
[3] Finished: 29472/80000 Evaluate learned policies with averaged returns 34.64593016474481 ...
[6] Finished: 32928/80000 Evaluate learned policies with averaged returns 34.64593016474481 ...
[0] Finished: 27360/80000 Evaluate learned policies with averaged returns 36.510060860558795 ...
[7] Finished: 27936/80000 Evaluate learned policies with averaged returns 36.510060860558795 ...
[10] Finished: 33984/80000 Evaluate learned policies with averaged returns 34.64593016474481 ...
[5] Finished: 28032/80000 Evaluate learned policies with averaged returns 32.781799468930835 ...
[6] Finished: 33024/80000 Evaluate learned policies with averaged returns 36.510060860558795 ...
[3] Finished: 29568/80000 Evaluate learned policies with averaged returns 36.510060860558795 ...
[0] Finished: 27456/80000 Evaluate learned policies with averaged returns 36.510060860558795 ...
[10] Finished: 34080/80000 Evaluate learned policies with averaged returns 30.917668773116855 ...
[7] Finished: 28032/80000 Evaluate learned policies with averaged returns 30.917668773116855 ...
[6] Finished: 33120/80000 Evaluate learned policies with averaged returns 36.510060860558795 ...
[5] Finished: 28128/80000 Evaluate learned policies with averaged returns 36.510060860558795 ...
[3] Finished: 29664/80000 Evaluate learned policies with averaged returns 32.78179946893083 ...
[10] Finished: 34176/80000 Evaluate learned policies with averaged returns 34.64593016474481 ...
[0] Finished: 27552/80000 Evaluate learned policies with averaged returns 36.510060860558795 ...
[6] Finished: 33216/80000 Evaluate learned policies with averaged returns 30.917668773116855 ...
[7] Finished: 28128/80000 Evaluate learned policies with averaged returns 29.053538077302875 ...
[5] Finished: 28224/80000 Evaluate learned policies with averaged returns 36.510060860558795 ...
[10] Finished: 34272/80000 Evaluate learned policies with averaged returns 29.053538077302875 ...
[3] Finished: 29760/80000 Evaluate learned policies with averaged returns 36.510060860558795 ...
[6] Finished: 33312/80000 Evaluate learned policies with averaged returns 34.64593016474481 ...
[0] Finished: 27648/80000 Evaluate learned policies with averaged returns 36.510060860558795 ...
[7] Finished: 28224/80000 Evaluate learned policies with averaged returns 30.917668773116855 ...
[10] Finished: 34368/80000 Evaluate learned policies with averaged returns 34.64593016474481 ...
[5] Finished: 28320/80000 Evaluate learned policies with averaged returns 34.64593016474481 ...
[6] Finished: 33408/80000 Evaluate learned policies with averaged returns 32.781799468930835 ...
[0] Finished: 27744/80000 Evaluate learned policies with averaged returns 36.510060860558795 ...
[3] Finished: 29856/80000 Evaluate learned policies with averaged returns 36.510060860558795 ...
[10] Finished: 34464/80000 Evaluate learned policies with averaged returns 32.781799468930835 ...
[7] Finished: 28320/80000 Evaluate learned policies with averaged returns 29.053538077302875 ...
[6] Finished: 33504/80000 Evaluate learned policies with averaged returns 25.32527668567492 ...
[5] Finished: 28416/80000 Evaluate learned policies with averaged returns 34.64593016474481 ...
[0] Finished: 27840/80000 Evaluate learned policies with averaged returns 36.510060860558795 ...
[3] Finished: 29952/80000 Evaluate learned policies with averaged returns 34.64593016474481 ...
[10] Finished: 34560/80000 Evaluate learned policies with averaged returns 27.1894073814889 ...
[6] Finished: 33600/80000 Evaluate learned policies with averaged returns 34.64593016474481 ...
[7] Finished: 28416/80000 Evaluate learned policies with averaged returns 29.053538077302875 ...
[5] Finished: 28512/80000 Evaluate learned policies with averaged returns 34.64593016474481 ...
[10] Finished: 34656/80000 Evaluate learned policies with averaged returns 29.053538077302882 ...
[0] Finished: 27936/80000 Evaluate learned policies with averaged returns 36.510060860558795 ...
[3] Finished: 30048/80000 Evaluate learned policies with averaged returns 34.64593016474481 ...
[6] Finished: 33696/80000 Evaluate learned policies with averaged returns 30.917668773116855 ...
[7] Finished: 28512/80000 Evaluate learned policies with averaged returns 32.781799468930835 ...
[10] Finished: 34752/80000 Evaluate learned policies with averaged returns 34.64593016474481 ...
[5] Finished: 28608/80000 Evaluate learned policies with averaged returns 34.64593016474481 ...
[6] Finished: 33792/80000 Evaluate learned policies with averaged returns 32.781799468930835 ...
[0] Finished: 28032/80000 Evaluate learned policies with averaged returns 36.510060860558795 ...
[3] Finished: 30144/80000 Evaluate learned policies with averaged returns 36.510060860558795 ...
[10] Finished: 34848/80000 Evaluate learned policies with averaged returns 25.32527668567492 ...
[7] Finished: 28608/80000 Evaluate learned policies with averaged returns 27.1894073814889 ...
[6] Finished: 33888/80000 Evaluate learned policies with averaged returns 34.64593016474481 ...
[5] Finished: 28704/80000 Evaluate learned policies with averaged returns 34.64593016474481 ...
[0] Finished: 28128/80000 Evaluate learned policies with averaged returns 36.510060860558795 ...
[3] Finished: 30240/80000 Evaluate learned policies with averaged returns 32.781799468930835 ...
[10] Finished: 34944/80000 Evaluate learned policies with averaged returns 27.1894073814889 ...
[6] Finished: 33984/80000 Evaluate learned policies with averaged returns 36.510060860558795 ...
[7] Finished: 28704/80000 Evaluate learned policies with averaged returns 30.917668773116855 ...
[5] Finished: 28800/80000 Evaluate learned policies with averaged returns 34.64593016474481 ...
[0] Finished: 28224/80000 Evaluate learned policies with averaged returns 36.510060860558795 ...
[3] Finished: 30336/80000 Evaluate learned policies with averaged returns 36.510060860558795 ...
[10] Finished: 35040/80000 Evaluate learned policies with averaged returns 25.32527668567492 ...
[6] Finished: 34080/80000 Evaluate learned policies with averaged returns 36.510060860558795 ...
[7] Finished: 28800/80000 Evaluate learned policies with averaged returns 29.053538077302875 ...
[5] Finished: 28896/80000 Evaluate learned policies with averaged returns 34.64593016474481 ...
[10] Finished: 35136/80000 Evaluate learned policies with averaged returns 27.1894073814889 ...
[6] Finished: 34176/80000 Evaluate learned policies with averaged returns 36.510060860558795 ...
[3] Finished: 30432/80000 Evaluate learned policies with averaged returns 36.510060860558795 ...
[0] Finished: 28320/80000 Evaluate learned policies with averaged returns 36.510060860558795 ...
[7] Finished: 28896/80000 Evaluate learned policies with averaged returns 32.781799468930835 ...
[6] Finished: 34272/80000 Evaluate learned policies with averaged returns 34.64593016474481 ...
[5] Finished: 28992/80000 Evaluate learned policies with averaged returns 30.917668773116855 ...
[10] Finished: 35232/80000 Evaluate learned policies with averaged returns 27.1894073814889 ...
[3] Finished: 30528/80000 Evaluate learned policies with averaged returns 34.64593016474481 ...
[0] Finished: 28416/80000 Evaluate learned policies with averaged returns 36.510060860558795 ...
[7] Finished: 28992/80000 Evaluate learned policies with averaged returns 27.1894073814889 ...
[6] Finished: 34368/80000 Evaluate learned policies with averaged returns 36.510060860558795 ...
[10] Finished: 35328/80000 Evaluate learned policies with averaged returns 30.917668773116855 ...
[5] Finished: 29088/80000 Evaluate learned policies with averaged returns 30.91766877311685 ...
[3] Finished: 30624/80000 Evaluate learned policies with averaged returns 32.781799468930835 ...
[0] Finished: 28512/80000 Evaluate learned policies with averaged returns 36.510060860558795 ...
[6] Finished: 34464/80000 Evaluate learned policies with averaged returns 36.510060860558795 ...
[10] Finished: 35424/80000 Evaluate learned policies with averaged returns 32.78179946893083 ...
[7] Finished: 29088/80000 Evaluate learned policies with averaged returns 30.917668773116855 ...
[3] Finished: 30720/80000 Evaluate learned policies with averaged returns 29.053538077302882 ...
[5] Finished: 29184/80000 Evaluate learned policies with averaged returns 32.781799468930835 ...
[6] Finished: 34560/80000 Evaluate learned policies with averaged returns 36.510060860558795 ...
[0] Finished: 28608/80000 Evaluate learned policies with averaged returns 36.510060860558795 ...
[10] Finished: 35520/80000 Evaluate learned policies with averaged returns 30.917668773116855 ...
[7] Finished: 29184/80000 Evaluate learned policies with averaged returns 34.64593016474481 ...
[3] Finished: 30816/80000 Evaluate learned policies with averaged returns 36.510060860558795 ...
[5] Finished: 29280/80000 Evaluate learned policies with averaged returns 30.917668773116855 ...
[6] Finished: 34656/80000 Evaluate learned policies with averaged returns 34.64593016474481 ...
[0] Finished: 28704/80000 Evaluate learned policies with averaged returns 36.510060860558795 ...
[10] Finished: 35616/80000 Evaluate learned policies with averaged returns 36.510060860558795 ...
[7] Finished: 29280/80000 Evaluate learned policies with averaged returns 34.64593016474481 ...
[3] Finished: 30912/80000 Evaluate learned policies with averaged returns 34.64593016474481 ...
[6] Finished: 34752/80000 Evaluate learned policies with averaged returns 36.510060860558795 ...
[5] Finished: 29376/80000 Evaluate learned policies with averaged returns 30.917668773116855 ...
[10] Finished: 35712/80000 Evaluate learned policies with averaged returns 34.64593016474481 ...
[0] Finished: 28800/80000 Evaluate learned policies with averaged returns 36.510060860558795 ...
[3] Finished: 31008/80000 Evaluate learned policies with averaged returns 32.781799468930835 ...
[7] Finished: 29376/80000 Evaluate learned policies with averaged returns 36.510060860558795 ...
[6] Finished: 34848/80000 Evaluate learned policies with averaged returns 30.917668773116855 ...
[5] Finished: 29472/80000 Evaluate learned policies with averaged returns 32.78179946893083 ...
[10] Finished: 35808/80000 Evaluate learned policies with averaged returns 30.917668773116855 ...
[0] Finished: 28896/80000 Evaluate learned policies with averaged returns 36.510060860558795 ...
[3] Finished: 31104/80000 Evaluate learned policies with averaged returns 36.510060860558795 ...
[6] Finished: 34944/80000 Evaluate learned policies with averaged returns 34.64593016474481 ...
[7] Finished: 29472/80000 Evaluate learned policies with averaged returns 36.510060860558795 ...
[10] Finished: 35904/80000 Evaluate learned policies with averaged returns 36.510060860558795 ...
[5] Finished: 29568/80000 Evaluate learned policies with averaged returns 32.78179946893083 ...
[0] Finished: 28992/80000 Evaluate learned policies with averaged returns 36.510060860558795 ...
[3] Finished: 31200/80000 Evaluate learned policies with averaged returns 34.64593016474481 ...
[6] Finished: 35040/80000 Evaluate learned policies with averaged returns 32.781799468930835 ...
[7] Finished: 29568/80000 Evaluate learned policies with averaged returns 32.781799468930835 ...
[10] Finished: 36000/80000 Evaluate learned policies with averaged returns 29.053538077302875 ...
[5] Finished: 29664/80000 Evaluate learned policies with averaged returns 34.64593016474481 ...
[3] Finished: 31296/80000 Evaluate learned policies with averaged returns 36.510060860558795 ...
[0] Finished: 29088/80000 Evaluate learned policies with averaged returns 36.510060860558795 ...
[6] Finished: 35136/80000 Evaluate learned policies with averaged returns 30.917668773116855 ...
[10] Finished: 36096/80000 Evaluate learned policies with averaged returns 36.510060860558795 ...
[7] Finished: 29664/80000 Evaluate learned policies with averaged returns 29.053538077302875 ...
[5] Finished: 29760/80000 Evaluate learned policies with averaged returns 32.781799468930835 ...
[3] Finished: 31392/80000 Evaluate learned policies with averaged returns 36.510060860558795 ...
[6] Finished: 35232/80000 Evaluate learned policies with averaged returns 32.781799468930835 ...
[0] Finished: 29184/80000 Evaluate learned policies with averaged returns 36.510060860558795 ...
[10] Finished: 36192/80000 Evaluate learned policies with averaged returns 30.917668773116855 ...
[7] Finished: 29760/80000 Evaluate learned policies with averaged returns 27.1894073814889 ...
[5] Finished: 29856/80000 Evaluate learned policies with averaged returns 32.781799468930835 ...
[3] Finished: 31488/80000 Evaluate learned policies with averaged returns 36.510060860558795 ...
[6] Finished: 35328/80000 Evaluate learned policies with averaged returns 32.78179946893083 ...
[0] Finished: 29280/80000 Evaluate learned policies with averaged returns 36.510060860558795 ...
[10] Finished: 36288/80000 Evaluate learned policies with averaged returns 27.189407381488895 ...
[7] Finished: 29856/80000 Evaluate learned policies with averaged returns 25.32527668567492 ...
[5] Finished: 29952/80000 Evaluate learned policies with averaged returns 30.917668773116855 ...
[3] Finished: 31584/80000 Evaluate learned policies with averaged returns 36.510060860558795 ...
[6] Finished: 35424/80000 Evaluate learned policies with averaged returns 30.917668773116855 ...
[0] Finished: 29376/80000 Evaluate learned policies with averaged returns 36.510060860558795 ...
[10] Finished: 36384/80000 Evaluate learned policies with averaged returns 30.917668773116855 ...
[7] Finished: 29952/80000 Evaluate learned policies with averaged returns 30.917668773116855 ...
[5] Finished: 30048/80000 Evaluate learned policies with averaged returns 32.781799468930835 ...
[3] Finished: 31680/80000 Evaluate learned policies with averaged returns 36.510060860558795 ...
[6] Finished: 35520/80000 Evaluate learned policies with averaged returns 30.917668773116855 ...
[0] Finished: 29472/80000 Evaluate learned policies with averaged returns 36.510060860558795 ...
[10] Finished: 36480/80000 Evaluate learned policies with averaged returns 29.053538077302882 ...
[7] Finished: 30048/80000 Evaluate learned policies with averaged returns 29.053538077302875 ...
[5] Finished: 30144/80000 Evaluate learned policies with averaged returns 25.32527668567492 ...
[3] Finished: 31776/80000 Evaluate learned policies with averaged returns 34.64593016474481 ...
[6] Finished: 35616/80000 Evaluate learned policies with averaged returns 30.917668773116855 ...
[0] Finished: 29568/80000 Evaluate learned policies with averaged returns 36.510060860558795 ...
[10] Finished: 36576/80000 Evaluate learned policies with averaged returns 29.053538077302875 ...
[7] Finished: 30144/80000 Evaluate learned policies with averaged returns 27.189407381488895 ...
[5] Finished: 30240/80000 Evaluate learned policies with averaged returns 32.781799468930835 ...
[3] Finished: 31872/80000 Evaluate learned policies with averaged returns 29.053538077302875 ...
[6] Finished: 35712/80000 Evaluate learned policies with averaged returns 27.189407381488895 ...
[0] Finished: 29664/80000 Evaluate learned policies with averaged returns 36.510060860558795 ...
[7] Finished: 30240/80000 Evaluate learned policies with averaged returns 32.78179946893083 ...
[10] Finished: 36672/80000 Evaluate learned policies with averaged returns 25.32527668567492 ...
[5] Finished: 30336/80000 Evaluate learned policies with averaged returns 36.510060860558795 ...
[3] Finished: 31968/80000 Evaluate learned policies with averaged returns 32.78179946893083 ...
[6] Finished: 35808/80000 Evaluate learned policies with averaged returns 32.781799468930835 ...
[0] Finished: 29760/80000 Evaluate learned policies with averaged returns 36.510060860558795 ...
[7] Finished: 30336/80000 Evaluate learned policies with averaged returns 25.32527668567492 ...
[10] Finished: 36768/80000 Evaluate learned policies with averaged returns 32.781799468930835 ...
[5] Finished: 30432/80000 Evaluate learned policies with averaged returns 36.510060860558795 ...
[3] Finished: 32064/80000 Evaluate learned policies with averaged returns 32.78179946893083 ...
[6] Finished: 35904/80000 Evaluate learned policies with averaged returns 32.781799468930835 ...
[0] Finished: 29856/80000 Evaluate learned policies with averaged returns 36.510060860558795 ...
[7] Finished: 30432/80000 Evaluate learned policies with averaged returns 34.64593016474481 ...
[10] Finished: 36864/80000 Evaluate learned policies with averaged returns 32.781799468930835 ...
[5] Finished: 30528/80000 Evaluate learned policies with averaged returns 34.64593016474481 ...
[3] Finished: 32160/80000 Evaluate learned policies with averaged returns 32.78179946893083 ...
[6] Finished: 36000/80000 Evaluate learned policies with averaged returns 36.510060860558795 ...
[0] Finished: 29952/80000 Evaluate learned policies with averaged returns 36.510060860558795 ...
[7] Finished: 30528/80000 Evaluate learned policies with averaged returns 30.917668773116855 ...
[10] Finished: 36960/80000 Evaluate learned policies with averaged returns 30.917668773116855 ...
[5] Finished: 30624/80000 Evaluate learned policies with averaged returns 36.510060860558795 ...
[3] Finished: 32256/80000 Evaluate learned policies with averaged returns 32.781799468930835 ...
[6] Finished: 36096/80000 Evaluate learned policies with averaged returns 36.510060860558795 ...
[0] Finished: 30048/80000 Evaluate learned policies with averaged returns 36.510060860558795 ...
[10] Finished: 37056/80000 Evaluate learned policies with averaged returns 27.1894073814889 ...
[3] Finished: 32352/80000 Evaluate learned policies with averaged returns 34.64593016474481 ...
[7] Finished: 30624/80000 Evaluate learned policies with averaged returns 36.510060860558795 ...
[5] Finished: 30720/80000 Evaluate learned policies with averaged returns 32.78179946893083 ...
[6] Finished: 36192/80000 Evaluate learned policies with averaged returns 36.510060860558795 ...
[10] Finished: 37152/80000 Evaluate learned policies with averaged returns 30.917668773116855 ...
[0] Finished: 30144/80000 Evaluate learned policies with averaged returns 36.510060860558795 ...
[3] Finished: 32448/80000 Evaluate learned policies with averaged returns 30.917668773116855 ...
[6] Finished: 36288/80000 Evaluate learned policies with averaged returns 36.510060860558795 ...
[7] Finished: 30720/80000 Evaluate learned policies with averaged returns 29.053538077302882 ...
[5] Finished: 30816/80000 Evaluate learned policies with averaged returns 32.781799468930835 ...
[10] Finished: 37248/80000 Evaluate learned policies with averaged returns 36.510060860558795 ...
[3] Finished: 32544/80000 Evaluate learned policies with averaged returns 34.64593016474481 ...
[6] Finished: 36384/80000 Evaluate learned policies with averaged returns 34.64593016474481 ...
[0] Finished: 30240/80000 Evaluate learned policies with averaged returns 36.510060860558795 ...
[7] Finished: 30816/80000 Evaluate learned policies with averaged returns 30.917668773116855 ...
[5] Finished: 30912/80000 Evaluate learned policies with averaged returns 32.781799468930835 ...
[10] Finished: 37344/80000 Evaluate learned policies with averaged returns 34.64593016474481 ...
[3] Finished: 32640/80000 Evaluate learned policies with averaged returns 32.781799468930835 ...
[6] Finished: 36480/80000 Evaluate learned policies with averaged returns 36.510060860558795 ...
[0] Finished: 30336/80000 Evaluate learned policies with averaged returns 36.510060860558795 ...
[7] Finished: 30912/80000 Evaluate learned policies with averaged returns 29.053538077302882 ...
[10] Finished: 37440/80000 Evaluate learned policies with averaged returns 30.917668773116855 ...
[3] Finished: 32736/80000 Evaluate learned policies with averaged returns 32.78179946893083 ...
[5] Finished: 31008/80000 Evaluate learned policies with averaged returns 34.64593016474481 ...
[6] Finished: 36576/80000 Evaluate learned policies with averaged returns 34.64593016474481 ...
[0] Finished: 30432/80000 Evaluate learned policies with averaged returns 36.510060860558795 ...
[3] Finished: 32832/80000 Evaluate learned policies with averaged returns 32.78179946893083 ...
[10] Finished: 37536/80000 Evaluate learned policies with averaged returns 32.781799468930835 ...
[6] Finished: 36672/80000 Evaluate learned policies with averaged returns 36.510060860558795 ...
[7] Finished: 31008/80000 Evaluate learned policies with averaged returns 32.781799468930835 ...
[5] Finished: 31104/80000 Evaluate learned policies with averaged returns 34.64593016474481 ...
[3] Finished: 32928/80000 Evaluate learned policies with averaged returns 32.781799468930835 ...
[10] Finished: 37632/80000 Evaluate learned policies with averaged returns 27.189407381488895 ...
[0] Finished: 30528/80000 Evaluate learned policies with averaged returns 36.510060860558795 ...
[6] Finished: 36768/80000 Evaluate learned policies with averaged returns 34.64593016474481 ...
[7] Finished: 31104/80000 Evaluate learned policies with averaged returns 30.917668773116855 ...
[5] Finished: 31200/80000 Evaluate learned policies with averaged returns 32.781799468930835 ...
[3] Finished: 33024/80000 Evaluate learned policies with averaged returns 32.781799468930835 ...
[10] Finished: 37728/80000 Evaluate learned policies with averaged returns 30.917668773116855 ...
[6] Finished: 36864/80000 Evaluate learned policies with averaged returns 36.510060860558795 ...
[0] Finished: 30624/80000 Evaluate learned policies with averaged returns 36.510060860558795 ...
[5] Finished: 31296/80000 Evaluate learned policies with averaged returns 29.053538077302882 ...
[7] Finished: 31200/80000 Evaluate learned policies with averaged returns 36.510060860558795 ...
[3] Finished: 33120/80000 Evaluate learned policies with averaged returns 34.64593016474481 ...
[10] Finished: 37824/80000 Evaluate learned policies with averaged returns 27.1894073814889 ...
[6] Finished: 36960/80000 Evaluate learned policies with averaged returns 34.64593016474481 ...
[0] Finished: 30720/80000 Evaluate learned policies with averaged returns 36.510060860558795 ...
[3] Finished: 33216/80000 Evaluate learned policies with averaged returns 36.510060860558795 ...
[5] Finished: 31392/80000 Evaluate learned policies with averaged returns 29.053538077302875 ...
[6] Finished: 37056/80000 Evaluate learned policies with averaged returns 36.510060860558795 ...
[10] Finished: 37920/80000 Evaluate learned policies with averaged returns 30.917668773116855 ...
[7] Finished: 31296/80000 Evaluate learned policies with averaged returns 29.053538077302875 ...
[10] Finished: 38016/80000 Evaluate learned policies with averaged returns 36.510060860558795 ...
[6] Finished: 37152/80000 Evaluate learned policies with averaged returns 36.510060860558795 ...
[0] Finished: 30816/80000 Evaluate learned policies with averaged returns 36.510060860558795 ...
[3] Finished: 33312/80000 Evaluate learned policies with averaged returns 36.510060860558795 ...
[5] Finished: 31488/80000 Evaluate learned policies with averaged returns 34.64593016474481 ...
[7] Finished: 31392/80000 Evaluate learned policies with averaged returns 30.917668773116855 ...
[10] Finished: 38112/80000 Evaluate learned policies with averaged returns 36.510060860558795 ...
[6] Finished: 37248/80000 Evaluate learned policies with averaged returns 36.510060860558795 ...
[3] Finished: 33408/80000 Evaluate learned policies with averaged returns 36.510060860558795 ...
[0] Finished: 30912/80000 Evaluate learned policies with averaged returns 36.510060860558795 ...
[5] Finished: 31584/80000 Evaluate learned policies with averaged returns 30.917668773116855 ...
[7] Finished: 31488/80000 Evaluate learned policies with averaged returns 34.64593016474481 ...
[10] Finished: 38208/80000 Evaluate learned policies with averaged returns 32.781799468930835 ...
[6] Finished: 37344/80000 Evaluate learned policies with averaged returns 36.510060860558795 ...
[3] Finished: 33504/80000 Evaluate learned policies with averaged returns 32.781799468930835 ...
[0] Finished: 31008/80000 Evaluate learned policies with averaged returns 36.510060860558795 ...
[5] Finished: 31680/80000 Evaluate learned policies with averaged returns 29.053538077302882 ...
[7] Finished: 31584/80000 Evaluate learned policies with averaged returns 30.917668773116855 ...
[10] Finished: 38304/80000 Evaluate learned policies with averaged returns 27.1894073814889 ...
[3] Finished: 33600/80000 Evaluate learned policies with averaged returns 30.917668773116855 ...
[6] Finished: 37440/80000 Evaluate learned policies with averaged returns 36.510060860558795 ...
[0] Finished: 31104/80000 Evaluate learned policies with averaged returns 36.510060860558795 ...
[5] Finished: 31776/80000 Evaluate learned policies with averaged returns 29.053538077302875 ...
[10] Finished: 38400/80000 Evaluate learned policies with averaged returns 30.917668773116855 ...
[3] Finished: 33696/80000 Evaluate learned policies with averaged returns 34.64593016474481 ...
[7] Finished: 31680/80000 Evaluate learned policies with averaged returns 29.053538077302875 ...
[6] Finished: 37536/80000 Evaluate learned policies with averaged returns 36.510060860558795 ...
[0] Finished: 31200/80000 Evaluate learned policies with averaged returns 34.64593016474481 ...
[10] Finished: 38496/80000 Evaluate learned policies with averaged returns 29.053538077302875 ...
[5] Finished: 31872/80000 Evaluate learned policies with averaged returns 32.781799468930835 ...
[6] Finished: 37632/80000 Evaluate learned policies with averaged returns 36.510060860558795 ...
[3] Finished: 33792/80000 Evaluate learned policies with averaged returns 30.917668773116855 ...
[7] Finished: 31776/80000 Evaluate learned policies with averaged returns 30.917668773116855 ...
[10] Finished: 38592/80000 Evaluate learned policies with averaged returns 30.917668773116855 ...
[6] Finished: 37728/80000 Evaluate learned policies with averaged returns 36.510060860558795 ...
[3] Finished: 33888/80000 Evaluate learned policies with averaged returns 34.64593016474481 ...
[5] Finished: 31968/80000 Evaluate learned policies with averaged returns 30.91766877311685 ...
[0] Finished: 31296/80000 Evaluate learned policies with averaged returns 36.510060860558795 ...
[7] Finished: 31872/80000 Evaluate learned policies with averaged returns 25.32527668567492 ...
[10] Finished: 38688/80000 Evaluate learned policies with averaged returns 34.64593016474481 ...
[3] Finished: 33984/80000 Evaluate learned policies with averaged returns 32.781799468930835 ...
[6] Finished: 37824/80000 Evaluate learned policies with averaged returns 34.64593016474481 ...
[0] Finished: 31392/80000 Evaluate learned policies with averaged returns 36.510060860558795 ...
[5] Finished: 32064/80000 Evaluate learned policies with averaged returns 29.053538077302875 ...
[7] Finished: 31968/80000 Evaluate learned policies with averaged returns 32.78179946893083 ...
[10] Finished: 38784/80000 Evaluate learned policies with averaged returns 34.64593016474481 ...
[3] Finished: 34080/80000 Evaluate learned policies with averaged returns 36.510060860558795 ...
[6] Finished: 37920/80000 Evaluate learned policies with averaged returns 36.510060860558795 ...
[0] Finished: 31488/80000 Evaluate learned policies with averaged returns 36.510060860558795 ...
[5] Finished: 32160/80000 Evaluate learned policies with averaged returns 34.64593016474481 ...
[7] Finished: 32064/80000 Evaluate learned policies with averaged returns 30.917668773116855 ...
[10] Finished: 38880/80000 Evaluate learned policies with averaged returns 32.78179946893083 ...
[3] Finished: 34176/80000 Evaluate learned policies with averaged returns 27.1894073814889 ...
[6] Finished: 38016/80000 Evaluate learned policies with averaged returns 36.510060860558795 ...
[0] Finished: 31584/80000 Evaluate learned policies with averaged returns 36.510060860558795 ...
[10] Finished: 38976/80000 Evaluate learned policies with averaged returns 30.91766877311685 ...
[5] Finished: 32256/80000 Evaluate learned policies with averaged returns 34.64593016474481 ...
[3] Finished: 34272/80000 Evaluate learned policies with averaged returns 29.053538077302875 ...
[7] Finished: 32160/80000 Evaluate learned policies with averaged returns 32.781799468930835 ...
[6] Finished: 38112/80000 Evaluate learned policies with averaged returns 34.64593016474481 ...
[10] Finished: 39072/80000 Evaluate learned policies with averaged returns 30.917668773116855 ...
[0] Finished: 31680/80000 Evaluate learned policies with averaged returns 36.510060860558795 ...
[3] Finished: 34368/80000 Evaluate learned policies with averaged returns 27.189407381488895 ...
[6] Finished: 38208/80000 Evaluate learned policies with averaged returns 27.189407381488895 ...
[5] Finished: 32352/80000 Evaluate learned policies with averaged returns 34.64593016474481 ...
[7] Finished: 32256/80000 Evaluate learned policies with averaged returns 21.597015294046958 ...
[10] Finished: 39168/80000 Evaluate learned policies with averaged returns 32.78179946893083 ...
[3] Finished: 34464/80000 Evaluate learned policies with averaged returns 32.78179946893083 ...
[6] Finished: 38304/80000 Evaluate learned policies with averaged returns 32.78179946893083 ...
[0] Finished: 31776/80000 Evaluate learned policies with averaged returns 36.510060860558795 ...
[5] Finished: 32448/80000 Evaluate learned policies with averaged returns 34.64593016474481 ...
[7] Finished: 32352/80000 Evaluate learned policies with averaged returns 25.32527668567492 ...
[10] Finished: 39264/80000 Evaluate learned policies with averaged returns 32.78179946893083 ...
[3] Finished: 34560/80000 Evaluate learned policies with averaged returns 34.64593016474481 ...
[6] Finished: 38400/80000 Evaluate learned policies with averaged returns 36.510060860558795 ...
[0] Finished: 31872/80000 Evaluate learned policies with averaged returns 36.510060860558795 ...
[5] Finished: 32544/80000 Evaluate learned policies with averaged returns 32.781799468930835 ...
[7] Finished: 32448/80000 Evaluate learned policies with averaged returns 29.053538077302875 ...
[10] Finished: 39360/80000 Evaluate learned policies with averaged returns 32.781799468930835 ...
[3] Finished: 34656/80000 Evaluate learned policies with averaged returns 34.64593016474481 ...
[6] Finished: 38496/80000 Evaluate learned policies with averaged returns 34.64593016474481 ...
[5] Finished: 32640/80000 Evaluate learned policies with averaged returns 29.053538077302875 ...
[0] Finished: 31968/80000 Evaluate learned policies with averaged returns 36.510060860558795 ...
[10] Finished: 39456/80000 Evaluate learned policies with averaged returns 30.917668773116855 ...
[7] Finished: 32544/80000 Evaluate learned policies with averaged returns 29.053538077302875 ...
[3] Finished: 34752/80000 Evaluate learned policies with averaged returns 36.510060860558795 ...
[6] Finished: 38592/80000 Evaluate learned policies with averaged returns 34.64593016474481 ...
[0] Finished: 32064/80000 Evaluate learned policies with averaged returns 36.510060860558795 ...
[10] Finished: 39552/80000 Evaluate learned policies with averaged returns 29.053538077302875 ...
[5] Finished: 32736/80000 Evaluate learned policies with averaged returns 30.917668773116855 ...
[6] Finished: 38688/80000 Evaluate learned policies with averaged returns 36.510060860558795 ...
[3] Finished: 34848/80000 Evaluate learned policies with averaged returns 32.78179946893083 ...
[7] Finished: 32640/80000 Evaluate learned policies with averaged returns 30.917668773116855 ...
[10] Finished: 39648/80000 Evaluate learned policies with averaged returns 30.917668773116855 ...
[6] Finished: 38784/80000 Evaluate learned policies with averaged returns 34.64593016474481 ...
[3] Finished: 34944/80000 Evaluate learned policies with averaged returns 32.78179946893083 ...
[0] Finished: 32160/80000 Evaluate learned policies with averaged returns 36.510060860558795 ...
[5] Finished: 32832/80000 Evaluate learned policies with averaged returns 30.917668773116855 ...
[7] Finished: 32736/80000 Evaluate learned policies with averaged returns 34.64593016474481 ...
[6] Finished: 38880/80000 Evaluate learned policies with averaged returns 34.64593016474481 ...
[10] Finished: 39744/80000 Evaluate learned policies with averaged returns 32.78179946893083 ...
[3] Finished: 35040/80000 Evaluate learned policies with averaged returns 32.78179946893083 ...
[0] Finished: 32256/80000 Evaluate learned policies with averaged returns 36.510060860558795 ...
[5] Finished: 32928/80000 Evaluate learned policies with averaged returns 32.781799468930835 ...
[7] Finished: 32832/80000 Evaluate learned policies with averaged returns 32.781799468930835 ...
[10] Finished: 39840/80000 Evaluate learned policies with averaged returns 34.64593016474481 ...
[3] Finished: 35136/80000 Evaluate learned policies with averaged returns 36.510060860558795 ...
[6] Finished: 38976/80000 Evaluate learned policies with averaged returns 34.64593016474481 ...
[7] Finished: 32928/80000 Evaluate learned policies with averaged returns 36.510060860558795 ...
[0] Finished: 32352/80000 Evaluate learned policies with averaged returns 36.510060860558795 ...
[5] Finished: 33024/80000 Evaluate learned policies with averaged returns 30.917668773116855 ...
[3] Finished: 35232/80000 Evaluate learned policies with averaged returns 30.917668773116855 ...
[6] Finished: 39072/80000 Evaluate learned policies with averaged returns 32.781799468930835 ...
[10] Finished: 39936/80000 Evaluate learned policies with averaged returns 29.053538077302875 ...
[7] Finished: 33024/80000 Evaluate learned policies with averaged returns 30.917668773116855 ...
[0] Finished: 32448/80000 Evaluate learned policies with averaged returns 36.510060860558795 ...
[3] Finished: 35328/80000 Evaluate learned policies with averaged returns 32.781799468930835 ...
[5] Finished: 33120/80000 Evaluate learned policies with averaged returns 29.053538077302875 ...
[6] Finished: 39168/80000 Evaluate learned policies with averaged returns 34.64593016474481 ...
[10] Finished: 40032/80000 Evaluate learned policies with averaged returns 36.510060860558795 ...
[7] Finished: 33120/80000 Evaluate learned policies with averaged returns 34.64593016474481 ...
[0] Finished: 32544/80000 Evaluate learned policies with averaged returns 36.510060860558795 ...
[5] Finished: 33216/80000 Evaluate learned policies with averaged returns 36.510060860558795 ...
[6] Finished: 39264/80000 Evaluate learned policies with averaged returns 32.78179946893083 ...
[3] Finished: 35424/80000 Evaluate learned policies with averaged returns 27.189407381488895 ...
[10] Finished: 40128/80000 Evaluate learned policies with averaged returns 34.64593016474481 ...
[3] Finished: 35520/80000 Evaluate learned policies with averaged returns 32.781799468930835 ...
[7] Finished: 33216/80000 Evaluate learned policies with averaged returns 32.78179946893083 ...
[6] Finished: 39360/80000 Evaluate learned policies with averaged returns 36.510060860558795 ...
[0] Finished: 32640/80000 Evaluate learned policies with averaged returns 36.510060860558795 ...
[10] Finished: 40224/80000 Evaluate learned policies with averaged returns 36.510060860558795 ...
[5] Finished: 33312/80000 Evaluate learned policies with averaged returns 29.053538077302875 ...
[3] Finished: 35616/80000 Evaluate learned policies with averaged returns 30.917668773116855 ...
[6] Finished: 39456/80000 Evaluate learned policies with averaged returns 34.64593016474481 ...
[7] Finished: 33312/80000 Evaluate learned policies with averaged returns 30.917668773116855 ...
[10] Finished: 40320/80000 Evaluate learned policies with averaged returns 34.64593016474481 ...
[0] Finished: 32736/80000 Evaluate learned policies with averaged returns 36.510060860558795 ...
[5] Finished: 33408/80000 Evaluate learned policies with averaged returns 30.91766877311685 ...
[3] Finished: 35712/80000 Evaluate learned policies with averaged returns 32.78179946893083 ...
[6] Finished: 39552/80000 Evaluate learned policies with averaged returns 34.64593016474481 ...
[10] Finished: 40416/80000 Evaluate learned policies with averaged returns 32.781799468930835 ...
[7] Finished: 33408/80000 Evaluate learned policies with averaged returns 23.461145989860935 ...
[0] Finished: 32832/80000 Evaluate learned policies with averaged returns 36.510060860558795 ...
[5] Finished: 33504/80000 Evaluate learned policies with averaged returns 34.64593016474481 ...
[6] Finished: 39648/80000 Evaluate learned policies with averaged returns 34.64593016474481 ...
[3] Finished: 35808/80000 Evaluate learned policies with averaged returns 30.917668773116855 ...
[10] Finished: 40512/80000 Evaluate learned policies with averaged returns 36.510060860558795 ...
[7] Finished: 33504/80000 Evaluate learned policies with averaged returns 32.781799468930835 ...
[0] Finished: 32928/80000 Evaluate learned policies with averaged returns 36.510060860558795 ...
[6] Finished: 39744/80000 Evaluate learned policies with averaged returns 32.781799468930835 ...
[3] Finished: 35904/80000 Evaluate learned policies with averaged returns 34.64593016474481 ...
[5] Finished: 33600/80000 Evaluate learned policies with averaged returns 34.64593016474481 ...
[10] Finished: 40608/80000 Evaluate learned policies with averaged returns 36.510060860558795 ...
[6] Finished: 39840/80000 Evaluate learned policies with averaged returns 34.64593016474481 ...
[7] Finished: 33600/80000 Evaluate learned policies with averaged returns 29.053538077302875 ...
[0] Finished: 33024/80000 Evaluate learned policies with averaged returns 36.510060860558795 ...
[3] Finished: 36000/80000 Evaluate learned policies with averaged returns 29.053538077302882 ...
[10] Finished: 40704/80000 Evaluate learned policies with averaged returns 36.510060860558795 ...
[5] Finished: 33696/80000 Evaluate learned policies with averaged returns 30.917668773116855 ...
[6] Finished: 39936/80000 Evaluate learned policies with averaged returns 36.510060860558795 ...
[3] Finished: 36096/80000 Evaluate learned policies with averaged returns 34.64593016474481 ...
[0] Finished: 33120/80000 Evaluate learned policies with averaged returns 36.510060860558795 ...
[7] Finished: 33696/80000 Evaluate learned policies with averaged returns 36.510060860558795 ...
[5] Finished: 33792/80000 Evaluate learned policies with averaged returns 34.64593016474481 ...
[10] Finished: 40800/80000 Evaluate learned policies with averaged returns 32.781799468930835 ...
[6] Finished: 40032/80000 Evaluate learned policies with averaged returns 36.510060860558795 ...
[3] Finished: 36192/80000 Evaluate learned policies with averaged returns 32.781799468930835 ...
[7] Finished: 33792/80000 Evaluate learned policies with averaged returns 32.781799468930835 ...
[0] Finished: 33216/80000 Evaluate learned policies with averaged returns 36.510060860558795 ...
[10] Finished: 40896/80000 Evaluate learned policies with averaged returns 30.917668773116855 ...
[5] Finished: 33888/80000 Evaluate learned policies with averaged returns 36.510060860558795 ...
[6] Finished: 40128/80000 Evaluate learned policies with averaged returns 36.510060860558795 ...
[3] Finished: 36288/80000 Evaluate learned policies with averaged returns 34.64593016474481 ...
[7] Finished: 33888/80000 Evaluate learned policies with averaged returns 34.64593016474481 ...
[0] Finished: 33312/80000 Evaluate learned policies with averaged returns 36.510060860558795 ...
[5] Finished: 33984/80000 Evaluate learned policies with averaged returns 32.78179946893083 ...
[10] Finished: 40992/80000 Evaluate learned policies with averaged returns 32.78179946893083 ...
[6] Finished: 40224/80000 Evaluate learned policies with averaged returns 36.510060860558795 ...
[3] Finished: 36384/80000 Evaluate learned policies with averaged returns 32.78179946893083 ...
[7] Finished: 33984/80000 Evaluate learned policies with averaged returns 36.510060860558795 ...
[10] Finished: 41088/80000 Evaluate learned policies with averaged returns 25.32527668567492 ...
[0] Finished: 33408/80000 Evaluate learned policies with averaged returns 36.510060860558795 ...
[6] Finished: 40320/80000 Evaluate learned policies with averaged returns 36.510060860558795 ...
[3] Finished: 36480/80000 Evaluate learned policies with averaged returns 30.917668773116855 ...
[5] Finished: 34080/80000 Evaluate learned policies with averaged returns 36.510060860558795 ...
[7] Finished: 34080/80000 Evaluate learned policies with averaged returns 32.781799468930835 ...
[6] Finished: 40416/80000 Evaluate learned policies with averaged returns 32.781799468930835 ...
[10] Finished: 41184/80000 Evaluate learned policies with averaged returns 30.917668773116855 ...
[3] Finished: 36576/80000 Evaluate learned policies with averaged returns 36.510060860558795 ...
[0] Finished: 33504/80000 Evaluate learned policies with averaged returns 36.510060860558795 ...
[5] Finished: 34176/80000 Evaluate learned policies with averaged returns 34.64593016474481 ...
[6] Finished: 40512/80000 Evaluate learned policies with averaged returns 30.917668773116855 ...
[7] Finished: 34176/80000 Evaluate learned policies with averaged returns 34.64593016474481 ...
[3] Finished: 36672/80000 Evaluate learned policies with averaged returns 34.64593016474481 ...
[10] Finished: 41280/80000 Evaluate learned policies with averaged returns 32.78179946893083 ...
[0] Finished: 33600/80000 Evaluate learned policies with averaged returns 36.510060860558795 ...
[6] Finished: 40608/80000 Evaluate learned policies with averaged returns 27.189407381488895 ...
[5] Finished: 34272/80000 Evaluate learned policies with averaged returns 30.917668773116855 ...
[3] Finished: 36768/80000 Evaluate learned policies with averaged returns 30.917668773116855 ...
[7] Finished: 34272/80000 Evaluate learned policies with averaged returns 32.781799468930835 ...
[10] Finished: 41376/80000 Evaluate learned policies with averaged returns 36.510060860558795 ...
[0] Finished: 33696/80000 Evaluate learned policies with averaged returns 36.510060860558795 ...
[6] Finished: 40704/80000 Evaluate learned policies with averaged returns 27.189407381488895 ...
[5] Finished: 34368/80000 Evaluate learned policies with averaged returns 27.189407381488895 ...
[3] Finished: 36864/80000 Evaluate learned policies with averaged returns 36.510060860558795 ...
[7] Finished: 34368/80000 Evaluate learned policies with averaged returns 36.510060860558795 ...
[10] Finished: 41472/80000 Evaluate learned policies with averaged returns 36.510060860558795 ...
[6] Finished: 40800/80000 Evaluate learned policies with averaged returns 32.781799468930835 ...
[0] Finished: 33792/80000 Evaluate learned policies with averaged returns 36.510060860558795 ...
[3] Finished: 36960/80000 Evaluate learned policies with averaged returns 30.917668773116855 ...
[5] Finished: 34464/80000 Evaluate learned policies with averaged returns 32.78179946893083 ...
[7] Finished: 34464/80000 Evaluate learned policies with averaged returns 30.917668773116855 ...
[10] Finished: 41568/80000 Evaluate learned policies with averaged returns 32.781799468930835 ...
[6] Finished: 40896/80000 Evaluate learned policies with averaged returns 36.510060860558795 ...
[0] Finished: 33888/80000 Evaluate learned policies with averaged returns 36.510060860558795 ...
[3] Finished: 37056/80000 Evaluate learned policies with averaged returns 32.781799468930835 ...
[10] Finished: 41664/80000 Evaluate learned policies with averaged returns 30.917668773116855 ...
[5] Finished: 34560/80000 Evaluate learned policies with averaged returns 30.917668773116855 ...
[7] Finished: 34560/80000 Evaluate learned policies with averaged returns 36.510060860558795 ...
[6] Finished: 40992/80000 Evaluate learned policies with averaged returns 30.917668773116855 ...
[3] Finished: 37152/80000 Evaluate learned policies with averaged returns 29.053538077302875 ...
[0] Finished: 33984/80000 Evaluate learned policies with averaged returns 36.510060860558795 ...
[10] Finished: 41760/80000 Evaluate learned policies with averaged returns 32.781799468930835 ...
[6] Finished: 41088/80000 Evaluate learned policies with averaged returns 34.64593016474481 ...
[5] Finished: 34656/80000 Evaluate learned policies with averaged returns 30.917668773116855 ...
[7] Finished: 34656/80000 Evaluate learned policies with averaged returns 32.781799468930835 ...
[3] Finished: 37248/80000 Evaluate learned policies with averaged returns 30.91766877311685 ...
[0] Finished: 34080/80000 Evaluate learned policies with averaged returns 36.510060860558795 ...
[10] Finished: 41856/80000 Evaluate learned policies with averaged returns 32.781799468930835 ...
[6] Finished: 41184/80000 Evaluate learned policies with averaged returns 30.917668773116855 ...
[3] Finished: 37344/80000 Evaluate learned policies with averaged returns 25.32527668567492 ...
[7] Finished: 34752/80000 Evaluate learned policies with averaged returns 34.64593016474481 ...
[5] Finished: 34752/80000 Evaluate learned policies with averaged returns 27.189407381488895 ...
[10] Finished: 41952/80000 Evaluate learned policies with averaged returns 30.917668773116855 ...
[6] Finished: 41280/80000 Evaluate learned policies with averaged returns 34.64593016474481 ...
[0] Finished: 34176/80000 Evaluate learned policies with averaged returns 36.510060860558795 ...
[3] Finished: 37440/80000 Evaluate learned policies with averaged returns 34.64593016474481 ...
[7] Finished: 34848/80000 Evaluate learned policies with averaged returns 36.510060860558795 ...
[6] Finished: 41376/80000 Evaluate learned policies with averaged returns 32.781799468930835 ...
[10] Finished: 42048/80000 Evaluate learned policies with averaged returns 29.053538077302882 ...
[5] Finished: 34848/80000 Evaluate learned policies with averaged returns 32.781799468930835 ...
[0] Finished: 34272/80000 Evaluate learned policies with averaged returns 36.510060860558795 ...
[3] Finished: 37536/80000 Evaluate learned policies with averaged returns 36.510060860558795 ...
[6] Finished: 41472/80000 Evaluate learned policies with averaged returns 32.78179946893083 ...
[10] Finished: 42144/80000 Evaluate learned policies with averaged returns 34.64593016474481 ...
[7] Finished: 34944/80000 Evaluate learned policies with averaged returns 29.053538077302875 ...
[5] Finished: 34944/80000 Evaluate learned policies with averaged returns 32.781799468930835 ...
[0] Finished: 34368/80000 Evaluate learned policies with averaged returns 36.510060860558795 ...
[3] Finished: 37632/80000 Evaluate learned policies with averaged returns 34.64593016474481 ...
[6] Finished: 41568/80000 Evaluate learned policies with averaged returns 30.91766877311685 ...
[10] Finished: 42240/80000 Evaluate learned policies with averaged returns 29.053538077302882 ...
[7] Finished: 35040/80000 Evaluate learned policies with averaged returns 34.64593016474481 ...
[5] Finished: 35040/80000 Evaluate learned policies with averaged returns 34.64593016474481 ...
[0] Finished: 34464/80000 Evaluate learned policies with averaged returns 36.510060860558795 ...
[3] Finished: 37728/80000 Evaluate learned policies with averaged returns 34.64593016474481 ...
[6] Finished: 41664/80000 Evaluate learned policies with averaged returns 32.78179946893083 ...
[10] Finished: 42336/80000 Evaluate learned policies with averaged returns 34.64593016474481 ...
[7] Finished: 35136/80000 Evaluate learned policies with averaged returns 27.189407381488895 ...
[3] Finished: 37824/80000 Evaluate learned policies with averaged returns 34.64593016474481 ...
[5] Finished: 35136/80000 Evaluate learned policies with averaged returns 36.510060860558795 ...
[6] Finished: 41760/80000 Evaluate learned policies with averaged returns 34.64593016474481 ...
[0] Finished: 34560/80000 Evaluate learned policies with averaged returns 36.510060860558795 ...
[10] Finished: 42432/80000 Evaluate learned policies with averaged returns 32.78179946893083 ...
[3] Finished: 37920/80000 Evaluate learned policies with averaged returns 34.64593016474481 ...
[7] Finished: 35232/80000 Evaluate learned policies with averaged returns 36.510060860558795 ...
[5] Finished: 35232/80000 Evaluate learned policies with averaged returns 32.78179946893083 ...
[6] Finished: 41856/80000 Evaluate learned policies with averaged returns 36.510060860558795 ...
[0] Finished: 34656/80000 Evaluate learned policies with averaged returns 36.510060860558795 ...
[10] Finished: 42528/80000 Evaluate learned policies with averaged returns 34.64593016474481 ...
[3] Finished: 38016/80000 Evaluate learned policies with averaged returns 36.510060860558795 ...
[7] Finished: 35328/80000 Evaluate learned policies with averaged returns 34.64593016474481 ...
[6] Finished: 41952/80000 Evaluate learned policies with averaged returns 36.510060860558795 ...
[5] Finished: 35328/80000 Evaluate learned policies with averaged returns 36.510060860558795 ...
[10] Finished: 42624/80000 Evaluate learned policies with averaged returns 32.78179946893083 ...
[0] Finished: 34752/80000 Evaluate learned policies with averaged returns 36.510060860558795 ...
[3] Finished: 38112/80000 Evaluate learned policies with averaged returns 34.64593016474481 ...
[6] Finished: 42048/80000 Evaluate learned policies with averaged returns 36.510060860558795 ...
[7] Finished: 35424/80000 Evaluate learned policies with averaged returns 34.64593016474481 ...
[5] Finished: 35424/80000 Evaluate learned policies with averaged returns 34.64593016474481 ...
[0] Finished: 34848/80000 Evaluate learned policies with averaged returns 36.510060860558795 ...
[10] Finished: 42720/80000 Evaluate learned policies with averaged returns 36.510060860558795 ...
[3] Finished: 38208/80000 Evaluate learned policies with averaged returns 30.917668773116855 ...
[6] Finished: 42144/80000 Evaluate learned policies with averaged returns 36.510060860558795 ...
[7] Finished: 35520/80000 Evaluate learned policies with averaged returns 29.053538077302882 ...
[10] Finished: 42816/80000 Evaluate learned policies with averaged returns 34.64593016474481 ...
[3] Finished: 38304/80000 Evaluate learned policies with averaged returns 34.64593016474481 ...
[5] Finished: 35520/80000 Evaluate learned policies with averaged returns 29.053538077302882 ...
[0] Finished: 34944/80000 Evaluate learned policies with averaged returns 36.510060860558795 ...
[6] Finished: 42240/80000 Evaluate learned policies with averaged returns 36.510060860558795 ...
[7] Finished: 35616/80000 Evaluate learned policies with averaged returns 29.053538077302875 ...
[3] Finished: 38400/80000 Evaluate learned policies with averaged returns 32.781799468930835 ...
[10] Finished: 42912/80000 Evaluate learned policies with averaged returns 23.46114598986094 ...
[5] Finished: 35616/80000 Evaluate learned policies with averaged returns 23.46114598986094 ...
[0] Finished: 35040/80000 Evaluate learned policies with averaged returns 36.510060860558795 ...
[6] Finished: 42336/80000 Evaluate learned policies with averaged returns 34.64593016474481 ...
[3] Finished: 38496/80000 Evaluate learned policies with averaged returns 36.510060860558795 ...
[10] Finished: 43008/80000 Evaluate learned policies with averaged returns 30.917668773116855 ...
[6] Finished: 42432/80000 Evaluate learned policies with averaged returns 36.510060860558795 ...
[7] Finished: 35712/80000 Evaluate learned policies with averaged returns 27.189407381488895 ...
[5] Finished: 35712/80000 Evaluate learned policies with averaged returns 27.1894073814889 ...
[0] Finished: 35136/80000 Evaluate learned policies with averaged returns 36.510060860558795 ...
[3] Finished: 38592/80000 Evaluate learned policies with averaged returns 32.78179946893083 ...
[10] Finished: 43104/80000 Evaluate learned policies with averaged returns 34.64593016474481 ...
[6] Finished: 42528/80000 Evaluate learned policies with averaged returns 36.510060860558795 ...
[5] Finished: 35808/80000 Evaluate learned policies with averaged returns 30.917668773116855 ...
[0] Finished: 35232/80000 Evaluate learned policies with averaged returns 36.510060860558795 ...
[7] Finished: 35808/80000 Evaluate learned policies with averaged returns 32.781799468930835 ...
[3] Finished: 38688/80000 Evaluate learned policies with averaged returns 34.64593016474481 ...
[6] Finished: 42624/80000 Evaluate learned policies with averaged returns 36.510060860558795 ...
[10] Finished: 43200/80000 Evaluate learned policies with averaged returns 29.053538077302875 ...
[5] Finished: 35904/80000 Evaluate learned policies with averaged returns 32.781799468930835 ...
[0] Finished: 35328/80000 Evaluate learned policies with averaged returns 36.510060860558795 ...
[7] Finished: 35904/80000 Evaluate learned policies with averaged returns 30.917668773116855 ...
[3] Finished: 38784/80000 Evaluate learned policies with averaged returns 34.64593016474481 ...
[6] Finished: 42720/80000 Evaluate learned policies with averaged returns 36.510060860558795 ...
[10] Finished: 43296/80000 Evaluate learned policies with averaged returns 32.78179946893083 ...
[3] Finished: 38880/80000 Evaluate learned policies with averaged returns 32.781799468930835 ...
[5] Finished: 36000/80000 Evaluate learned policies with averaged returns 32.781799468930835 ...
[0] Finished: 35424/80000 Evaluate learned policies with averaged returns 36.510060860558795 ...
[7] Finished: 36000/80000 Evaluate learned policies with averaged returns 30.917668773116855 ...
[6] Finished: 42816/80000 Evaluate learned policies with averaged returns 36.510060860558795 ...
[10] Finished: 43392/80000 Evaluate learned policies with averaged returns 32.781799468930835 ...
[3] Finished: 38976/80000 Evaluate learned policies with averaged returns 32.78179946893083 ...
[5] Finished: 36096/80000 Evaluate learned policies with averaged returns 34.64593016474481 ...
[0] Finished: 35520/80000 Evaluate learned policies with averaged returns 36.510060860558795 ...
[6] Finished: 42912/80000 Evaluate learned policies with averaged returns 36.510060860558795 ...
[7] Finished: 36096/80000 Evaluate learned policies with averaged returns 30.917668773116855 ...
[10] Finished: 43488/80000 Evaluate learned policies with averaged returns 29.053538077302875 ...
[3] Finished: 39072/80000 Evaluate learned policies with averaged returns 32.781799468930835 ...
[6] Finished: 43008/80000 Evaluate learned policies with averaged returns 34.64593016474481 ...
[0] Finished: 35616/80000 Evaluate learned policies with averaged returns 36.510060860558795 ...
[5] Finished: 36192/80000 Evaluate learned policies with averaged returns 32.781799468930835 ...
[7] Finished: 36192/80000 Evaluate learned policies with averaged returns 32.781799468930835 ...
[3] Finished: 39168/80000 Evaluate learned policies with averaged returns 32.78179946893083 ...
[10] Finished: 43584/80000 Evaluate learned policies with averaged returns 30.917668773116855 ...
[6] Finished: 43104/80000 Evaluate learned policies with averaged returns 36.510060860558795 ...
[0] Finished: 35712/80000 Evaluate learned policies with averaged returns 36.510060860558795 ...
[5] Finished: 36288/80000 Evaluate learned policies with averaged returns 34.64593016474481 ...
[7] Finished: 36288/80000 Evaluate learned policies with averaged returns 32.781799468930835 ...
[3] Finished: 39264/80000 Evaluate learned policies with averaged returns 34.64593016474481 ...
[10] Finished: 43680/80000 Evaluate learned policies with averaged returns 29.053538077302875 ...
[6] Finished: 43200/80000 Evaluate learned policies with averaged returns 34.64593016474481 ...
[3] Finished: 39360/80000 Evaluate learned policies with averaged returns 34.64593016474481 ...
[0] Finished: 35808/80000 Evaluate learned policies with averaged returns 36.510060860558795 ...
[5] Finished: 36384/80000 Evaluate learned policies with averaged returns 32.781799468930835 ...
[7] Finished: 36384/80000 Evaluate learned policies with averaged returns 30.917668773116855 ...
[10] Finished: 43776/80000 Evaluate learned policies with averaged returns 30.917668773116855 ...
[6] Finished: 43296/80000 Evaluate learned policies with averaged returns 36.510060860558795 ...
[3] Finished: 39456/80000 Evaluate learned policies with averaged returns 32.78179946893083 ...
[5] Finished: 36480/80000 Evaluate learned policies with averaged returns 34.64593016474481 ...
[0] Finished: 35904/80000 Evaluate learned policies with averaged returns 36.510060860558795 ...
[7] Finished: 36480/80000 Evaluate learned policies with averaged returns 32.78179946893083 ...
[10] Finished: 43872/80000 Evaluate learned policies with averaged returns 30.917668773116855 ...
[6] Finished: 43392/80000 Evaluate learned policies with averaged returns 36.510060860558795 ...
[3] Finished: 39552/80000 Evaluate learned policies with averaged returns 30.917668773116855 ...
[10] Finished: 43968/80000 Evaluate learned policies with averaged returns 36.510060860558795 ...
[5] Finished: 36576/80000 Evaluate learned policies with averaged returns 32.78179946893083 ...
[6] Finished: 43488/80000 Evaluate learned policies with averaged returns 36.510060860558795 ...
[0] Finished: 36000/80000 Evaluate learned policies with averaged returns 36.510060860558795 ...
[7] Finished: 36576/80000 Evaluate learned policies with averaged returns 32.781799468930835 ...
[3] Finished: 39648/80000 Evaluate learned policies with averaged returns 32.78179946893083 ...
[6] Finished: 43584/80000 Evaluate learned policies with averaged returns 36.510060860558795 ...
[10] Finished: 44064/80000 Evaluate learned policies with averaged returns 29.053538077302875 ...
[0] Finished: 36096/80000 Evaluate learned policies with averaged returns 36.510060860558795 ...
[7] Finished: 36672/80000 Evaluate learned policies with averaged returns 34.64593016474481 ...
[3] Finished: 39744/80000 Evaluate learned policies with averaged returns 34.64593016474481 ...
[5] Finished: 36672/80000 Evaluate learned policies with averaged returns 36.510060860558795 ...
[6] Finished: 43680/80000 Evaluate learned policies with averaged returns 36.510060860558795 ...
[10] Finished: 44160/80000 Evaluate learned policies with averaged returns 34.64593016474481 ...
[3] Finished: 39840/80000 Evaluate learned policies with averaged returns 30.917668773116855 ...
[0] Finished: 36192/80000 Evaluate learned policies with averaged returns 34.64593016474481 ...
[7] Finished: 36768/80000 Evaluate learned policies with averaged returns 32.781799468930835 ...
[5] Finished: 36768/80000 Evaluate learned policies with averaged returns 32.781799468930835 ...
[6] Finished: 43776/80000 Evaluate learned policies with averaged returns 36.510060860558795 ...
[10] Finished: 44256/80000 Evaluate learned policies with averaged returns 32.781799468930835 ...
[3] Finished: 39936/80000 Evaluate learned policies with averaged returns 36.510060860558795 ...
[0] Finished: 36288/80000 Evaluate learned policies with averaged returns 36.510060860558795 ...
[7] Finished: 36864/80000 Evaluate learned policies with averaged returns 32.781799468930835 ...
[5] Finished: 36864/80000 Evaluate learned policies with averaged returns 34.64593016474481 ...
[6] Finished: 43872/80000 Evaluate learned policies with averaged returns 36.510060860558795 ...
[10] Finished: 44352/80000 Evaluate learned policies with averaged returns 29.053538077302882 ...
[3] Finished: 40032/80000 Evaluate learned policies with averaged returns 32.78179946893083 ...
[6] Finished: 43968/80000 Evaluate learned policies with averaged returns 34.64593016474481 ...
[7] Finished: 36960/80000 Evaluate learned policies with averaged returns 27.1894073814889 ...
[0] Finished: 36384/80000 Evaluate learned policies with averaged returns 36.510060860558795 ...
[5] Finished: 36960/80000 Evaluate learned policies with averaged returns 32.781799468930835 ...
[10] Finished: 44448/80000 Evaluate learned policies with averaged returns 30.917668773116855 ...
[3] Finished: 40128/80000 Evaluate learned policies with averaged returns 32.78179946893083 ...
[6] Finished: 44064/80000 Evaluate learned policies with averaged returns 36.510060860558795 ...
[0] Finished: 36480/80000 Evaluate learned policies with averaged returns 36.510060860558795 ...
[7] Finished: 37056/80000 Evaluate learned policies with averaged returns 29.053538077302875 ...
[5] Finished: 37056/80000 Evaluate learned policies with averaged returns 32.781799468930835 ...
[3] Finished: 40224/80000 Evaluate learned policies with averaged returns 36.510060860558795 ...
[10] Finished: 44544/80000 Evaluate learned policies with averaged returns 25.325276685674915 ...
[6] Finished: 44160/80000 Evaluate learned policies with averaged returns 36.510060860558795 ...
[3] Finished: 40320/80000 Evaluate learned policies with averaged returns 32.781799468930835 ...
[7] Finished: 37152/80000 Evaluate learned policies with averaged returns 34.64593016474481 ...
[5] Finished: 37152/80000 Evaluate learned policies with averaged returns 30.917668773116855 ...
[0] Finished: 36576/80000 Evaluate learned policies with averaged returns 36.510060860558795 ...
[10] Finished: 44640/80000 Evaluate learned policies with averaged returns 36.510060860558795 ...
[6] Finished: 44256/80000 Evaluate learned policies with averaged returns 34.64593016474481 ...
[3] Finished: 40416/80000 Evaluate learned policies with averaged returns 29.053538077302875 ...
[10] Finished: 44736/80000 Evaluate learned policies with averaged returns 36.510060860558795 ...
[5] Finished: 37248/80000 Evaluate learned policies with averaged returns 27.1894073814889 ...
[7] Finished: 37248/80000 Evaluate learned policies with averaged returns 29.053538077302875 ...
[0] Finished: 36672/80000 Evaluate learned policies with averaged returns 36.510060860558795 ...
[6] Finished: 44352/80000 Evaluate learned policies with averaged returns 36.510060860558795 ...
[3] Finished: 40512/80000 Evaluate learned policies with averaged returns 32.78179946893083 ...
[10] Finished: 44832/80000 Evaluate learned policies with averaged returns 32.78179946893083 ...
[7] Finished: 37344/80000 Evaluate learned policies with averaged returns 30.91766877311685 ...
[6] Finished: 44448/80000 Evaluate learned policies with averaged returns 30.917668773116855 ...
[0] Finished: 36768/80000 Evaluate learned policies with averaged returns 36.510060860558795 ...
[5] Finished: 37344/80000 Evaluate learned policies with averaged returns 32.78179946893083 ...
[3] Finished: 40608/80000 Evaluate learned policies with averaged returns 32.781799468930835 ...
[10] Finished: 44928/80000 Evaluate learned policies with averaged returns 32.781799468930835 ...
[6] Finished: 44544/80000 Evaluate learned policies with averaged returns 34.64593016474481 ...
[7] Finished: 37440/80000 Evaluate learned policies with averaged returns 30.917668773116855 ...
[3] Finished: 40704/80000 Evaluate learned policies with averaged returns 32.781799468930835 ...
[0] Finished: 36864/80000 Evaluate learned policies with averaged returns 36.510060860558795 ...
[5] Finished: 37440/80000 Evaluate learned policies with averaged returns 30.917668773116855 ...
[10] Finished: 45024/80000 Evaluate learned policies with averaged returns 30.917668773116855 ...
[6] Finished: 44640/80000 Evaluate learned policies with averaged returns 34.64593016474481 ...
[7] Finished: 37536/80000 Evaluate learned policies with averaged returns 32.781799468930835 ...
[3] Finished: 40800/80000 Evaluate learned policies with averaged returns 30.917668773116855 ...
[0] Finished: 36960/80000 Evaluate learned policies with averaged returns 36.510060860558795 ...
[5] Finished: 37536/80000 Evaluate learned policies with averaged returns 32.781799468930835 ...
[10] Finished: 45120/80000 Evaluate learned policies with averaged returns 27.1894073814889 ...
[6] Finished: 44736/80000 Evaluate learned policies with averaged returns 34.64593016474481 ...
[3] Finished: 40896/80000 Evaluate learned policies with averaged returns 27.1894073814889 ...
[7] Finished: 37632/80000 Evaluate learned policies with averaged returns 32.781799468930835 ...
[0] Finished: 37056/80000 Evaluate learned policies with averaged returns 36.510060860558795 ...
[5] Finished: 37632/80000 Evaluate learned policies with averaged returns 36.510060860558795 ...
[10] Finished: 45216/80000 Evaluate learned policies with averaged returns 32.78179946893083 ...
[3] Finished: 40992/80000 Evaluate learned policies with averaged returns 30.917668773116855 ...
[6] Finished: 44832/80000 Evaluate learned policies with averaged returns 36.510060860558795 ...
[7] Finished: 37728/80000 Evaluate learned policies with averaged returns 29.053538077302882 ...
[5] Finished: 37728/80000 Evaluate learned policies with averaged returns 29.053538077302875 ...
[0] Finished: 37152/80000 Evaluate learned policies with averaged returns 36.510060860558795 ...
[10] Finished: 45312/80000 Evaluate learned policies with averaged returns 23.46114598986094 ...
[3] Finished: 41088/80000 Evaluate learned policies with averaged returns 34.64593016474481 ...
[6] Finished: 44928/80000 Evaluate learned policies with averaged returns 36.510060860558795 ...
[7] Finished: 37824/80000 Evaluate learned policies with averaged returns 32.781799468930835 ...
[5] Finished: 37824/80000 Evaluate learned policies with averaged returns 30.917668773116855 ...
[10] Finished: 45408/80000 Evaluate learned policies with averaged returns 30.917668773116855 ...
[3] Finished: 41184/80000 Evaluate learned policies with averaged returns 30.917668773116855 ...
[0] Finished: 37248/80000 Evaluate learned policies with averaged returns 36.510060860558795 ...
[6] Finished: 45024/80000 Evaluate learned policies with averaged returns 34.64593016474481 ...
[3] Finished: 41280/80000 Evaluate learned policies with averaged returns 30.917668773116855 ...
[7] Finished: 37920/80000 Evaluate learned policies with averaged returns 30.91766877311685 ...
[10] Finished: 45504/80000 Evaluate learned policies with averaged returns 32.78179946893083 ...
[5] Finished: 37920/80000 Evaluate learned policies with averaged returns 34.64593016474481 ...
[0] Finished: 37344/80000 Evaluate learned policies with averaged returns 36.510060860558795 ...
[6] Finished: 45120/80000 Evaluate learned policies with averaged returns 34.64593016474481 ...
[3] Finished: 41376/80000 Evaluate learned policies with averaged returns 36.510060860558795 ...
[10] Finished: 45600/80000 Evaluate learned policies with averaged returns 27.189407381488895 ...
[7] Finished: 38016/80000 Evaluate learned policies with averaged returns 34.64593016474481 ...
[0] Finished: 37440/80000 Evaluate learned policies with averaged returns 36.510060860558795 ...
[6] Finished: 45216/80000 Evaluate learned policies with averaged returns 34.64593016474481 ...
[5] Finished: 38016/80000 Evaluate learned policies with averaged returns 32.781799468930835 ...
[3] Finished: 41472/80000 Evaluate learned policies with averaged returns 34.64593016474481 ...
[10] Finished: 45696/80000 Evaluate learned policies with averaged returns 34.64593016474481 ...
[6] Finished: 45312/80000 Evaluate learned policies with averaged returns 34.64593016474481 ...
[7] Finished: 38112/80000 Evaluate learned policies with averaged returns 32.781799468930835 ...
[0] Finished: 37536/80000 Evaluate learned policies with averaged returns 36.510060860558795 ...
[5] Finished: 38112/80000 Evaluate learned policies with averaged returns 23.46114598986094 ...
[3] Finished: 41568/80000 Evaluate learned policies with averaged returns 29.053538077302875 ...
[10] Finished: 45792/80000 Evaluate learned policies with averaged returns 34.64593016474481 ...
[6] Finished: 45408/80000 Evaluate learned policies with averaged returns 34.64593016474481 ...
[7] Finished: 38208/80000 Evaluate learned policies with averaged returns 30.917668773116855 ...
[0] Finished: 37632/80000 Evaluate learned policies with averaged returns 36.510060860558795 ...
[5] Finished: 38208/80000 Evaluate learned policies with averaged returns 19.732884598232978 ...
[3] Finished: 41664/80000 Evaluate learned policies with averaged returns 27.189407381488895 ...
[10] Finished: 45888/80000 Evaluate learned policies with averaged returns 23.46114598986094 ...
[6] Finished: 45504/80000 Evaluate learned policies with averaged returns 36.510060860558795 ...
[0] Finished: 37728/80000 Evaluate learned policies with averaged returns 36.510060860558795 ...
[7] Finished: 38304/80000 Evaluate learned policies with averaged returns 32.781799468930835 ...
[3] Finished: 41760/80000 Evaluate learned policies with averaged returns 34.64593016474481 ...
[6] Finished: 45600/80000 Evaluate learned policies with averaged returns 36.510060860558795 ...
[10] Finished: 45984/80000 Evaluate learned policies with averaged returns 30.917668773116855 ...
[5] Finished: 38304/80000 Evaluate learned policies with averaged returns 21.597015294046958 ...
[0] Finished: 37824/80000 Evaluate learned policies with averaged returns 36.510060860558795 ...
[3] Finished: 41856/80000 Evaluate learned policies with averaged returns 30.917668773116855 ...
[7] Finished: 38400/80000 Evaluate learned policies with averaged returns 32.781799468930835 ...
[6] Finished: 45696/80000 Evaluate learned policies with averaged returns 34.64593016474481 ...
[10] Finished: 46080/80000 Evaluate learned policies with averaged returns 27.189407381488895 ...
[5] Finished: 38400/80000 Evaluate learned policies with averaged returns 30.917668773116855 ...
[3] Finished: 41952/80000 Evaluate learned policies with averaged returns 30.917668773116855 ...
[6] Finished: 45792/80000 Evaluate learned policies with averaged returns 36.510060860558795 ...
[0] Finished: 37920/80000 Evaluate learned policies with averaged returns 36.510060860558795 ...
[7] Finished: 38496/80000 Evaluate learned policies with averaged returns 36.510060860558795 ...
[10] Finished: 46176/80000 Evaluate learned policies with averaged returns 32.781799468930835 ...
[3] Finished: 42048/80000 Evaluate learned policies with averaged returns 30.917668773116855 ...
[6] Finished: 45888/80000 Evaluate learned policies with averaged returns 36.510060860558795 ...
[5] Finished: 38496/80000 Evaluate learned policies with averaged returns 34.64593016474481 ...
[0] Finished: 38016/80000 Evaluate learned policies with averaged returns 36.510060860558795 ...
[7] Finished: 38592/80000 Evaluate learned policies with averaged returns 29.053538077302875 ...
[10] Finished: 46272/80000 Evaluate learned policies with averaged returns 30.917668773116855 ...
[6] Finished: 45984/80000 Evaluate learned policies with averaged returns 36.510060860558795 ...
[3] Finished: 42144/80000 Evaluate learned policies with averaged returns 30.917668773116855 ...
[5] Finished: 38592/80000 Evaluate learned policies with averaged returns 34.64593016474481 ...
[0] Finished: 38112/80000 Evaluate learned policies with averaged returns 36.510060860558795 ...
[7] Finished: 38688/80000 Evaluate learned policies with averaged returns 30.917668773116855 ...
[10] Finished: 46368/80000 Evaluate learned policies with averaged returns 36.510060860558795 ...
[3] Finished: 42240/80000 Evaluate learned policies with averaged returns 34.64593016474481 ...
[6] Finished: 46080/80000 Evaluate learned policies with averaged returns 34.64593016474481 ...
[5] Finished: 38688/80000 Evaluate learned policies with averaged returns 30.917668773116855 ...
[3] Finished: 42336/80000 Evaluate learned policies with averaged returns 27.189407381488895 ...
[10] Finished: 46464/80000 Evaluate learned policies with averaged returns 36.510060860558795 ...
[0] Finished: 38208/80000 Evaluate learned policies with averaged returns 36.510060860558795 ...
[6] Finished: 46176/80000 Evaluate learned policies with averaged returns 36.510060860558795 ...
[7] Finished: 38784/80000 Evaluate learned policies with averaged returns 32.78179946893083 ...
[6] Finished: 46272/80000 Evaluate learned policies with averaged returns 36.510060860558795 ...
[3] Finished: 42432/80000 Evaluate learned policies with averaged returns 29.053538077302875 ...
[10] Finished: 46560/80000 Evaluate learned policies with averaged returns 34.64593016474481 ...
[5] Finished: 38784/80000 Evaluate learned policies with averaged returns 30.917668773116855 ...
[0] Finished: 38304/80000 Evaluate learned policies with averaged returns 36.510060860558795 ...
[7] Finished: 38880/80000 Evaluate learned policies with averaged returns 29.053538077302875 ...
[6] Finished: 46368/80000 Evaluate learned policies with averaged returns 30.917668773116855 ...
[10] Finished: 46656/80000 Evaluate learned policies with averaged returns 34.64593016474481 ...
[3] Finished: 42528/80000 Evaluate learned policies with averaged returns 34.64593016474481 ...
[0] Finished: 38400/80000 Evaluate learned policies with averaged returns 36.510060860558795 ...
[5] Finished: 38880/80000 Evaluate learned policies with averaged returns 29.053538077302875 ...
[6] Finished: 46464/80000 Evaluate learned policies with averaged returns 34.64593016474481 ...
[7] Finished: 38976/80000 Evaluate learned policies with averaged returns 29.053538077302875 ...
[3] Finished: 42624/80000 Evaluate learned policies with averaged returns 34.64593016474481 ...
[10] Finished: 46752/80000 Evaluate learned policies with averaged returns 36.510060860558795 ...
[0] Finished: 38496/80000 Evaluate learned policies with averaged returns 36.510060860558795 ...
[6] Finished: 46560/80000 Evaluate learned policies with averaged returns 34.64593016474481 ...
[3] Finished: 42720/80000 Evaluate learned policies with averaged returns 34.64593016474481 ...
[5] Finished: 38976/80000 Evaluate learned policies with averaged returns 30.917668773116855 ...
[7] Finished: 39072/80000 Evaluate learned policies with averaged returns 27.189407381488895 ...
[10] Finished: 46848/80000 Evaluate learned policies with averaged returns 34.64593016474481 ...
[6] Finished: 46656/80000 Evaluate learned policies with averaged returns 36.510060860558795 ...
[0] Finished: 38592/80000 Evaluate learned policies with averaged returns 36.510060860558795 ...
[3] Finished: 42816/80000 Evaluate learned policies with averaged returns 36.510060860558795 ...
[10] Finished: 46944/80000 Evaluate learned policies with averaged returns 30.917668773116855 ...
[5] Finished: 39072/80000 Evaluate learned policies with averaged returns 34.64593016474481 ...
[6] Finished: 46752/80000 Evaluate learned policies with averaged returns 32.78179946893083 ...
[7] Finished: 39168/80000 Evaluate learned policies with averaged returns 36.510060860558795 ...
[3] Finished: 42912/80000 Evaluate learned policies with averaged returns 32.781799468930835 ...
[10] Finished: 47040/80000 Evaluate learned policies with averaged returns 36.510060860558795 ...
[0] Finished: 38688/80000 Evaluate learned policies with averaged returns 36.510060860558795 ...
[5] Finished: 39168/80000 Evaluate learned policies with averaged returns 34.64593016474481 ...
[6] Finished: 46848/80000 Evaluate learned policies with averaged returns 34.64593016474481 ...
[7] Finished: 39264/80000 Evaluate learned policies with averaged returns 32.781799468930835 ...
[3] Finished: 43008/80000 Evaluate learned policies with averaged returns 36.510060860558795 ...
[10] Finished: 47136/80000 Evaluate learned policies with averaged returns 30.917668773116855 ...
[6] Finished: 46944/80000 Evaluate learned policies with averaged returns 36.510060860558795 ...
[0] Finished: 38784/80000 Evaluate learned policies with averaged returns 36.510060860558795 ...
[5] Finished: 39264/80000 Evaluate learned policies with averaged returns 34.64593016474481 ...
[3] Finished: 43104/80000 Evaluate learned policies with averaged returns 32.78179946893083 ...
[7] Finished: 39360/80000 Evaluate learned policies with averaged returns 30.917668773116855 ...
[10] Finished: 47232/80000 Evaluate learned policies with averaged returns 30.917668773116855 ...
[6] Finished: 47040/80000 Evaluate learned policies with averaged returns 36.510060860558795 ...
[0] Finished: 38880/80000 Evaluate learned policies with averaged returns 36.510060860558795 ...
[3] Finished: 43200/80000 Evaluate learned policies with averaged returns 32.781799468930835 ...
[5] Finished: 39360/80000 Evaluate learned policies with averaged returns 32.781799468930835 ...
[10] Finished: 47328/80000 Evaluate learned policies with averaged returns 30.917668773116855 ...
[6] Finished: 47136/80000 Evaluate learned policies with averaged returns 34.64593016474481 ...
[7] Finished: 39456/80000 Evaluate learned policies with averaged returns 29.053538077302875 ...
[0] Finished: 38976/80000 Evaluate learned policies with averaged returns 36.510060860558795 ...
[3] Finished: 43296/80000 Evaluate learned policies with averaged returns 34.64593016474481 ...
[6] Finished: 47232/80000 Evaluate learned policies with averaged returns 36.510060860558795 ...
[5] Finished: 39456/80000 Evaluate learned policies with averaged returns 32.781799468930835 ...
[10] Finished: 47424/80000 Evaluate learned policies with averaged returns 32.781799468930835 ...
[7] Finished: 39552/80000 Evaluate learned policies with averaged returns 25.325276685674915 ...
[0] Finished: 39072/80000 Evaluate learned policies with averaged returns 36.510060860558795 ...
[3] Finished: 43392/80000 Evaluate learned policies with averaged returns 34.64593016474481 ...
[6] Finished: 47328/80000 Evaluate learned policies with averaged returns 32.781799468930835 ...
[10] Finished: 47520/80000 Evaluate learned policies with averaged returns 27.1894073814889 ...
[5] Finished: 39552/80000 Evaluate learned policies with averaged returns 30.917668773116855 ...
[7] Finished: 39648/80000 Evaluate learned policies with averaged returns 32.78179946893083 ...
[3] Finished: 43488/80000 Evaluate learned policies with averaged returns 34.64593016474481 ...
[6] Finished: 47424/80000 Evaluate learned policies with averaged returns 36.510060860558795 ...
[0] Finished: 39168/80000 Evaluate learned policies with averaged returns 36.510060860558795 ...
[10] Finished: 47616/80000 Evaluate learned policies with averaged returns 21.597015294046955 ...
[5] Finished: 39648/80000 Evaluate learned policies with averaged returns 27.1894073814889 ...
[7] Finished: 39744/80000 Evaluate learned policies with averaged returns 29.053538077302875 ...
[3] Finished: 43584/80000 Evaluate learned policies with averaged returns 30.917668773116855 ...
[6] Finished: 47520/80000 Evaluate learned policies with averaged returns 36.510060860558795 ...
[0] Finished: 39264/80000 Evaluate learned policies with averaged returns 36.510060860558795 ...
[10] Finished: 47712/80000 Evaluate learned policies with averaged returns 23.461145989860935 ...
[5] Finished: 39744/80000 Evaluate learned policies with averaged returns 34.64593016474481 ...
[3] Finished: 43680/80000 Evaluate learned policies with averaged returns 30.917668773116855 ...
[6] Finished: 47616/80000 Evaluate learned policies with averaged returns 32.78179946893083 ...
[7] Finished: 39840/80000 Evaluate learned policies with averaged returns 34.64593016474481 ...
[0] Finished: 39360/80000 Evaluate learned policies with averaged returns 36.510060860558795 ...
[10] Finished: 47808/80000 Evaluate learned policies with averaged returns 32.78179946893083 ...
[3] Finished: 43776/80000 Evaluate learned policies with averaged returns 34.64593016474481 ...
[6] Finished: 47712/80000 Evaluate learned policies with averaged returns 29.053538077302875 ...
[7] Finished: 39936/80000 Evaluate learned policies with averaged returns 29.053538077302882 ...
[5] Finished: 39840/80000 Evaluate learned policies with averaged returns 27.189407381488895 ...
[10] Finished: 47904/80000 Evaluate learned policies with averaged returns 34.64593016474481 ...
[0] Finished: 39456/80000 Evaluate learned policies with averaged returns 36.510060860558795 ...
[6] Finished: 47808/80000 Evaluate learned policies with averaged returns 32.78179946893083 ...
[3] Finished: 43872/80000 Evaluate learned policies with averaged returns 30.917668773116855 ...
[7] Finished: 40032/80000 Evaluate learned policies with averaged returns 34.64593016474481 ...
[5] Finished: 39936/80000 Evaluate learned policies with averaged returns 32.781799468930835 ...
[10] Finished: 48000/80000 Evaluate learned policies with averaged returns 32.78179946893083 ...
[6] Finished: 47904/80000 Evaluate learned policies with averaged returns 30.917668773116855 ...
[0] Finished: 39552/80000 Evaluate learned policies with averaged returns 36.510060860558795 ...
[3] Finished: 43968/80000 Evaluate learned policies with averaged returns 32.781799468930835 ...
[7] Finished: 40128/80000 Evaluate learned policies with averaged returns 32.781799468930835 ...
[5] Finished: 40032/80000 Evaluate learned policies with averaged returns 30.917668773116855 ...
[6] Finished: 48000/80000 Evaluate learned policies with averaged returns 34.64593016474481 ...
[10] Finished: 48096/80000 Evaluate learned policies with averaged returns 29.053538077302875 ...
[3] Finished: 44064/80000 Evaluate learned policies with averaged returns 36.510060860558795 ...
[0] Finished: 39648/80000 Evaluate learned policies with averaged returns 36.510060860558795 ...
[6] Finished: 48096/80000 Evaluate learned policies with averaged returns 36.510060860558795 ...
[3] Finished: 44160/80000 Evaluate learned policies with averaged returns 36.510060860558795 ...
[10] Finished: 48192/80000 Evaluate learned policies with averaged returns 27.1894073814889 ...
[7] Finished: 40224/80000 Evaluate learned policies with averaged returns 23.46114598986094 ...
[5] Finished: 40128/80000 Evaluate learned policies with averaged returns 30.917668773116855 ...
[0] Finished: 39744/80000 Evaluate learned policies with averaged returns 36.510060860558795 ...
[3] Finished: 44256/80000 Evaluate learned policies with averaged returns 32.781799468930835 ...
[6] Finished: 48192/80000 Evaluate learned policies with averaged returns 23.46114598986094 ...
[10] Finished: 48288/80000 Evaluate learned policies with averaged returns 29.053538077302882 ...
[7] Finished: 40320/80000 Evaluate learned policies with averaged returns 27.1894073814889 ...
[5] Finished: 40224/80000 Evaluate learned policies with averaged returns 36.510060860558795 ...
[0] Finished: 39840/80000 Evaluate learned policies with averaged returns 36.510060860558795 ...
[3] Finished: 44352/80000 Evaluate learned policies with averaged returns 34.64593016474481 ...
[6] Finished: 48288/80000 Evaluate learned policies with averaged returns 30.917668773116855 ...
[10] Finished: 48384/80000 Evaluate learned policies with averaged returns 32.781799468930835 ...
[7] Finished: 40416/80000 Evaluate learned policies with averaged returns 27.189407381488895 ...
[0] Finished: 39936/80000 Evaluate learned policies with averaged returns 36.510060860558795 ...
[5] Finished: 40320/80000 Evaluate learned policies with averaged returns 34.64593016474481 ...
[3] Finished: 44448/80000 Evaluate learned policies with averaged returns 32.781799468930835 ...
[6] Finished: 48384/80000 Evaluate learned policies with averaged returns 27.189407381488895 ...
[10] Finished: 48480/80000 Evaluate learned policies with averaged returns 30.917668773116855 ...
[7] Finished: 40512/80000 Evaluate learned policies with averaged returns 27.189407381488895 ...
[3] Finished: 44544/80000 Evaluate learned policies with averaged returns 36.510060860558795 ...
[0] Finished: 40032/80000 Evaluate learned policies with averaged returns 36.510060860558795 ...
[6] Finished: 48480/80000 Evaluate learned policies with averaged returns 30.917668773116855 ...
[5] Finished: 40416/80000 Evaluate learned policies with averaged returns 36.510060860558795 ...
[10] Finished: 48576/80000 Evaluate learned policies with averaged returns 30.917668773116855 ...
[3] Finished: 44640/80000 Evaluate learned policies with averaged returns 32.781799468930835 ...
[6] Finished: 48576/80000 Evaluate learned policies with averaged returns 32.781799468930835 ...
[7] Finished: 40608/80000 Evaluate learned policies with averaged returns 29.053538077302882 ...
[0] Finished: 40128/80000 Evaluate learned policies with averaged returns 36.510060860558795 ...
[5] Finished: 40512/80000 Evaluate learned policies with averaged returns 36.510060860558795 ...
[10] Finished: 48672/80000 Evaluate learned policies with averaged returns 32.781799468930835 ...
[3] Finished: 44736/80000 Evaluate learned policies with averaged returns 34.64593016474481 ...
[6] Finished: 48672/80000 Evaluate learned policies with averaged returns 30.917668773116855 ...
[7] Finished: 40704/80000 Evaluate learned policies with averaged returns 30.917668773116855 ...
[0] Finished: 40224/80000 Evaluate learned policies with averaged returns 36.510060860558795 ...
[5] Finished: 40608/80000 Evaluate learned policies with averaged returns 34.64593016474481 ...
[10] Finished: 48768/80000 Evaluate learned policies with averaged returns 30.917668773116855 ...
[3] Finished: 44832/80000 Evaluate learned policies with averaged returns 34.64593016474481 ...
[6] Finished: 48768/80000 Evaluate learned policies with averaged returns 34.64593016474481 ...
[0] Finished: 40320/80000 Evaluate learned policies with averaged returns 36.510060860558795 ...
[7] Finished: 40800/80000 Evaluate learned policies with averaged returns 34.64593016474481 ...
[3] Finished: 44928/80000 Evaluate learned policies with averaged returns 36.510060860558795 ...
[5] Finished: 40704/80000 Evaluate learned policies with averaged returns 32.781799468930835 ...
[10] Finished: 48864/80000 Evaluate learned policies with averaged returns 30.917668773116855 ...
[6] Finished: 48864/80000 Evaluate learned policies with averaged returns 34.64593016474481 ...
[3] Finished: 45024/80000 Evaluate learned policies with averaged returns 34.64593016474481 ...
[0] Finished: 40416/80000 Evaluate learned policies with averaged returns 36.510060860558795 ...
[10] Finished: 48960/80000 Evaluate learned policies with averaged returns 32.781799468930835 ...
[5] Finished: 40800/80000 Evaluate learned policies with averaged returns 32.781799468930835 ...
[7] Finished: 40896/80000 Evaluate learned policies with averaged returns 32.781799468930835 ...
[6] Finished: 48960/80000 Evaluate learned policies with averaged returns 34.64593016474481 ...
[3] Finished: 45120/80000 Evaluate learned policies with averaged returns 34.64593016474481 ...
[10] Finished: 49056/80000 Evaluate learned policies with averaged returns 34.64593016474481 ...
[0] Finished: 40512/80000 Evaluate learned policies with averaged returns 36.510060860558795 ...
[6] Finished: 49056/80000 Evaluate learned policies with averaged returns 36.510060860558795 ...
[5] Finished: 40896/80000 Evaluate learned policies with averaged returns 32.781799468930835 ...
[7] Finished: 40992/80000 Evaluate learned policies with averaged returns 34.64593016474481 ...
[3] Finished: 45216/80000 Evaluate learned policies with averaged returns 34.64593016474481 ...
[10] Finished: 49152/80000 Evaluate learned policies with averaged returns 34.64593016474481 ...
[6] Finished: 49152/80000 Evaluate learned policies with averaged returns 32.78179946893083 ...
[0] Finished: 40608/80000 Evaluate learned policies with averaged returns 36.510060860558795 ...
[7] Finished: 41088/80000 Evaluate learned policies with averaged returns 34.64593016474481 ...
[3] Finished: 45312/80000 Evaluate learned policies with averaged returns 36.510060860558795 ...
[5] Finished: 40992/80000 Evaluate learned policies with averaged returns 29.053538077302875 ...
[6] Finished: 49248/80000 Evaluate learned policies with averaged returns 34.64593016474481 ...
[10] Finished: 49248/80000 Evaluate learned policies with averaged returns 34.64593016474481 ...
[0] Finished: 40704/80000 Evaluate learned policies with averaged returns 36.510060860558795 ...
[3] Finished: 45408/80000 Evaluate learned policies with averaged returns 32.781799468930835 ...
[7] Finished: 41184/80000 Evaluate learned policies with averaged returns 23.46114598986094 ...
[6] Finished: 49344/80000 Evaluate learned policies with averaged returns 29.053538077302875 ...
[5] Finished: 41088/80000 Evaluate learned policies with averaged returns 34.64593016474481 ...
[10] Finished: 49344/80000 Evaluate learned policies with averaged returns 32.781799468930835 ...
[3] Finished: 45504/80000 Evaluate learned policies with averaged returns 34.64593016474481 ...
[0] Finished: 40800/80000 Evaluate learned policies with averaged returns 36.510060860558795 ...
[7] Finished: 41280/80000 Evaluate learned policies with averaged returns 21.597015294046958 ...
[6] Finished: 49440/80000 Evaluate learned policies with averaged returns 36.510060860558795 ...
[10] Finished: 49440/80000 Evaluate learned policies with averaged returns 30.917668773116855 ...
[5] Finished: 41184/80000 Evaluate learned policies with averaged returns 32.78179946893083 ...
[3] Finished: 45600/80000 Evaluate learned policies with averaged returns 32.781799468930835 ...
[0] Finished: 40896/80000 Evaluate learned policies with averaged returns 36.510060860558795 ...
[7] Finished: 41376/80000 Evaluate learned policies with averaged returns 27.1894073814889 ...
[6] Finished: 49536/80000 Evaluate learned policies with averaged returns 32.78179946893083 ...
[3] Finished: 45696/80000 Evaluate learned policies with averaged returns 32.781799468930835 ...
[5] Finished: 41280/80000 Evaluate learned policies with averaged returns 36.510060860558795 ...
[10] Finished: 49536/80000 Evaluate learned policies with averaged returns 27.1894073814889 ...
[0] Finished: 40992/80000 Evaluate learned policies with averaged returns 36.510060860558795 ...
[7] Finished: 41472/80000 Evaluate learned policies with averaged returns 29.053538077302875 ...
[6] Finished: 49632/80000 Evaluate learned policies with averaged returns 34.64593016474481 ...
[3] Finished: 45792/80000 Evaluate learned policies with averaged returns 36.510060860558795 ...
[5] Finished: 41376/80000 Evaluate learned policies with averaged returns 36.510060860558795 ...
[10] Finished: 49632/80000 Evaluate learned policies with averaged returns 30.91766877311685 ...
[0] Finished: 41088/80000 Evaluate learned policies with averaged returns 36.510060860558795 ...
[7] Finished: 41568/80000 Evaluate learned policies with averaged returns 36.510060860558795 ...
[6] Finished: 49728/80000 Evaluate learned policies with averaged returns 36.510060860558795 ...
[3] Finished: 45888/80000 Evaluate learned policies with averaged returns 34.64593016474481 ...
[10] Finished: 49728/80000 Evaluate learned policies with averaged returns 27.1894073814889 ...
[5] Finished: 41472/80000 Evaluate learned policies with averaged returns 34.64593016474481 ...
[0] Finished: 41184/80000 Evaluate learned policies with averaged returns 36.510060860558795 ...
[7] Finished: 41664/80000 Evaluate learned policies with averaged returns 30.917668773116855 ...
[6] Finished: 49824/80000 Evaluate learned policies with averaged returns 34.64593016474481 ...
[3] Finished: 45984/80000 Evaluate learned policies with averaged returns 30.917668773116855 ...
[10] Finished: 49824/80000 Evaluate learned policies with averaged returns 32.781799468930835 ...
[0] Finished: 41280/80000 Evaluate learned policies with averaged returns 36.510060860558795 ...
[7] Finished: 41760/80000 Evaluate learned policies with averaged returns 30.917668773116855 ...
[5] Finished: 41568/80000 Evaluate learned policies with averaged returns 30.917668773116855 ...
[6] Finished: 49920/80000 Evaluate learned policies with averaged returns 36.510060860558795 ...
[3] Finished: 46080/80000 Evaluate learned policies with averaged returns 36.510060860558795 ...
[10] Finished: 49920/80000 Evaluate learned policies with averaged returns 30.917668773116855 ...
[0] Finished: 41376/80000 Evaluate learned policies with averaged returns 36.510060860558795 ...
[7] Finished: 41856/80000 Evaluate learned policies with averaged returns 29.053538077302875 ...
[5] Finished: 41664/80000 Evaluate learned policies with averaged returns 34.64593016474481 ...
[6] Finished: 50016/80000 Evaluate learned policies with averaged returns 32.781799468930835 ...
[3] Finished: 46176/80000 Evaluate learned policies with averaged returns 32.781799468930835 ...
[7] Finished: 41952/80000 Evaluate learned policies with averaged returns 25.32527668567492 ...
[0] Finished: 41472/80000 Evaluate learned policies with averaged returns 36.510060860558795 ...
[10] Finished: 50016/80000 Evaluate learned policies with averaged returns 25.325276685674915 ...
[5] Finished: 41760/80000 Evaluate learned policies with averaged returns 30.917668773116855 ...
[6] Finished: 50112/80000 Evaluate learned policies with averaged returns 34.64593016474481 ...
[3] Finished: 46272/80000 Evaluate learned policies with averaged returns 32.78179946893083 ...
[0] Finished: 41568/80000 Evaluate learned policies with averaged returns 36.510060860558795 ...
[10] Finished: 50112/80000 Evaluate learned policies with averaged returns 30.917668773116855 ...
[7] Finished: 42048/80000 Evaluate learned policies with averaged returns 34.64593016474481 ...
[5] Finished: 41856/80000 Evaluate learned policies with averaged returns 29.053538077302875 ...
[3] Finished: 46368/80000 Evaluate learned policies with averaged returns 30.917668773116855 ...
[6] Finished: 50208/80000 Evaluate learned policies with averaged returns 34.64593016474481 ...
[0] Finished: 41664/80000 Evaluate learned policies with averaged returns 36.510060860558795 ...
[10] Finished: 50208/80000 Evaluate learned policies with averaged returns 27.1894073814889 ...
[7] Finished: 42144/80000 Evaluate learned policies with averaged returns 32.781799468930835 ...
[3] Finished: 46464/80000 Evaluate learned policies with averaged returns 30.917668773116855 ...
[6] Finished: 50304/80000 Evaluate learned policies with averaged returns 30.917668773116855 ...
[5] Finished: 41952/80000 Evaluate learned policies with averaged returns 30.917668773116855 ...
[10] Finished: 50304/80000 Evaluate learned policies with averaged returns 21.597015294046955 ...
[0] Finished: 41760/80000 Evaluate learned policies with averaged returns 36.510060860558795 ...
[7] Finished: 42240/80000 Evaluate learned policies with averaged returns 34.64593016474481 ...
[6] Finished: 50400/80000 Evaluate learned policies with averaged returns 34.64593016474481 ...
[3] Finished: 46560/80000 Evaluate learned policies with averaged returns 36.510060860558795 ...
[5] Finished: 42048/80000 Evaluate learned policies with averaged returns 27.1894073814889 ...
[10] Finished: 50400/80000 Evaluate learned policies with averaged returns 30.917668773116855 ...
[0] Finished: 41856/80000 Evaluate learned policies with averaged returns 36.510060860558795 ...
[6] Finished: 50496/80000 Evaluate learned policies with averaged returns 34.64593016474481 ...
[7] Finished: 42336/80000 Evaluate learned policies with averaged returns 32.781799468930835 ...
[3] Finished: 46656/80000 Evaluate learned policies with averaged returns 36.510060860558795 ...
[5] Finished: 42144/80000 Evaluate learned policies with averaged returns 34.64593016474481 ...
[10] Finished: 50496/80000 Evaluate learned policies with averaged returns 32.78179946893083 ...
[6] Finished: 50592/80000 Evaluate learned policies with averaged returns 29.053538077302875 ...
[3] Finished: 46752/80000 Evaluate learned policies with averaged returns 36.510060860558795 ...
[0] Finished: 41952/80000 Evaluate learned policies with averaged returns 36.510060860558795 ...
[7] Finished: 42432/80000 Evaluate learned policies with averaged returns 34.64593016474481 ...
[10] Finished: 50592/80000 Evaluate learned policies with averaged returns 32.781799468930835 ...
[6] Finished: 50688/80000 Evaluate learned policies with averaged returns 30.917668773116855 ...
[3] Finished: 46848/80000 Evaluate learned policies with averaged returns 30.917668773116855 ...
[5] Finished: 42240/80000 Evaluate learned policies with averaged returns 34.64593016474481 ...
[0] Finished: 42048/80000 Evaluate learned policies with averaged returns 36.510060860558795 ...
[7] Finished: 42528/80000 Evaluate learned policies with averaged returns 34.64593016474481 ...
[10] Finished: 50688/80000 Evaluate learned policies with averaged returns 30.917668773116855 ...
[3] Finished: 46944/80000 Evaluate learned policies with averaged returns 36.510060860558795 ...
[6] Finished: 50784/80000 Evaluate learned policies with averaged returns 34.64593016474481 ...
[5] Finished: 42336/80000 Evaluate learned policies with averaged returns 30.917668773116855 ...
[0] Finished: 42144/80000 Evaluate learned policies with averaged returns 36.510060860558795 ...
[7] Finished: 42624/80000 Evaluate learned policies with averaged returns 29.053538077302875 ...
[10] Finished: 50784/80000 Evaluate learned policies with averaged returns 34.64593016474481 ...
[6] Finished: 50880/80000 Evaluate learned policies with averaged returns 34.64593016474481 ...
[3] Finished: 47040/80000 Evaluate learned policies with averaged returns 34.64593016474481 ...
[5] Finished: 42432/80000 Evaluate learned policies with averaged returns 30.917668773116855 ...
[0] Finished: 42240/80000 Evaluate learned policies with averaged returns 36.510060860558795 ...
[6] Finished: 50976/80000 Evaluate learned policies with averaged returns 36.510060860558795 ...
[10] Finished: 50880/80000 Evaluate learned policies with averaged returns 29.053538077302875 ...
[3] Finished: 47136/80000 Evaluate learned policies with averaged returns 30.917668773116855 ...
[7] Finished: 42720/80000 Evaluate learned policies with averaged returns 29.053538077302875 ...
[6] Finished: 51072/80000 Evaluate learned policies with averaged returns 34.64593016474481 ...
[3] Finished: 47232/80000 Evaluate learned policies with averaged returns 34.64593016474481 ...
[5] Finished: 42528/80000 Evaluate learned policies with averaged returns 30.917668773116855 ...
[10] Finished: 50976/80000 Evaluate learned policies with averaged returns 34.64593016474481 ...
[0] Finished: 42336/80000 Evaluate learned policies with averaged returns 36.510060860558795 ...
[7] Finished: 42816/80000 Evaluate learned policies with averaged returns 29.053538077302875 ...
[6] Finished: 51168/80000 Evaluate learned policies with averaged returns 34.64593016474481 ...
[3] Finished: 47328/80000 Evaluate learned policies with averaged returns 34.64593016474481 ...
[0] Finished: 42432/80000 Evaluate learned policies with averaged returns 36.510060860558795 ...
[10] Finished: 51072/80000 Evaluate learned policies with averaged returns 29.053538077302882 ...
[5] Finished: 42624/80000 Evaluate learned policies with averaged returns 32.781799468930835 ...
[7] Finished: 42912/80000 Evaluate learned policies with averaged returns 32.78179946893083 ...
[3] Finished: 47424/80000 Evaluate learned policies with averaged returns 34.64593016474481 ...
[6] Finished: 51264/80000 Evaluate learned policies with averaged returns 34.64593016474481 ...
[10] Finished: 51168/80000 Evaluate learned policies with averaged returns 32.781799468930835 ...
[0] Finished: 42528/80000 Evaluate learned policies with averaged returns 36.510060860558795 ...
[7] Finished: 43008/80000 Evaluate learned policies with averaged returns 30.917668773116855 ...
[6] Finished: 51360/80000 Evaluate learned policies with averaged returns 30.917668773116855 ...
[3] Finished: 47520/80000 Evaluate learned policies with averaged returns 27.1894073814889 ...
[5] Finished: 42720/80000 Evaluate learned policies with averaged returns 32.781799468930835 ...
[10] Finished: 51264/80000 Evaluate learned policies with averaged returns 27.1894073814889 ...
[6] Finished: 51456/80000 Evaluate learned policies with averaged returns 34.64593016474481 ...
[7] Finished: 43104/80000 Evaluate learned policies with averaged returns 32.78179946893083 ...
[0] Finished: 42624/80000 Evaluate learned policies with averaged returns 36.510060860558795 ...
[3] Finished: 47616/80000 Evaluate learned policies with averaged returns 32.78179946893083 ...
[5] Finished: 42816/80000 Evaluate learned policies with averaged returns 27.1894073814889 ...
[10] Finished: 51360/80000 Evaluate learned policies with averaged returns 36.510060860558795 ...
[6] Finished: 51552/80000 Evaluate learned policies with averaged returns 34.64593016474481 ...
[7] Finished: 43200/80000 Evaluate learned policies with averaged returns 34.64593016474481 ...
[3] Finished: 47712/80000 Evaluate learned policies with averaged returns 30.917668773116855 ...
[0] Finished: 42720/80000 Evaluate learned policies with averaged returns 36.510060860558795 ...
[5] Finished: 42912/80000 Evaluate learned policies with averaged returns 30.917668773116855 ...
[10] Finished: 51456/80000 Evaluate learned policies with averaged returns 32.781799468930835 ...
[6] Finished: 51648/80000 Evaluate learned policies with averaged returns 30.917668773116855 ...
[3] Finished: 47808/80000 Evaluate learned policies with averaged returns 30.917668773116855 ...
[7] Finished: 43296/80000 Evaluate learned policies with averaged returns 29.053538077302875 ...
[0] Finished: 42816/80000 Evaluate learned policies with averaged returns 36.510060860558795 ...
[10] Finished: 51552/80000 Evaluate learned policies with averaged returns 34.64593016474481 ...
[5] Finished: 43008/80000 Evaluate learned policies with averaged returns 32.781799468930835 ...
[6] Finished: 51744/80000 Evaluate learned policies with averaged returns 32.78179946893083 ...
[3] Finished: 47904/80000 Evaluate learned policies with averaged returns 30.917668773116855 ...
[7] Finished: 43392/80000 Evaluate learned policies with averaged returns 21.597015294046958 ...
[0] Finished: 42912/80000 Evaluate learned policies with averaged returns 36.510060860558795 ...
[10] Finished: 51648/80000 Evaluate learned policies with averaged returns 29.053538077302875 ...
[6] Finished: 51840/80000 Evaluate learned policies with averaged returns 27.189407381488895 ...
[3] Finished: 48000/80000 Evaluate learned policies with averaged returns 36.510060860558795 ...
[5] Finished: 43104/80000 Evaluate learned policies with averaged returns 34.64593016474481 ...
[7] Finished: 43488/80000 Evaluate learned policies with averaged returns 21.597015294046958 ...
[10] Finished: 51744/80000 Evaluate learned policies with averaged returns 34.64593016474481 ...
[6] Finished: 51936/80000 Evaluate learned policies with averaged returns 32.781799468930835 ...
[0] Finished: 43008/80000 Evaluate learned policies with averaged returns 36.510060860558795 ...
[3] Finished: 48096/80000 Evaluate learned policies with averaged returns 34.64593016474481 ...
[5] Finished: 43200/80000 Evaluate learned policies with averaged returns 32.781799468930835 ...
[10] Finished: 51840/80000 Evaluate learned policies with averaged returns 32.78179946893083 ...
[6] Finished: 52032/80000 Evaluate learned policies with averaged returns 34.64593016474481 ...
[3] Finished: 48192/80000 Evaluate learned policies with averaged returns 36.510060860558795 ...
[0] Finished: 43104/80000 Evaluate learned policies with averaged returns 36.510060860558795 ...
[7] Finished: 43584/80000 Evaluate learned policies with averaged returns 27.1894073814889 ...
[5] Finished: 43296/80000 Evaluate learned policies with averaged returns 34.64593016474481 ...
[6] Finished: 52128/80000 Evaluate learned policies with averaged returns 32.781799468930835 ...
[10] Finished: 51936/80000 Evaluate learned policies with averaged returns 30.917668773116855 ...
[3] Finished: 48288/80000 Evaluate learned policies with averaged returns 34.64593016474481 ...
[0] Finished: 43200/80000 Evaluate learned policies with averaged returns 36.510060860558795 ...
[7] Finished: 43680/80000 Evaluate learned policies with averaged returns 29.053538077302875 ...
[5] Finished: 43392/80000 Evaluate learned policies with averaged returns 30.917668773116855 ...
[6] Finished: 52224/80000 Evaluate learned policies with averaged returns 34.64593016474481 ...
[10] Finished: 52032/80000 Evaluate learned policies with averaged returns 30.917668773116855 ...
[3] Finished: 48384/80000 Evaluate learned policies with averaged returns 36.510060860558795 ...
[0] Finished: 43296/80000 Evaluate learned policies with averaged returns 36.510060860558795 ...
[7] Finished: 43776/80000 Evaluate learned policies with averaged returns 34.64593016474481 ...
[6] Finished: 52320/80000 Evaluate learned policies with averaged returns 36.510060860558795 ...
[5] Finished: 43488/80000 Evaluate learned policies with averaged returns 30.917668773116855 ...
[3] Finished: 48480/80000 Evaluate learned policies with averaged returns 34.64593016474481 ...
[10] Finished: 52128/80000 Evaluate learned policies with averaged returns 32.78179946893083 ...
[0] Finished: 43392/80000 Evaluate learned policies with averaged returns 36.510060860558795 ...
[3] Finished: 48576/80000 Evaluate learned policies with averaged returns 29.053538077302875 ...
[6] Finished: 52416/80000 Evaluate learned policies with averaged returns 32.781799468930835 ...
[5] Finished: 43584/80000 Evaluate learned policies with averaged returns 34.64593016474481 ...
[10] Finished: 52224/80000 Evaluate learned policies with averaged returns 30.917668773116855 ...
[7] Finished: 43872/80000 Evaluate learned policies with averaged returns 36.510060860558795 ...
[0] Finished: 43488/80000 Evaluate learned policies with averaged returns 36.510060860558795 ...
[6] Finished: 52512/80000 Evaluate learned policies with averaged returns 34.64593016474481 ...
[3] Finished: 48672/80000 Evaluate learned policies with averaged returns 30.917668773116855 ...
[5] Finished: 43680/80000 Evaluate learned policies with averaged returns 32.78179946893083 ...
[10] Finished: 52320/80000 Evaluate learned policies with averaged returns 32.781799468930835 ...
[7] Finished: 43968/80000 Evaluate learned policies with averaged returns 30.917668773116855 ...
[0] Finished: 43584/80000 Evaluate learned policies with averaged returns 36.510060860558795 ...
[6] Finished: 52608/80000 Evaluate learned policies with averaged returns 34.64593016474481 ...
[3] Finished: 48768/80000 Evaluate learned policies with averaged returns 34.64593016474481 ...
[7] Finished: 44064/80000 Evaluate learned policies with averaged returns 34.64593016474481 ...
[10] Finished: 52416/80000 Evaluate learned policies with averaged returns 27.1894073814889 ...
[5] Finished: 43776/80000 Evaluate learned policies with averaged returns 36.510060860558795 ...
[0] Finished: 43680/80000 Evaluate learned policies with averaged returns 36.510060860558795 ...
[6] Finished: 52704/80000 Evaluate learned policies with averaged returns 32.781799468930835 ...
[3] Finished: 48864/80000 Evaluate learned policies with averaged returns 32.781799468930835 ...
[7] Finished: 44160/80000 Evaluate learned policies with averaged returns 34.64593016474481 ...
[5] Finished: 43872/80000 Evaluate learned policies with averaged returns 29.053538077302875 ...
[10] Finished: 52512/80000 Evaluate learned policies with averaged returns 32.781799468930835 ...
[0] Finished: 43776/80000 Evaluate learned policies with averaged returns 36.510060860558795 ...
[6] Finished: 52800/80000 Evaluate learned policies with averaged returns 34.64593016474481 ...
[7] Finished: 44256/80000 Evaluate learned policies with averaged returns 25.32527668567492 ...
[3] Finished: 48960/80000 Evaluate learned policies with averaged returns 29.053538077302882 ...
[0] Finished: 43872/80000 Evaluate learned policies with averaged returns 36.510060860558795 ...
[5] Finished: 43968/80000 Evaluate learned policies with averaged returns 34.64593016474481 ...
[10] Finished: 52608/80000 Evaluate learned policies with averaged returns 30.917668773116855 ...
[6] Finished: 52896/80000 Evaluate learned policies with averaged returns 36.510060860558795 ...
[7] Finished: 44352/80000 Evaluate learned policies with averaged returns 30.917668773116855 ...
[0] Finished: 43968/80000 Evaluate learned policies with averaged returns 36.510060860558795 ...
[3] Finished: 49056/80000 Evaluate learned policies with averaged returns 32.78179946893083 ...
[5] Finished: 44064/80000 Evaluate learned policies with averaged returns 34.64593016474481 ...
[10] Finished: 52704/80000 Evaluate learned policies with averaged returns 29.053538077302882 ...
[0] Finished: 44064/80000 Evaluate learned policies with averaged returns 36.510060860558795 ...
[7] Finished: 44448/80000 Evaluate learned policies with averaged returns 27.1894073814889 ...
[6] Finished: 52992/80000 Evaluate learned policies with averaged returns 34.64593016474481 ...
[3] Finished: 49152/80000 Evaluate learned policies with averaged returns 34.64593016474481 ...
[5] Finished: 44160/80000 Evaluate learned policies with averaged returns 36.510060860558795 ...
[0] Finished: 44160/80000 Evaluate learned policies with averaged returns 36.510060860558795 ...
[10] Finished: 52800/80000 Evaluate learned policies with averaged returns 30.917668773116855 ...
[7] Finished: 44544/80000 Evaluate learned policies with averaged returns 34.64593016474481 ...
[6] Finished: 53088/80000 Evaluate learned policies with averaged returns 34.64593016474481 ...
[5] Finished: 44256/80000 Evaluate learned policies with averaged returns 32.781799468930835 ...
[3] Finished: 49248/80000 Evaluate learned policies with averaged returns 34.64593016474481 ...
[0] Finished: 44256/80000 Evaluate learned policies with averaged returns 36.510060860558795 ...
[10] Finished: 52896/80000 Evaluate learned policies with averaged returns 30.917668773116855 ...
[7] Finished: 44640/80000 Evaluate learned policies with averaged returns 30.917668773116855 ...
[6] Finished: 53184/80000 Evaluate learned policies with averaged returns 32.78179946893083 ...
[5] Finished: 44352/80000 Evaluate learned policies with averaged returns 30.917668773116855 ...
[3] Finished: 49344/80000 Evaluate learned policies with averaged returns 34.64593016474481 ...
[0] Finished: 44352/80000 Evaluate learned policies with averaged returns 36.510060860558795 ...
[7] Finished: 44736/80000 Evaluate learned policies with averaged returns 32.78179946893083 ...
[10] Finished: 52992/80000 Evaluate learned policies with averaged returns 29.053538077302875 ...
[0] Finished: 44448/80000 Evaluate learned policies with averaged returns 36.510060860558795 ...
[5] Finished: 44448/80000 Evaluate learned policies with averaged returns 30.917668773116855 ...
[6] Finished: 53280/80000 Evaluate learned policies with averaged returns 32.781799468930835 ...
[7] Finished: 44832/80000 Evaluate learned policies with averaged returns 32.781799468930835 ...
[3] Finished: 49440/80000 Evaluate learned policies with averaged returns 34.64593016474481 ...
[10] Finished: 53088/80000 Evaluate learned policies with averaged returns 32.781799468930835 ...
[0] Finished: 44544/80000 Evaluate learned policies with averaged returns 36.510060860558795 ...
[5] Finished: 44544/80000 Evaluate learned policies with averaged returns 34.64593016474481 ...
[6] Finished: 53376/80000 Evaluate learned policies with averaged returns 36.510060860558795 ...
[3] Finished: 49536/80000 Evaluate learned policies with averaged returns 34.64593016474481 ...
[7] Finished: 44928/80000 Evaluate learned policies with averaged returns 32.78179946893083 ...
[10] Finished: 53184/80000 Evaluate learned policies with averaged returns 34.64593016474481 ...
[0] Finished: 44640/80000 Evaluate learned policies with averaged returns 36.510060860558795 ...
[5] Finished: 44640/80000 Evaluate learned policies with averaged returns 32.781799468930835 ...
[6] Finished: 53472/80000 Evaluate learned policies with averaged returns 27.1894073814889 ...
[3] Finished: 49632/80000 Evaluate learned policies with averaged returns 32.781799468930835 ...
[7] Finished: 45024/80000 Evaluate learned policies with averaged returns 34.64593016474481 ...
[10] Finished: 53280/80000 Evaluate learned policies with averaged returns 25.32527668567492 ...
[3] Finished: 49728/80000 Evaluate learned policies with averaged returns 34.64593016474481 ...
[6] Finished: 53568/80000 Evaluate learned policies with averaged returns 32.78179946893083 ...
[0] Finished: 44736/80000 Evaluate learned policies with averaged returns 36.510060860558795 ...
[5] Finished: 44736/80000 Evaluate learned policies with averaged returns 29.053538077302875 ...
[10] Finished: 53376/80000 Evaluate learned policies with averaged returns 29.053538077302875 ...
[7] Finished: 45120/80000 Evaluate learned policies with averaged returns 36.510060860558795 ...
[3] Finished: 49824/80000 Evaluate learned policies with averaged returns 30.917668773116855 ...
[6] Finished: 53664/80000 Evaluate learned policies with averaged returns 29.053538077302875 ...
[0] Finished: 44832/80000 Evaluate learned policies with averaged returns 36.510060860558795 ...
[5] Finished: 44832/80000 Evaluate learned policies with averaged returns 34.64593016474481 ...
[10] Finished: 53472/80000 Evaluate learned policies with averaged returns 34.64593016474481 ...
[7] Finished: 45216/80000 Evaluate learned policies with averaged returns 30.917668773116855 ...
[6] Finished: 53760/80000 Evaluate learned policies with averaged returns 34.64593016474481 ...
[3] Finished: 49920/80000 Evaluate learned policies with averaged returns 34.64593016474481 ...
[0] Finished: 44928/80000 Evaluate learned policies with averaged returns 36.510060860558795 ...
[5] Finished: 44928/80000 Evaluate learned policies with averaged returns 30.917668773116855 ...
[10] Finished: 53568/80000 Evaluate learned policies with averaged returns 34.64593016474481 ...
[6] Finished: 53856/80000 Evaluate learned policies with averaged returns 34.64593016474481 ...
[3] Finished: 50016/80000 Evaluate learned policies with averaged returns 34.64593016474481 ...
[7] Finished: 45312/80000 Evaluate learned policies with averaged returns 32.781799468930835 ...
[0] Finished: 45024/80000 Evaluate learned policies with averaged returns 36.510060860558795 ...
[10] Finished: 53664/80000 Evaluate learned policies with averaged returns 32.78179946893083 ...
[5] Finished: 45024/80000 Evaluate learned policies with averaged returns 32.781799468930835 ...
[3] Finished: 50112/80000 Evaluate learned policies with averaged returns 30.917668773116855 ...
[6] Finished: 53952/80000 Evaluate learned policies with averaged returns 34.64593016474481 ...
[7] Finished: 45408/80000 Evaluate learned policies with averaged returns 34.64593016474481 ...
[0] Finished: 45120/80000 Evaluate learned policies with averaged returns 36.510060860558795 ...
[10] Finished: 53760/80000 Evaluate learned policies with averaged returns 29.053538077302875 ...
[6] Finished: 54048/80000 Evaluate learned policies with averaged returns 34.64593016474481 ...
[3] Finished: 50208/80000 Evaluate learned policies with averaged returns 36.510060860558795 ...
[5] Finished: 45120/80000 Evaluate learned policies with averaged returns 34.64593016474481 ...
[7] Finished: 45504/80000 Evaluate learned policies with averaged returns 29.053538077302875 ...
[0] Finished: 45216/80000 Evaluate learned policies with averaged returns 36.510060860558795 ...
[10] Finished: 53856/80000 Evaluate learned policies with averaged returns 29.053538077302875 ...
[6] Finished: 54144/80000 Evaluate learned policies with averaged returns 36.510060860558795 ...
[3] Finished: 50304/80000 Evaluate learned policies with averaged returns 34.64593016474481 ...
[5] Finished: 45216/80000 Evaluate learned policies with averaged returns 30.917668773116855 ...
[7] Finished: 45600/80000 Evaluate learned policies with averaged returns 32.781799468930835 ...
[0] Finished: 45312/80000 Evaluate learned policies with averaged returns 36.510060860558795 ...
[10] Finished: 53952/80000 Evaluate learned policies with averaged returns 29.053538077302875 ...
[6] Finished: 54240/80000 Evaluate learned policies with averaged returns 36.510060860558795 ...
[3] Finished: 50400/80000 Evaluate learned policies with averaged returns 32.781799468930835 ...
[5] Finished: 45312/80000 Evaluate learned policies with averaged returns 34.64593016474481 ...
[7] Finished: 45696/80000 Evaluate learned policies with averaged returns 29.053538077302875 ...
[0] Finished: 45408/80000 Evaluate learned policies with averaged returns 36.510060860558795 ...
[10] Finished: 54048/80000 Evaluate learned policies with averaged returns 30.917668773116855 ...
[6] Finished: 54336/80000 Evaluate learned policies with averaged returns 34.64593016474481 ...
[3] Finished: 50496/80000 Evaluate learned policies with averaged returns 32.78179946893083 ...
[5] Finished: 45408/80000 Evaluate learned policies with averaged returns 34.64593016474481 ...
[7] Finished: 45792/80000 Evaluate learned policies with averaged returns 27.189407381488895 ...
[0] Finished: 45504/80000 Evaluate learned policies with averaged returns 36.510060860558795 ...
[10] Finished: 54144/80000 Evaluate learned policies with averaged returns 32.781799468930835 ...
[6] Finished: 54432/80000 Evaluate learned policies with averaged returns 34.64593016474481 ...
[3] Finished: 50592/80000 Evaluate learned policies with averaged returns 36.510060860558795 ...
[5] Finished: 45504/80000 Evaluate learned policies with averaged returns 32.781799468930835 ...
[7] Finished: 45888/80000 Evaluate learned policies with averaged returns 27.1894073814889 ...
[0] Finished: 45600/80000 Evaluate learned policies with averaged returns 36.510060860558795 ...
[10] Finished: 54240/80000 Evaluate learned policies with averaged returns 27.1894073814889 ...
[6] Finished: 54528/80000 Evaluate learned policies with averaged returns 32.78179946893083 ...
[3] Finished: 50688/80000 Evaluate learned policies with averaged returns 36.510060860558795 ...
[5] Finished: 45600/80000 Evaluate learned policies with averaged returns 36.510060860558795 ...
[7] Finished: 45984/80000 Evaluate learned policies with averaged returns 34.64593016474481 ...
[0] Finished: 45696/80000 Evaluate learned policies with averaged returns 36.510060860558795 ...
[6] Finished: 54624/80000 Evaluate learned policies with averaged returns 34.64593016474481 ...
[10] Finished: 54336/80000 Evaluate learned policies with averaged returns 32.78179946893083 ...
[3] Finished: 50784/80000 Evaluate learned policies with averaged returns 32.78179946893083 ...
[5] Finished: 45696/80000 Evaluate learned policies with averaged returns 34.64593016474481 ...
[7] Finished: 46080/80000 Evaluate learned policies with averaged returns 34.64593016474481 ...
[0] Finished: 45792/80000 Evaluate learned policies with averaged returns 36.510060860558795 ...
[6] Finished: 54720/80000 Evaluate learned policies with averaged returns 36.510060860558795 ...
[10] Finished: 54432/80000 Evaluate learned policies with averaged returns 34.64593016474481 ...
[3] Finished: 50880/80000 Evaluate learned policies with averaged returns 30.917668773116855 ...
[5] Finished: 45792/80000 Evaluate learned policies with averaged returns 32.78179946893083 ...
[7] Finished: 46176/80000 Evaluate learned policies with averaged returns 32.78179946893083 ...
[0] Finished: 45888/80000 Evaluate learned policies with averaged returns 36.510060860558795 ...
[6] Finished: 54816/80000 Evaluate learned policies with averaged returns 36.510060860558795 ...
[10] Finished: 54528/80000 Evaluate learned policies with averaged returns 32.781799468930835 ...
[3] Finished: 50976/80000 Evaluate learned policies with averaged returns 34.64593016474481 ...
[5] Finished: 45888/80000 Evaluate learned policies with averaged returns 34.64593016474481 ...
[7] Finished: 46272/80000 Evaluate learned policies with averaged returns 30.917668773116855 ...
[0] Finished: 45984/80000 Evaluate learned policies with averaged returns 36.510060860558795 ...
[6] Finished: 54912/80000 Evaluate learned policies with averaged returns 34.64593016474481 ...
[10] Finished: 54624/80000 Evaluate learned policies with averaged returns 34.64593016474481 ...
[7] Finished: 46368/80000 Evaluate learned policies with averaged returns 30.917668773116855 ...
[5] Finished: 45984/80000 Evaluate learned policies with averaged returns 32.781799468930835 ...
[3] Finished: 51072/80000 Evaluate learned policies with averaged returns 34.64593016474481 ...
[0] Finished: 46080/80000 Evaluate learned policies with averaged returns 36.510060860558795 ...
[6] Finished: 55008/80000 Evaluate learned policies with averaged returns 34.64593016474481 ...
[10] Finished: 54720/80000 Evaluate learned policies with averaged returns 27.189407381488895 ...
[5] Finished: 46080/80000 Evaluate learned policies with averaged returns 36.510060860558795 ...
[7] Finished: 46464/80000 Evaluate learned policies with averaged returns 36.510060860558795 ...
[0] Finished: 46176/80000 Evaluate learned policies with averaged returns 36.510060860558795 ...
[3] Finished: 51168/80000 Evaluate learned policies with averaged returns 32.781799468930835 ...
[7] Finished: 46560/80000 Evaluate learned policies with averaged returns 30.91766877311685 ...
[0] Finished: 46272/80000 Evaluate learned policies with averaged returns 36.510060860558795 ...
[5] Finished: 46176/80000 Evaluate learned policies with averaged returns 36.510060860558795 ...
[6] Finished: 55104/80000 Evaluate learned policies with averaged returns 34.64593016474481 ...
[10] Finished: 54816/80000 Evaluate learned policies with averaged returns 32.781799468930835 ...
[3] Finished: 51264/80000 Evaluate learned policies with averaged returns 32.78179946893083 ...
[7] Finished: 46656/80000 Evaluate learned policies with averaged returns 32.781799468930835 ...
[0] Finished: 46368/80000 Evaluate learned policies with averaged returns 36.510060860558795 ...
[5] Finished: 46272/80000 Evaluate learned policies with averaged returns 30.917668773116855 ...
[6] Finished: 55200/80000 Evaluate learned policies with averaged returns 36.510060860558795 ...
[10] Finished: 54912/80000 Evaluate learned policies with averaged returns 34.64593016474481 ...
[3] Finished: 51360/80000 Evaluate learned policies with averaged returns 32.78179946893083 ...
[7] Finished: 46752/80000 Evaluate learned policies with averaged returns 36.510060860558795 ...
[0] Finished: 46464/80000 Evaluate learned policies with averaged returns 36.510060860558795 ...
[5] Finished: 46368/80000 Evaluate learned policies with averaged returns 32.781799468930835 ...
[6] Finished: 55296/80000 Evaluate learned policies with averaged returns 32.781799468930835 ...
[10] Finished: 55008/80000 Evaluate learned policies with averaged returns 34.64593016474481 ...
[0] Finished: 46560/80000 Evaluate learned policies with averaged returns 36.510060860558795 ...
[3] Finished: 51456/80000 Evaluate learned policies with averaged returns 36.510060860558795 ...
[7] Finished: 46848/80000 Evaluate learned policies with averaged returns 34.64593016474481 ...
[5] Finished: 46464/80000 Evaluate learned policies with averaged returns 34.64593016474481 ...
[0] Finished: 46656/80000 Evaluate learned policies with averaged returns 36.510060860558795 ...
[10] Finished: 55104/80000 Evaluate learned policies with averaged returns 32.781799468930835 ...
[6] Finished: 55392/80000 Evaluate learned policies with averaged returns 36.510060860558795 ...
[7] Finished: 46944/80000 Evaluate learned policies with averaged returns 34.64593016474481 ...
[3] Finished: 51552/80000 Evaluate learned policies with averaged returns 30.917668773116855 ...
[5] Finished: 46560/80000 Evaluate learned policies with averaged returns 34.64593016474481 ...
[0] Finished: 46752/80000 Evaluate learned policies with averaged returns 36.510060860558795 ...
[10] Finished: 55200/80000 Evaluate learned policies with averaged returns 34.64593016474481 ...
[7] Finished: 47040/80000 Evaluate learned policies with averaged returns 32.78179946893083 ...
[6] Finished: 55488/80000 Evaluate learned policies with averaged returns 34.64593016474481 ...
[5] Finished: 46656/80000 Evaluate learned policies with averaged returns 32.781799468930835 ...
[3] Finished: 51648/80000 Evaluate learned policies with averaged returns 30.917668773116855 ...
[0] Finished: 46848/80000 Evaluate learned policies with averaged returns 36.510060860558795 ...
[7] Finished: 47136/80000 Evaluate learned policies with averaged returns 29.053538077302875 ...
[10] Finished: 55296/80000 Evaluate learned policies with averaged returns 34.64593016474481 ...
[6] Finished: 55584/80000 Evaluate learned policies with averaged returns 34.64593016474481 ...
[5] Finished: 46752/80000 Evaluate learned policies with averaged returns 34.64593016474481 ...
[3] Finished: 51744/80000 Evaluate learned policies with averaged returns 30.917668773116855 ...
[0] Finished: 46944/80000 Evaluate learned policies with averaged returns 36.510060860558795 ...
[7] Finished: 47232/80000 Evaluate learned policies with averaged returns 27.1894073814889 ...
[10] Finished: 55392/80000 Evaluate learned policies with averaged returns 30.917668773116855 ...
[6] Finished: 55680/80000 Evaluate learned policies with averaged returns 34.64593016474481 ...
[5] Finished: 46848/80000 Evaluate learned policies with averaged returns 25.32527668567492 ...
[3] Finished: 51840/80000 Evaluate learned policies with averaged returns 30.917668773116855 ...
[0] Finished: 47040/80000 Evaluate learned policies with averaged returns 36.510060860558795 ...
[7] Finished: 47328/80000 Evaluate learned policies with averaged returns 23.46114598986094 ...
[10] Finished: 55488/80000 Evaluate learned policies with averaged returns 30.917668773116855 ...
[7] Finished: 47424/80000 Evaluate learned policies with averaged returns 23.46114598986094 ...
[5] Finished: 46944/80000 Evaluate learned policies with averaged returns 30.917668773116855 ...
[0] Finished: 47136/80000 Evaluate learned policies with averaged returns 36.510060860558795 ...
[6] Finished: 55776/80000 Evaluate learned policies with averaged returns 34.64593016474481 ...
[3] Finished: 51936/80000 Evaluate learned policies with averaged returns 30.91766877311685 ...
[10] Finished: 55584/80000 Evaluate learned policies with averaged returns 32.78179946893083 ...
[7] Finished: 47520/80000 Evaluate learned policies with averaged returns 21.597015294046955 ...
[0] Finished: 47232/80000 Evaluate learned policies with averaged returns 36.510060860558795 ...
[5] Finished: 47040/80000 Evaluate learned policies with averaged returns 32.781799468930835 ...
[6] Finished: 55872/80000 Evaluate learned policies with averaged returns 34.64593016474481 ...
[3] Finished: 52032/80000 Evaluate learned policies with averaged returns 32.78179946893083 ...
[7] Finished: 47616/80000 Evaluate learned policies with averaged returns 29.053538077302875 ...
[5] Finished: 47136/80000 Evaluate learned policies with averaged returns 32.781799468930835 ...
[0] Finished: 47328/80000 Evaluate learned policies with averaged returns 36.510060860558795 ...
[10] Finished: 55680/80000 Evaluate learned policies with averaged returns 34.64593016474481 ...
[6] Finished: 55968/80000 Evaluate learned policies with averaged returns 25.32527668567492 ...
[3] Finished: 52128/80000 Evaluate learned policies with averaged returns 27.1894073814889 ...
[7] Finished: 47712/80000 Evaluate learned policies with averaged returns 32.781799468930835 ...
[5] Finished: 47232/80000 Evaluate learned policies with averaged returns 36.510060860558795 ...
[0] Finished: 47424/80000 Evaluate learned policies with averaged returns 36.510060860558795 ...
[10] Finished: 55776/80000 Evaluate learned policies with averaged returns 32.78179946893083 ...
[7] Finished: 47808/80000 Evaluate learned policies with averaged returns 29.053538077302875 ...
[6] Finished: 56064/80000 Evaluate learned policies with averaged returns 30.91766877311685 ...
[3] Finished: 52224/80000 Evaluate learned policies with averaged returns 30.917668773116855 ...
[0] Finished: 47520/80000 Evaluate learned policies with averaged returns 36.510060860558795 ...
[5] Finished: 47328/80000 Evaluate learned policies with averaged returns 34.64593016474481 ...
[10] Finished: 55872/80000 Evaluate learned policies with averaged returns 32.781799468930835 ...
[7] Finished: 47904/80000 Evaluate learned policies with averaged returns 34.64593016474481 ...
[0] Finished: 47616/80000 Evaluate learned policies with averaged returns 36.510060860558795 ...
[3] Finished: 52320/80000 Evaluate learned policies with averaged returns 32.781799468930835 ...
[6] Finished: 56160/80000 Evaluate learned policies with averaged returns 34.64593016474481 ...
[5] Finished: 47424/80000 Evaluate learned policies with averaged returns 34.64593016474481 ...
[10] Finished: 55968/80000 Evaluate learned policies with averaged returns 29.053538077302882 ...
[7] Finished: 48000/80000 Evaluate learned policies with averaged returns 34.64593016474481 ...
[0] Finished: 47712/80000 Evaluate learned policies with averaged returns 36.510060860558795 ...
[3] Finished: 52416/80000 Evaluate learned policies with averaged returns 30.917668773116855 ...
[5] Finished: 47520/80000 Evaluate learned policies with averaged returns 34.64593016474481 ...
[6] Finished: 56256/80000 Evaluate learned policies with averaged returns 29.053538077302882 ...
[7] Finished: 48096/80000 Evaluate learned policies with averaged returns 30.917668773116855 ...
[10] Finished: 56064/80000 Evaluate learned policies with averaged returns 34.64593016474481 ...
[0] Finished: 47808/80000 Evaluate learned policies with averaged returns 36.510060860558795 ...
[5] Finished: 47616/80000 Evaluate learned policies with averaged returns 30.917668773116855 ...
[3] Finished: 52512/80000 Evaluate learned policies with averaged returns 32.781799468930835 ...
[6] Finished: 56352/80000 Evaluate learned policies with averaged returns 27.189407381488895 ...
[7] Finished: 48192/80000 Evaluate learned policies with averaged returns 30.917668773116855 ...
[10] Finished: 56160/80000 Evaluate learned policies with averaged returns 30.917668773116855 ...
[0] Finished: 47904/80000 Evaluate learned policies with averaged returns 36.510060860558795 ...
[5] Finished: 47712/80000 Evaluate learned policies with averaged returns 32.781799468930835 ...
[3] Finished: 52608/80000 Evaluate learned policies with averaged returns 30.917668773116855 ...
[7] Finished: 48288/80000 Evaluate learned policies with averaged returns 36.510060860558795 ...
[6] Finished: 56448/80000 Evaluate learned policies with averaged returns 34.64593016474481 ...
[0] Finished: 48000/80000 Evaluate learned policies with averaged returns 36.510060860558795 ...
[10] Finished: 56256/80000 Evaluate learned policies with averaged returns 30.917668773116855 ...
[5] Finished: 47808/80000 Evaluate learned policies with averaged returns 30.917668773116855 ...
[3] Finished: 52704/80000 Evaluate learned policies with averaged returns 34.64593016474481 ...
[7] Finished: 48384/80000 Evaluate learned policies with averaged returns 27.189407381488895 ...
[6] Finished: 56544/80000 Evaluate learned policies with averaged returns 29.053538077302875 ...
[0] Finished: 48096/80000 Evaluate learned policies with averaged returns 36.510060860558795 ...
[10] Finished: 56352/80000 Evaluate learned policies with averaged returns 30.917668773116855 ...
[7] Finished: 48480/80000 Evaluate learned policies with averaged returns 30.917668773116855 ...
[5] Finished: 47904/80000 Evaluate learned policies with averaged returns 34.64593016474481 ...
[3] Finished: 52800/80000 Evaluate learned policies with averaged returns 34.64593016474481 ...
[6] Finished: 56640/80000 Evaluate learned policies with averaged returns 29.053538077302882 ...
[0] Finished: 48192/80000 Evaluate learned policies with averaged returns 36.510060860558795 ...
[10] Finished: 56448/80000 Evaluate learned policies with averaged returns 29.053538077302875 ...
[7] Finished: 48576/80000 Evaluate learned policies with averaged returns 23.46114598986094 ...
[5] Finished: 48000/80000 Evaluate learned policies with averaged returns 34.64593016474481 ...
[3] Finished: 52896/80000 Evaluate learned policies with averaged returns 34.64593016474481 ...
[0] Finished: 48288/80000 Evaluate learned policies with averaged returns 36.510060860558795 ...
[6] Finished: 56736/80000 Evaluate learned policies with averaged returns 25.32527668567492 ...
[10] Finished: 56544/80000 Evaluate learned policies with averaged returns 27.189407381488895 ...
[7] Finished: 48672/80000 Evaluate learned policies with averaged returns 32.78179946893083 ...
[5] Finished: 48096/80000 Evaluate learned policies with averaged returns 32.781799468930835 ...
[3] Finished: 52992/80000 Evaluate learned policies with averaged returns 34.64593016474481 ...
[0] Finished: 48384/80000 Evaluate learned policies with averaged returns 36.510060860558795 ...
[6] Finished: 56832/80000 Evaluate learned policies with averaged returns 29.053538077302875 ...
[7] Finished: 48768/80000 Evaluate learned policies with averaged returns 29.053538077302875 ...
[10] Finished: 56640/80000 Evaluate learned policies with averaged returns 32.781799468930835 ...
[5] Finished: 48192/80000 Evaluate learned policies with averaged returns 34.64593016474481 ...
[3] Finished: 53088/80000 Evaluate learned policies with averaged returns 34.64593016474481 ...
[0] Finished: 48480/80000 Evaluate learned policies with averaged returns 36.510060860558795 ...
[7] Finished: 48864/80000 Evaluate learned policies with averaged returns 32.781799468930835 ...
[6] Finished: 56928/80000 Evaluate learned policies with averaged returns 23.46114598986094 ...
[10] Finished: 56736/80000 Evaluate learned policies with averaged returns 29.053538077302875 ...
[5] Finished: 48288/80000 Evaluate learned policies with averaged returns 34.64593016474481 ...
[3] Finished: 53184/80000 Evaluate learned policies with averaged returns 29.053538077302882 ...
[7] Finished: 48960/80000 Evaluate learned policies with averaged returns 36.510060860558795 ...
[0] Finished: 48576/80000 Evaluate learned policies with averaged returns 36.510060860558795 ...
[6] Finished: 57024/80000 Evaluate learned policies with averaged returns 36.510060860558795 ...
[10] Finished: 56832/80000 Evaluate learned policies with averaged returns 32.781799468930835 ...
[7] Finished: 49056/80000 Evaluate learned policies with averaged returns 30.917668773116855 ...
[5] Finished: 48384/80000 Evaluate learned policies with averaged returns 36.510060860558795 ...
[3] Finished: 53280/80000 Evaluate learned policies with averaged returns 32.78179946893083 ...
[0] Finished: 48672/80000 Evaluate learned policies with averaged returns 36.510060860558795 ...
[6] Finished: 57120/80000 Evaluate learned policies with averaged returns 29.053538077302875 ...
[10] Finished: 56928/80000 Evaluate learned policies with averaged returns 30.917668773116855 ...
[7] Finished: 49152/80000 Evaluate learned policies with averaged returns 29.053538077302875 ...
[5] Finished: 48480/80000 Evaluate learned policies with averaged returns 29.053538077302875 ...
[3] Finished: 53376/80000 Evaluate learned policies with averaged returns 36.510060860558795 ...
[0] Finished: 48768/80000 Evaluate learned policies with averaged returns 36.510060860558795 ...
[6] Finished: 57216/80000 Evaluate learned policies with averaged returns 30.917668773116855 ...
[10] Finished: 57024/80000 Evaluate learned policies with averaged returns 32.78179946893083 ...
[7] Finished: 49248/80000 Evaluate learned policies with averaged returns 29.053538077302875 ...
[5] Finished: 48576/80000 Evaluate learned policies with averaged returns 34.64593016474481 ...
[3] Finished: 53472/80000 Evaluate learned policies with averaged returns 30.917668773116855 ...
[0] Finished: 48864/80000 Evaluate learned policies with averaged returns 36.510060860558795 ...
[7] Finished: 49344/80000 Evaluate learned policies with averaged returns 34.64593016474481 ...
[10] Finished: 57120/80000 Evaluate learned policies with averaged returns 29.053538077302875 ...
[6] Finished: 57312/80000 Evaluate learned policies with averaged returns 29.053538077302875 ...
[7] Finished: 49440/80000 Evaluate learned policies with averaged returns 32.78179946893083 ...
[5] Finished: 48672/80000 Evaluate learned policies with averaged returns 32.781799468930835 ...
[0] Finished: 48960/80000 Evaluate learned policies with averaged returns 36.510060860558795 ...
[10] Finished: 57216/80000 Evaluate learned policies with averaged returns 36.510060860558795 ...
[3] Finished: 53568/80000 Evaluate learned policies with averaged returns 34.64593016474481 ...
[6] Finished: 57408/80000 Evaluate learned policies with averaged returns 32.78179946893083 ...
[7] Finished: 49536/80000 Evaluate learned policies with averaged returns 34.64593016474481 ...
[0] Finished: 49056/80000 Evaluate learned policies with averaged returns 36.510060860558795 ...
[10] Finished: 57312/80000 Evaluate learned policies with averaged returns 25.325276685674915 ...
[5] Finished: 48768/80000 Evaluate learned policies with averaged returns 30.917668773116855 ...
[3] Finished: 53664/80000 Evaluate learned policies with averaged returns 32.78179946893083 ...
[7] Finished: 49632/80000 Evaluate learned policies with averaged returns 34.64593016474481 ...
[6] Finished: 57504/80000 Evaluate learned policies with averaged returns 36.510060860558795 ...
[0] Finished: 49152/80000 Evaluate learned policies with averaged returns 36.510060860558795 ...
[10] Finished: 57408/80000 Evaluate learned policies with averaged returns 30.917668773116855 ...
[7] Finished: 49728/80000 Evaluate learned policies with averaged returns 36.510060860558795 ...
[3] Finished: 53760/80000 Evaluate learned policies with averaged returns 34.64593016474481 ...
[5] Finished: 48864/80000 Evaluate learned policies with averaged returns 34.64593016474481 ...
[6] Finished: 57600/80000 Evaluate learned policies with averaged returns 29.053538077302875 ...
[0] Finished: 49248/80000 Evaluate learned policies with averaged returns 36.510060860558795 ...
[7] Finished: 49824/80000 Evaluate learned policies with averaged returns 34.64593016474481 ...
[10] Finished: 57504/80000 Evaluate learned policies with averaged returns 30.91766877311685 ...
[3] Finished: 53856/80000 Evaluate learned policies with averaged returns 32.781799468930835 ...
[5] Finished: 48960/80000 Evaluate learned policies with averaged returns 32.78179946893083 ...
[6] Finished: 57696/80000 Evaluate learned policies with averaged returns 36.510060860558795 ...
[7] Finished: 49920/80000 Evaluate learned policies with averaged returns 32.781799468930835 ...
[10] Finished: 57600/80000 Evaluate learned policies with averaged returns 34.64593016474481 ...
[0] Finished: 49344/80000 Evaluate learned policies with averaged returns 36.510060860558795 ...
[3] Finished: 53952/80000 Evaluate learned policies with averaged returns 32.78179946893083 ...
[5] Finished: 49056/80000 Evaluate learned policies with averaged returns 36.510060860558795 ...
[7] Finished: 50016/80000 Evaluate learned policies with averaged returns 30.91766877311685 ...
[6] Finished: 57792/80000 Evaluate learned policies with averaged returns 36.510060860558795 ...
[10] Finished: 57696/80000 Evaluate learned policies with averaged returns 29.053538077302875 ...
[0] Finished: 49440/80000 Evaluate learned policies with averaged returns 36.510060860558795 ...
[7] Finished: 50112/80000 Evaluate learned policies with averaged returns 32.781799468930835 ...
[3] Finished: 54048/80000 Evaluate learned policies with averaged returns 32.78179946893083 ...
[5] Finished: 49152/80000 Evaluate learned policies with averaged returns 34.64593016474481 ...
[6] Finished: 57888/80000 Evaluate learned policies with averaged returns 36.510060860558795 ...
[0] Finished: 49536/80000 Evaluate learned policies with averaged returns 36.510060860558795 ...
[10] Finished: 57792/80000 Evaluate learned policies with averaged returns 29.053538077302882 ...
[7] Finished: 50208/80000 Evaluate learned policies with averaged returns 29.053538077302875 ...
[3] Finished: 54144/80000 Evaluate learned policies with averaged returns 32.781799468930835 ...
[5] Finished: 49248/80000 Evaluate learned policies with averaged returns 34.64593016474481 ...
[6] Finished: 57984/80000 Evaluate learned policies with averaged returns 32.781799468930835 ...
[0] Finished: 49632/80000 Evaluate learned policies with averaged returns 36.510060860558795 ...
[10] Finished: 57888/80000 Evaluate learned policies with averaged returns 32.781799468930835 ...
[7] Finished: 50304/80000 Evaluate learned policies with averaged returns 32.781799468930835 ...
[3] Finished: 54240/80000 Evaluate learned policies with averaged returns 30.917668773116855 ...
[6] Finished: 58080/80000 Evaluate learned policies with averaged returns 34.64593016474481 ...
[5] Finished: 49344/80000 Evaluate learned policies with averaged returns 25.32527668567492 ...
[0] Finished: 49728/80000 Evaluate learned policies with averaged returns 36.510060860558795 ...
[10] Finished: 57984/80000 Evaluate learned policies with averaged returns 32.781799468930835 ...
[7] Finished: 50400/80000 Evaluate learned policies with averaged returns 30.917668773116855 ...
[3] Finished: 54336/80000 Evaluate learned policies with averaged returns 30.917668773116855 ...
[6] Finished: 58176/80000 Evaluate learned policies with averaged returns 36.510060860558795 ...
[0] Finished: 49824/80000 Evaluate learned policies with averaged returns 36.510060860558795 ...
[5] Finished: 49440/80000 Evaluate learned policies with averaged returns 29.053538077302882 ...
[10] Finished: 58080/80000 Evaluate learned policies with averaged returns 32.78179946893083 ...
[7] Finished: 50496/80000 Evaluate learned policies with averaged returns 32.781799468930835 ...
[3] Finished: 54432/80000 Evaluate learned policies with averaged returns 30.917668773116855 ...
[6] Finished: 58272/80000 Evaluate learned policies with averaged returns 32.78179946893083 ...
[0] Finished: 49920/80000 Evaluate learned policies with averaged returns 36.510060860558795 ...
[10] Finished: 58176/80000 Evaluate learned policies with averaged returns 36.510060860558795 ...
[5] Finished: 49536/80000 Evaluate learned policies with averaged returns 32.781799468930835 ...
[3] Finished: 54528/80000 Evaluate learned policies with averaged returns 34.64593016474481 ...
[7] Finished: 50592/80000 Evaluate learned policies with averaged returns 36.510060860558795 ...
[6] Finished: 58368/80000 Evaluate learned policies with averaged returns 36.510060860558795 ...
[0] Finished: 50016/80000 Evaluate learned policies with averaged returns 36.510060860558795 ...
[5] Finished: 49632/80000 Evaluate learned policies with averaged returns 34.64593016474481 ...
[10] Finished: 58272/80000 Evaluate learned policies with averaged returns 29.053538077302875 ...
[7] Finished: 50688/80000 Evaluate learned policies with averaged returns 30.917668773116855 ...
[3] Finished: 54624/80000 Evaluate learned policies with averaged returns 36.510060860558795 ...
[6] Finished: 58464/80000 Evaluate learned policies with averaged returns 34.64593016474481 ...
[0] Finished: 50112/80000 Evaluate learned policies with averaged returns 36.510060860558795 ...
[10] Finished: 58368/80000 Evaluate learned policies with averaged returns 29.053538077302875 ...
[5] Finished: 49728/80000 Evaluate learned policies with averaged returns 34.64593016474481 ...
[7] Finished: 50784/80000 Evaluate learned policies with averaged returns 32.781799468930835 ...
[3] Finished: 54720/80000 Evaluate learned policies with averaged returns 34.64593016474481 ...
[6] Finished: 58560/80000 Evaluate learned policies with averaged returns 34.64593016474481 ...
[0] Finished: 50208/80000 Evaluate learned policies with averaged returns 36.510060860558795 ...
[10] Finished: 58464/80000 Evaluate learned policies with averaged returns 29.053538077302882 ...
[5] Finished: 49824/80000 Evaluate learned policies with averaged returns 32.78179946893083 ...
[7] Finished: 50880/80000 Evaluate learned policies with averaged returns 36.510060860558795 ...
[3] Finished: 54816/80000 Evaluate learned policies with averaged returns 34.64593016474481 ...
[6] Finished: 58656/80000 Evaluate learned policies with averaged returns 32.78179946893083 ...
[0] Finished: 50304/80000 Evaluate learned policies with averaged returns 36.510060860558795 ...
[10] Finished: 58560/80000 Evaluate learned policies with averaged returns 32.781799468930835 ...
[7] Finished: 50976/80000 Evaluate learned policies with averaged returns 34.64593016474481 ...
[5] Finished: 49920/80000 Evaluate learned policies with averaged returns 34.64593016474481 ...
[3] Finished: 54912/80000 Evaluate learned policies with averaged returns 36.510060860558795 ...
[6] Finished: 58752/80000 Evaluate learned policies with averaged returns 30.917668773116855 ...
[0] Finished: 50400/80000 Evaluate learned policies with averaged returns 36.510060860558795 ...
[7] Finished: 51072/80000 Evaluate learned policies with averaged returns 32.781799468930835 ...
[10] Finished: 58656/80000 Evaluate learned policies with averaged returns 30.917668773116855 ...
[5] Finished: 50016/80000 Evaluate learned policies with averaged returns 32.78179946893083 ...
[6] Finished: 58848/80000 Evaluate learned policies with averaged returns 27.1894073814889 ...
[3] Finished: 55008/80000 Evaluate learned policies with averaged returns 36.510060860558795 ...
[0] Finished: 50496/80000 Evaluate learned policies with averaged returns 36.510060860558795 ...
[10] Finished: 58752/80000 Evaluate learned policies with averaged returns 32.781799468930835 ...
[7] Finished: 51168/80000 Evaluate learned policies with averaged returns 34.64593016474481 ...
[5] Finished: 50112/80000 Evaluate learned policies with averaged returns 36.510060860558795 ...
[3] Finished: 55104/80000 Evaluate learned policies with averaged returns 32.78179946893083 ...
[0] Finished: 50592/80000 Evaluate learned policies with averaged returns 36.510060860558795 ...
[6] Finished: 58944/80000 Evaluate learned policies with averaged returns 30.917668773116855 ...
[10] Finished: 58848/80000 Evaluate learned policies with averaged returns 29.053538077302882 ...
[7] Finished: 51264/80000 Evaluate learned policies with averaged returns 36.510060860558795 ...
[5] Finished: 50208/80000 Evaluate learned policies with averaged returns 34.64593016474481 ...
[3] Finished: 55200/80000 Evaluate learned policies with averaged returns 34.64593016474481 ...
[0] Finished: 50688/80000 Evaluate learned policies with averaged returns 36.510060860558795 ...
[6] Finished: 59040/80000 Evaluate learned policies with averaged returns 29.053538077302875 ...
[7] Finished: 51360/80000 Evaluate learned policies with averaged returns 32.781799468930835 ...
[5] Finished: 50304/80000 Evaluate learned policies with averaged returns 34.64593016474481 ...
[10] Finished: 58944/80000 Evaluate learned policies with averaged returns 30.917668773116855 ...
[3] Finished: 55296/80000 Evaluate learned policies with averaged returns 34.64593016474481 ...
[0] Finished: 50784/80000 Evaluate learned policies with averaged returns 36.510060860558795 ...
[6] Finished: 59136/80000 Evaluate learned policies with averaged returns 30.917668773116855 ...
[7] Finished: 51456/80000 Evaluate learned policies with averaged returns 27.189407381488895 ...
[5] Finished: 50400/80000 Evaluate learned policies with averaged returns 36.510060860558795 ...
[10] Finished: 59040/80000 Evaluate learned policies with averaged returns 32.78179946893083 ...
[0] Finished: 50880/80000 Evaluate learned policies with averaged returns 36.510060860558795 ...
[6] Finished: 59232/80000 Evaluate learned policies with averaged returns 30.917668773116855 ...
[3] Finished: 55392/80000 Evaluate learned policies with averaged returns 36.510060860558795 ...
[7] Finished: 51552/80000 Evaluate learned policies with averaged returns 29.053538077302875 ...
[5] Finished: 50496/80000 Evaluate learned policies with averaged returns 36.510060860558795 ...
[0] Finished: 50976/80000 Evaluate learned policies with averaged returns 36.510060860558795 ...
[10] Finished: 59136/80000 Evaluate learned policies with averaged returns 29.053538077302875 ...
[6] Finished: 59328/80000 Evaluate learned policies with averaged returns 36.510060860558795 ...
[3] Finished: 55488/80000 Evaluate learned policies with averaged returns 34.64593016474481 ...
[7] Finished: 51648/80000 Evaluate learned policies with averaged returns 36.510060860558795 ...
[5] Finished: 50592/80000 Evaluate learned policies with averaged returns 32.781799468930835 ...
[0] Finished: 51072/80000 Evaluate learned policies with averaged returns 36.510060860558795 ...
[3] Finished: 55584/80000 Evaluate learned policies with averaged returns 36.510060860558795 ...
[6] Finished: 59424/80000 Evaluate learned policies with averaged returns 36.510060860558795 ...
[10] Finished: 59232/80000 Evaluate learned policies with averaged returns 32.78179946893083 ...
[7] Finished: 51744/80000 Evaluate learned policies with averaged returns 36.510060860558795 ...
[5] Finished: 50688/80000 Evaluate learned policies with averaged returns 32.781799468930835 ...
[0] Finished: 51168/80000 Evaluate learned policies with averaged returns 36.510060860558795 ...
[6] Finished: 59520/80000 Evaluate learned policies with averaged returns 36.510060860558795 ...
[3] Finished: 55680/80000 Evaluate learned policies with averaged returns 36.510060860558795 ...
[10] Finished: 59328/80000 Evaluate learned policies with averaged returns 32.781799468930835 ...
[7] Finished: 51840/80000 Evaluate learned policies with averaged returns 30.917668773116855 ...
[5] Finished: 50784/80000 Evaluate learned policies with averaged returns 36.510060860558795 ...
[0] Finished: 51264/80000 Evaluate learned policies with averaged returns 36.510060860558795 ...
[3] Finished: 55776/80000 Evaluate learned policies with averaged returns 34.64593016474481 ...
[10] Finished: 59424/80000 Evaluate learned policies with averaged returns 32.781799468930835 ...
[6] Finished: 59616/80000 Evaluate learned policies with averaged returns 34.64593016474481 ...
[7] Finished: 51936/80000 Evaluate learned policies with averaged returns 30.917668773116855 ...
[5] Finished: 50880/80000 Evaluate learned policies with averaged returns 30.91766877311685 ...
[0] Finished: 51360/80000 Evaluate learned policies with averaged returns 36.510060860558795 ...
[3] Finished: 55872/80000 Evaluate learned policies with averaged returns 34.64593016474481 ...
[10] Finished: 59520/80000 Evaluate learned policies with averaged returns 32.781799468930835 ...
[6] Finished: 59712/80000 Evaluate learned policies with averaged returns 34.64593016474481 ...
[7] Finished: 52032/80000 Evaluate learned policies with averaged returns 36.510060860558795 ...
[0] Finished: 51456/80000 Evaluate learned policies with averaged returns 36.510060860558795 ...
[5] Finished: 50976/80000 Evaluate learned policies with averaged returns 30.917668773116855 ...
[3] Finished: 55968/80000 Evaluate learned policies with averaged returns 36.510060860558795 ...
[10] Finished: 59616/80000 Evaluate learned policies with averaged returns 27.1894073814889 ...
[6] Finished: 59808/80000 Evaluate learned policies with averaged returns 34.64593016474481 ...
[7] Finished: 52128/80000 Evaluate learned policies with averaged returns 29.053538077302875 ...
[0] Finished: 51552/80000 Evaluate learned policies with averaged returns 36.510060860558795 ...
[5] Finished: 51072/80000 Evaluate learned policies with averaged returns 29.053538077302875 ...
[3] Finished: 56064/80000 Evaluate learned policies with averaged returns 32.78179946893083 ...
[6] Finished: 59904/80000 Evaluate learned policies with averaged returns 34.64593016474481 ...
[10] Finished: 59712/80000 Evaluate learned policies with averaged returns 30.917668773116855 ...
[7] Finished: 52224/80000 Evaluate learned policies with averaged returns 34.64593016474481 ...
[0] Finished: 51648/80000 Evaluate learned policies with averaged returns 36.510060860558795 ...
[5] Finished: 51168/80000 Evaluate learned policies with averaged returns 32.781799468930835 ...
[3] Finished: 56160/80000 Evaluate learned policies with averaged returns 34.64593016474481 ...
[6] Finished: 60000/80000 Evaluate learned policies with averaged returns 36.510060860558795 ...
[10] Finished: 59808/80000 Evaluate learned policies with averaged returns 32.781799468930835 ...
[7] Finished: 52320/80000 Evaluate learned policies with averaged returns 27.189407381488895 ...
[0] Finished: 51744/80000 Evaluate learned policies with averaged returns 36.510060860558795 ...
[5] Finished: 51264/80000 Evaluate learned policies with averaged returns 34.64593016474481 ...
[3] Finished: 56256/80000 Evaluate learned policies with averaged returns 30.91766877311685 ...
[6] Finished: 60096/80000 Evaluate learned policies with averaged returns 32.781799468930835 ...
[10] Finished: 59904/80000 Evaluate learned policies with averaged returns 30.917668773116855 ...
[7] Finished: 52416/80000 Evaluate learned policies with averaged returns 32.78179946893083 ...
[0] Finished: 51840/80000 Evaluate learned policies with averaged returns 36.510060860558795 ...
[5] Finished: 51360/80000 Evaluate learned policies with averaged returns 30.917668773116855 ...
[3] Finished: 56352/80000 Evaluate learned policies with averaged returns 36.510060860558795 ...
[6] Finished: 60192/80000 Evaluate learned policies with averaged returns 34.64593016474481 ...
[7] Finished: 52512/80000 Evaluate learned policies with averaged returns 32.781799468930835 ...
[10] Finished: 60000/80000 Evaluate learned policies with averaged returns 34.64593016474481 ...
[0] Finished: 51936/80000 Evaluate learned policies with averaged returns 36.510060860558795 ...
[5] Finished: 51456/80000 Evaluate learned policies with averaged returns 30.917668773116855 ...
[3] Finished: 56448/80000 Evaluate learned policies with averaged returns 36.510060860558795 ...
[6] Finished: 60288/80000 Evaluate learned policies with averaged returns 34.64593016474481 ...
[7] Finished: 52608/80000 Evaluate learned policies with averaged returns 34.64593016474481 ...
[10] Finished: 60096/80000 Evaluate learned policies with averaged returns 27.189407381488895 ...
[0] Finished: 52032/80000 Evaluate learned policies with averaged returns 36.510060860558795 ...
[5] Finished: 51552/80000 Evaluate learned policies with averaged returns 30.917668773116855 ...
[3] Finished: 56544/80000 Evaluate learned policies with averaged returns 32.781799468930835 ...
[6] Finished: 60384/80000 Evaluate learned policies with averaged returns 32.781799468930835 ...
[7] Finished: 52704/80000 Evaluate learned policies with averaged returns 32.781799468930835 ...
[10] Finished: 60192/80000 Evaluate learned policies with averaged returns 34.64593016474481 ...
[0] Finished: 52128/80000 Evaluate learned policies with averaged returns 36.510060860558795 ...
[5] Finished: 51648/80000 Evaluate learned policies with averaged returns 29.053538077302882 ...
[3] Finished: 56640/80000 Evaluate learned policies with averaged returns 34.64593016474481 ...
[7] Finished: 52800/80000 Evaluate learned policies with averaged returns 30.917668773116855 ...
[6] Finished: 60480/80000 Evaluate learned policies with averaged returns 29.053538077302882 ...
[10] Finished: 60288/80000 Evaluate learned policies with averaged returns 34.64593016474481 ...
[0] Finished: 52224/80000 Evaluate learned policies with averaged returns 36.510060860558795 ...
[3] Finished: 56736/80000 Evaluate learned policies with averaged returns 34.64593016474481 ...
[5] Finished: 51744/80000 Evaluate learned policies with averaged returns 27.1894073814889 ...
[7] Finished: 52896/80000 Evaluate learned policies with averaged returns 30.917668773116855 ...
[6] Finished: 60576/80000 Evaluate learned policies with averaged returns 30.917668773116855 ...
[0] Finished: 52320/80000 Evaluate learned policies with averaged returns 36.510060860558795 ...
[10] Finished: 60384/80000 Evaluate learned policies with averaged returns 32.781799468930835 ...
[3] Finished: 56832/80000 Evaluate learned policies with averaged returns 36.510060860558795 ...
[7] Finished: 52992/80000 Evaluate learned policies with averaged returns 30.917668773116855 ...
[6] Finished: 60672/80000 Evaluate learned policies with averaged returns 30.917668773116855 ...
[5] Finished: 51840/80000 Evaluate learned policies with averaged returns 29.053538077302875 ...
[0] Finished: 52416/80000 Evaluate learned policies with averaged returns 36.510060860558795 ...
[10] Finished: 60480/80000 Evaluate learned policies with averaged returns 32.781799468930835 ...
[3] Finished: 56928/80000 Evaluate learned policies with averaged returns 30.917668773116855 ...
[7] Finished: 53088/80000 Evaluate learned policies with averaged returns 30.917668773116855 ...
[6] Finished: 60768/80000 Evaluate learned policies with averaged returns 36.510060860558795 ...
[5] Finished: 51936/80000 Evaluate learned policies with averaged returns 30.917668773116855 ...
[0] Finished: 52512/80000 Evaluate learned policies with averaged returns 36.510060860558795 ...
[10] Finished: 60576/80000 Evaluate learned policies with averaged returns 30.91766877311685 ...
[3] Finished: 57024/80000 Evaluate learned policies with averaged returns 32.781799468930835 ...
[7] Finished: 53184/80000 Evaluate learned policies with averaged returns 30.917668773116855 ...
[6] Finished: 60864/80000 Evaluate learned policies with averaged returns 36.510060860558795 ...
[0] Finished: 52608/80000 Evaluate learned policies with averaged returns 36.510060860558795 ...
[5] Finished: 52032/80000 Evaluate learned policies with averaged returns 27.189407381488895 ...
[10] Finished: 60672/80000 Evaluate learned policies with averaged returns 23.46114598986094 ...
[3] Finished: 57120/80000 Evaluate learned policies with averaged returns 34.64593016474481 ...
[7] Finished: 53280/80000 Evaluate learned policies with averaged returns 32.78179946893083 ...
[6] Finished: 60960/80000 Evaluate learned policies with averaged returns 32.781799468930835 ...
[5] Finished: 52128/80000 Evaluate learned policies with averaged returns 32.781799468930835 ...
[0] Finished: 52704/80000 Evaluate learned policies with averaged returns 36.510060860558795 ...
[10] Finished: 60768/80000 Evaluate learned policies with averaged returns 30.917668773116855 ...
[3] Finished: 57216/80000 Evaluate learned policies with averaged returns 29.053538077302875 ...
[7] Finished: 53376/80000 Evaluate learned policies with averaged returns 32.78179946893083 ...
[6] Finished: 61056/80000 Evaluate learned policies with averaged returns 32.781799468930835 ...
[0] Finished: 52800/80000 Evaluate learned policies with averaged returns 36.510060860558795 ...
[10] Finished: 60864/80000 Evaluate learned policies with averaged returns 32.781799468930835 ...
[5] Finished: 52224/80000 Evaluate learned policies with averaged returns 23.46114598986094 ...
[3] Finished: 57312/80000 Evaluate learned policies with averaged returns 32.781799468930835 ...
[7] Finished: 53472/80000 Evaluate learned policies with averaged returns 32.781799468930835 ...
[0] Finished: 52896/80000 Evaluate learned policies with averaged returns 36.510060860558795 ...
[6] Finished: 61152/80000 Evaluate learned policies with averaged returns 34.64593016474481 ...
[10] Finished: 60960/80000 Evaluate learned policies with averaged returns 29.053538077302875 ...
[5] Finished: 52320/80000 Evaluate learned policies with averaged returns 29.053538077302875 ...
[3] Finished: 57408/80000 Evaluate learned policies with averaged returns 30.917668773116855 ...
[7] Finished: 53568/80000 Evaluate learned policies with averaged returns 34.64593016474481 ...
[0] Finished: 52992/80000 Evaluate learned policies with averaged returns 36.510060860558795 ...
[6] Finished: 61248/80000 Evaluate learned policies with averaged returns 30.917668773116855 ...
[10] Finished: 61056/80000 Evaluate learned policies with averaged returns 30.917668773116855 ...
[5] Finished: 52416/80000 Evaluate learned policies with averaged returns 34.64593016474481 ...
[3] Finished: 57504/80000 Evaluate learned policies with averaged returns 30.917668773116855 ...
[7] Finished: 53664/80000 Evaluate learned policies with averaged returns 30.917668773116855 ...
[0] Finished: 53088/80000 Evaluate learned policies with averaged returns 36.510060860558795 ...
[6] Finished: 61344/80000 Evaluate learned policies with averaged returns 34.64593016474481 ...
[10] Finished: 61152/80000 Evaluate learned policies with averaged returns 30.917668773116855 ...
[5] Finished: 52512/80000 Evaluate learned policies with averaged returns 32.781799468930835 ...
[3] Finished: 57600/80000 Evaluate learned policies with averaged returns 32.78179946893083 ...
[7] Finished: 53760/80000 Evaluate learned policies with averaged returns 29.053538077302875 ...
[6] Finished: 61440/80000 Evaluate learned policies with averaged returns 32.78179946893083 ...
[0] Finished: 53184/80000 Evaluate learned policies with averaged returns 36.510060860558795 ...
[10] Finished: 61248/80000 Evaluate learned policies with averaged returns 34.64593016474481 ...
[5] Finished: 52608/80000 Evaluate learned policies with averaged returns 32.78179946893083 ...
[3] Finished: 57696/80000 Evaluate learned policies with averaged returns 36.510060860558795 ...
[7] Finished: 53856/80000 Evaluate learned policies with averaged returns 23.46114598986094 ...
[6] Finished: 61536/80000 Evaluate learned policies with averaged returns 34.64593016474481 ...
[0] Finished: 53280/80000 Evaluate learned policies with averaged returns 36.510060860558795 ...
[10] Finished: 61344/80000 Evaluate learned policies with averaged returns 32.781799468930835 ...
[5] Finished: 52704/80000 Evaluate learned policies with averaged returns 25.32527668567492 ...
[7] Finished: 53952/80000 Evaluate learned policies with averaged returns 27.189407381488895 ...
[3] Finished: 57792/80000 Evaluate learned policies with averaged returns 34.64593016474481 ...
[0] Finished: 53376/80000 Evaluate learned policies with averaged returns 36.510060860558795 ...
[6] Finished: 61632/80000 Evaluate learned policies with averaged returns 34.64593016474481 ...
[10] Finished: 61440/80000 Evaluate learned policies with averaged returns 34.64593016474481 ...
[7] Finished: 54048/80000 Evaluate learned policies with averaged returns 25.325276685674915 ...
[5] Finished: 52800/80000 Evaluate learned policies with averaged returns 30.91766877311685 ...
[3] Finished: 57888/80000 Evaluate learned policies with averaged returns 32.781799468930835 ...
[0] Finished: 53472/80000 Evaluate learned policies with averaged returns 36.510060860558795 ...
[6] Finished: 61728/80000 Evaluate learned policies with averaged returns 34.64593016474481 ...
[10] Finished: 61536/80000 Evaluate learned policies with averaged returns 32.781799468930835 ...
[7] Finished: 54144/80000 Evaluate learned policies with averaged returns 34.64593016474481 ...
[5] Finished: 52896/80000 Evaluate learned policies with averaged returns 30.917668773116855 ...
[0] Finished: 53568/80000 Evaluate learned policies with averaged returns 36.510060860558795 ...
[6] Finished: 61824/80000 Evaluate learned policies with averaged returns 30.917668773116855 ...
[3] Finished: 57984/80000 Evaluate learned policies with averaged returns 32.781799468930835 ...
[10] Finished: 61632/80000 Evaluate learned policies with averaged returns 30.917668773116855 ...
[7] Finished: 54240/80000 Evaluate learned policies with averaged returns 30.917668773116855 ...
[5] Finished: 52992/80000 Evaluate learned policies with averaged returns 34.64593016474481 ...
[3] Finished: 58080/80000 Evaluate learned policies with averaged returns 30.917668773116855 ...
[0] Finished: 53664/80000 Evaluate learned policies with averaged returns 36.510060860558795 ...
[6] Finished: 61920/80000 Evaluate learned policies with averaged returns 32.781799468930835 ...
[10] Finished: 61728/80000 Evaluate learned policies with averaged returns 30.917668773116855 ...
[7] Finished: 54336/80000 Evaluate learned policies with averaged returns 29.053538077302882 ...
[0] Finished: 53760/80000 Evaluate learned policies with averaged returns 36.510060860558795 ...
[3] Finished: 58176/80000 Evaluate learned policies with averaged returns 29.053538077302875 ...
[5] Finished: 53088/80000 Evaluate learned policies with averaged returns 30.917668773116855 ...
[6] Finished: 62016/80000 Evaluate learned policies with averaged returns 32.78179946893083 ...
[10] Finished: 61824/80000 Evaluate learned policies with averaged returns 29.053538077302875 ...
[7] Finished: 54432/80000 Evaluate learned policies with averaged returns 30.917668773116855 ...
[5] Finished: 53184/80000 Evaluate learned policies with averaged returns 32.78179946893083 ...
[3] Finished: 58272/80000 Evaluate learned policies with averaged returns 32.781799468930835 ...
[0] Finished: 53856/80000 Evaluate learned policies with averaged returns 36.510060860558795 ...
[6] Finished: 62112/80000 Evaluate learned policies with averaged returns 36.510060860558795 ...
[10] Finished: 61920/80000 Evaluate learned policies with averaged returns 32.78179946893083 ...
[7] Finished: 54528/80000 Evaluate learned policies with averaged returns 32.781799468930835 ...
[0] Finished: 53952/80000 Evaluate learned policies with averaged returns 36.510060860558795 ...
[3] Finished: 58368/80000 Evaluate learned policies with averaged returns 29.053538077302882 ...
[5] Finished: 53280/80000 Evaluate learned policies with averaged returns 30.917668773116855 ...
[6] Finished: 62208/80000 Evaluate learned policies with averaged returns 36.510060860558795 ...
[7] Finished: 54624/80000 Evaluate learned policies with averaged returns 27.189407381488895 ...
[10] Finished: 62016/80000 Evaluate learned policies with averaged returns 30.917668773116855 ...
[3] Finished: 58464/80000 Evaluate learned policies with averaged returns 30.917668773116855 ...
[0] Finished: 54048/80000 Evaluate learned policies with averaged returns 36.510060860558795 ...
[5] Finished: 53376/80000 Evaluate learned policies with averaged returns 32.781799468930835 ...
[6] Finished: 62304/80000 Evaluate learned policies with averaged returns 36.510060860558795 ...
[7] Finished: 54720/80000 Evaluate learned policies with averaged returns 34.64593016474481 ...
[10] Finished: 62112/80000 Evaluate learned policies with averaged returns 29.053538077302875 ...
[3] Finished: 58560/80000 Evaluate learned policies with averaged returns 32.78179946893083 ...
[0] Finished: 54144/80000 Evaluate learned policies with averaged returns 36.510060860558795 ...
[5] Finished: 53472/80000 Evaluate learned policies with averaged returns 29.053538077302875 ...
[6] Finished: 62400/80000 Evaluate learned policies with averaged returns 34.64593016474481 ...
[7] Finished: 54816/80000 Evaluate learned policies with averaged returns 30.917668773116855 ...
[10] Finished: 62208/80000 Evaluate learned policies with averaged returns 32.78179946893083 ...
[0] Finished: 54240/80000 Evaluate learned policies with averaged returns 36.510060860558795 ...
[3] Finished: 58656/80000 Evaluate learned policies with averaged returns 36.510060860558795 ...
[5] Finished: 53568/80000 Evaluate learned policies with averaged returns 30.917668773116855 ...
[6] Finished: 62496/80000 Evaluate learned policies with averaged returns 34.64593016474481 ...
[7] Finished: 54912/80000 Evaluate learned policies with averaged returns 30.917668773116855 ...
[10] Finished: 62304/80000 Evaluate learned policies with averaged returns 30.91766877311685 ...
[0] Finished: 54336/80000 Evaluate learned policies with averaged returns 36.510060860558795 ...
[6] Finished: 62592/80000 Evaluate learned policies with averaged returns 36.510060860558795 ...
[3] Finished: 58752/80000 Evaluate learned policies with averaged returns 32.78179946893083 ...
[5] Finished: 53664/80000 Evaluate learned policies with averaged returns 30.917668773116855 ...
[7] Finished: 55008/80000 Evaluate learned policies with averaged returns 27.189407381488895 ...
[10] Finished: 62400/80000 Evaluate learned policies with averaged returns 32.781799468930835 ...
[0] Finished: 54432/80000 Evaluate learned policies with averaged returns 36.510060860558795 ...
[6] Finished: 62688/80000 Evaluate learned policies with averaged returns 30.917668773116855 ...
[5] Finished: 53760/80000 Evaluate learned policies with averaged returns 23.46114598986094 ...
[3] Finished: 58848/80000 Evaluate learned policies with averaged returns 32.781799468930835 ...
[7] Finished: 55104/80000 Evaluate learned policies with averaged returns 32.781799468930835 ...
[10] Finished: 62496/80000 Evaluate learned policies with averaged returns 29.053538077302882 ...
[0] Finished: 54528/80000 Evaluate learned policies with averaged returns 36.510060860558795 ...
[6] Finished: 62784/80000 Evaluate learned policies with averaged returns 32.78179946893083 ...
[3] Finished: 58944/80000 Evaluate learned policies with averaged returns 29.053538077302875 ...
[5] Finished: 53856/80000 Evaluate learned policies with averaged returns 23.46114598986094 ...
[7] Finished: 55200/80000 Evaluate learned policies with averaged returns 29.053538077302875 ...
[10] Finished: 62592/80000 Evaluate learned policies with averaged returns 30.917668773116855 ...
[0] Finished: 54624/80000 Evaluate learned policies with averaged returns 36.510060860558795 ...
[6] Finished: 62880/80000 Evaluate learned policies with averaged returns 34.64593016474481 ...
[3] Finished: 59040/80000 Evaluate learned policies with averaged returns 30.917668773116855 ...
[7] Finished: 55296/80000 Evaluate learned policies with averaged returns 36.510060860558795 ...
[5] Finished: 53952/80000 Evaluate learned policies with averaged returns 34.64593016474481 ...
[10] Finished: 62688/80000 Evaluate learned policies with averaged returns 27.189407381488895 ...
[0] Finished: 54720/80000 Evaluate learned policies with averaged returns 36.510060860558795 ...
[6] Finished: 62976/80000 Evaluate learned policies with averaged returns 30.917668773116855 ...
[3] Finished: 59136/80000 Evaluate learned policies with averaged returns 29.053538077302875 ...
[10] Finished: 62784/80000 Evaluate learned policies with averaged returns 25.325276685674915 ...
[7] Finished: 55392/80000 Evaluate learned policies with averaged returns 34.64593016474481 ...
[5] Finished: 54048/80000 Evaluate learned policies with averaged returns 36.510060860558795 ...
[0] Finished: 54816/80000 Evaluate learned policies with averaged returns 36.510060860558795 ...
[6] Finished: 63072/80000 Evaluate learned policies with averaged returns 30.917668773116855 ...
[3] Finished: 59232/80000 Evaluate learned policies with averaged returns 30.917668773116855 ...
[7] Finished: 55488/80000 Evaluate learned policies with averaged returns 30.917668773116855 ...
[10] Finished: 62880/80000 Evaluate learned policies with averaged returns 29.053538077302875 ...
[5] Finished: 54144/80000 Evaluate learned policies with averaged returns 36.510060860558795 ...
[0] Finished: 54912/80000 Evaluate learned policies with averaged returns 36.510060860558795 ...
[6] Finished: 63168/80000 Evaluate learned policies with averaged returns 30.917668773116855 ...
[3] Finished: 59328/80000 Evaluate learned policies with averaged returns 30.917668773116855 ...
[10] Finished: 62976/80000 Evaluate learned policies with averaged returns 29.053538077302882 ...
[5] Finished: 54240/80000 Evaluate learned policies with averaged returns 36.510060860558795 ...
[7] Finished: 55584/80000 Evaluate learned policies with averaged returns 34.64593016474481 ...
[0] Finished: 55008/80000 Evaluate learned policies with averaged returns 36.510060860558795 ...
[6] Finished: 63264/80000 Evaluate learned policies with averaged returns 34.64593016474481 ...
[3] Finished: 59424/80000 Evaluate learned policies with averaged returns 34.64593016474481 ...
[10] Finished: 63072/80000 Evaluate learned policies with averaged returns 32.781799468930835 ...
[7] Finished: 55680/80000 Evaluate learned policies with averaged returns 32.78179946893083 ...
[5] Finished: 54336/80000 Evaluate learned policies with averaged returns 36.510060860558795 ...
[0] Finished: 55104/80000 Evaluate learned policies with averaged returns 36.510060860558795 ...
[6] Finished: 63360/80000 Evaluate learned policies with averaged returns 34.64593016474481 ...
[3] Finished: 59520/80000 Evaluate learned policies with averaged returns 32.781799468930835 ...
[10] Finished: 63168/80000 Evaluate learned policies with averaged returns 30.917668773116855 ...
[7] Finished: 55776/80000 Evaluate learned policies with averaged returns 32.78179946893083 ...
[5] Finished: 54432/80000 Evaluate learned policies with averaged returns 32.78179946893083 ...
[0] Finished: 55200/80000 Evaluate learned policies with averaged returns 36.510060860558795 ...
[6] Finished: 63456/80000 Evaluate learned policies with averaged returns 36.510060860558795 ...
[3] Finished: 59616/80000 Evaluate learned policies with averaged returns 30.917668773116855 ...
[7] Finished: 55872/80000 Evaluate learned policies with averaged returns 34.64593016474481 ...
[5] Finished: 54528/80000 Evaluate learned policies with averaged returns 29.053538077302882 ...
[10] Finished: 63264/80000 Evaluate learned policies with averaged returns 32.78179946893083 ...
[0] Finished: 55296/80000 Evaluate learned policies with averaged returns 36.510060860558795 ...
[6] Finished: 63552/80000 Evaluate learned policies with averaged returns 34.64593016474481 ...
[3] Finished: 59712/80000 Evaluate learned policies with averaged returns 32.78179946893083 ...
[7] Finished: 55968/80000 Evaluate learned policies with averaged returns 30.917668773116855 ...
[5] Finished: 54624/80000 Evaluate learned policies with averaged returns 36.510060860558795 ...
[0] Finished: 55392/80000 Evaluate learned policies with averaged returns 36.510060860558795 ...
[10] Finished: 63360/80000 Evaluate learned policies with averaged returns 34.64593016474481 ...
[6] Finished: 63648/80000 Evaluate learned policies with averaged returns 36.510060860558795 ...
[3] Finished: 59808/80000 Evaluate learned policies with averaged returns 36.510060860558795 ...
[7] Finished: 56064/80000 Evaluate learned policies with averaged returns 29.053538077302875 ...
[5] Finished: 54720/80000 Evaluate learned policies with averaged returns 34.64593016474481 ...
[0] Finished: 55488/80000 Evaluate learned policies with averaged returns 36.510060860558795 ...
[10] Finished: 63456/80000 Evaluate learned policies with averaged returns 34.64593016474481 ...
[6] Finished: 63744/80000 Evaluate learned policies with averaged returns 34.64593016474481 ...
[7] Finished: 56160/80000 Evaluate learned policies with averaged returns 30.917668773116855 ...
[0] Finished: 55584/80000 Evaluate learned policies with averaged returns 36.510060860558795 ...
[3] Finished: 59904/80000 Evaluate learned policies with averaged returns 30.91766877311685 ...
[5] Finished: 54816/80000 Evaluate learned policies with averaged returns 29.053538077302875 ...
[10] Finished: 63552/80000 Evaluate learned policies with averaged returns 34.64593016474481 ...
[6] Finished: 63840/80000 Evaluate learned policies with averaged returns 36.510060860558795 ...
[7] Finished: 56256/80000 Evaluate learned policies with averaged returns 27.189407381488895 ...
[0] Finished: 55680/80000 Evaluate learned policies with averaged returns 36.510060860558795 ...
[3] Finished: 60000/80000 Evaluate learned policies with averaged returns 34.64593016474481 ...
[6] Finished: 63936/80000 Evaluate learned policies with averaged returns 34.64593016474481 ...
[10] Finished: 63648/80000 Evaluate learned policies with averaged returns 30.917668773116855 ...
[5] Finished: 54912/80000 Evaluate learned policies with averaged returns 30.917668773116855 ...
[7] Finished: 56352/80000 Evaluate learned policies with averaged returns 32.781799468930835 ...
[0] Finished: 55776/80000 Evaluate learned policies with averaged returns 36.510060860558795 ...
[3] Finished: 60096/80000 Evaluate learned policies with averaged returns 30.917668773116855 ...
[5] Finished: 55008/80000 Evaluate learned policies with averaged returns 32.78179946893083 ...
[10] Finished: 63744/80000 Evaluate learned policies with averaged returns 27.189407381488895 ...
[6] Finished: 64032/80000 Evaluate learned policies with averaged returns 32.78179946893083 ...
[7] Finished: 56448/80000 Evaluate learned policies with averaged returns 32.781799468930835 ...
[0] Finished: 55872/80000 Evaluate learned policies with averaged returns 36.510060860558795 ...
[3] Finished: 60192/80000 Evaluate learned policies with averaged returns 32.781799468930835 ...
[10] Finished: 63840/80000 Evaluate learned policies with averaged returns 30.917668773116855 ...
[6] Finished: 64128/80000 Evaluate learned policies with averaged returns 30.917668773116855 ...
[5] Finished: 55104/80000 Evaluate learned policies with averaged returns 27.1894073814889 ...
[7] Finished: 56544/80000 Evaluate learned policies with averaged returns 29.053538077302875 ...
[0] Finished: 55968/80000 Evaluate learned policies with averaged returns 36.510060860558795 ...
[3] Finished: 60288/80000 Evaluate learned policies with averaged returns 36.510060860558795 ...
[5] Finished: 55200/80000 Evaluate learned policies with averaged returns 32.781799468930835 ...
[6] Finished: 64224/80000 Evaluate learned policies with averaged returns 34.64593016474481 ...
[10] Finished: 63936/80000 Evaluate learned policies with averaged returns 34.64593016474481 ...
[7] Finished: 56640/80000 Evaluate learned policies with averaged returns 34.64593016474481 ...
[0] Finished: 56064/80000 Evaluate learned policies with averaged returns 36.510060860558795 ...
[3] Finished: 60384/80000 Evaluate learned policies with averaged returns 34.64593016474481 ...
[6] Finished: 64320/80000 Evaluate learned policies with averaged returns 34.64593016474481 ...
[5] Finished: 55296/80000 Evaluate learned policies with averaged returns 30.917668773116855 ...
[10] Finished: 64032/80000 Evaluate learned policies with averaged returns 32.781799468930835 ...
[7] Finished: 56736/80000 Evaluate learned policies with averaged returns 29.053538077302875 ...
[0] Finished: 56160/80000 Evaluate learned policies with averaged returns 36.510060860558795 ...
[3] Finished: 60480/80000 Evaluate learned policies with averaged returns 36.510060860558795 ...
[5] Finished: 55392/80000 Evaluate learned policies with averaged returns 29.053538077302875 ...
[6] Finished: 64416/80000 Evaluate learned policies with averaged returns 34.64593016474481 ...
[10] Finished: 64128/80000 Evaluate learned policies with averaged returns 29.053538077302875 ...
[7] Finished: 56832/80000 Evaluate learned policies with averaged returns 29.053538077302882 ...
[0] Finished: 56256/80000 Evaluate learned policies with averaged returns 36.510060860558795 ...
[3] Finished: 60576/80000 Evaluate learned policies with averaged returns 34.64593016474481 ...
[6] Finished: 64512/80000 Evaluate learned policies with averaged returns 34.64593016474481 ...
[10] Finished: 64224/80000 Evaluate learned policies with averaged returns 27.1894073814889 ...
[7] Finished: 56928/80000 Evaluate learned policies with averaged returns 34.64593016474481 ...
[5] Finished: 55488/80000 Evaluate learned policies with averaged returns 36.510060860558795 ...
[0] Finished: 56352/80000 Evaluate learned policies with averaged returns 36.510060860558795 ...
[3] Finished: 60672/80000 Evaluate learned policies with averaged returns 36.510060860558795 ...
[6] Finished: 64608/80000 Evaluate learned policies with averaged returns 30.917668773116855 ...
[7] Finished: 57024/80000 Evaluate learned policies with averaged returns 29.053538077302875 ...
[10] Finished: 64320/80000 Evaluate learned policies with averaged returns 34.64593016474481 ...
[5] Finished: 55584/80000 Evaluate learned policies with averaged returns 27.1894073814889 ...
[0] Finished: 56448/80000 Evaluate learned policies with averaged returns 36.510060860558795 ...
[3] Finished: 60768/80000 Evaluate learned policies with averaged returns 32.78179946893083 ...
[6] Finished: 64704/80000 Evaluate learned policies with averaged returns 34.64593016474481 ...
[7] Finished: 57120/80000 Evaluate learned policies with averaged returns 29.053538077302875 ...
[10] Finished: 64416/80000 Evaluate learned policies with averaged returns 36.510060860558795 ...
[5] Finished: 55680/80000 Evaluate learned policies with averaged returns 30.917668773116855 ...
[0] Finished: 56544/80000 Evaluate learned policies with averaged returns 36.510060860558795 ...
[3] Finished: 60864/80000 Evaluate learned policies with averaged returns 34.64593016474481 ...
[6] Finished: 64800/80000 Evaluate learned policies with averaged returns 36.510060860558795 ...
[7] Finished: 57216/80000 Evaluate learned policies with averaged returns 30.917668773116855 ...
[5] Finished: 55776/80000 Evaluate learned policies with averaged returns 30.917668773116855 ...
[10] Finished: 64512/80000 Evaluate learned policies with averaged returns 27.189407381488895 ...
[0] Finished: 56640/80000 Evaluate learned policies with averaged returns 36.510060860558795 ...
[3] Finished: 60960/80000 Evaluate learned policies with averaged returns 34.64593016474481 ...
[7] Finished: 57312/80000 Evaluate learned policies with averaged returns 30.917668773116855 ...
[6] Finished: 64896/80000 Evaluate learned policies with averaged returns 36.510060860558795 ...
[5] Finished: 55872/80000 Evaluate learned policies with averaged returns 27.1894073814889 ...
[10] Finished: 64608/80000 Evaluate learned policies with averaged returns 29.053538077302875 ...
[0] Finished: 56736/80000 Evaluate learned policies with averaged returns 36.510060860558795 ...
[3] Finished: 61056/80000 Evaluate learned policies with averaged returns 36.510060860558795 ...
[7] Finished: 57408/80000 Evaluate learned policies with averaged returns 34.64593016474481 ...
[6] Finished: 64992/80000 Evaluate learned policies with averaged returns 36.510060860558795 ...
[5] Finished: 55968/80000 Evaluate learned policies with averaged returns 34.64593016474481 ...
[0] Finished: 56832/80000 Evaluate learned policies with averaged returns 36.510060860558795 ...
[10] Finished: 64704/80000 Evaluate learned policies with averaged returns 34.64593016474481 ...
[3] Finished: 61152/80000 Evaluate learned policies with averaged returns 32.781799468930835 ...
[7] Finished: 57504/80000 Evaluate learned policies with averaged returns 29.053538077302875 ...
[5] Finished: 56064/80000 Evaluate learned policies with averaged returns 23.46114598986094 ...
[6] Finished: 65088/80000 Evaluate learned policies with averaged returns 32.78179946893083 ...
[0] Finished: 56928/80000 Evaluate learned policies with averaged returns 36.510060860558795 ...
[10] Finished: 64800/80000 Evaluate learned policies with averaged returns 29.053538077302875 ...
[7] Finished: 57600/80000 Evaluate learned policies with averaged returns 34.64593016474481 ...
[3] Finished: 61248/80000 Evaluate learned policies with averaged returns 34.64593016474481 ...
[5] Finished: 56160/80000 Evaluate learned policies with averaged returns 32.78179946893083 ...
[6] Finished: 65184/80000 Evaluate learned policies with averaged returns 34.64593016474481 ...
[0] Finished: 57024/80000 Evaluate learned policies with averaged returns 36.510060860558795 ...
[10] Finished: 64896/80000 Evaluate learned policies with averaged returns 32.781799468930835 ...
[7] Finished: 57696/80000 Evaluate learned policies with averaged returns 30.917668773116855 ...
[5] Finished: 56256/80000 Evaluate learned policies with averaged returns 29.053538077302875 ...
[6] Finished: 65280/80000 Evaluate learned policies with averaged returns 34.64593016474481 ...
[3] Finished: 61344/80000 Evaluate learned policies with averaged returns 36.510060860558795 ...
[0] Finished: 57120/80000 Evaluate learned policies with averaged returns 36.510060860558795 ...
[10] Finished: 64992/80000 Evaluate learned policies with averaged returns 32.781799468930835 ...
[7] Finished: 57792/80000 Evaluate learned policies with averaged returns 29.053538077302875 ...
[5] Finished: 56352/80000 Evaluate learned policies with averaged returns 30.91766877311685 ...
[0] Finished: 57216/80000 Evaluate learned policies with averaged returns 36.510060860558795 ...
[6] Finished: 65376/80000 Evaluate learned policies with averaged returns 30.917668773116855 ...
[3] Finished: 61440/80000 Evaluate learned policies with averaged returns 36.510060860558795 ...
[10] Finished: 65088/80000 Evaluate learned policies with averaged returns 32.781799468930835 ...
[7] Finished: 57888/80000 Evaluate learned policies with averaged returns 25.32527668567492 ...
[0] Finished: 57312/80000 Evaluate learned policies with averaged returns 36.510060860558795 ...
[5] Finished: 56448/80000 Evaluate learned policies with averaged returns 29.053538077302875 ...
[6] Finished: 65472/80000 Evaluate learned policies with averaged returns 34.64593016474481 ...
[3] Finished: 61536/80000 Evaluate learned policies with averaged returns 34.64593016474481 ...
[10] Finished: 65184/80000 Evaluate learned policies with averaged returns 34.64593016474481 ...
[7] Finished: 57984/80000 Evaluate learned policies with averaged returns 29.053538077302875 ...
[0] Finished: 57408/80000 Evaluate learned policies with averaged returns 36.510060860558795 ...
[6] Finished: 65568/80000 Evaluate learned policies with averaged returns 32.781799468930835 ...
[5] Finished: 56544/80000 Evaluate learned policies with averaged returns 29.053538077302882 ...
[3] Finished: 61632/80000 Evaluate learned policies with averaged returns 32.781799468930835 ...
[10] Finished: 65280/80000 Evaluate learned policies with averaged returns 23.46114598986093 ...
[7] Finished: 58080/80000 Evaluate learned policies with averaged returns 32.781799468930835 ...
[0] Finished: 57504/80000 Evaluate learned policies with averaged returns 36.510060860558795 ...
[6] Finished: 65664/80000 Evaluate learned policies with averaged returns 34.64593016474481 ...
[5] Finished: 56640/80000 Evaluate learned policies with averaged returns 25.325276685674915 ...
[3] Finished: 61728/80000 Evaluate learned policies with averaged returns 30.917668773116855 ...
[7] Finished: 58176/80000 Evaluate learned policies with averaged returns 30.917668773116855 ...
[10] Finished: 65376/80000 Evaluate learned policies with averaged returns 29.053538077302882 ...
[0] Finished: 57600/80000 Evaluate learned policies with averaged returns 36.510060860558795 ...
[6] Finished: 65760/80000 Evaluate learned policies with averaged returns 32.781799468930835 ...
[5] Finished: 56736/80000 Evaluate learned policies with averaged returns 30.917668773116855 ...
[3] Finished: 61824/80000 Evaluate learned policies with averaged returns 32.781799468930835 ...
[7] Finished: 58272/80000 Evaluate learned policies with averaged returns 29.053538077302875 ...
[10] Finished: 65472/80000 Evaluate learned policies with averaged returns 29.053538077302875 ...
[0] Finished: 57696/80000 Evaluate learned policies with averaged returns 36.510060860558795 ...
[6] Finished: 65856/80000 Evaluate learned policies with averaged returns 32.78179946893083 ...
[5] Finished: 56832/80000 Evaluate learned policies with averaged returns 30.91766877311685 ...
[3] Finished: 61920/80000 Evaluate learned policies with averaged returns 32.78179946893083 ...
[7] Finished: 58368/80000 Evaluate learned policies with averaged returns 30.917668773116855 ...
[10] Finished: 65568/80000 Evaluate learned policies with averaged returns 32.781799468930835 ...
[0] Finished: 57792/80000 Evaluate learned policies with averaged returns 36.510060860558795 ...
[6] Finished: 65952/80000 Evaluate learned policies with averaged returns 29.053538077302875 ...
[3] Finished: 62016/80000 Evaluate learned policies with averaged returns 34.64593016474481 ...
[5] Finished: 56928/80000 Evaluate learned policies with averaged returns 34.64593016474481 ...
[7] Finished: 58464/80000 Evaluate learned policies with averaged returns 34.64593016474481 ...
[10] Finished: 65664/80000 Evaluate learned policies with averaged returns 29.053538077302882 ...
[0] Finished: 57888/80000 Evaluate learned policies with averaged returns 36.510060860558795 ...
[6] Finished: 66048/80000 Evaluate learned policies with averaged returns 36.510060860558795 ...
[3] Finished: 62112/80000 Evaluate learned policies with averaged returns 34.64593016474481 ...
[5] Finished: 57024/80000 Evaluate learned policies with averaged returns 30.917668773116855 ...
[7] Finished: 58560/80000 Evaluate learned policies with averaged returns 30.917668773116855 ...
[10] Finished: 65760/80000 Evaluate learned policies with averaged returns 29.053538077302875 ...
[0] Finished: 57984/80000 Evaluate learned policies with averaged returns 36.510060860558795 ...
[6] Finished: 66144/80000 Evaluate learned policies with averaged returns 30.917668773116855 ...
[3] Finished: 62208/80000 Evaluate learned policies with averaged returns 34.64593016474481 ...
[5] Finished: 57120/80000 Evaluate learned policies with averaged returns 27.189407381488895 ...
[7] Finished: 58656/80000 Evaluate learned policies with averaged returns 29.053538077302875 ...
[10] Finished: 65856/80000 Evaluate learned policies with averaged returns 25.32527668567492 ...
[0] Finished: 58080/80000 Evaluate learned policies with averaged returns 36.510060860558795 ...
[6] Finished: 66240/80000 Evaluate learned policies with averaged returns 32.781799468930835 ...
[3] Finished: 62304/80000 Evaluate learned policies with averaged returns 32.781799468930835 ...
[5] Finished: 57216/80000 Evaluate learned policies with averaged returns 30.917668773116855 ...
[10] Finished: 65952/80000 Evaluate learned policies with averaged returns 30.917668773116855 ...
[0] Finished: 58176/80000 Evaluate learned policies with averaged returns 36.510060860558795 ...
[7] Finished: 58752/80000 Evaluate learned policies with averaged returns 36.510060860558795 ...
[6] Finished: 66336/80000 Evaluate learned policies with averaged returns 34.64593016474481 ...
[3] Finished: 62400/80000 Evaluate learned policies with averaged returns 36.510060860558795 ...
[5] Finished: 57312/80000 Evaluate learned policies with averaged returns 30.917668773116855 ...
[0] Finished: 58272/80000 Evaluate learned policies with averaged returns 36.510060860558795 ...
[10] Finished: 66048/80000 Evaluate learned policies with averaged returns 29.053538077302875 ...
[7] Finished: 58848/80000 Evaluate learned policies with averaged returns 30.917668773116855 ...
[6] Finished: 66432/80000 Evaluate learned policies with averaged returns 27.1894073814889 ...
[3] Finished: 62496/80000 Evaluate learned policies with averaged returns 36.510060860558795 ...
[5] Finished: 57408/80000 Evaluate learned policies with averaged returns 34.64593016474481 ...
[0] Finished: 58368/80000 Evaluate learned policies with averaged returns 36.510060860558795 ...
[10] Finished: 66144/80000 Evaluate learned policies with averaged returns 29.053538077302875 ...
[7] Finished: 58944/80000 Evaluate learned policies with averaged returns 34.64593016474481 ...
[6] Finished: 66528/80000 Evaluate learned policies with averaged returns 32.78179946893083 ...
[3] Finished: 62592/80000 Evaluate learned policies with averaged returns 36.510060860558795 ...
[5] Finished: 57504/80000 Evaluate learned policies with averaged returns 27.1894073814889 ...
[0] Finished: 58464/80000 Evaluate learned policies with averaged returns 36.510060860558795 ...
[7] Finished: 59040/80000 Evaluate learned policies with averaged returns 25.325276685674915 ...
[10] Finished: 66240/80000 Evaluate learned policies with averaged returns 34.64593016474481 ...
[6] Finished: 66624/80000 Evaluate learned policies with averaged returns 32.781799468930835 ...
[3] Finished: 62688/80000 Evaluate learned policies with averaged returns 36.510060860558795 ...
[5] Finished: 57600/80000 Evaluate learned policies with averaged returns 30.917668773116855 ...
[0] Finished: 58560/80000 Evaluate learned policies with averaged returns 36.510060860558795 ...
[10] Finished: 66336/80000 Evaluate learned policies with averaged returns 32.781799468930835 ...
[7] Finished: 59136/80000 Evaluate learned policies with averaged returns 27.1894073814889 ...
[6] Finished: 66720/80000 Evaluate learned policies with averaged returns 34.64593016474481 ...
[3] Finished: 62784/80000 Evaluate learned policies with averaged returns 36.510060860558795 ...
[5] Finished: 57696/80000 Evaluate learned policies with averaged returns 34.64593016474481 ...
[0] Finished: 58656/80000 Evaluate learned policies with averaged returns 36.510060860558795 ...
[10] Finished: 66432/80000 Evaluate learned policies with averaged returns 32.78179946893083 ...
[6] Finished: 66816/80000 Evaluate learned policies with averaged returns 30.917668773116855 ...
[7] Finished: 59232/80000 Evaluate learned policies with averaged returns 34.64593016474481 ...
[3] Finished: 62880/80000 Evaluate learned policies with averaged returns 34.64593016474481 ...
[5] Finished: 57792/80000 Evaluate learned policies with averaged returns 30.917668773116855 ...
[0] Finished: 58752/80000 Evaluate learned policies with averaged returns 36.510060860558795 ...
[10] Finished: 66528/80000 Evaluate learned policies with averaged returns 27.189407381488895 ...
[6] Finished: 66912/80000 Evaluate learned policies with averaged returns 27.189407381488895 ...
[7] Finished: 59328/80000 Evaluate learned policies with averaged returns 32.781799468930835 ...
[3] Finished: 62976/80000 Evaluate learned policies with averaged returns 34.64593016474481 ...
[5] Finished: 57888/80000 Evaluate learned policies with averaged returns 27.189407381488895 ...
[0] Finished: 58848/80000 Evaluate learned policies with averaged returns 36.510060860558795 ...
[10] Finished: 66624/80000 Evaluate learned policies with averaged returns 30.917668773116855 ...
[6] Finished: 67008/80000 Evaluate learned policies with averaged returns 32.781799468930835 ...
[7] Finished: 59424/80000 Evaluate learned policies with averaged returns 36.510060860558795 ...
[3] Finished: 63072/80000 Evaluate learned policies with averaged returns 32.781799468930835 ...
[5] Finished: 57984/80000 Evaluate learned policies with averaged returns 29.053538077302875 ...
[0] Finished: 58944/80000 Evaluate learned policies with averaged returns 36.510060860558795 ...
[10] Finished: 66720/80000 Evaluate learned policies with averaged returns 32.78179946893083 ...
[6] Finished: 67104/80000 Evaluate learned policies with averaged returns 30.917668773116855 ...
[3] Finished: 63168/80000 Evaluate learned policies with averaged returns 36.510060860558795 ...
[7] Finished: 59520/80000 Evaluate learned policies with averaged returns 32.781799468930835 ...
[5] Finished: 58080/80000 Evaluate learned policies with averaged returns 21.597015294046958 ...
[0] Finished: 59040/80000 Evaluate learned policies with averaged returns 36.510060860558795 ...
[6] Finished: 67200/80000 Evaluate learned policies with averaged returns 32.78179946893083 ...
[10] Finished: 66816/80000 Evaluate learned policies with averaged returns 29.053538077302882 ...
[3] Finished: 63264/80000 Evaluate learned policies with averaged returns 36.510060860558795 ...
[5] Finished: 58176/80000 Evaluate learned policies with averaged returns 30.917668773116855 ...
[7] Finished: 59616/80000 Evaluate learned policies with averaged returns 27.1894073814889 ...
[0] Finished: 59136/80000 Evaluate learned policies with averaged returns 36.510060860558795 ...
[6] Finished: 67296/80000 Evaluate learned policies with averaged returns 27.189407381488895 ...
[10] Finished: 66912/80000 Evaluate learned policies with averaged returns 29.053538077302882 ...
[5] Finished: 58272/80000 Evaluate learned policies with averaged returns 25.325276685674915 ...
[3] Finished: 63360/80000 Evaluate learned policies with averaged returns 34.64593016474481 ...
[7] Finished: 59712/80000 Evaluate learned policies with averaged returns 30.917668773116855 ...
[0] Finished: 59232/80000 Evaluate learned policies with averaged returns 36.510060860558795 ...
[6] Finished: 67392/80000 Evaluate learned policies with averaged returns 32.78179946893083 ...
[10] Finished: 67008/80000 Evaluate learned policies with averaged returns 32.781799468930835 ...
[3] Finished: 63456/80000 Evaluate learned policies with averaged returns 34.64593016474481 ...
[7] Finished: 59808/80000 Evaluate learned policies with averaged returns 30.91766877311685 ...
[5] Finished: 58368/80000 Evaluate learned policies with averaged returns 29.053538077302875 ...
[0] Finished: 59328/80000 Evaluate learned policies with averaged returns 36.510060860558795 ...
[6] Finished: 67488/80000 Evaluate learned policies with averaged returns 30.917668773116855 ...
[10] Finished: 67104/80000 Evaluate learned policies with averaged returns 30.917668773116855 ...
[3] Finished: 63552/80000 Evaluate learned policies with averaged returns 30.917668773116855 ...
[7] Finished: 59904/80000 Evaluate learned policies with averaged returns 32.781799468930835 ...
[5] Finished: 58464/80000 Evaluate learned policies with averaged returns 32.781799468930835 ...
[0] Finished: 59424/80000 Evaluate learned policies with averaged returns 36.510060860558795 ...
[6] Finished: 67584/80000 Evaluate learned policies with averaged returns 30.917668773116855 ...
[10] Finished: 67200/80000 Evaluate learned policies with averaged returns 36.510060860558795 ...
[3] Finished: 63648/80000 Evaluate learned policies with averaged returns 32.78179946893083 ...
[7] Finished: 60000/80000 Evaluate learned policies with averaged returns 27.189407381488895 ...
[0] Finished: 59520/80000 Evaluate learned policies with averaged returns 36.510060860558795 ...
[5] Finished: 58560/80000 Evaluate learned policies with averaged returns 32.78179946893083 ...
[10] Finished: 67296/80000 Evaluate learned policies with averaged returns 34.64593016474481 ...
[6] Finished: 67680/80000 Evaluate learned policies with averaged returns 32.781799468930835 ...
[3] Finished: 63744/80000 Evaluate learned policies with averaged returns 32.78179946893083 ...
[7] Finished: 60096/80000 Evaluate learned policies with averaged returns 30.917668773116855 ...
[0] Finished: 59616/80000 Evaluate learned policies with averaged returns 36.510060860558795 ...
[5] Finished: 58656/80000 Evaluate learned policies with averaged returns 36.510060860558795 ...
[6] Finished: 67776/80000 Evaluate learned policies with averaged returns 34.64593016474481 ...
[10] Finished: 67392/80000 Evaluate learned policies with averaged returns 34.64593016474481 ...
[3] Finished: 63840/80000 Evaluate learned policies with averaged returns 32.781799468930835 ...
[7] Finished: 60192/80000 Evaluate learned policies with averaged returns 32.781799468930835 ...
[0] Finished: 59712/80000 Evaluate learned policies with averaged returns 36.510060860558795 ...
[5] Finished: 58752/80000 Evaluate learned policies with averaged returns 30.91766877311685 ...
[6] Finished: 67872/80000 Evaluate learned policies with averaged returns 36.510060860558795 ...
[3] Finished: 63936/80000 Evaluate learned policies with averaged returns 36.510060860558795 ...
[7] Finished: 60288/80000 Evaluate learned policies with averaged returns 32.781799468930835 ...
[10] Finished: 67488/80000 Evaluate learned policies with averaged returns 34.64593016474481 ...
[5] Finished: 58848/80000 Evaluate learned policies with averaged returns 32.781799468930835 ...
[0] Finished: 59808/80000 Evaluate learned policies with averaged returns 36.510060860558795 ...
[6] Finished: 67968/80000 Evaluate learned policies with averaged returns 25.32527668567492 ...
[3] Finished: 64032/80000 Evaluate learned policies with averaged returns 34.64593016474481 ...
[7] Finished: 60384/80000 Evaluate learned policies with averaged returns 30.917668773116855 ...
[10] Finished: 67584/80000 Evaluate learned policies with averaged returns 29.053538077302882 ...
[0] Finished: 59904/80000 Evaluate learned policies with averaged returns 36.510060860558795 ...
[5] Finished: 58944/80000 Evaluate learned policies with averaged returns 34.64593016474481 ...
[6] Finished: 68064/80000 Evaluate learned policies with averaged returns 30.917668773116855 ...
[3] Finished: 64128/80000 Evaluate learned policies with averaged returns 34.64593016474481 ...
[7] Finished: 60480/80000 Evaluate learned policies with averaged returns 30.917668773116855 ...
[10] Finished: 67680/80000 Evaluate learned policies with averaged returns 29.053538077302882 ...
[0] Finished: 60000/80000 Evaluate learned policies with averaged returns 36.510060860558795 ...
[5] Finished: 59040/80000 Evaluate learned policies with averaged returns 34.64593016474481 ...
[3] Finished: 64224/80000 Evaluate learned policies with averaged returns 34.64593016474481 ...
[6] Finished: 68160/80000 Evaluate learned policies with averaged returns 34.64593016474481 ...
[7] Finished: 60576/80000 Evaluate learned policies with averaged returns 34.64593016474481 ...
[10] Finished: 67776/80000 Evaluate learned policies with averaged returns 32.78179946893083 ...
[0] Finished: 60096/80000 Evaluate learned policies with averaged returns 36.510060860558795 ...
[5] Finished: 59136/80000 Evaluate learned policies with averaged returns 34.64593016474481 ...
[3] Finished: 64320/80000 Evaluate learned policies with averaged returns 32.781799468930835 ...
[6] Finished: 68256/80000 Evaluate learned policies with averaged returns 34.64593016474481 ...
[10] Finished: 67872/80000 Evaluate learned policies with averaged returns 32.78179946893083 ...
[7] Finished: 60672/80000 Evaluate learned policies with averaged returns 30.917668773116855 ...
[5] Finished: 59232/80000 Evaluate learned policies with averaged returns 29.053538077302875 ...
[0] Finished: 60192/80000 Evaluate learned policies with averaged returns 36.510060860558795 ...
[3] Finished: 64416/80000 Evaluate learned policies with averaged returns 36.510060860558795 ...
[6] Finished: 68352/80000 Evaluate learned policies with averaged returns 32.781799468930835 ...
[10] Finished: 67968/80000 Evaluate learned policies with averaged returns 27.1894073814889 ...
[7] Finished: 60768/80000 Evaluate learned policies with averaged returns 30.917668773116855 ...
[0] Finished: 60288/80000 Evaluate learned policies with averaged returns 36.510060860558795 ...
[3] Finished: 64512/80000 Evaluate learned policies with averaged returns 34.64593016474481 ...
[5] Finished: 59328/80000 Evaluate learned policies with averaged returns 30.917668773116855 ...
[6] Finished: 68448/80000 Evaluate learned policies with averaged returns 34.64593016474481 ...
[7] Finished: 60864/80000 Evaluate learned policies with averaged returns 27.1894073814889 ...
[10] Finished: 68064/80000 Evaluate learned policies with averaged returns 29.053538077302882 ...
[3] Finished: 64608/80000 Evaluate learned policies with averaged returns 34.64593016474481 ...
[0] Finished: 60384/80000 Evaluate learned policies with averaged returns 36.510060860558795 ...
[5] Finished: 59424/80000 Evaluate learned policies with averaged returns 32.78179946893083 ...
[6] Finished: 68544/80000 Evaluate learned policies with averaged returns 32.781799468930835 ...
[7] Finished: 60960/80000 Evaluate learned policies with averaged returns 36.510060860558795 ...
[10] Finished: 68160/80000 Evaluate learned policies with averaged returns 27.189407381488895 ...
[3] Finished: 64704/80000 Evaluate learned policies with averaged returns 29.053538077302875 ...
[0] Finished: 60480/80000 Evaluate learned policies with averaged returns 36.510060860558795 ...
[5] Finished: 59520/80000 Evaluate learned policies with averaged returns 34.64593016474481 ...
[6] Finished: 68640/80000 Evaluate learned policies with averaged returns 32.781799468930835 ...
[7] Finished: 61056/80000 Evaluate learned policies with averaged returns 34.64593016474481 ...
[10] Finished: 68256/80000 Evaluate learned policies with averaged returns 30.917668773116855 ...
[3] Finished: 64800/80000 Evaluate learned policies with averaged returns 36.510060860558795 ...
[0] Finished: 60576/80000 Evaluate learned policies with averaged returns 36.510060860558795 ...
[5] Finished: 59616/80000 Evaluate learned policies with averaged returns 34.64593016474481 ...
[6] Finished: 68736/80000 Evaluate learned policies with averaged returns 30.917668773116855 ...
[7] Finished: 61152/80000 Evaluate learned policies with averaged returns 30.917668773116855 ...
[10] Finished: 68352/80000 Evaluate learned policies with averaged returns 30.917668773116855 ...
[0] Finished: 60672/80000 Evaluate learned policies with averaged returns 36.510060860558795 ...
[3] Finished: 64896/80000 Evaluate learned policies with averaged returns 36.510060860558795 ...
[5] Finished: 59712/80000 Evaluate learned policies with averaged returns 30.91766877311685 ...
[6] Finished: 68832/80000 Evaluate learned policies with averaged returns 29.053538077302882 ...
[7] Finished: 61248/80000 Evaluate learned policies with averaged returns 27.189407381488895 ...
[10] Finished: 68448/80000 Evaluate learned policies with averaged returns 32.781799468930835 ...
[0] Finished: 60768/80000 Evaluate learned policies with averaged returns 36.510060860558795 ...
[3] Finished: 64992/80000 Evaluate learned policies with averaged returns 34.64593016474481 ...
[6] Finished: 68928/80000 Evaluate learned policies with averaged returns 32.78179946893083 ...
[5] Finished: 59808/80000 Evaluate learned policies with averaged returns 34.64593016474481 ...
[7] Finished: 61344/80000 Evaluate learned policies with averaged returns 30.917668773116855 ...
[10] Finished: 68544/80000 Evaluate learned policies with averaged returns 32.781799468930835 ...
[0] Finished: 60864/80000 Evaluate learned policies with averaged returns 36.510060860558795 ...
[3] Finished: 65088/80000 Evaluate learned policies with averaged returns 29.053538077302882 ...
[6] Finished: 69024/80000 Evaluate learned policies with averaged returns 32.781799468930835 ...
[5] Finished: 59904/80000 Evaluate learned policies with averaged returns 30.917668773116855 ...
[7] Finished: 61440/80000 Evaluate learned policies with averaged returns 34.64593016474481 ...
[10] Finished: 68640/80000 Evaluate learned policies with averaged returns 32.78179946893083 ...
[0] Finished: 60960/80000 Evaluate learned policies with averaged returns 36.510060860558795 ...
[3] Finished: 65184/80000 Evaluate learned policies with averaged returns 34.64593016474481 ...
[6] Finished: 69120/80000 Evaluate learned policies with averaged returns 32.781799468930835 ...
[5] Finished: 60000/80000 Evaluate learned policies with averaged returns 34.64593016474481 ...
[7] Finished: 61536/80000 Evaluate learned policies with averaged returns 29.053538077302882 ...
[0] Finished: 61056/80000 Evaluate learned policies with averaged returns 36.510060860558795 ...
[10] Finished: 68736/80000 Evaluate learned policies with averaged returns 34.64593016474481 ...
[3] Finished: 65280/80000 Evaluate learned policies with averaged returns 30.917668773116855 ...
[6] Finished: 69216/80000 Evaluate learned policies with averaged returns 30.917668773116855 ...
[5] Finished: 60096/80000 Evaluate learned policies with averaged returns 36.510060860558795 ...
[7] Finished: 61632/80000 Evaluate learned policies with averaged returns 32.781799468930835 ...
[0] Finished: 61152/80000 Evaluate learned policies with averaged returns 36.510060860558795 ...
[10] Finished: 68832/80000 Evaluate learned policies with averaged returns 36.510060860558795 ...
[3] Finished: 65376/80000 Evaluate learned policies with averaged returns 30.917668773116855 ...
[5] Finished: 60192/80000 Evaluate learned policies with averaged returns 29.053538077302882 ...
[6] Finished: 69312/80000 Evaluate learned policies with averaged returns 34.64593016474481 ...
[7] Finished: 61728/80000 Evaluate learned policies with averaged returns 29.053538077302875 ...
[0] Finished: 61248/80000 Evaluate learned policies with averaged returns 36.510060860558795 ...
[10] Finished: 68928/80000 Evaluate learned policies with averaged returns 29.053538077302882 ...
[3] Finished: 65472/80000 Evaluate learned policies with averaged returns 30.917668773116855 ...
[5] Finished: 60288/80000 Evaluate learned policies with averaged returns 30.91766877311685 ...
[6] Finished: 69408/80000 Evaluate learned policies with averaged returns 32.781799468930835 ...
[7] Finished: 61824/80000 Evaluate learned policies with averaged returns 34.64593016474481 ...
[0] Finished: 61344/80000 Evaluate learned policies with averaged returns 36.510060860558795 ...
[3] Finished: 65568/80000 Evaluate learned policies with averaged returns 32.781799468930835 ...
[10] Finished: 69024/80000 Evaluate learned policies with averaged returns 34.64593016474481 ...
[6] Finished: 69504/80000 Evaluate learned policies with averaged returns 29.053538077302875 ...
[5] Finished: 60384/80000 Evaluate learned policies with averaged returns 36.510060860558795 ...
[7] Finished: 61920/80000 Evaluate learned policies with averaged returns 32.781799468930835 ...
[0] Finished: 61440/80000 Evaluate learned policies with averaged returns 36.510060860558795 ...
[3] Finished: 65664/80000 Evaluate learned policies with averaged returns 27.1894073814889 ...
[10] Finished: 69120/80000 Evaluate learned policies with averaged returns 29.053538077302875 ...
[5] Finished: 60480/80000 Evaluate learned policies with averaged returns 30.917668773116855 ...
[6] Finished: 69600/80000 Evaluate learned policies with averaged returns 27.1894073814889 ...
[0] Finished: 61536/80000 Evaluate learned policies with averaged returns 36.510060860558795 ...
[7] Finished: 62016/80000 Evaluate learned policies with averaged returns 30.917668773116855 ...
[3] Finished: 65760/80000 Evaluate learned policies with averaged returns 29.053538077302875 ...
[10] Finished: 69216/80000 Evaluate learned policies with averaged returns 29.053538077302875 ...
[5] Finished: 60576/80000 Evaluate learned policies with averaged returns 34.64593016474481 ...
[6] Finished: 69696/80000 Evaluate learned policies with averaged returns 30.917668773116855 ...
[7] Finished: 62112/80000 Evaluate learned policies with averaged returns 34.64593016474481 ...
[0] Finished: 61632/80000 Evaluate learned policies with averaged returns 36.510060860558795 ...
[3] Finished: 65856/80000 Evaluate learned policies with averaged returns 30.917668773116855 ...
[10] Finished: 69312/80000 Evaluate learned policies with averaged returns 25.32527668567492 ...
[5] Finished: 60672/80000 Evaluate learned policies with averaged returns 30.917668773116855 ...
[6] Finished: 69792/80000 Evaluate learned policies with averaged returns 29.053538077302882 ...
[0] Finished: 61728/80000 Evaluate learned policies with averaged returns 36.510060860558795 ...
[7] Finished: 62208/80000 Evaluate learned policies with averaged returns 30.917668773116855 ...
[3] Finished: 65952/80000 Evaluate learned policies with averaged returns 36.510060860558795 ...
[10] Finished: 69408/80000 Evaluate learned policies with averaged returns 30.917668773116855 ...
[5] Finished: 60768/80000 Evaluate learned policies with averaged returns 34.64593016474481 ...
[6] Finished: 69888/80000 Evaluate learned policies with averaged returns 30.917668773116855 ...
[0] Finished: 61824/80000 Evaluate learned policies with averaged returns 36.510060860558795 ...
[7] Finished: 62304/80000 Evaluate learned policies with averaged returns 25.32527668567492 ...
[3] Finished: 66048/80000 Evaluate learned policies with averaged returns 27.1894073814889 ...
[5] Finished: 60864/80000 Evaluate learned policies with averaged returns 34.64593016474481 ...
[6] Finished: 69984/80000 Evaluate learned policies with averaged returns 29.053538077302882 ...
[10] Finished: 69504/80000 Evaluate learned policies with averaged returns 30.917668773116855 ...
[0] Finished: 61920/80000 Evaluate learned policies with averaged returns 36.510060860558795 ...
[7] Finished: 62400/80000 Evaluate learned policies with averaged returns 27.189407381488895 ...
[3] Finished: 66144/80000 Evaluate learned policies with averaged returns 34.64593016474481 ...
[5] Finished: 60960/80000 Evaluate learned policies with averaged returns 36.510060860558795 ...
[10] Finished: 69600/80000 Evaluate learned policies with averaged returns 34.64593016474481 ...
[6] Finished: 70080/80000 Evaluate learned policies with averaged returns 32.781799468930835 ...
[0] Finished: 62016/80000 Evaluate learned policies with averaged returns 36.510060860558795 ...
[7] Finished: 62496/80000 Evaluate learned policies with averaged returns 32.781799468930835 ...
[3] Finished: 66240/80000 Evaluate learned policies with averaged returns 32.78179946893083 ...
[5] Finished: 61056/80000 Evaluate learned policies with averaged returns 34.64593016474481 ...
[6] Finished: 70176/80000 Evaluate learned policies with averaged returns 32.78179946893083 ...
[10] Finished: 69696/80000 Evaluate learned policies with averaged returns 27.1894073814889 ...
[0] Finished: 62112/80000 Evaluate learned policies with averaged returns 36.510060860558795 ...
[7] Finished: 62592/80000 Evaluate learned policies with averaged returns 34.64593016474481 ...
[5] Finished: 61152/80000 Evaluate learned policies with averaged returns 32.781799468930835 ...
[3] Finished: 66336/80000 Evaluate learned policies with averaged returns 36.510060860558795 ...
[6] Finished: 70272/80000 Evaluate learned policies with averaged returns 34.64593016474481 ...
[10] Finished: 69792/80000 Evaluate learned policies with averaged returns 27.189407381488895 ...
[0] Finished: 62208/80000 Evaluate learned policies with averaged returns 36.510060860558795 ...
[7] Finished: 62688/80000 Evaluate learned policies with averaged returns 32.781799468930835 ...
[3] Finished: 66432/80000 Evaluate learned policies with averaged returns 30.917668773116855 ...
[6] Finished: 70368/80000 Evaluate learned policies with averaged returns 30.917668773116855 ...
[5] Finished: 61248/80000 Evaluate learned policies with averaged returns 30.917668773116855 ...
[10] Finished: 69888/80000 Evaluate learned policies with averaged returns 34.64593016474481 ...
[0] Finished: 62304/80000 Evaluate learned policies with averaged returns 36.510060860558795 ...
[7] Finished: 62784/80000 Evaluate learned policies with averaged returns 34.64593016474481 ...
[3] Finished: 66528/80000 Evaluate learned policies with averaged returns 32.781799468930835 ...
[5] Finished: 61344/80000 Evaluate learned policies with averaged returns 32.781799468930835 ...
[10] Finished: 69984/80000 Evaluate learned policies with averaged returns 30.917668773116855 ...
[6] Finished: 70464/80000 Evaluate learned policies with averaged returns 30.917668773116855 ...
[0] Finished: 62400/80000 Evaluate learned policies with averaged returns 36.510060860558795 ...
[7] Finished: 62880/80000 Evaluate learned policies with averaged returns 36.510060860558795 ...
[3] Finished: 66624/80000 Evaluate learned policies with averaged returns 34.64593016474481 ...
[10] Finished: 70080/80000 Evaluate learned policies with averaged returns 36.510060860558795 ...
[6] Finished: 70560/80000 Evaluate learned policies with averaged returns 30.917668773116855 ...
[5] Finished: 61440/80000 Evaluate learned policies with averaged returns 30.917668773116855 ...
[0] Finished: 62496/80000 Evaluate learned policies with averaged returns 36.510060860558795 ...
[7] Finished: 62976/80000 Evaluate learned policies with averaged returns 30.917668773116855 ...
[3] Finished: 66720/80000 Evaluate learned policies with averaged returns 34.64593016474481 ...
[10] Finished: 70176/80000 Evaluate learned policies with averaged returns 29.053538077302875 ...
[5] Finished: 61536/80000 Evaluate learned policies with averaged returns 36.510060860558795 ...
[6] Finished: 70656/80000 Evaluate learned policies with averaged returns 30.917668773116855 ...
[0] Finished: 62592/80000 Evaluate learned policies with averaged returns 36.510060860558795 ...
[7] Finished: 63072/80000 Evaluate learned policies with averaged returns 32.781799468930835 ...
[3] Finished: 66816/80000 Evaluate learned policies with averaged returns 32.78179946893083 ...
[10] Finished: 70272/80000 Evaluate learned policies with averaged returns 32.78179946893083 ...
[0] Finished: 62688/80000 Evaluate learned policies with averaged returns 36.510060860558795 ...
[5] Finished: 61632/80000 Evaluate learned policies with averaged returns 30.917668773116855 ...
[6] Finished: 70752/80000 Evaluate learned policies with averaged returns 34.64593016474481 ...
[7] Finished: 63168/80000 Evaluate learned policies with averaged returns 34.64593016474481 ...
[3] Finished: 66912/80000 Evaluate learned policies with averaged returns 32.781799468930835 ...
[0] Finished: 62784/80000 Evaluate learned policies with averaged returns 36.510060860558795 ...
[10] Finished: 70368/80000 Evaluate learned policies with averaged returns 32.781799468930835 ...
[6] Finished: 70848/80000 Evaluate learned policies with averaged returns 34.64593016474481 ...
[5] Finished: 61728/80000 Evaluate learned policies with averaged returns 30.917668773116855 ...
[7] Finished: 63264/80000 Evaluate learned policies with averaged returns 29.053538077302882 ...
[3] Finished: 67008/80000 Evaluate learned policies with averaged returns 32.781799468930835 ...
[10] Finished: 70464/80000 Evaluate learned policies with averaged returns 34.64593016474481 ...
[0] Finished: 62880/80000 Evaluate learned policies with averaged returns 36.510060860558795 ...
[6] Finished: 70944/80000 Evaluate learned policies with averaged returns 34.64593016474481 ...
[5] Finished: 61824/80000 Evaluate learned policies with averaged returns 30.917668773116855 ...
[7] Finished: 63360/80000 Evaluate learned policies with averaged returns 32.781799468930835 ...
[3] Finished: 67104/80000 Evaluate learned policies with averaged returns 29.053538077302875 ...
[0] Finished: 62976/80000 Evaluate learned policies with averaged returns 36.510060860558795 ...
[6] Finished: 71040/80000 Evaluate learned policies with averaged returns 34.64593016474481 ...
[10] Finished: 70560/80000 Evaluate learned policies with averaged returns 34.64593016474481 ...
[5] Finished: 61920/80000 Evaluate learned policies with averaged returns 29.053538077302875 ...
[7] Finished: 63456/80000 Evaluate learned policies with averaged returns 32.78179946893083 ...
[3] Finished: 67200/80000 Evaluate learned policies with averaged returns 32.781799468930835 ...
[0] Finished: 63072/80000 Evaluate learned policies with averaged returns 36.510060860558795 ...
[6] Finished: 71136/80000 Evaluate learned policies with averaged returns 32.78179946893083 ...
[10] Finished: 70656/80000 Evaluate learned policies with averaged returns 29.053538077302875 ...
[5] Finished: 62016/80000 Evaluate learned policies with averaged returns 30.917668773116855 ...
[7] Finished: 63552/80000 Evaluate learned policies with averaged returns 34.64593016474481 ...
[3] Finished: 67296/80000 Evaluate learned policies with averaged returns 32.78179946893083 ...
[6] Finished: 71232/80000 Evaluate learned policies with averaged returns 30.917668773116855 ...
[0] Finished: 63168/80000 Evaluate learned policies with averaged returns 36.510060860558795 ...
[10] Finished: 70752/80000 Evaluate learned policies with averaged returns 32.78179946893083 ...
[5] Finished: 62112/80000 Evaluate learned policies with averaged returns 29.053538077302875 ...
[7] Finished: 63648/80000 Evaluate learned policies with averaged returns 29.053538077302875 ...
[3] Finished: 67392/80000 Evaluate learned policies with averaged returns 25.32527668567492 ...
[6] Finished: 71328/80000 Evaluate learned policies with averaged returns 30.917668773116855 ...
[10] Finished: 70848/80000 Evaluate learned policies with averaged returns 27.1894073814889 ...
[0] Finished: 63264/80000 Evaluate learned policies with averaged returns 36.510060860558795 ...
[5] Finished: 62208/80000 Evaluate learned policies with averaged returns 27.189407381488895 ...
[7] Finished: 63744/80000 Evaluate learned policies with averaged returns 34.64593016474481 ...
[0] Finished: 63360/80000 Evaluate learned policies with averaged returns 36.510060860558795 ...
[6] Finished: 71424/80000 Evaluate learned policies with averaged returns 36.510060860558795 ...
[10] Finished: 70944/80000 Evaluate learned policies with averaged returns 30.917668773116855 ...
[3] Finished: 67488/80000 Evaluate learned policies with averaged returns 30.917668773116855 ...
[7] Finished: 63840/80000 Evaluate learned policies with averaged returns 30.917668773116855 ...
[5] Finished: 62304/80000 Evaluate learned policies with averaged returns 30.917668773116855 ...
[0] Finished: 63456/80000 Evaluate learned policies with averaged returns 36.510060860558795 ...
[6] Finished: 71520/80000 Evaluate learned policies with averaged returns 27.189407381488895 ...
[10] Finished: 71040/80000 Evaluate learned policies with averaged returns 25.32527668567492 ...
[3] Finished: 67584/80000 Evaluate learned policies with averaged returns 29.053538077302875 ...
[7] Finished: 63936/80000 Evaluate learned policies with averaged returns 30.917668773116855 ...
[5] Finished: 62400/80000 Evaluate learned policies with averaged returns 29.053538077302875 ...
[0] Finished: 63552/80000 Evaluate learned policies with averaged returns 36.510060860558795 ...
[6] Finished: 71616/80000 Evaluate learned policies with averaged returns 32.78179946893083 ...
[10] Finished: 71136/80000 Evaluate learned policies with averaged returns 29.053538077302875 ...
[3] Finished: 67680/80000 Evaluate learned policies with averaged returns 32.781799468930835 ...
[7] Finished: 64032/80000 Evaluate learned policies with averaged returns 32.781799468930835 ...
[5] Finished: 62496/80000 Evaluate learned policies with averaged returns 32.78179946893083 ...
[0] Finished: 63648/80000 Evaluate learned policies with averaged returns 36.510060860558795 ...
[6] Finished: 71712/80000 Evaluate learned policies with averaged returns 30.917668773116855 ...
[10] Finished: 71232/80000 Evaluate learned policies with averaged returns 30.917668773116855 ...
[3] Finished: 67776/80000 Evaluate learned policies with averaged returns 29.053538077302882 ...
[7] Finished: 64128/80000 Evaluate learned policies with averaged returns 32.78179946893083 ...
[5] Finished: 62592/80000 Evaluate learned policies with averaged returns 29.053538077302875 ...
[0] Finished: 63744/80000 Evaluate learned policies with averaged returns 36.510060860558795 ...
[6] Finished: 71808/80000 Evaluate learned policies with averaged returns 27.189407381488895 ...
[10] Finished: 71328/80000 Evaluate learned policies with averaged returns 27.1894073814889 ...
[3] Finished: 67872/80000 Evaluate learned policies with averaged returns 36.510060860558795 ...
[7] Finished: 64224/80000 Evaluate learned policies with averaged returns 34.64593016474481 ...
[5] Finished: 62688/80000 Evaluate learned policies with averaged returns 30.917668773116855 ...
[0] Finished: 63840/80000 Evaluate learned policies with averaged returns 36.510060860558795 ...
[6] Finished: 71904/80000 Evaluate learned policies with averaged returns 34.64593016474481 ...
[3] Finished: 67968/80000 Evaluate learned policies with averaged returns 34.64593016474481 ...
[10] Finished: 71424/80000 Evaluate learned policies with averaged returns 34.64593016474481 ...
[7] Finished: 64320/80000 Evaluate learned policies with averaged returns 30.917668773116855 ...
[5] Finished: 62784/80000 Evaluate learned policies with averaged returns 32.78179946893083 ...
[0] Finished: 63936/80000 Evaluate learned policies with averaged returns 36.510060860558795 ...
[6] Finished: 72000/80000 Evaluate learned policies with averaged returns 30.917668773116855 ...
[3] Finished: 68064/80000 Evaluate learned policies with averaged returns 32.78179946893083 ...
[10] Finished: 71520/80000 Evaluate learned policies with averaged returns 30.917668773116855 ...
[7] Finished: 64416/80000 Evaluate learned policies with averaged returns 30.917668773116855 ...
[0] Finished: 64032/80000 Evaluate learned policies with averaged returns 36.510060860558795 ...
[5] Finished: 62880/80000 Evaluate learned policies with averaged returns 32.78179946893083 ...
[6] Finished: 72096/80000 Evaluate learned policies with averaged returns 32.781799468930835 ...
[3] Finished: 68160/80000 Evaluate learned policies with averaged returns 32.78179946893083 ...
[10] Finished: 71616/80000 Evaluate learned policies with averaged returns 27.1894073814889 ...
[7] Finished: 64512/80000 Evaluate learned policies with averaged returns 34.64593016474481 ...
[0] Finished: 64128/80000 Evaluate learned policies with averaged returns 36.510060860558795 ...
[6] Finished: 72192/80000 Evaluate learned policies with averaged returns 29.053538077302875 ...
[5] Finished: 62976/80000 Evaluate learned policies with averaged returns 36.510060860558795 ...
[3] Finished: 68256/80000 Evaluate learned policies with averaged returns 30.917668773116855 ...
[10] Finished: 71712/80000 Evaluate learned policies with averaged returns 30.917668773116855 ...
[7] Finished: 64608/80000 Evaluate learned policies with averaged returns 32.78179946893083 ...
[0] Finished: 64224/80000 Evaluate learned policies with averaged returns 36.510060860558795 ...
[6] Finished: 72288/80000 Evaluate learned policies with averaged returns 29.053538077302882 ...
[5] Finished: 63072/80000 Evaluate learned policies with averaged returns 29.053538077302875 ...
[3] Finished: 68352/80000 Evaluate learned policies with averaged returns 30.917668773116855 ...
[10] Finished: 71808/80000 Evaluate learned policies with averaged returns 30.917668773116855 ...
[7] Finished: 64704/80000 Evaluate learned policies with averaged returns 32.781799468930835 ...
[0] Finished: 64320/80000 Evaluate learned policies with averaged returns 36.510060860558795 ...
[6] Finished: 72384/80000 Evaluate learned policies with averaged returns 27.189407381488895 ...
[3] Finished: 68448/80000 Evaluate learned policies with averaged returns 34.64593016474481 ...
[5] Finished: 63168/80000 Evaluate learned policies with averaged returns 34.64593016474481 ...
[10] Finished: 71904/80000 Evaluate learned policies with averaged returns 32.78179946893083 ...
[7] Finished: 64800/80000 Evaluate learned policies with averaged returns 30.917668773116855 ...
[0] Finished: 64416/80000 Evaluate learned policies with averaged returns 36.510060860558795 ...
[6] Finished: 72480/80000 Evaluate learned policies with averaged returns 34.64593016474481 ...
[3] Finished: 68544/80000 Evaluate learned policies with averaged returns 29.053538077302875 ...
[5] Finished: 63264/80000 Evaluate learned policies with averaged returns 32.781799468930835 ...
[7] Finished: 64896/80000 Evaluate learned policies with averaged returns 32.781799468930835 ...
[10] Finished: 72000/80000 Evaluate learned policies with averaged returns 36.510060860558795 ...
[0] Finished: 64512/80000 Evaluate learned policies with averaged returns 36.510060860558795 ...
[6] Finished: 72576/80000 Evaluate learned policies with averaged returns 32.781799468930835 ...
[3] Finished: 68640/80000 Evaluate learned policies with averaged returns 36.510060860558795 ...
[5] Finished: 63360/80000 Evaluate learned policies with averaged returns 30.917668773116855 ...
[7] Finished: 64992/80000 Evaluate learned policies with averaged returns 27.1894073814889 ...
[10] Finished: 72096/80000 Evaluate learned policies with averaged returns 30.917668773116855 ...
[0] Finished: 64608/80000 Evaluate learned policies with averaged returns 36.510060860558795 ...
[6] Finished: 72672/80000 Evaluate learned policies with averaged returns 32.781799468930835 ...
[3] Finished: 68736/80000 Evaluate learned policies with averaged returns 30.917668773116855 ...
[5] Finished: 63456/80000 Evaluate learned policies with averaged returns 29.053538077302875 ...
[7] Finished: 65088/80000 Evaluate learned policies with averaged returns 32.781799468930835 ...
[10] Finished: 72192/80000 Evaluate learned policies with averaged returns 27.1894073814889 ...
[0] Finished: 64704/80000 Evaluate learned policies with averaged returns 36.510060860558795 ...
[6] Finished: 72768/80000 Evaluate learned policies with averaged returns 32.78179946893083 ...
[3] Finished: 68832/80000 Evaluate learned policies with averaged returns 30.917668773116855 ...
[5] Finished: 63552/80000 Evaluate learned policies with averaged returns 34.64593016474481 ...
[7] Finished: 65184/80000 Evaluate learned policies with averaged returns 29.053538077302875 ...
[10] Finished: 72288/80000 Evaluate learned policies with averaged returns 27.189407381488895 ...
[0] Finished: 64800/80000 Evaluate learned policies with averaged returns 36.510060860558795 ...
[6] Finished: 72864/80000 Evaluate learned policies with averaged returns 29.053538077302875 ...
[3] Finished: 68928/80000 Evaluate learned policies with averaged returns 30.917668773116855 ...
[5] Finished: 63648/80000 Evaluate learned policies with averaged returns 29.053538077302882 ...
[10] Finished: 72384/80000 Evaluate learned policies with averaged returns 30.917668773116855 ...
[7] Finished: 65280/80000 Evaluate learned policies with averaged returns 32.781799468930835 ...
[0] Finished: 64896/80000 Evaluate learned policies with averaged returns 36.510060860558795 ...
[6] Finished: 72960/80000 Evaluate learned policies with averaged returns 32.78179946893083 ...
[3] Finished: 69024/80000 Evaluate learned policies with averaged returns 30.917668773116855 ...
[5] Finished: 63744/80000 Evaluate learned policies with averaged returns 30.917668773116855 ...
[10] Finished: 72480/80000 Evaluate learned policies with averaged returns 32.781799468930835 ...
[7] Finished: 65376/80000 Evaluate learned policies with averaged returns 29.053538077302875 ...
[0] Finished: 64992/80000 Evaluate learned policies with averaged returns 36.510060860558795 ...
[6] Finished: 73056/80000 Evaluate learned policies with averaged returns 30.917668773116855 ...
[3] Finished: 69120/80000 Evaluate learned policies with averaged returns 32.781799468930835 ...
[10] Finished: 72576/80000 Evaluate learned policies with averaged returns 29.053538077302882 ...
[5] Finished: 63840/80000 Evaluate learned policies with averaged returns 25.32527668567492 ...
[7] Finished: 65472/80000 Evaluate learned policies with averaged returns 30.917668773116855 ...
[0] Finished: 65088/80000 Evaluate learned policies with averaged returns 36.510060860558795 ...
[6] Finished: 73152/80000 Evaluate learned policies with averaged returns 29.053538077302875 ...
[7] Finished: 65568/80000 Evaluate learned policies with averaged returns 30.917668773116855 ...
[3] Finished: 69216/80000 Evaluate learned policies with averaged returns 32.781799468930835 ...
[10] Finished: 72672/80000 Evaluate learned policies with averaged returns 34.64593016474481 ...
[5] Finished: 63936/80000 Evaluate learned policies with averaged returns 27.189407381488895 ...
[0] Finished: 65184/80000 Evaluate learned policies with averaged returns 36.510060860558795 ...
[6] Finished: 73248/80000 Evaluate learned policies with averaged returns 32.78179946893083 ...
[7] Finished: 65664/80000 Evaluate learned policies with averaged returns 32.781799468930835 ...
[5] Finished: 64032/80000 Evaluate learned policies with averaged returns 25.32527668567492 ...
[3] Finished: 69312/80000 Evaluate learned policies with averaged returns 32.781799468930835 ...
[10] Finished: 72768/80000 Evaluate learned policies with averaged returns 25.325276685674915 ...
[0] Finished: 65280/80000 Evaluate learned policies with averaged returns 36.510060860558795 ...
[6] Finished: 73344/80000 Evaluate learned policies with averaged returns 27.189407381488895 ...
[7] Finished: 65760/80000 Evaluate learned policies with averaged returns 30.917668773116855 ...
[5] Finished: 64128/80000 Evaluate learned policies with averaged returns 30.917668773116855 ...
[0] Finished: 65376/80000 Evaluate learned policies with averaged returns 36.510060860558795 ...
[10] Finished: 72864/80000 Evaluate learned policies with averaged returns 32.781799468930835 ...
[3] Finished: 69408/80000 Evaluate learned policies with averaged returns 30.917668773116855 ...
[6] Finished: 73440/80000 Evaluate learned policies with averaged returns 34.64593016474481 ...
[7] Finished: 65856/80000 Evaluate learned policies with averaged returns 25.325276685674915 ...
[0] Finished: 65472/80000 Evaluate learned policies with averaged returns 36.510060860558795 ...
[5] Finished: 64224/80000 Evaluate learned policies with averaged returns 32.78179946893083 ...
[10] Finished: 72960/80000 Evaluate learned policies with averaged returns 32.78179946893083 ...
[3] Finished: 69504/80000 Evaluate learned policies with averaged returns 36.510060860558795 ...
[6] Finished: 73536/80000 Evaluate learned policies with averaged returns 30.917668773116855 ...
[7] Finished: 65952/80000 Evaluate learned policies with averaged returns 32.781799468930835 ...
[0] Finished: 65568/80000 Evaluate learned policies with averaged returns 36.510060860558795 ...
[10] Finished: 73056/80000 Evaluate learned policies with averaged returns 30.917668773116855 ...
[5] Finished: 64320/80000 Evaluate learned policies with averaged returns 27.189407381488895 ...
[3] Finished: 69600/80000 Evaluate learned policies with averaged returns 29.053538077302875 ...
[6] Finished: 73632/80000 Evaluate learned policies with averaged returns 30.917668773116855 ...
[0] Finished: 65664/80000 Evaluate learned policies with averaged returns 36.510060860558795 ...
[7] Finished: 66048/80000 Evaluate learned policies with averaged returns 36.510060860558795 ...
[5] Finished: 64416/80000 Evaluate learned policies with averaged returns 34.64593016474481 ...
[3] Finished: 69696/80000 Evaluate learned policies with averaged returns 30.91766877311685 ...
[10] Finished: 73152/80000 Evaluate learned policies with averaged returns 32.781799468930835 ...
[6] Finished: 73728/80000 Evaluate learned policies with averaged returns 29.053538077302875 ...
[7] Finished: 66144/80000 Evaluate learned policies with averaged returns 34.64593016474481 ...
[0] Finished: 65760/80000 Evaluate learned policies with averaged returns 36.510060860558795 ...
[5] Finished: 64512/80000 Evaluate learned policies with averaged returns 34.64593016474481 ...
[10] Finished: 73248/80000 Evaluate learned policies with averaged returns 34.64593016474481 ...
[3] Finished: 69792/80000 Evaluate learned policies with averaged returns 29.053538077302882 ...
[6] Finished: 73824/80000 Evaluate learned policies with averaged returns 30.917668773116855 ...
[0] Finished: 65856/80000 Evaluate learned policies with averaged returns 36.510060860558795 ...
[7] Finished: 66240/80000 Evaluate learned policies with averaged returns 32.78179946893083 ...
[5] Finished: 64608/80000 Evaluate learned policies with averaged returns 30.917668773116855 ...
[3] Finished: 69888/80000 Evaluate learned policies with averaged returns 30.917668773116855 ...
[10] Finished: 73344/80000 Evaluate learned policies with averaged returns 29.053538077302882 ...
[0] Finished: 65952/80000 Evaluate learned policies with averaged returns 36.510060860558795 ...
[7] Finished: 66336/80000 Evaluate learned policies with averaged returns 30.917668773116855 ...
[6] Finished: 73920/80000 Evaluate learned policies with averaged returns 25.325276685674915 ...
[5] Finished: 64704/80000 Evaluate learned policies with averaged returns 25.32527668567492 ...
[3] Finished: 69984/80000 Evaluate learned policies with averaged returns 30.917668773116855 ...
[10] Finished: 73440/80000 Evaluate learned policies with averaged returns 29.053538077302875 ...
[0] Finished: 66048/80000 Evaluate learned policies with averaged returns 36.510060860558795 ...
[7] Finished: 66432/80000 Evaluate learned policies with averaged returns 34.64593016474481 ...
[6] Finished: 74016/80000 Evaluate learned policies with averaged returns 27.189407381488895 ...
[5] Finished: 64800/80000 Evaluate learned policies with averaged returns 30.917668773116855 ...
[3] Finished: 70080/80000 Evaluate learned policies with averaged returns 21.597015294046958 ...
[10] Finished: 73536/80000 Evaluate learned policies with averaged returns 30.917668773116855 ...
[7] Finished: 66528/80000 Evaluate learned policies with averaged returns 36.510060860558795 ...
[0] Finished: 66144/80000 Evaluate learned policies with averaged returns 36.510060860558795 ...
[6] Finished: 74112/80000 Evaluate learned policies with averaged returns 34.64593016474481 ...
[3] Finished: 70176/80000 Evaluate learned policies with averaged returns 21.597015294046958 ...
[5] Finished: 64896/80000 Evaluate learned policies with averaged returns 29.053538077302875 ...
[10] Finished: 73632/80000 Evaluate learned policies with averaged returns 30.917668773116855 ...
[7] Finished: 66624/80000 Evaluate learned policies with averaged returns 32.781799468930835 ...
[0] Finished: 66240/80000 Evaluate learned policies with averaged returns 36.510060860558795 ...
[6] Finished: 74208/80000 Evaluate learned policies with averaged returns 34.64593016474481 ...
[3] Finished: 70272/80000 Evaluate learned policies with averaged returns 34.64593016474481 ...
[10] Finished: 73728/80000 Evaluate learned policies with averaged returns 36.510060860558795 ...
[5] Finished: 64992/80000 Evaluate learned policies with averaged returns 29.053538077302875 ...
[0] Finished: 66336/80000 Evaluate learned policies with averaged returns 36.510060860558795 ...
[7] Finished: 66720/80000 Evaluate learned policies with averaged returns 29.053538077302882 ...
[6] Finished: 74304/80000 Evaluate learned policies with averaged returns 30.917668773116855 ...
[3] Finished: 70368/80000 Evaluate learned policies with averaged returns 32.78179946893083 ...
[5] Finished: 65088/80000 Evaluate learned policies with averaged returns 30.917668773116855 ...
[10] Finished: 73824/80000 Evaluate learned policies with averaged returns 29.053538077302875 ...
[0] Finished: 66432/80000 Evaluate learned policies with averaged returns 36.510060860558795 ...
[7] Finished: 66816/80000 Evaluate learned policies with averaged returns 32.781799468930835 ...
[6] Finished: 74400/80000 Evaluate learned policies with averaged returns 29.053538077302875 ...
[3] Finished: 70464/80000 Evaluate learned policies with averaged returns 34.64593016474481 ...
[10] Finished: 73920/80000 Evaluate learned policies with averaged returns 32.781799468930835 ...
[5] Finished: 65184/80000 Evaluate learned policies with averaged returns 34.64593016474481 ...
[0] Finished: 66528/80000 Evaluate learned policies with averaged returns 36.510060860558795 ...
[7] Finished: 66912/80000 Evaluate learned policies with averaged returns 34.64593016474481 ...
[6] Finished: 74496/80000 Evaluate learned policies with averaged returns 34.64593016474481 ...
[3] Finished: 70560/80000 Evaluate learned policies with averaged returns 34.64593016474481 ...
[10] Finished: 74016/80000 Evaluate learned policies with averaged returns 27.189407381488895 ...
[7] Finished: 67008/80000 Evaluate learned policies with averaged returns 30.917668773116855 ...
[0] Finished: 66624/80000 Evaluate learned policies with averaged returns 36.510060860558795 ...
[5] Finished: 65280/80000 Evaluate learned policies with averaged returns 32.781799468930835 ...
[6] Finished: 74592/80000 Evaluate learned policies with averaged returns 32.781799468930835 ...
[3] Finished: 70656/80000 Evaluate learned policies with averaged returns 36.510060860558795 ...
[10] Finished: 74112/80000 Evaluate learned policies with averaged returns 27.189407381488895 ...
[0] Finished: 66720/80000 Evaluate learned policies with averaged returns 36.510060860558795 ...
[7] Finished: 67104/80000 Evaluate learned policies with averaged returns 34.64593016474481 ...
[6] Finished: 74688/80000 Evaluate learned policies with averaged returns 34.64593016474481 ...
[5] Finished: 65376/80000 Evaluate learned policies with averaged returns 32.781799468930835 ...
[3] Finished: 70752/80000 Evaluate learned policies with averaged returns 32.781799468930835 ...
[10] Finished: 74208/80000 Evaluate learned policies with averaged returns 32.781799468930835 ...
[0] Finished: 66816/80000 Evaluate learned policies with averaged returns 36.510060860558795 ...
[7] Finished: 67200/80000 Evaluate learned policies with averaged returns 34.64593016474481 ...
[6] Finished: 74784/80000 Evaluate learned policies with averaged returns 34.64593016474481 ...
[5] Finished: 65472/80000 Evaluate learned policies with averaged returns 30.917668773116855 ...
[3] Finished: 70848/80000 Evaluate learned policies with averaged returns 34.64593016474481 ...
[10] Finished: 74304/80000 Evaluate learned policies with averaged returns 32.78179946893083 ...
[0] Finished: 66912/80000 Evaluate learned policies with averaged returns 36.510060860558795 ...
[7] Finished: 67296/80000 Evaluate learned policies with averaged returns 34.64593016474481 ...
[6] Finished: 74880/80000 Evaluate learned policies with averaged returns 29.053538077302875 ...
[5] Finished: 65568/80000 Evaluate learned policies with averaged returns 30.917668773116855 ...
[3] Finished: 70944/80000 Evaluate learned policies with averaged returns 36.510060860558795 ...
[0] Finished: 67008/80000 Evaluate learned policies with averaged returns 36.510060860558795 ...
[10] Finished: 74400/80000 Evaluate learned policies with averaged returns 29.053538077302875 ...
[7] Finished: 67392/80000 Evaluate learned policies with averaged returns 32.78179946893083 ...
[6] Finished: 74976/80000 Evaluate learned policies with averaged returns 27.189407381488895 ...
[5] Finished: 65664/80000 Evaluate learned policies with averaged returns 32.781799468930835 ...
[3] Finished: 71040/80000 Evaluate learned policies with averaged returns 36.510060860558795 ...
[0] Finished: 67104/80000 Evaluate learned policies with averaged returns 36.510060860558795 ...
[7] Finished: 67488/80000 Evaluate learned policies with averaged returns 30.917668773116855 ...
[10] Finished: 74496/80000 Evaluate learned policies with averaged returns 29.053538077302875 ...
[6] Finished: 75072/80000 Evaluate learned policies with averaged returns 27.189407381488895 ...
[5] Finished: 65760/80000 Evaluate learned policies with averaged returns 27.189407381488895 ...
[3] Finished: 71136/80000 Evaluate learned policies with averaged returns 36.510060860558795 ...
[0] Finished: 67200/80000 Evaluate learned policies with averaged returns 36.510060860558795 ...
[10] Finished: 74592/80000 Evaluate learned policies with averaged returns 29.053538077302882 ...
[7] Finished: 67584/80000 Evaluate learned policies with averaged returns 34.64593016474481 ...
[6] Finished: 75168/80000 Evaluate learned policies with averaged returns 30.917668773116855 ...
[5] Finished: 65856/80000 Evaluate learned policies with averaged returns 30.917668773116855 ...
[3] Finished: 71232/80000 Evaluate learned policies with averaged returns 36.510060860558795 ...
[0] Finished: 67296/80000 Evaluate learned policies with averaged returns 36.510060860558795 ...
[7] Finished: 67680/80000 Evaluate learned policies with averaged returns 30.917668773116855 ...
[10] Finished: 74688/80000 Evaluate learned policies with averaged returns 27.1894073814889 ...
[6] Finished: 75264/80000 Evaluate learned policies with averaged returns 32.781799468930835 ...
[5] Finished: 65952/80000 Evaluate learned policies with averaged returns 30.917668773116855 ...
[3] Finished: 71328/80000 Evaluate learned policies with averaged returns 34.64593016474481 ...
[0] Finished: 67392/80000 Evaluate learned policies with averaged returns 36.510060860558795 ...
[7] Finished: 67776/80000 Evaluate learned policies with averaged returns 25.325276685674915 ...
[10] Finished: 74784/80000 Evaluate learned policies with averaged returns 32.781799468930835 ...
[6] Finished: 75360/80000 Evaluate learned policies with averaged returns 23.46114598986094 ...
[5] Finished: 66048/80000 Evaluate learned policies with averaged returns 34.64593016474481 ...
[3] Finished: 71424/80000 Evaluate learned policies with averaged returns 29.053538077302875 ...
[0] Finished: 67488/80000 Evaluate learned policies with averaged returns 36.510060860558795 ...
[7] Finished: 67872/80000 Evaluate learned policies with averaged returns 30.917668773116855 ...
[10] Finished: 74880/80000 Evaluate learned policies with averaged returns 34.64593016474481 ...
[6] Finished: 75456/80000 Evaluate learned policies with averaged returns 17.868753902418998 ...
[5] Finished: 66144/80000 Evaluate learned policies with averaged returns 36.510060860558795 ...
[3] Finished: 71520/80000 Evaluate learned policies with averaged returns 34.64593016474481 ...
[0] Finished: 67584/80000 Evaluate learned policies with averaged returns 36.510060860558795 ...
[7] Finished: 67968/80000 Evaluate learned policies with averaged returns 29.053538077302875 ...
[10] Finished: 74976/80000 Evaluate learned policies with averaged returns 27.1894073814889 ...
[6] Finished: 75552/80000 Evaluate learned policies with averaged returns 25.32527668567492 ...
[5] Finished: 66240/80000 Evaluate learned policies with averaged returns 36.510060860558795 ...
[3] Finished: 71616/80000 Evaluate learned policies with averaged returns 32.781799468930835 ...
[0] Finished: 67680/80000 Evaluate learned policies with averaged returns 36.510060860558795 ...
[10] Finished: 75072/80000 Evaluate learned policies with averaged returns 29.053538077302882 ...
[7] Finished: 68064/80000 Evaluate learned policies with averaged returns 29.053538077302882 ...
[6] Finished: 75648/80000 Evaluate learned policies with averaged returns 32.781799468930835 ...
[5] Finished: 66336/80000 Evaluate learned policies with averaged returns 34.64593016474481 ...
[3] Finished: 71712/80000 Evaluate learned policies with averaged returns 32.781799468930835 ...
[0] Finished: 67776/80000 Evaluate learned policies with averaged returns 36.510060860558795 ...
[10] Finished: 75168/80000 Evaluate learned policies with averaged returns 30.917668773116855 ...
[7] Finished: 68160/80000 Evaluate learned policies with averaged returns 30.917668773116855 ...
[6] Finished: 75744/80000 Evaluate learned policies with averaged returns 29.053538077302875 ...
[5] Finished: 66432/80000 Evaluate learned policies with averaged returns 32.781799468930835 ...
[3] Finished: 71808/80000 Evaluate learned policies with averaged returns 32.781799468930835 ...
[0] Finished: 67872/80000 Evaluate learned policies with averaged returns 36.510060860558795 ...
[7] Finished: 68256/80000 Evaluate learned policies with averaged returns 32.781799468930835 ...
[10] Finished: 75264/80000 Evaluate learned policies with averaged returns 30.917668773116855 ...
[6] Finished: 75840/80000 Evaluate learned policies with averaged returns 30.917668773116855 ...
[5] Finished: 66528/80000 Evaluate learned policies with averaged returns 32.781799468930835 ...
[3] Finished: 71904/80000 Evaluate learned policies with averaged returns 34.64593016474481 ...
[0] Finished: 67968/80000 Evaluate learned policies with averaged returns 36.510060860558795 ...
[7] Finished: 68352/80000 Evaluate learned policies with averaged returns 34.64593016474481 ...
[10] Finished: 75360/80000 Evaluate learned policies with averaged returns 29.053538077302882 ...
[3] Finished: 72000/80000 Evaluate learned policies with averaged returns 32.781799468930835 ...
[5] Finished: 66624/80000 Evaluate learned policies with averaged returns 30.917668773116855 ...
[0] Finished: 68064/80000 Evaluate learned policies with averaged returns 36.510060860558795 ...
[6] Finished: 75936/80000 Evaluate learned policies with averaged returns 29.053538077302875 ...
[7] Finished: 68448/80000 Evaluate learned policies with averaged returns 32.78179946893083 ...
[10] Finished: 75456/80000 Evaluate learned policies with averaged returns 34.64593016474481 ...
[3] Finished: 72096/80000 Evaluate learned policies with averaged returns 32.78179946893083 ...
[0] Finished: 68160/80000 Evaluate learned policies with averaged returns 36.510060860558795 ...
[6] Finished: 76032/80000 Evaluate learned policies with averaged returns 29.053538077302875 ...
[5] Finished: 66720/80000 Evaluate learned policies with averaged returns 34.64593016474481 ...
[10] Finished: 75552/80000 Evaluate learned policies with averaged returns 32.78179946893083 ...
[7] Finished: 68544/80000 Evaluate learned policies with averaged returns 30.917668773116855 ...
[3] Finished: 72192/80000 Evaluate learned policies with averaged returns 32.781799468930835 ...
[0] Finished: 68256/80000 Evaluate learned policies with averaged returns 36.510060860558795 ...
[6] Finished: 76128/80000 Evaluate learned policies with averaged returns 34.64593016474481 ...
[5] Finished: 66816/80000 Evaluate learned policies with averaged returns 32.781799468930835 ...
[7] Finished: 68640/80000 Evaluate learned policies with averaged returns 34.64593016474481 ...
[10] Finished: 75648/80000 Evaluate learned policies with averaged returns 30.917668773116855 ...
[3] Finished: 72288/80000 Evaluate learned policies with averaged returns 30.917668773116855 ...
[0] Finished: 68352/80000 Evaluate learned policies with averaged returns 36.510060860558795 ...
[5] Finished: 66912/80000 Evaluate learned policies with averaged returns 32.781799468930835 ...
[6] Finished: 76224/80000 Evaluate learned policies with averaged returns 32.781799468930835 ...
[7] Finished: 68736/80000 Evaluate learned policies with averaged returns 23.461145989860935 ...
[10] Finished: 75744/80000 Evaluate learned policies with averaged returns 32.781799468930835 ...
[3] Finished: 72384/80000 Evaluate learned policies with averaged returns 29.053538077302875 ...
[0] Finished: 68448/80000 Evaluate learned policies with averaged returns 36.510060860558795 ...
[6] Finished: 76320/80000 Evaluate learned policies with averaged returns 32.78179946893083 ...
[5] Finished: 67008/80000 Evaluate learned policies with averaged returns 30.917668773116855 ...
[7] Finished: 68832/80000 Evaluate learned policies with averaged returns 29.053538077302882 ...
[10] Finished: 75840/80000 Evaluate learned policies with averaged returns 32.78179946893083 ...
[3] Finished: 72480/80000 Evaluate learned policies with averaged returns 32.781799468930835 ...
[0] Finished: 68544/80000 Evaluate learned policies with averaged returns 36.510060860558795 ...
[5] Finished: 67104/80000 Evaluate learned policies with averaged returns 17.868753902418998 ...
[6] Finished: 76416/80000 Evaluate learned policies with averaged returns 30.917668773116855 ...
[10] Finished: 75936/80000 Evaluate learned policies with averaged returns 30.917668773116855 ...
[7] Finished: 68928/80000 Evaluate learned policies with averaged returns 29.053538077302875 ...
[5] Finished: 67200/80000 Evaluate learned policies with averaged returns 17.868753902418998 ...
[3] Finished: 72576/80000 Evaluate learned policies with averaged returns 30.917668773116855 ...
[0] Finished: 68640/80000 Evaluate learned policies with averaged returns 36.510060860558795 ...
[6] Finished: 76512/80000 Evaluate learned policies with averaged returns 32.781799468930835 ...
[10] Finished: 76032/80000 Evaluate learned policies with averaged returns 32.781799468930835 ...
[7] Finished: 69024/80000 Evaluate learned policies with averaged returns 32.78179946893083 ...
[0] Finished: 68736/80000 Evaluate learned policies with averaged returns 36.510060860558795 ...
[3] Finished: 72672/80000 Evaluate learned policies with averaged returns 30.917668773116855 ...
[5] Finished: 67296/80000 Evaluate learned policies with averaged returns 29.053538077302875 ...
[6] Finished: 76608/80000 Evaluate learned policies with averaged returns 32.781799468930835 ...
[10] Finished: 76128/80000 Evaluate learned policies with averaged returns 29.053538077302875 ...
[7] Finished: 69120/80000 Evaluate learned policies with averaged returns 30.917668773116855 ...
[5] Finished: 67392/80000 Evaluate learned policies with averaged returns 30.917668773116855 ...
[0] Finished: 68832/80000 Evaluate learned policies with averaged returns 36.510060860558795 ...
[3] Finished: 72768/80000 Evaluate learned policies with averaged returns 34.64593016474481 ...
[6] Finished: 76704/80000 Evaluate learned policies with averaged returns 34.64593016474481 ...
[7] Finished: 69216/80000 Evaluate learned policies with averaged returns 32.78179946893083 ...
[10] Finished: 76224/80000 Evaluate learned policies with averaged returns 32.78179946893083 ...
[0] Finished: 68928/80000 Evaluate learned policies with averaged returns 36.510060860558795 ...
[5] Finished: 67488/80000 Evaluate learned policies with averaged returns 30.917668773116855 ...
[3] Finished: 72864/80000 Evaluate learned policies with averaged returns 34.64593016474481 ...
[6] Finished: 76800/80000 Evaluate learned policies with averaged returns 34.64593016474481 ...
[7] Finished: 69312/80000 Evaluate learned policies with averaged returns 34.64593016474481 ...
[10] Finished: 76320/80000 Evaluate learned policies with averaged returns 34.64593016474481 ...
[0] Finished: 69024/80000 Evaluate learned policies with averaged returns 36.510060860558795 ...
[3] Finished: 72960/80000 Evaluate learned policies with averaged returns 36.510060860558795 ...
[5] Finished: 67584/80000 Evaluate learned policies with averaged returns 27.1894073814889 ...
[6] Finished: 76896/80000 Evaluate learned policies with averaged returns 32.78179946893083 ...
[10] Finished: 76416/80000 Evaluate learned policies with averaged returns 30.917668773116855 ...
[0] Finished: 69120/80000 Evaluate learned policies with averaged returns 36.510060860558795 ...
[7] Finished: 69408/80000 Evaluate learned policies with averaged returns 29.053538077302875 ...
[3] Finished: 73056/80000 Evaluate learned policies with averaged returns 34.64593016474481 ...
[5] Finished: 67680/80000 Evaluate learned policies with averaged returns 30.917668773116855 ...
[6] Finished: 76992/80000 Evaluate learned policies with averaged returns 30.917668773116855 ...
[7] Finished: 69504/80000 Evaluate learned policies with averaged returns 32.781799468930835 ...
[10] Finished: 76512/80000 Evaluate learned policies with averaged returns 27.1894073814889 ...
[0] Finished: 69216/80000 Evaluate learned policies with averaged returns 36.510060860558795 ...
[3] Finished: 73152/80000 Evaluate learned policies with averaged returns 29.053538077302882 ...
[5] Finished: 67776/80000 Evaluate learned policies with averaged returns 30.917668773116855 ...
[6] Finished: 77088/80000 Evaluate learned policies with averaged returns 32.781799468930835 ...
[10] Finished: 76608/80000 Evaluate learned policies with averaged returns 30.917668773116855 ...
[7] Finished: 69600/80000 Evaluate learned policies with averaged returns 27.189407381488895 ...
[0] Finished: 69312/80000 Evaluate learned policies with averaged returns 36.510060860558795 ...
[3] Finished: 73248/80000 Evaluate learned policies with averaged returns 32.78179946893083 ...
[5] Finished: 67872/80000 Evaluate learned policies with averaged returns 25.32527668567492 ...
[6] Finished: 77184/80000 Evaluate learned policies with averaged returns 32.781799468930835 ...
[7] Finished: 69696/80000 Evaluate learned policies with averaged returns 30.917668773116855 ...
[10] Finished: 76704/80000 Evaluate learned policies with averaged returns 30.917668773116855 ...
[0] Finished: 69408/80000 Evaluate learned policies with averaged returns 36.510060860558795 ...
[3] Finished: 73344/80000 Evaluate learned policies with averaged returns 36.510060860558795 ...
[5] Finished: 67968/80000 Evaluate learned policies with averaged returns 25.325276685674915 ...
[6] Finished: 77280/80000 Evaluate learned policies with averaged returns 30.917668773116855 ...
[7] Finished: 69792/80000 Evaluate learned policies with averaged returns 32.78179946893083 ...
[0] Finished: 69504/80000 Evaluate learned policies with averaged returns 36.510060860558795 ...
[10] Finished: 76800/80000 Evaluate learned policies with averaged returns 32.78179946893083 ...
[3] Finished: 73440/80000 Evaluate learned policies with averaged returns 34.64593016474481 ...
[5] Finished: 68064/80000 Evaluate learned policies with averaged returns 27.1894073814889 ...
[6] Finished: 77376/80000 Evaluate learned policies with averaged returns 34.64593016474481 ...
[7] Finished: 69888/80000 Evaluate learned policies with averaged returns 36.510060860558795 ...
[0] Finished: 69600/80000 Evaluate learned policies with averaged returns 36.510060860558795 ...
[3] Finished: 73536/80000 Evaluate learned policies with averaged returns 30.917668773116855 ...
[10] Finished: 76896/80000 Evaluate learned policies with averaged returns 29.053538077302875 ...
[5] Finished: 68160/80000 Evaluate learned policies with averaged returns 27.1894073814889 ...
[7] Finished: 69984/80000 Evaluate learned policies with averaged returns 32.78179946893083 ...
[0] Finished: 69696/80000 Evaluate learned policies with averaged returns 36.510060860558795 ...
[6] Finished: 77472/80000 Evaluate learned policies with averaged returns 29.053538077302882 ...
[3] Finished: 73632/80000 Evaluate learned policies with averaged returns 36.510060860558795 ...
[10] Finished: 76992/80000 Evaluate learned policies with averaged returns 30.917668773116855 ...
[5] Finished: 68256/80000 Evaluate learned policies with averaged returns 30.917668773116855 ...
[7] Finished: 70080/80000 Evaluate learned policies with averaged returns 30.917668773116855 ...
[6] Finished: 77568/80000 Evaluate learned policies with averaged returns 29.053538077302875 ...
[0] Finished: 69792/80000 Evaluate learned policies with averaged returns 36.510060860558795 ...
[3] Finished: 73728/80000 Evaluate learned policies with averaged returns 34.64593016474481 ...
[10] Finished: 77088/80000 Evaluate learned policies with averaged returns 30.917668773116855 ...
[5] Finished: 68352/80000 Evaluate learned policies with averaged returns 32.78179946893083 ...
[7] Finished: 70176/80000 Evaluate learned policies with averaged returns 36.510060860558795 ...
[0] Finished: 69888/80000 Evaluate learned policies with averaged returns 36.510060860558795 ...
[6] Finished: 77664/80000 Evaluate learned policies with averaged returns 25.32527668567492 ...
[3] Finished: 73824/80000 Evaluate learned policies with averaged returns 29.053538077302875 ...
[10] Finished: 77184/80000 Evaluate learned policies with averaged returns 36.510060860558795 ...
[5] Finished: 68448/80000 Evaluate learned policies with averaged returns 32.781799468930835 ...
[7] Finished: 70272/80000 Evaluate learned policies with averaged returns 32.781799468930835 ...
[6] Finished: 77760/80000 Evaluate learned policies with averaged returns 19.732884598232978 ...
[0] Finished: 69984/80000 Evaluate learned policies with averaged returns 36.510060860558795 ...
[3] Finished: 73920/80000 Evaluate learned policies with averaged returns 32.78179946893083 ...
[10] Finished: 77280/80000 Evaluate learned policies with averaged returns 25.32527668567492 ...
[7] Finished: 70368/80000 Evaluate learned policies with averaged returns 34.64593016474481 ...
[5] Finished: 68544/80000 Evaluate learned policies with averaged returns 30.91766877311685 ...
[6] Finished: 77856/80000 Evaluate learned policies with averaged returns 29.053538077302875 ...
[0] Finished: 70080/80000 Evaluate learned policies with averaged returns 36.510060860558795 ...
[3] Finished: 74016/80000 Evaluate learned policies with averaged returns 29.053538077302875 ...
[10] Finished: 77376/80000 Evaluate learned policies with averaged returns 32.781799468930835 ...
[7] Finished: 70464/80000 Evaluate learned policies with averaged returns 32.78179946893083 ...
[6] Finished: 77952/80000 Evaluate learned policies with averaged returns 32.78179946893083 ...
[5] Finished: 68640/80000 Evaluate learned policies with averaged returns 32.781799468930835 ...
[0] Finished: 70176/80000 Evaluate learned policies with averaged returns 36.510060860558795 ...
[10] Finished: 77472/80000 Evaluate learned policies with averaged returns 30.917668773116855 ...
[3] Finished: 74112/80000 Evaluate learned policies with averaged returns 30.917668773116855 ...
[7] Finished: 70560/80000 Evaluate learned policies with averaged returns 34.64593016474481 ...
[6] Finished: 78048/80000 Evaluate learned policies with averaged returns 34.64593016474481 ...
[5] Finished: 68736/80000 Evaluate learned policies with averaged returns 34.64593016474481 ...
[0] Finished: 70272/80000 Evaluate learned policies with averaged returns 36.510060860558795 ...
[10] Finished: 77568/80000 Evaluate learned policies with averaged returns 27.189407381488895 ...
[3] Finished: 74208/80000 Evaluate learned policies with averaged returns 29.053538077302875 ...
[7] Finished: 70656/80000 Evaluate learned policies with averaged returns 27.1894073814889 ...
[6] Finished: 78144/80000 Evaluate learned policies with averaged returns 34.64593016474481 ...
[5] Finished: 68832/80000 Evaluate learned policies with averaged returns 34.64593016474481 ...
[0] Finished: 70368/80000 Evaluate learned policies with averaged returns 36.510060860558795 ...
[10] Finished: 77664/80000 Evaluate learned policies with averaged returns 29.053538077302875 ...
[3] Finished: 74304/80000 Evaluate learned policies with averaged returns 30.917668773116855 ...
[7] Finished: 70752/80000 Evaluate learned policies with averaged returns 27.189407381488895 ...
[5] Finished: 68928/80000 Evaluate learned policies with averaged returns 30.917668773116855 ...
[0] Finished: 70464/80000 Evaluate learned policies with averaged returns 36.510060860558795 ...
[6] Finished: 78240/80000 Evaluate learned policies with averaged returns 30.917668773116855 ...
[10] Finished: 77760/80000 Evaluate learned policies with averaged returns 32.781799468930835 ...
[3] Finished: 74400/80000 Evaluate learned policies with averaged returns 34.64593016474481 ...
[7] Finished: 70848/80000 Evaluate learned policies with averaged returns 27.189407381488895 ...
[6] Finished: 78336/80000 Evaluate learned policies with averaged returns 29.053538077302882 ...
[0] Finished: 70560/80000 Evaluate learned policies with averaged returns 36.510060860558795 ...
[5] Finished: 69024/80000 Evaluate learned policies with averaged returns 34.64593016474481 ...
[3] Finished: 74496/80000 Evaluate learned policies with averaged returns 36.510060860558795 ...
[10] Finished: 77856/80000 Evaluate learned policies with averaged returns 30.917668773116855 ...
[7] Finished: 70944/80000 Evaluate learned policies with averaged returns 29.053538077302882 ...
[6] Finished: 78432/80000 Evaluate learned policies with averaged returns 34.64593016474481 ...
[5] Finished: 69120/80000 Evaluate learned policies with averaged returns 36.510060860558795 ...
[0] Finished: 70656/80000 Evaluate learned policies with averaged returns 36.510060860558795 ...
[3] Finished: 74592/80000 Evaluate learned policies with averaged returns 32.78179946893083 ...
[10] Finished: 77952/80000 Evaluate learned policies with averaged returns 29.053538077302882 ...
[7] Finished: 71040/80000 Evaluate learned policies with averaged returns 32.78179946893083 ...
[6] Finished: 78528/80000 Evaluate learned policies with averaged returns 29.053538077302882 ...
[5] Finished: 69216/80000 Evaluate learned policies with averaged returns 34.64593016474481 ...
[0] Finished: 70752/80000 Evaluate learned policies with averaged returns 36.510060860558795 ...
[3] Finished: 74688/80000 Evaluate learned policies with averaged returns 32.781799468930835 ...
[10] Finished: 78048/80000 Evaluate learned policies with averaged returns 29.053538077302875 ...
[7] Finished: 71136/80000 Evaluate learned policies with averaged returns 30.917668773116855 ...
[6] Finished: 78624/80000 Evaluate learned policies with averaged returns 36.510060860558795 ...
[5] Finished: 69312/80000 Evaluate learned policies with averaged returns 27.189407381488895 ...
[0] Finished: 70848/80000 Evaluate learned policies with averaged returns 36.510060860558795 ...
[3] Finished: 74784/80000 Evaluate learned policies with averaged returns 34.64593016474481 ...
[10] Finished: 78144/80000 Evaluate learned policies with averaged returns 34.64593016474481 ...
[7] Finished: 71232/80000 Evaluate learned policies with averaged returns 29.053538077302875 ...
[6] Finished: 78720/80000 Evaluate learned policies with averaged returns 34.64593016474481 ...
[5] Finished: 69408/80000 Evaluate learned policies with averaged returns 29.053538077302875 ...
[0] Finished: 70944/80000 Evaluate learned policies with averaged returns 36.510060860558795 ...
[3] Finished: 74880/80000 Evaluate learned policies with averaged returns 30.917668773116855 ...
[10] Finished: 78240/80000 Evaluate learned policies with averaged returns 30.91766877311685 ...
[7] Finished: 71328/80000 Evaluate learned policies with averaged returns 36.510060860558795 ...
[6] Finished: 78816/80000 Evaluate learned policies with averaged returns 25.325276685674915 ...
[5] Finished: 69504/80000 Evaluate learned policies with averaged returns 32.781799468930835 ...
[0] Finished: 71040/80000 Evaluate learned policies with averaged returns 36.510060860558795 ...
[3] Finished: 74976/80000 Evaluate learned policies with averaged returns 27.189407381488895 ...
[10] Finished: 78336/80000 Evaluate learned policies with averaged returns 36.510060860558795 ...
[7] Finished: 71424/80000 Evaluate learned policies with averaged returns 34.64593016474481 ...
[6] Finished: 78912/80000 Evaluate learned policies with averaged returns 30.917668773116855 ...
[0] Finished: 71136/80000 Evaluate learned policies with averaged returns 36.510060860558795 ...
[5] Finished: 69600/80000 Evaluate learned policies with averaged returns 30.917668773116855 ...
[3] Finished: 75072/80000 Evaluate learned policies with averaged returns 29.053538077302882 ...
[10] Finished: 78432/80000 Evaluate learned policies with averaged returns 29.053538077302875 ...
[7] Finished: 71520/80000 Evaluate learned policies with averaged returns 34.64593016474481 ...
[6] Finished: 79008/80000 Evaluate learned policies with averaged returns 29.053538077302875 ...
[0] Finished: 71232/80000 Evaluate learned policies with averaged returns 36.510060860558795 ...
[5] Finished: 69696/80000 Evaluate learned policies with averaged returns 29.053538077302875 ...
[3] Finished: 75168/80000 Evaluate learned policies with averaged returns 34.64593016474481 ...
[10] Finished: 78528/80000 Evaluate learned policies with averaged returns 27.189407381488895 ...
[7] Finished: 71616/80000 Evaluate learned policies with averaged returns 27.189407381488895 ...
[6] Finished: 79104/80000 Evaluate learned policies with averaged returns 30.917668773116855 ...
[0] Finished: 71328/80000 Evaluate learned policies with averaged returns 36.510060860558795 ...
[3] Finished: 75264/80000 Evaluate learned policies with averaged returns 30.917668773116855 ...
[5] Finished: 69792/80000 Evaluate learned policies with averaged returns 25.325276685674915 ...
[10] Finished: 78624/80000 Evaluate learned policies with averaged returns 34.64593016474481 ...
[7] Finished: 71712/80000 Evaluate learned policies with averaged returns 34.64593016474481 ...
[0] Finished: 71424/80000 Evaluate learned policies with averaged returns 36.510060860558795 ...
[3] Finished: 75360/80000 Evaluate learned policies with averaged returns 34.64593016474481 ...
[6] Finished: 79200/80000 Evaluate learned policies with averaged returns 30.917668773116855 ...
[5] Finished: 69888/80000 Evaluate learned policies with averaged returns 34.64593016474481 ...
[10] Finished: 78720/80000 Evaluate learned policies with averaged returns 34.64593016474481 ...
[7] Finished: 71808/80000 Evaluate learned policies with averaged returns 34.64593016474481 ...
[0] Finished: 71520/80000 Evaluate learned policies with averaged returns 36.510060860558795 ...
[6] Finished: 79296/80000 Evaluate learned policies with averaged returns 27.1894073814889 ...
[3] Finished: 75456/80000 Evaluate learned policies with averaged returns 32.781799468930835 ...
[5] Finished: 69984/80000 Evaluate learned policies with averaged returns 32.78179946893083 ...
[7] Finished: 71904/80000 Evaluate learned policies with averaged returns 32.78179946893083 ...
[10] Finished: 78816/80000 Evaluate learned policies with averaged returns 29.053538077302875 ...
[0] Finished: 71616/80000 Evaluate learned policies with averaged returns 36.510060860558795 ...
[3] Finished: 75552/80000 Evaluate learned policies with averaged returns 32.781799468930835 ...
[7] Finished: 72000/80000 Evaluate learned policies with averaged returns 32.78179946893083 ...
[6] Finished: 79392/80000 Evaluate learned policies with averaged returns 27.1894073814889 ...
[5] Finished: 70080/80000 Evaluate learned policies with averaged returns 34.64593016474481 ...
[0] Finished: 71712/80000 Evaluate learned policies with averaged returns 34.64593016474481 ...
[10] Finished: 78912/80000 Evaluate learned policies with averaged returns 32.78179946893083 ...
[7] Finished: 72096/80000 Evaluate learned policies with averaged returns 29.053538077302875 ...
[5] Finished: 70176/80000 Evaluate learned policies with averaged returns 32.781799468930835 ...
[3] Finished: 75648/80000 Evaluate learned policies with averaged returns 30.917668773116855 ...
[0] Finished: 71808/80000 Evaluate learned policies with averaged returns 36.510060860558795 ...
[6] Finished: 79488/80000 Evaluate learned policies with averaged returns 30.917668773116855 ...
[10] Finished: 79008/80000 Evaluate learned policies with averaged returns 29.053538077302882 ...
[7] Finished: 72192/80000 Evaluate learned policies with averaged returns 32.781799468930835 ...
[5] Finished: 70272/80000 Evaluate learned policies with averaged returns 32.781799468930835 ...
[0] Finished: 71904/80000 Evaluate learned policies with averaged returns 34.64593016474481 ...
[3] Finished: 75744/80000 Evaluate learned policies with averaged returns 29.053538077302875 ...
[6] Finished: 79584/80000 Evaluate learned policies with averaged returns 32.781799468930835 ...
[10] Finished: 79104/80000 Evaluate learned policies with averaged returns 29.053538077302875 ...
[0] Finished: 72000/80000 Evaluate learned policies with averaged returns 30.917668773116855 ...
[7] Finished: 72288/80000 Evaluate learned policies with averaged returns 29.053538077302875 ...
[5] Finished: 70368/80000 Evaluate learned policies with averaged returns 29.053538077302875 ...
[6] Finished: 79680/80000 Evaluate learned policies with averaged returns 32.781799468930835 ...
[10] Finished: 79200/80000 Evaluate learned policies with averaged returns 27.1894073814889 ...
[3] Finished: 75840/80000 Evaluate learned policies with averaged returns 30.91766877311685 ...
[0] Finished: 72096/80000 Evaluate learned policies with averaged returns 34.64593016474481 ...
[7] Finished: 72384/80000 Evaluate learned policies with averaged returns 32.78179946893083 ...
[5] Finished: 70464/80000 Evaluate learned policies with averaged returns 25.32527668567492 ...
[6] Finished: 79776/80000 Evaluate learned policies with averaged returns 29.053538077302875 ...
[0] Finished: 72192/80000 Evaluate learned policies with averaged returns 36.510060860558795 ...
[3] Finished: 75936/80000 Evaluate learned policies with averaged returns 32.78179946893083 ...
[5] Finished: 70560/80000 Evaluate learned policies with averaged returns 34.64593016474481 ...
[10] Finished: 79296/80000 Evaluate learned policies with averaged returns 30.917668773116855 ...
[7] Finished: 72480/80000 Evaluate learned policies with averaged returns 29.053538077302875 ...
[6] Finished: 79872/80000 Evaluate learned policies with averaged returns 34.64593016474481 ...
[0] Finished: 72288/80000 Evaluate learned policies with averaged returns 36.510060860558795 ...
[7] Finished: 72576/80000 Evaluate learned policies with averaged returns 32.78179946893083 ...
[5] Finished: 70656/80000 Evaluate learned policies with averaged returns 30.917668773116855 ...
[3] Finished: 76032/80000 Evaluate learned policies with averaged returns 36.510060860558795 ...
[10] Finished: 79392/80000 Evaluate learned policies with averaged returns 29.053538077302882 ...
[0] Finished: 72384/80000 Evaluate learned policies with averaged returns 36.510060860558795 ...
[6] Finished: 79968/80000 Evaluate learned policies with averaged returns 30.917668773116855 ...
[7] Finished: 72672/80000 Evaluate learned policies with averaged returns 27.189407381488895 ...
[5] Finished: 70752/80000 Evaluate learned policies with averaged returns 30.917668773116855 ...
[10] Finished: 79488/80000 Evaluate learned policies with averaged returns 30.917668773116855 ...
[3] Finished: 76128/80000 Evaluate learned policies with averaged returns 32.78179946893083 ...
/home/lin.wo/macro_marl_ppo/src/macro_marl/cores/pg_based/mac_ippov2/models.py:40: RuntimeWarning: divide by zero encountered in log
  logits_1 = action_logits + np.log(1-eps)
wandb: - 0.005 MB of 0.005 MB uploadedwandb: \ 0.005 MB of 0.005 MB uploadedwandb: | 0.084 MB of 0.084 MB uploadedwandb:                                                                                
wandb: 
wandb: Run history:
wandb:    episodes ▁▁▁▁▂▂▂▂▂▃▃▃▃▃▃▄▄▄▄▄▅▅▅▅▅▅▆▆▆▆▆▇▇▇▇▇▇███
wandb: mean_return ▁████▃█▇▄▇█▅███▇▇█▇▇▄█▇▇█▆██▄▅▇▇▇▆▇▆▆▆▅▅
wandb: 
wandb: Run summary:
wandb:    episodes 79968
wandb: mean_return 30.91767
wandb: 
wandb: 🚀 View run volcanic-blaze-18 at: https://wandb.ai/wwlin1198/ma_ippo_bp10_discovery/runs/0jm2gclo
wandb: ⭐️ View project at: https://wandb.ai/wwlin1198/ma_ippo_bp10_discovery
wandb: Synced 5 W&B file(s), 0 media file(s), 0 artifact file(s) and 0 other file(s)
wandb: Find logs at: ./wandb/run-20240912_131134-0jm2gclo/logs
[0] Finished: 72480/80000 Evaluate learned policies with averaged returns 36.510060860558795 ...
[6] Finish Training ... 
[7] Finished: 72768/80000 Evaluate learned policies with averaged returns 34.64593016474481 ...
[5] Finished: 70848/80000 Evaluate learned policies with averaged returns 29.053538077302875 ...
[10] Finished: 79584/80000 Evaluate learned policies with averaged returns 30.917668773116855 ...
[3] Finished: 76224/80000 Evaluate learned policies with averaged returns 32.78179946893083 ...
[0] Finished: 72576/80000 Evaluate learned policies with averaged returns 32.78179946893083 ...
[7] Finished: 72864/80000 Evaluate learned policies with averaged returns 30.917668773116855 ...
[5] Finished: 70944/80000 Evaluate learned policies with averaged returns 32.781799468930835 ...
[10] Finished: 79680/80000 Evaluate learned policies with averaged returns 29.053538077302875 ...
[3] Finished: 76320/80000 Evaluate learned policies with averaged returns 32.781799468930835 ...
[0] Finished: 72672/80000 Evaluate learned policies with averaged returns 34.64593016474481 ...
[7] Finished: 72960/80000 Evaluate learned policies with averaged returns 32.78179946893083 ...
[5] Finished: 71040/80000 Evaluate learned policies with averaged returns 30.917668773116855 ...
[0] Finished: 72768/80000 Evaluate learned policies with averaged returns 32.781799468930835 ...
[3] Finished: 76416/80000 Evaluate learned policies with averaged returns 27.1894073814889 ...
[10] Finished: 79776/80000 Evaluate learned policies with averaged returns 32.78179946893083 ...
[7] Finished: 73056/80000 Evaluate learned policies with averaged returns 32.781799468930835 ...
[5] Finished: 71136/80000 Evaluate learned policies with averaged returns 29.053538077302882 ...
[3] Finished: 76512/80000 Evaluate learned policies with averaged returns 32.78179946893083 ...
[0] Finished: 72864/80000 Evaluate learned policies with averaged returns 36.510060860558795 ...
[10] Finished: 79872/80000 Evaluate learned policies with averaged returns 29.053538077302875 ...
[7] Finished: 73152/80000 Evaluate learned policies with averaged returns 29.053538077302875 ...
[5] Finished: 71232/80000 Evaluate learned policies with averaged returns 25.32527668567492 ...
[0] Finished: 72960/80000 Evaluate learned policies with averaged returns 36.510060860558795 ...
[7] Finished: 73248/80000 Evaluate learned policies with averaged returns 30.917668773116855 ...
[3] Finished: 76608/80000 Evaluate learned policies with averaged returns 34.64593016474481 ...
[10] Finished: 79968/80000 Evaluate learned policies with averaged returns 27.189407381488895 ...
[5] Finished: 71328/80000 Evaluate learned policies with averaged returns 30.91766877311685 ...
/home/lin.wo/macro_marl_ppo/src/macro_marl/cores/pg_based/mac_ippov2/models.py:40: RuntimeWarning: divide by zero encountered in log
  logits_1 = action_logits + np.log(1-eps)
wandb: - 0.005 MB of 0.005 MB uploaded[0] Finished: 73056/80000 Evaluate learned policies with averaged returns 36.510060860558795 ...
wandb: \ 0.005 MB of 0.005 MB uploadedwandb: | 0.005 MB of 0.005 MB uploadedwandb: / 0.084 MB of 0.084 MB uploadedwandb:                                                                                
[3] Finished: 76704/80000 Evaluate learned policies with averaged returns 30.917668773116855 ...
[7] Finished: 73344/80000 Evaluate learned policies with averaged returns 19.732884598232978 ...
wandb: 
wandb: Run history:
wandb:    episodes ▁▁▁▁▂▂▂▂▂▃▃▃▃▃▃▄▄▄▄▄▅▅▅▅▅▅▆▆▆▆▆▇▇▇▇▇▇███
wandb: mean_return ▁██████▇▇▆▆█▅▅▅▅▅▇▇▆█▃▇█▇█▆▇▅▇▇▅▇▇▇▅▆▆▆▇
wandb: 
wandb: Run summary:
wandb:    episodes 79968
wandb: mean_return 27.18941
wandb: 
wandb: 🚀 View run dry-donkey-12 at: https://wandb.ai/wwlin1198/ma_ippo_bp10_discovery/runs/nik3t44a
wandb: ⭐️ View project at: https://wandb.ai/wwlin1198/ma_ippo_bp10_discovery
wandb: Synced 5 W&B file(s), 0 media file(s), 0 artifact file(s) and 0 other file(s)
wandb: Find logs at: ./wandb/run-20240912_131133-nik3t44a/logs
[10] Finish Training ... 
[5] Finished: 71424/80000 Evaluate learned policies with averaged returns 27.1894073814889 ...
[0] Finished: 73152/80000 Evaluate learned policies with averaged returns 36.510060860558795 ...
[3] Finished: 76800/80000 Evaluate learned policies with averaged returns 30.91766877311685 ...
[7] Finished: 73440/80000 Evaluate learned policies with averaged returns 27.1894073814889 ...
[0] Finished: 73248/80000 Evaluate learned policies with averaged returns 36.510060860558795 ...
[5] Finished: 71520/80000 Evaluate learned policies with averaged returns 29.053538077302882 ...
[3] Finished: 76896/80000 Evaluate learned policies with averaged returns 32.78179946893083 ...
[7] Finished: 73536/80000 Evaluate learned policies with averaged returns 21.597015294046958 ...
[0] Finished: 73344/80000 Evaluate learned policies with averaged returns 36.510060860558795 ...
[5] Finished: 71616/80000 Evaluate learned policies with averaged returns 30.917668773116855 ...
[3] Finished: 76992/80000 Evaluate learned policies with averaged returns 32.781799468930835 ...
[7] Finished: 73632/80000 Evaluate learned policies with averaged returns 30.917668773116855 ...
[0] Finished: 73440/80000 Evaluate learned policies with averaged returns 36.510060860558795 ...
[5] Finished: 71712/80000 Evaluate learned policies with averaged returns 32.781799468930835 ...
[3] Finished: 77088/80000 Evaluate learned policies with averaged returns 30.917668773116855 ...
[7] Finished: 73728/80000 Evaluate learned policies with averaged returns 36.510060860558795 ...
[0] Finished: 73536/80000 Evaluate learned policies with averaged returns 36.510060860558795 ...
[5] Finished: 71808/80000 Evaluate learned policies with averaged returns 29.053538077302875 ...
[3] Finished: 77184/80000 Evaluate learned policies with averaged returns 30.917668773116855 ...
[7] Finished: 73824/80000 Evaluate learned policies with averaged returns 34.64593016474481 ...
[0] Finished: 73632/80000 Evaluate learned policies with averaged returns 36.510060860558795 ...
[5] Finished: 71904/80000 Evaluate learned policies with averaged returns 29.053538077302882 ...
[7] Finished: 73920/80000 Evaluate learned policies with averaged returns 32.781799468930835 ...
[3] Finished: 77280/80000 Evaluate learned policies with averaged returns 29.053538077302875 ...
[0] Finished: 73728/80000 Evaluate learned policies with averaged returns 36.510060860558795 ...
[5] Finished: 72000/80000 Evaluate learned policies with averaged returns 27.189407381488895 ...
[7] Finished: 74016/80000 Evaluate learned policies with averaged returns 29.053538077302875 ...
[3] Finished: 77376/80000 Evaluate learned policies with averaged returns 29.053538077302875 ...
[0] Finished: 73824/80000 Evaluate learned policies with averaged returns 36.510060860558795 ...
[7] Finished: 74112/80000 Evaluate learned policies with averaged returns 27.1894073814889 ...
[3] Finished: 77472/80000 Evaluate learned policies with averaged returns 32.78179946893083 ...
[5] Finished: 72096/80000 Evaluate learned policies with averaged returns 30.917668773116855 ...
[0] Finished: 73920/80000 Evaluate learned policies with averaged returns 36.510060860558795 ...
[7] Finished: 74208/80000 Evaluate learned policies with averaged returns 29.053538077302875 ...
[5] Finished: 72192/80000 Evaluate learned policies with averaged returns 29.053538077302875 ...
[3] Finished: 77568/80000 Evaluate learned policies with averaged returns 27.1894073814889 ...
[0] Finished: 74016/80000 Evaluate learned policies with averaged returns 36.510060860558795 ...
[7] Finished: 74304/80000 Evaluate learned policies with averaged returns 32.781799468930835 ...
[5] Finished: 72288/80000 Evaluate learned policies with averaged returns 30.917668773116855 ...
[3] Finished: 77664/80000 Evaluate learned policies with averaged returns 27.189407381488895 ...
[0] Finished: 74112/80000 Evaluate learned policies with averaged returns 36.510060860558795 ...
[7] Finished: 74400/80000 Evaluate learned policies with averaged returns 32.781799468930835 ...
[5] Finished: 72384/80000 Evaluate learned policies with averaged returns 27.189407381488895 ...
[3] Finished: 77760/80000 Evaluate learned policies with averaged returns 36.510060860558795 ...
[0] Finished: 74208/80000 Evaluate learned policies with averaged returns 36.510060860558795 ...
[7] Finished: 74496/80000 Evaluate learned policies with averaged returns 27.1894073814889 ...
[5] Finished: 72480/80000 Evaluate learned policies with averaged returns 32.781799468930835 ...
[3] Finished: 77856/80000 Evaluate learned policies with averaged returns 32.78179946893083 ...
[0] Finished: 74304/80000 Evaluate learned policies with averaged returns 36.510060860558795 ...
[7] Finished: 74592/80000 Evaluate learned policies with averaged returns 27.189407381488895 ...
[5] Finished: 72576/80000 Evaluate learned policies with averaged returns 25.32527668567492 ...
[3] Finished: 77952/80000 Evaluate learned policies with averaged returns 30.917668773116855 ...
[0] Finished: 74400/80000 Evaluate learned policies with averaged returns 36.510060860558795 ...
[7] Finished: 74688/80000 Evaluate learned policies with averaged returns 30.917668773116855 ...
[5] Finished: 72672/80000 Evaluate learned policies with averaged returns 32.781799468930835 ...
[3] Finished: 78048/80000 Evaluate learned policies with averaged returns 32.78179946893083 ...
[0] Finished: 74496/80000 Evaluate learned policies with averaged returns 34.64593016474481 ...
[7] Finished: 74784/80000 Evaluate learned policies with averaged returns 27.189407381488895 ...
[5] Finished: 72768/80000 Evaluate learned policies with averaged returns 32.78179946893083 ...
[3] Finished: 78144/80000 Evaluate learned policies with averaged returns 34.64593016474481 ...
[0] Finished: 74592/80000 Evaluate learned policies with averaged returns 36.510060860558795 ...
[7] Finished: 74880/80000 Evaluate learned policies with averaged returns 32.78179946893083 ...
[5] Finished: 72864/80000 Evaluate learned policies with averaged returns 25.32527668567492 ...
[0] Finished: 74688/80000 Evaluate learned policies with averaged returns 36.510060860558795 ...
[7] Finished: 74976/80000 Evaluate learned policies with averaged returns 32.78179946893083 ...
[3] Finished: 78240/80000 Evaluate learned policies with averaged returns 25.32527668567492 ...
[5] Finished: 72960/80000 Evaluate learned policies with averaged returns 32.781799468930835 ...
[7] Finished: 75072/80000 Evaluate learned policies with averaged returns 34.64593016474481 ...
[3] Finished: 78336/80000 Evaluate learned policies with averaged returns 27.189407381488895 ...
[0] Finished: 74784/80000 Evaluate learned policies with averaged returns 36.510060860558795 ...
[5] Finished: 73056/80000 Evaluate learned policies with averaged returns 30.917668773116855 ...
[7] Finished: 75168/80000 Evaluate learned policies with averaged returns 32.78179946893083 ...
[3] Finished: 78432/80000 Evaluate learned policies with averaged returns 29.053538077302875 ...
[0] Finished: 74880/80000 Evaluate learned policies with averaged returns 32.781799468930835 ...
[5] Finished: 73152/80000 Evaluate learned policies with averaged returns 34.64593016474481 ...
[7] Finished: 75264/80000 Evaluate learned policies with averaged returns 36.510060860558795 ...
[3] Finished: 78528/80000 Evaluate learned policies with averaged returns 25.32527668567492 ...
[0] Finished: 74976/80000 Evaluate learned policies with averaged returns 32.78179946893083 ...
[7] Finished: 75360/80000 Evaluate learned policies with averaged returns 27.1894073814889 ...
[5] Finished: 73248/80000 Evaluate learned policies with averaged returns 32.781799468930835 ...
[3] Finished: 78624/80000 Evaluate learned policies with averaged returns 30.917668773116855 ...
[0] Finished: 75072/80000 Evaluate learned policies with averaged returns 32.781799468930835 ...
[7] Finished: 75456/80000 Evaluate learned policies with averaged returns 32.781799468930835 ...
[5] Finished: 73344/80000 Evaluate learned policies with averaged returns 32.78179946893083 ...
[3] Finished: 78720/80000 Evaluate learned policies with averaged returns 27.1894073814889 ...
[0] Finished: 75168/80000 Evaluate learned policies with averaged returns 32.78179946893083 ...
[7] Finished: 75552/80000 Evaluate learned policies with averaged returns 32.781799468930835 ...
[5] Finished: 73440/80000 Evaluate learned policies with averaged returns 30.91766877311685 ...
[3] Finished: 78816/80000 Evaluate learned policies with averaged returns 34.64593016474481 ...
[0] Finished: 75264/80000 Evaluate learned policies with averaged returns 32.781799468930835 ...
[7] Finished: 75648/80000 Evaluate learned policies with averaged returns 36.510060860558795 ...
[5] Finished: 73536/80000 Evaluate learned policies with averaged returns 32.781799468930835 ...
[3] Finished: 78912/80000 Evaluate learned policies with averaged returns 34.64593016474481 ...
[7] Finished: 75744/80000 Evaluate learned policies with averaged returns 29.053538077302875 ...
[0] Finished: 75360/80000 Evaluate learned policies with averaged returns 36.510060860558795 ...
[5] Finished: 73632/80000 Evaluate learned policies with averaged returns 32.781799468930835 ...
[3] Finished: 79008/80000 Evaluate learned policies with averaged returns 30.917668773116855 ...
[7] Finished: 75840/80000 Evaluate learned policies with averaged returns 30.917668773116855 ...
[0] Finished: 75456/80000 Evaluate learned policies with averaged returns 36.510060860558795 ...
[5] Finished: 73728/80000 Evaluate learned policies with averaged returns 34.64593016474481 ...
[3] Finished: 79104/80000 Evaluate learned policies with averaged returns 30.917668773116855 ...
[7] Finished: 75936/80000 Evaluate learned policies with averaged returns 34.64593016474481 ...
[0] Finished: 75552/80000 Evaluate learned policies with averaged returns 29.053538077302875 ...
[5] Finished: 73824/80000 Evaluate learned policies with averaged returns 34.64593016474481 ...
[3] Finished: 79200/80000 Evaluate learned policies with averaged returns 30.917668773116855 ...
[7] Finished: 76032/80000 Evaluate learned policies with averaged returns 29.053538077302875 ...
[0] Finished: 75648/80000 Evaluate learned policies with averaged returns 30.917668773116855 ...
[5] Finished: 73920/80000 Evaluate learned policies with averaged returns 34.64593016474481 ...
[3] Finished: 79296/80000 Evaluate learned policies with averaged returns 34.64593016474481 ...
[7] Finished: 76128/80000 Evaluate learned policies with averaged returns 32.781799468930835 ...
[0] Finished: 75744/80000 Evaluate learned policies with averaged returns 32.781799468930835 ...
[5] Finished: 74016/80000 Evaluate learned policies with averaged returns 32.781799468930835 ...
[3] Finished: 79392/80000 Evaluate learned policies with averaged returns 30.917668773116855 ...
[7] Finished: 76224/80000 Evaluate learned policies with averaged returns 34.64593016474481 ...
[0] Finished: 75840/80000 Evaluate learned policies with averaged returns 32.78179946893083 ...
[5] Finished: 74112/80000 Evaluate learned policies with averaged returns 29.053538077302882 ...
[3] Finished: 79488/80000 Evaluate learned policies with averaged returns 29.053538077302875 ...
[7] Finished: 76320/80000 Evaluate learned policies with averaged returns 36.510060860558795 ...
[0] Finished: 75936/80000 Evaluate learned policies with averaged returns 36.510060860558795 ...
[5] Finished: 74208/80000 Evaluate learned policies with averaged returns 30.917668773116855 ...
[7] Finished: 76416/80000 Evaluate learned policies with averaged returns 32.781799468930835 ...
[3] Finished: 79584/80000 Evaluate learned policies with averaged returns 27.1894073814889 ...
[0] Finished: 76032/80000 Evaluate learned policies with averaged returns 23.46114598986094 ...
[5] Finished: 74304/80000 Evaluate learned policies with averaged returns 27.1894073814889 ...
[7] Finished: 76512/80000 Evaluate learned policies with averaged returns 29.053538077302875 ...
[3] Finished: 79680/80000 Evaluate learned policies with averaged returns 32.78179946893083 ...
[0] Finished: 76128/80000 Evaluate learned policies with averaged returns 36.510060860558795 ...
[5] Finished: 74400/80000 Evaluate learned policies with averaged returns 30.917668773116855 ...
[7] Finished: 76608/80000 Evaluate learned policies with averaged returns 34.64593016474481 ...
[3] Finished: 79776/80000 Evaluate learned policies with averaged returns 29.053538077302882 ...
[0] Finished: 76224/80000 Evaluate learned policies with averaged returns 36.510060860558795 ...
[5] Finished: 74496/80000 Evaluate learned policies with averaged returns 29.053538077302875 ...
[7] Finished: 76704/80000 Evaluate learned policies with averaged returns 34.64593016474481 ...
[3] Finished: 79872/80000 Evaluate learned policies with averaged returns 30.917668773116855 ...
[0] Finished: 76320/80000 Evaluate learned policies with averaged returns 36.510060860558795 ...
[7] Finished: 76800/80000 Evaluate learned policies with averaged returns 34.64593016474481 ...
[5] Finished: 74592/80000 Evaluate learned policies with averaged returns 27.189407381488895 ...
[3] Finished: 79968/80000 Evaluate learned policies with averaged returns 29.053538077302875 ...
[0] Finished: 76416/80000 Evaluate learned policies with averaged returns 36.510060860558795 ...
[7] Finished: 76896/80000 Evaluate learned policies with averaged returns 25.325276685674915 ...
[5] Finished: 74688/80000 Evaluate learned policies with averaged returns 25.32527668567492 ...
/home/lin.wo/macro_marl_ppo/src/macro_marl/cores/pg_based/mac_ippov2/models.py:40: RuntimeWarning: divide by zero encountered in log
  logits_1 = action_logits + np.log(1-eps)
wandb: - 0.005 MB of 0.005 MB uploadedwandb: \ 0.005 MB of 0.005 MB uploadedwandb: | 0.005 MB of 0.005 MB uploadedwandb: / 0.084 MB of 0.084 MB uploadedwandb:                                                                                
[0] Finished: 76512/80000 Evaluate learned policies with averaged returns 32.781799468930835 ...
[7] Finished: 76992/80000 Evaluate learned policies with averaged returns 32.78179946893083 ...
wandb: 
wandb: Run history:
wandb:    episodes ▁▁▁▁▂▂▂▂▂▃▃▃▃▃▃▄▄▄▄▄▅▅▅▅▅▅▆▆▆▆▆▇▇▇▇▇▇███
wandb: mean_return ▁████████▇█▇█▆▆▆▆▆▆▆▆▆▇█▆▆▇▇▇▆█▇▇▆▆▇█▇▆▅
wandb: 
wandb: Run summary:
wandb:    episodes 79968
wandb: mean_return 29.05354
wandb: 
wandb: 🚀 View run hardy-sound-22 at: https://wandb.ai/wwlin1198/ma_ippo_bp10_discovery/runs/2ouyr4x2
wandb: ⭐️ View project at: https://wandb.ai/wwlin1198/ma_ippo_bp10_discovery
wandb: Synced 5 W&B file(s), 0 media file(s), 0 artifact file(s) and 0 other file(s)
wandb: Find logs at: ./wandb/run-20240912_131134-2ouyr4x2/logs
[3] Finish Training ... 
[5] Finished: 74784/80000 Evaluate learned policies with averaged returns 29.053538077302875 ...
[0] Finished: 76608/80000 Evaluate learned policies with averaged returns 34.64593016474481 ...
[7] Finished: 77088/80000 Evaluate learned policies with averaged returns 30.917668773116855 ...
[5] Finished: 74880/80000 Evaluate learned policies with averaged returns 34.64593016474481 ...
[0] Finished: 76704/80000 Evaluate learned policies with averaged returns 30.917668773116855 ...
[7] Finished: 77184/80000 Evaluate learned policies with averaged returns 30.917668773116855 ...
[5] Finished: 74976/80000 Evaluate learned policies with averaged returns 27.1894073814889 ...
[0] Finished: 76800/80000 Evaluate learned policies with averaged returns 34.64593016474481 ...
[7] Finished: 77280/80000 Evaluate learned policies with averaged returns 30.917668773116855 ...
[5] Finished: 75072/80000 Evaluate learned policies with averaged returns 25.32527668567492 ...
[0] Finished: 76896/80000 Evaluate learned policies with averaged returns 30.917668773116855 ...
[7] Finished: 77376/80000 Evaluate learned policies with averaged returns 34.64593016474481 ...
[5] Finished: 75168/80000 Evaluate learned policies with averaged returns 32.781799468930835 ...
[7] Finished: 77472/80000 Evaluate learned policies with averaged returns 30.917668773116855 ...
[0] Finished: 76992/80000 Evaluate learned policies with averaged returns 32.781799468930835 ...
[5] Finished: 75264/80000 Evaluate learned policies with averaged returns 30.917668773116855 ...
[7] Finished: 77568/80000 Evaluate learned policies with averaged returns 32.781799468930835 ...
[0] Finished: 77088/80000 Evaluate learned policies with averaged returns 36.510060860558795 ...
[7] Finished: 77664/80000 Evaluate learned policies with averaged returns 32.78179946893083 ...
[5] Finished: 75360/80000 Evaluate learned policies with averaged returns 30.917668773116855 ...
[0] Finished: 77184/80000 Evaluate learned policies with averaged returns 34.64593016474481 ...
[7] Finished: 77760/80000 Evaluate learned policies with averaged returns 32.781799468930835 ...
[5] Finished: 75456/80000 Evaluate learned policies with averaged returns 29.053538077302875 ...
[0] Finished: 77280/80000 Evaluate learned policies with averaged returns 36.510060860558795 ...
[7] Finished: 77856/80000 Evaluate learned policies with averaged returns 29.053538077302875 ...
[5] Finished: 75552/80000 Evaluate learned policies with averaged returns 29.053538077302875 ...
[0] Finished: 77376/80000 Evaluate learned policies with averaged returns 36.510060860558795 ...
[7] Finished: 77952/80000 Evaluate learned policies with averaged returns 29.053538077302875 ...
[0] Finished: 77472/80000 Evaluate learned policies with averaged returns 36.510060860558795 ...
[5] Finished: 75648/80000 Evaluate learned policies with averaged returns 32.781799468930835 ...
[7] Finished: 78048/80000 Evaluate learned policies with averaged returns 36.510060860558795 ...
[0] Finished: 77568/80000 Evaluate learned policies with averaged returns 36.510060860558795 ...
[5] Finished: 75744/80000 Evaluate learned policies with averaged returns 32.781799468930835 ...
[7] Finished: 78144/80000 Evaluate learned policies with averaged returns 29.053538077302875 ...
[0] Finished: 77664/80000 Evaluate learned policies with averaged returns 36.510060860558795 ...
[5] Finished: 75840/80000 Evaluate learned policies with averaged returns 27.189407381488895 ...
[7] Finished: 78240/80000 Evaluate learned policies with averaged returns 32.78179946893083 ...
[0] Finished: 77760/80000 Evaluate learned policies with averaged returns 36.510060860558795 ...
[7] Finished: 78336/80000 Evaluate learned policies with averaged returns 30.917668773116855 ...
[5] Finished: 75936/80000 Evaluate learned policies with averaged returns 30.917668773116855 ...
[0] Finished: 77856/80000 Evaluate learned policies with averaged returns 36.510060860558795 ...
[7] Finished: 78432/80000 Evaluate learned policies with averaged returns 34.64593016474481 ...
[5] Finished: 76032/80000 Evaluate learned policies with averaged returns 32.78179946893083 ...
[0] Finished: 77952/80000 Evaluate learned policies with averaged returns 36.510060860558795 ...
[7] Finished: 78528/80000 Evaluate learned policies with averaged returns 32.781799468930835 ...
[5] Finished: 76128/80000 Evaluate learned policies with averaged returns 27.189407381488895 ...
[0] Finished: 78048/80000 Evaluate learned policies with averaged returns 36.510060860558795 ...
[7] Finished: 78624/80000 Evaluate learned policies with averaged returns 32.781799468930835 ...
[5] Finished: 76224/80000 Evaluate learned policies with averaged returns 27.189407381488895 ...
[7] Finished: 78720/80000 Evaluate learned policies with averaged returns 30.917668773116855 ...
[0] Finished: 78144/80000 Evaluate learned policies with averaged returns 36.510060860558795 ...
[5] Finished: 76320/80000 Evaluate learned policies with averaged returns 25.325276685674915 ...
[7] Finished: 78816/80000 Evaluate learned policies with averaged returns 29.053538077302875 ...
[0] Finished: 78240/80000 Evaluate learned policies with averaged returns 36.510060860558795 ...
[5] Finished: 76416/80000 Evaluate learned policies with averaged returns 25.32527668567492 ...
[7] Finished: 78912/80000 Evaluate learned policies with averaged returns 27.189407381488895 ...
[0] Finished: 78336/80000 Evaluate learned policies with averaged returns 36.510060860558795 ...
[5] Finished: 76512/80000 Evaluate learned policies with averaged returns 27.1894073814889 ...
[7] Finished: 79008/80000 Evaluate learned policies with averaged returns 30.917668773116855 ...
[0] Finished: 78432/80000 Evaluate learned policies with averaged returns 36.510060860558795 ...
[7] Finished: 79104/80000 Evaluate learned policies with averaged returns 30.917668773116855 ...
[5] Finished: 76608/80000 Evaluate learned policies with averaged returns 25.32527668567492 ...
[0] Finished: 78528/80000 Evaluate learned policies with averaged returns 34.64593016474481 ...
[7] Finished: 79200/80000 Evaluate learned policies with averaged returns 29.053538077302875 ...
[5] Finished: 76704/80000 Evaluate learned policies with averaged returns 23.461145989860935 ...
[0] Finished: 78624/80000 Evaluate learned policies with averaged returns 36.510060860558795 ...
[7] Finished: 79296/80000 Evaluate learned policies with averaged returns 27.1894073814889 ...
[5] Finished: 76800/80000 Evaluate learned policies with averaged returns 27.189407381488895 ...
[0] Finished: 78720/80000 Evaluate learned policies with averaged returns 36.510060860558795 ...
[7] Finished: 79392/80000 Evaluate learned policies with averaged returns 32.781799468930835 ...
[5] Finished: 76896/80000 Evaluate learned policies with averaged returns 25.325276685674915 ...
[0] Finished: 78816/80000 Evaluate learned policies with averaged returns 34.64593016474481 ...
[7] Finished: 79488/80000 Evaluate learned policies with averaged returns 30.917668773116855 ...
[0] Finished: 78912/80000 Evaluate learned policies with averaged returns 36.510060860558795 ...
[5] Finished: 76992/80000 Evaluate learned policies with averaged returns 27.1894073814889 ...
[7] Finished: 79584/80000 Evaluate learned policies with averaged returns 29.053538077302875 ...
[0] Finished: 79008/80000 Evaluate learned policies with averaged returns 36.510060860558795 ...
[7] Finished: 79680/80000 Evaluate learned policies with averaged returns 36.510060860558795 ...
[5] Finished: 77088/80000 Evaluate learned policies with averaged returns 27.1894073814889 ...
[0] Finished: 79104/80000 Evaluate learned policies with averaged returns 34.64593016474481 ...
[7] Finished: 79776/80000 Evaluate learned policies with averaged returns 34.64593016474481 ...
[5] Finished: 77184/80000 Evaluate learned policies with averaged returns 34.64593016474481 ...
[0] Finished: 79200/80000 Evaluate learned policies with averaged returns 36.510060860558795 ...
[7] Finished: 79872/80000 Evaluate learned policies with averaged returns 34.64593016474481 ...
[5] Finished: 77280/80000 Evaluate learned policies with averaged returns 30.917668773116855 ...
[0] Finished: 79296/80000 Evaluate learned policies with averaged returns 34.64593016474481 ...
[7] Finished: 79968/80000 Evaluate learned policies with averaged returns 34.64593016474481 ...
[5] Finished: 77376/80000 Evaluate learned policies with averaged returns 30.917668773116855 ...
[0] Finished: 79392/80000 Evaluate learned policies with averaged returns 36.510060860558795 ...
/home/lin.wo/macro_marl_ppo/src/macro_marl/cores/pg_based/mac_ippov2/models.py:40: RuntimeWarning: divide by zero encountered in log
  logits_1 = action_logits + np.log(1-eps)
wandb: - 0.005 MB of 0.005 MB uploadedwandb: \ 0.005 MB of 0.082 MB uploaded[0] Finished: 79488/80000 Evaluate learned policies with averaged returns 36.510060860558795 ...
wandb: | 0.005 MB of 0.082 MB uploadedwandb: / 0.084 MB of 0.084 MB uploadedwandb:                                                                                
[5] Finished: 77472/80000 Evaluate learned policies with averaged returns 30.917668773116855 ...
wandb: 
wandb: Run history:
wandb:    episodes ▁▁▁▁▂▂▂▂▂▃▃▃▃▃▃▄▄▄▄▄▅▅▅▅▅▅▆▆▆▆▆▇▇▇▇▇▇███
wandb: mean_return ▁████▇▇▆▇▇█▆▆▇▅██▆▇▅▅▇▆█▆▇▆▅▅▄▆█▅▆▇█▆▇▆▇
wandb: 
wandb: Run summary:
wandb:    episodes 79968
wandb: mean_return 34.64593
wandb: 
wandb: 🚀 View run crimson-plasma-16 at: https://wandb.ai/wwlin1198/ma_ippo_bp10_discovery/runs/l4qn5q9i
wandb: ⭐️ View project at: https://wandb.ai/wwlin1198/ma_ippo_bp10_discovery
wandb: Synced 5 W&B file(s), 0 media file(s), 0 artifact file(s) and 0 other file(s)
wandb: Find logs at: ./wandb/run-20240912_131134-l4qn5q9i/logs
[7] Finish Training ... 
[0] Finished: 79584/80000 Evaluate learned policies with averaged returns 36.510060860558795 ...
[5] Finished: 77568/80000 Evaluate learned policies with averaged returns 32.78179946893083 ...
[0] Finished: 79680/80000 Evaluate learned policies with averaged returns 34.64593016474481 ...
[5] Finished: 77664/80000 Evaluate learned policies with averaged returns 29.053538077302882 ...
[0] Finished: 79776/80000 Evaluate learned policies with averaged returns 36.510060860558795 ...
[5] Finished: 77760/80000 Evaluate learned policies with averaged returns 29.053538077302882 ...
[0] Finished: 79872/80000 Evaluate learned policies with averaged returns 34.64593016474481 ...
[5] Finished: 77856/80000 Evaluate learned policies with averaged returns 29.053538077302882 ...
[0] Finished: 79968/80000 Evaluate learned policies with averaged returns 34.64593016474481 ...
[5] Finished: 77952/80000 Evaluate learned policies with averaged returns 32.781799468930835 ...
/home/lin.wo/macro_marl_ppo/src/macro_marl/cores/pg_based/mac_ippov2/models.py:40: RuntimeWarning: divide by zero encountered in log
  logits_1 = action_logits + np.log(1-eps)
wandb: - 0.005 MB of 0.005 MB uploaded[5] Finished: 78048/80000 Evaluate learned policies with averaged returns 29.053538077302882 ...
wandb: \ 0.005 MB of 0.005 MB uploadedwandb: | 0.084 MB of 0.084 MB uploadedwandb:                                                                                
wandb: 
wandb: Run history:
wandb:    episodes ▁▁▁▁▂▂▂▂▂▃▃▃▃▃▃▄▄▄▄▄▅▅▅▅▅▅▆▆▆▆▆▇▇▇▇▇▇███
wandb: mean_return ▁▆███████████████████████████████████▇██
wandb: 
wandb: Run summary:
wandb:    episodes 79968
wandb: mean_return 34.64593
wandb: 
wandb: 🚀 View run azure-water-13 at: https://wandb.ai/wwlin1198/ma_ippo_bp10_discovery/runs/ba7k4e3e
wandb: ⭐️ View project at: https://wandb.ai/wwlin1198/ma_ippo_bp10_discovery
wandb: Synced 5 W&B file(s), 0 media file(s), 0 artifact file(s) and 0 other file(s)
wandb: Find logs at: ./wandb/run-20240912_131134-ba7k4e3e/logs
[0] Finish Training ... 
[5] Finished: 78144/80000 Evaluate learned policies with averaged returns 32.781799468930835 ...
[5] Finished: 78240/80000 Evaluate learned policies with averaged returns 30.917668773116855 ...
[5] Finished: 78336/80000 Evaluate learned policies with averaged returns 34.64593016474481 ...
[5] Finished: 78432/80000 Evaluate learned policies with averaged returns 32.78179946893083 ...
[5] Finished: 78528/80000 Evaluate learned policies with averaged returns 29.053538077302875 ...
[5] Finished: 78624/80000 Evaluate learned policies with averaged returns 32.781799468930835 ...
[5] Finished: 78720/80000 Evaluate learned policies with averaged returns 30.917668773116855 ...
[5] Finished: 78816/80000 Evaluate learned policies with averaged returns 30.917668773116855 ...
[5] Finished: 78912/80000 Evaluate learned policies with averaged returns 29.053538077302882 ...
[5] Finished: 79008/80000 Evaluate learned policies with averaged returns 30.917668773116855 ...
[5] Finished: 79104/80000 Evaluate learned policies with averaged returns 23.46114598986094 ...
[5] Finished: 79200/80000 Evaluate learned policies with averaged returns 34.64593016474481 ...
[5] Finished: 79296/80000 Evaluate learned policies with averaged returns 29.053538077302875 ...
[5] Finished: 79392/80000 Evaluate learned policies with averaged returns 30.917668773116855 ...
[5] Finished: 79488/80000 Evaluate learned policies with averaged returns 32.78179946893083 ...
[5] Finished: 79584/80000 Evaluate learned policies with averaged returns 29.053538077302875 ...
[5] Finished: 79680/80000 Evaluate learned policies with averaged returns 30.917668773116855 ...
[5] Finished: 79776/80000 Evaluate learned policies with averaged returns 34.64593016474481 ...
[5] Finished: 79872/80000 Evaluate learned policies with averaged returns 29.053538077302882 ...
[5] Finished: 79968/80000 Evaluate learned policies with averaged returns 29.053538077302875 ...
/home/lin.wo/macro_marl_ppo/src/macro_marl/cores/pg_based/mac_ippov2/models.py:40: RuntimeWarning: divide by zero encountered in log
  logits_1 = action_logits + np.log(1-eps)
wandb: - 0.005 MB of 0.005 MB uploadedwandb: \ 0.005 MB of 0.005 MB uploadedwandb: | 0.005 MB of 0.084 MB uploadedwandb: / 0.005 MB of 0.084 MB uploadedwandb: - 0.084 MB of 0.084 MB uploadedwandb:                                                                                
wandb: 
wandb: Run history:
wandb:    episodes ▁▁▁▁▂▂▂▂▂▃▃▃▃▃▃▄▄▄▄▄▅▅▅▅▅▅▆▆▆▆▆▇▇▇▇▇▇███
wandb: mean_return ▁███████▇███▆█▇█▆▆▆▇▇▆▆▇█▆▆▆▆▇▆▆▇▆▇▆▆▆▆▇
wandb: 
wandb: Run summary:
wandb:    episodes 79968
wandb: mean_return 29.05354
wandb: 
wandb: 🚀 View run wild-brook-20 at: https://wandb.ai/wwlin1198/ma_ippo_bp10_discovery/runs/6unf8txl
wandb: ⭐️ View project at: https://wandb.ai/wwlin1198/ma_ippo_bp10_discovery
wandb: Synced 5 W&B file(s), 0 media file(s), 0 artifact file(s) and 0 other file(s)
wandb: Find logs at: ./wandb/run-20240912_131134-6unf8txl/logs
[5] Finish Training ... 
Job ended at: 2024-09-12 15:28:15
