Job started at: 2024-09-12 13:09:27
Executing mac_ippo.sh
/scratch/lin.wo/macro_marl/bin/pg_based_main.py:4: DeprecationWarning: pkg_resources is deprecated as an API. See https://setuptools.pypa.io/en/latest/pkg_resources.html
  __import__('pkg_resources').require('macro-marl==0.0.2')
/scratch/lin.wo/macro_marl/bin/pg_based_main.py:4: DeprecationWarning: pkg_resources is deprecated as an API. See https://setuptools.pypa.io/en/latest/pkg_resources.html
  __import__('pkg_resources').require('macro-marl==0.0.2')
/scratch/lin.wo/macro_marl/bin/pg_based_main.py:4: DeprecationWarning: pkg_resources is deprecated as an API. See https://setuptools.pypa.io/en/latest/pkg_resources.html
  __import__('pkg_resources').require('macro-marl==0.0.2')
/scratch/lin.wo/macro_marl/bin/pg_based_main.py:4: DeprecationWarning: pkg_resources is deprecated as an API. See https://setuptools.pypa.io/en/latest/pkg_resources.html
  __import__('pkg_resources').require('macro-marl==0.0.2')
/scratch/lin.wo/macro_marl/bin/pg_based_main.py:4: DeprecationWarning: pkg_resources is deprecated as an API. See https://setuptools.pypa.io/en/latest/pkg_resources.html
  __import__('pkg_resources').require('macro-marl==0.0.2')
/scratch/lin.wo/macro_marl/bin/pg_based_main.py:4: DeprecationWarning: pkg_resources is deprecated as an API. See https://setuptools.pypa.io/en/latest/pkg_resources.html
  __import__('pkg_resources').require('macro-marl==0.0.2')
/scratch/lin.wo/macro_marl/bin/pg_based_main.py:4: DeprecationWarning: pkg_resources is deprecated as an API. See https://setuptools.pypa.io/en/latest/pkg_resources.html
  __import__('pkg_resources').require('macro-marl==0.0.2')
/scratch/lin.wo/macro_marl/bin/pg_based_main.py:4: DeprecationWarning: pkg_resources is deprecated as an API. See https://setuptools.pypa.io/en/latest/pkg_resources.html
  __import__('pkg_resources').require('macro-marl==0.0.2')
/scratch/lin.wo/macro_marl/bin/pg_based_main.py:4: DeprecationWarning: pkg_resources is deprecated as an API. See https://setuptools.pypa.io/en/latest/pkg_resources.html
  __import__('pkg_resources').require('macro-marl==0.0.2')
/scratch/lin.wo/macro_marl/bin/pg_based_main.py:4: DeprecationWarning: pkg_resources is deprecated as an API. See https://setuptools.pypa.io/en/latest/pkg_resources.html
  __import__('pkg_resources').require('macro-marl==0.0.2')
/scratch/lin.wo/macro_marl/bin/pg_based_main.py:4: DeprecationWarning: pkg_resources is deprecated as an API. See https://setuptools.pypa.io/en/latest/pkg_resources.html
  __import__('pkg_resources').require('macro-marl==0.0.2')
wandb: Currently logged in as: woweilin9 (wwlin1198). Use `wandb login --relogin` to force relogin
wandb: Currently logged in as: woweilin9 (wwlin1198). Use `wandb login --relogin` to force relogin
wandb: Currently logged in as: woweilin9 (wwlin1198). Use `wandb login --relogin` to force relogin
wandb: Appending key for api.wandb.ai to your netrc file: /home/lin.wo/.netrc
wandb: Appending key for api.wandb.ai to your netrc file: /home/lin.wo/.netrc
wandb: Currently logged in as: woweilin9 (wwlin1198). Use `wandb login --relogin` to force relogin
wandb: Currently logged in as: woweilin9 (wwlin1198). Use `wandb login --relogin` to force relogin
wandb: Currently logged in as: woweilin9 (wwlin1198). Use `wandb login --relogin` to force relogin
wandb: Currently logged in as: woweilin9 (wwlin1198). Use `wandb login --relogin` to force relogin
wandb: Appending key for api.wandb.ai to your netrc file: /home/lin.wo/.netrc
wandb: Currently logged in as: woweilin9 (wwlin1198). Use `wandb login --relogin` to force relogin
wandb: Currently logged in as: woweilin9 (wwlin1198). Use `wandb login --relogin` to force relogin
wandb: Appending key for api.wandb.ai to your netrc file: /home/lin.wo/.netrc
wandb: Appending key for api.wandb.ai to your netrc file: /home/lin.wo/.netrc
wandb: Appending key for api.wandb.ai to your netrc file: /home/lin.wo/.netrc
wandb: Appending key for api.wandb.ai to your netrc file: /home/lin.wo/.netrc
wandb: Appending key for api.wandb.ai to your netrc file: /home/lin.wo/.netrc
wandb: Appending key for api.wandb.ai to your netrc file: /home/lin.wo/.netrc
wandb: Currently logged in as: woweilin9 (wwlin1198). Use `wandb login --relogin` to force relogin
wandb: Appending key for api.wandb.ai to your netrc file: /home/lin.wo/.netrc
wandb: ERROR Error while calling W&B API: An internal error occurred. Please contact support. (<Response [500]>)
wandb: Currently logged in as: woweilin9 (wwlin1198). Use `wandb login --relogin` to force relogin
wandb: Appending key for api.wandb.ai to your netrc file: /home/lin.wo/.netrc
wandb: - Waiting for wandb.init()...wandb: \ Waiting for wandb.init()...wandb: wandb version 0.18.0 is available!  To upgrade, please run:
wandb:  $ pip install wandb --upgrade
wandb: wandb version 0.18.0 is available!  To upgrade, please run:
wandb:  $ pip install wandb --upgrade
wandb: Tracking run with wandb version 0.16.6
wandb: Tracking run with wandb version 0.16.6
wandb: Run data is saved locally in /home/lin.wo/macro_marl_ppo/experiments/BoxPushing/wandb/run-20240912_131102-wx7ok5u4
wandb: Run `wandb offline` to turn off syncing.
wandb: Run data is saved locally in /home/lin.wo/macro_marl_ppo/experiments/BoxPushing/wandb/run-20240912_131102-kgpvk7h6
wandb: Run `wandb offline` to turn off syncing.
wandb: Syncing run copper-dragon-2
wandb: Syncing run distinctive-thunder-1
wandb: ⭐️ View project at https://wandb.ai/wwlin1198/ma_ippo_bp10_discovery
wandb: ⭐️ View project at https://wandb.ai/wwlin1198/ma_ippo_bp10_discovery
wandb: 🚀 View run at https://wandb.ai/wwlin1198/ma_ippo_bp10_discovery/runs/wx7ok5u4
wandb: 🚀 View run at https://wandb.ai/wwlin1198/ma_ippo_bp10_discovery/runs/kgpvk7h6
wandb: wandb version 0.18.0 is available!  To upgrade, please run:
wandb:  $ pip install wandb --upgrade
wandb: Tracking run with wandb version 0.16.6
wandb: Run data is saved locally in /home/lin.wo/macro_marl_ppo/experiments/BoxPushing/wandb/run-20240912_131103-l9zfycqd
wandb: Run `wandb offline` to turn off syncing.
wandb: Syncing run worldly-darkness-3
wandb: ⭐️ View project at https://wandb.ai/wwlin1198/ma_ippo_bp10_discovery
wandb: 🚀 View run at https://wandb.ai/wwlin1198/ma_ippo_bp10_discovery/runs/l9zfycqd
wandb: wandb version 0.18.0 is available!  To upgrade, please run:
wandb:  $ pip install wandb --upgrade
wandb: Tracking run with wandb version 0.16.6
wandb: Run data is saved locally in /home/lin.wo/macro_marl_ppo/experiments/BoxPushing/wandb/run-20240912_131103-c3j5v11z
wandb: Run `wandb offline` to turn off syncing.
wandb: Syncing run dauntless-butterfly-4
wandb: ⭐️ View project at https://wandb.ai/wwlin1198/ma_ippo_bp10_discovery
wandb: 🚀 View run at https://wandb.ai/wwlin1198/ma_ippo_bp10_discovery/runs/c3j5v11z
wandb: wandb version 0.18.0 is available!  To upgrade, please run:
wandb:  $ pip install wandb --upgrade
wandb: Tracking run with wandb version 0.16.6
wandb: Run data is saved locally in /home/lin.wo/macro_marl_ppo/experiments/BoxPushing/wandb/run-20240912_131103-gv9q2pr5
wandb: Run `wandb offline` to turn off syncing.
wandb: wandb version 0.18.0 is available!  To upgrade, please run:
wandb:  $ pip install wandb --upgrade
wandb: Tracking run with wandb version 0.16.6
wandb: Run data is saved locally in /home/lin.wo/macro_marl_ppo/experiments/BoxPushing/wandb/run-20240912_131103-4lzhjz03
wandb: Run `wandb offline` to turn off syncing.
wandb: Syncing run proud-music-6
wandb: ⭐️ View project at https://wandb.ai/wwlin1198/ma_ippo_bp10_discovery
wandb: 🚀 View run at https://wandb.ai/wwlin1198/ma_ippo_bp10_discovery/runs/gv9q2pr5
wandb: Syncing run misty-armadillo-4
wandb: ⭐️ View project at https://wandb.ai/wwlin1198/ma_ippo_bp10_discovery
wandb: 🚀 View run at https://wandb.ai/wwlin1198/ma_ippo_bp10_discovery/runs/4lzhjz03
wandb: wandb version 0.18.0 is available!  To upgrade, please run:
wandb:  $ pip install wandb --upgrade
wandb: Tracking run with wandb version 0.16.6
wandb: Run data is saved locally in /home/lin.wo/macro_marl_ppo/experiments/BoxPushing/wandb/run-20240912_131103-55a4hjli
wandb: Run `wandb offline` to turn off syncing.
wandb: wandb version 0.18.0 is available!  To upgrade, please run:
wandb:  $ pip install wandb --upgrade
wandb: Tracking run with wandb version 0.16.6
wandb: Run data is saved locally in /home/lin.wo/macro_marl_ppo/experiments/BoxPushing/wandb/run-20240912_131103-x9h2srkq
wandb: Run `wandb offline` to turn off syncing.
wandb: Syncing run likely-meadow-8
wandb: ⭐️ View project at https://wandb.ai/wwlin1198/ma_ippo_bp10_discovery
wandb: 🚀 View run at https://wandb.ai/wwlin1198/ma_ippo_bp10_discovery/runs/55a4hjli
wandb: Syncing run pious-donkey-7
wandb: ⭐️ View project at https://wandb.ai/wwlin1198/ma_ippo_bp10_discovery
wandb: 🚀 View run at https://wandb.ai/wwlin1198/ma_ippo_bp10_discovery/runs/x9h2srkq
wandb: wandb version 0.18.0 is available!  To upgrade, please run:
wandb:  $ pip install wandb --upgrade
wandb: Tracking run with wandb version 0.16.6
wandb: Run data is saved locally in /home/lin.wo/macro_marl_ppo/experiments/BoxPushing/wandb/run-20240912_131103-tqbyyka7
wandb: Run `wandb offline` to turn off syncing.
wandb: Syncing run legendary-firefly-9
wandb: ⭐️ View project at https://wandb.ai/wwlin1198/ma_ippo_bp10_discovery
wandb: 🚀 View run at https://wandb.ai/wwlin1198/ma_ippo_bp10_discovery/runs/tqbyyka7
wandb: wandb version 0.18.0 is available!  To upgrade, please run:
wandb:  $ pip install wandb --upgrade
wandb: Tracking run with wandb version 0.16.6
wandb: Run data is saved locally in /home/lin.wo/macro_marl_ppo/experiments/BoxPushing/wandb/run-20240912_131104-mvir8wz7
wandb: Run `wandb offline` to turn off syncing.
wandb: Syncing run stilted-pyramid-10
wandb: ⭐️ View project at https://wandb.ai/wwlin1198/ma_ippo_bp10_discovery
wandb: 🚀 View run at https://wandb.ai/wwlin1198/ma_ippo_bp10_discovery/runs/mvir8wz7
wandb: wandb version 0.18.0 is available!  To upgrade, please run:
wandb:  $ pip install wandb --upgrade
wandb: Tracking run with wandb version 0.16.6
wandb: Run data is saved locally in /home/lin.wo/macro_marl_ppo/experiments/BoxPushing/wandb/run-20240912_131102-dqpyuz7t
wandb: Run `wandb offline` to turn off syncing.
wandb: Syncing run honest-blaze-11
wandb: ⭐️ View project at https://wandb.ai/wwlin1198/ma_ippo_bp10_discovery
wandb: 🚀 View run at https://wandb.ai/wwlin1198/ma_ippo_bp10_discovery/runs/dqpyuz7t
[3] Finished: 0/80000 Evaluate learned policies with averaged returns 36.65004410515732 ...
[7] Finished: 0/80000 Evaluate learned policies with averaged returns 15.60760513734616 ...
[5] Finished: 0/80000 Evaluate learned policies with averaged returns 15.728980882603171 ...
[2] Finished: 0/80000 Evaluate learned policies with averaged returns 15.198185305847783 ...
[0] Finished: 0/80000 Evaluate learned policies with averaged returns 13.167175375917088 ...
[9] Finished: 0/80000 Evaluate learned policies with averaged returns 15.347394097263821 ...
[8] Finished: 0/80000 Evaluate learned policies with averaged returns 8.669739750496 ...
[1] Finished: 0/80000 Evaluate learned policies with averaged returns 12.523605852885321 ...
[4] Finished: 0/80000 Evaluate learned policies with averaged returns 11.54730821426296 ...
[6] Finished: 0/80000 Evaluate learned policies with averaged returns 35.03028475213835 ...
[10] Finished: 0/80000 Evaluate learned policies with averaged returns 4.4980453125212465 ...
[7] Finished: 96/80000 Evaluate learned policies with averaged returns 15.433185842117123 ...
[0] Finished: 96/80000 Evaluate learned policies with averaged returns 15.368598254505107 ...
[10] Finished: 96/80000 Evaluate learned policies with averaged returns 17.705766600580404 ...
[1] Finished: 96/80000 Evaluate learned policies with averaged returns 14.399364537501086 ...
[6] Finished: 96/80000 Evaluate learned policies with averaged returns 14.893130403378317 ...
[5] Finished: 96/80000 Evaluate learned policies with averaged returns 15.12608759591474 ...
[2] Finished: 96/80000 Evaluate learned policies with averaged returns 13.466644422966207 ...
[9] Finished: 96/80000 Evaluate learned policies with averaged returns 16.412663436946584 ...
[8] Finished: 96/80000 Evaluate learned policies with averaged returns 17.62152753874033 ...
[4] Finished: 96/80000 Evaluate learned policies with averaged returns 15.501916154709878 ...
[3] Finished: 96/80000 Evaluate learned policies with averaged returns 16.3883631154032 ...
[7] Finished: 192/80000 Evaluate learned policies with averaged returns 14.518801766017503 ...
[6] Finished: 192/80000 Evaluate learned policies with averaged returns 16.97317185748332 ...
[10] Finished: 192/80000 Evaluate learned policies with averaged returns 15.620422984100808 ...
[1] Finished: 192/80000 Evaluate learned policies with averaged returns 17.132754192083937 ...
[0] Finished: 192/80000 Evaluate learned policies with averaged returns 16.126125386297954 ...
[8] Finished: 192/80000 Evaluate learned policies with averaged returns 13.634302914878912 ...
[2] Finished: 192/80000 Evaluate learned policies with averaged returns 16.131928574986603 ...
[9] Finished: 192/80000 Evaluate learned policies with averaged returns 11.453792697994292 ...
[7] Finished: 288/80000 Evaluate learned policies with averaged returns 40.053601596317236 ...
[4] Finished: 192/80000 Evaluate learned policies with averaged returns 19.078862759862947 ...
[6] Finished: 288/80000 Evaluate learned policies with averaged returns 17.402131604151883 ...
[3] Finished: 192/80000 Evaluate learned policies with averaged returns 18.944398529291806 ...
[1] Finished: 288/80000 Evaluate learned policies with averaged returns 15.717539504262396 ...
[5] Finished: 192/80000 Evaluate learned policies with averaged returns 15.114750589883883 ...
[0] Finished: 288/80000 Evaluate learned policies with averaged returns 17.195242173921255 ...
[10] Finished: 288/80000 Evaluate learned policies with averaged returns 15.745232905440767 ...
[8] Finished: 288/80000 Evaluate learned policies with averaged returns 12.332403205632058 ...
[6] Finished: 384/80000 Evaluate learned policies with averaged returns 16.21019379152341 ...
[0] Finished: 384/80000 Evaluate learned policies with averaged returns 17.133046236782473 ...
[1] Finished: 384/80000 Evaluate learned policies with averaged returns 15.576923094822893 ...
[7] Finished: 384/80000 Evaluate learned policies with averaged returns 13.997989214331977 ...
[2] Finished: 288/80000 Evaluate learned policies with averaged returns 13.881941950255358 ...
[9] Finished: 288/80000 Evaluate learned policies with averaged returns 17.027816334548458 ...
[3] Finished: 288/80000 Evaluate learned policies with averaged returns 17.98787330880532 ...
[10] Finished: 384/80000 Evaluate learned policies with averaged returns 14.742594390038352 ...
[4] Finished: 288/80000 Evaluate learned policies with averaged returns 16.131637699243388 ...
[6] Finished: 480/80000 Evaluate learned policies with averaged returns 11.63479332639985 ...
[5] Finished: 288/80000 Evaluate learned policies with averaged returns 15.67557260448984 ...
[0] Finished: 480/80000 Evaluate learned policies with averaged returns 15.756799721824134 ...
[1] Finished: 480/80000 Evaluate learned policies with averaged returns 15.383869089138752 ...
[7] Finished: 480/80000 Evaluate learned policies with averaged returns 11.5246834619903 ...
[8] Finished: 384/80000 Evaluate learned policies with averaged returns 15.883305441785243 ...
[10] Finished: 480/80000 Evaluate learned policies with averaged returns 14.457892564592646 ...
[6] Finished: 576/80000 Evaluate learned policies with averaged returns 15.958206352279252 ...
[2] Finished: 384/80000 Evaluate learned policies with averaged returns 13.365174949881538 ...
[0] Finished: 576/80000 Evaluate learned policies with averaged returns 16.322295469998274 ...
[3] Finished: 384/80000 Evaluate learned policies with averaged returns 17.619596122898564 ...
[1] Finished: 576/80000 Evaluate learned policies with averaged returns 14.571789247106313 ...
[5] Finished: 384/80000 Evaluate learned policies with averaged returns 14.765539782579458 ...
[4] Finished: 384/80000 Evaluate learned policies with averaged returns 15.617793606416956 ...
[10] Finished: 576/80000 Evaluate learned policies with averaged returns 10.812121702200924 ...
[9] Finished: 384/80000 Evaluate learned policies with averaged returns 16.323036495121944 ...
[7] Finished: 576/80000 Evaluate learned policies with averaged returns 16.62423939319671 ...
[6] Finished: 672/80000 Evaluate learned policies with averaged returns 17.78514764071174 ...
[0] Finished: 672/80000 Evaluate learned policies with averaged returns 14.637484607033253 ...
[1] Finished: 672/80000 Evaluate learned policies with averaged returns 19.565672074818462 ...
[8] Finished: 480/80000 Evaluate learned policies with averaged returns 14.614167089310461 ...
[10] Finished: 672/80000 Evaluate learned policies with averaged returns 14.067498800965762 ...
[5] Finished: 480/80000 Evaluate learned policies with averaged returns 16.395028904921322 ...
[3] Finished: 480/80000 Evaluate learned policies with averaged returns 17.054346422552907 ...
[2] Finished: 480/80000 Evaluate learned policies with averaged returns 13.758331537222535 ...
[6] Finished: 768/80000 Evaluate learned policies with averaged returns 18.671074821831986 ...
[7] Finished: 672/80000 Evaluate learned policies with averaged returns 9.487754672908835 ...
[4] Finished: 480/80000 Evaluate learned policies with averaged returns 13.046544928852143 ...
[0] Finished: 768/80000 Evaluate learned policies with averaged returns 20.655535144645956 ...
[1] Finished: 768/80000 Evaluate learned policies with averaged returns 21.597015294046958 ...
[9] Finished: 480/80000 Evaluate learned policies with averaged returns 16.446920218688703 ...
[8] Finished: 576/80000 Evaluate learned policies with averaged returns 16.76937149798495 ...
[10] Finished: 768/80000 Evaluate learned policies with averaged returns 15.718412434071984 ...
[5] Finished: 576/80000 Evaluate learned policies with averaged returns 19.484560094454224 ...
[3] Finished: 576/80000 Evaluate learned policies with averaged returns 18.59725338214706 ...
[7] Finished: 768/80000 Evaluate learned policies with averaged returns 17.564142848514773 ...
[6] Finished: 864/80000 Evaluate learned policies with averaged returns 19.732884598232978 ...
[4] Finished: 576/80000 Evaluate learned policies with averaged returns 15.916768066962607 ...
[2] Finished: 576/80000 Evaluate learned policies with averaged returns 11.162233362890996 ...
[1] Finished: 864/80000 Evaluate learned policies with averaged returns 16.778796684576566 ...
[0] Finished: 864/80000 Evaluate learned policies with averaged returns 17.70209875408253 ...
[9] Finished: 576/80000 Evaluate learned policies with averaged returns 15.316959579537027 ...
[10] Finished: 864/80000 Evaluate learned policies with averaged returns 16.751544691563957 ...
[8] Finished: 672/80000 Evaluate learned policies with averaged returns 14.243824055102658 ...
[6] Finished: 960/80000 Evaluate learned policies with averaged returns 19.732884598232978 ...
[7] Finished: 864/80000 Evaluate learned policies with averaged returns 15.78993340617554 ...
[4] Finished: 672/80000 Evaluate learned policies with averaged returns 4.894842366706449 ...
[5] Finished: 672/80000 Evaluate learned policies with averaged returns 17.757278886809324 ...
[3] Finished: 672/80000 Evaluate learned policies with averaged returns 18.717212988618734 ...
[2] Finished: 672/80000 Evaluate learned policies with averaged returns 9.556584485196849 ...
[1] Finished: 960/80000 Evaluate learned policies with averaged returns 18.80081925032599 ...
[0] Finished: 960/80000 Evaluate learned policies with averaged returns 18.80081925032599 ...
[9] Finished: 672/80000 Evaluate learned policies with averaged returns 20.553474930530292 ...
[10] Finished: 960/80000 Evaluate learned policies with averaged returns 17.785426328250765 ...
[8] Finished: 768/80000 Evaluate learned policies with averaged returns 17.563591047187508 ...
[6] Finished: 1056/80000 Evaluate learned policies with averaged returns 19.732884598232978 ...
[7] Finished: 960/80000 Evaluate learned policies with averaged returns 19.732884598232978 ...
[4] Finished: 768/80000 Evaluate learned policies with averaged returns 16.790246732902485 ...
[2] Finished: 768/80000 Evaluate learned policies with averaged returns 19.67714709042814 ...
[5] Finished: 768/80000 Evaluate learned policies with averaged returns 18.531495572614965 ...
[0] Finished: 1056/80000 Evaluate learned policies with averaged returns 18.642834173855753 ...
[1] Finished: 1056/80000 Evaluate learned policies with averaged returns 17.868753902418998 ...
[3] Finished: 768/80000 Evaluate learned policies with averaged returns 19.732884598232978 ...
[9] Finished: 768/80000 Evaluate learned policies with averaged returns 19.705015844330557 ...
[10] Finished: 1056/80000 Evaluate learned policies with averaged returns 17.72996750798495 ...
[8] Finished: 864/80000 Evaluate learned policies with averaged returns 15.847567399286646 ...
[6] Finished: 1152/80000 Evaluate learned policies with averaged returns 21.597015294046958 ...
[4] Finished: 864/80000 Evaluate learned policies with averaged returns 15.977033140241625 ...
[7] Finished: 1056/80000 Evaluate learned policies with averaged returns 21.597015294046955 ...
[5] Finished: 864/80000 Evaluate learned policies with averaged returns 15.957167842518999 ...
[0] Finished: 1152/80000 Evaluate learned policies with averaged returns 21.597015294046958 ...
[1] Finished: 1152/80000 Evaluate learned policies with averaged returns 23.461145989860935 ...
[2] Finished: 864/80000 Evaluate learned policies with averaged returns 16.6822489695846 ...
[3] Finished: 864/80000 Evaluate learned policies with averaged returns 17.868753902418998 ...
[9] Finished: 864/80000 Evaluate learned policies with averaged returns 15.911789497953484 ...
[10] Finished: 1152/80000 Evaluate learned policies with averaged returns 42.598148077371405 ...
[6] Finished: 1248/80000 Evaluate learned policies with averaged returns 23.46114598986093 ...
[8] Finished: 960/80000 Evaluate learned policies with averaged returns 19.732884598232978 ...
[4] Finished: 960/80000 Evaluate learned policies with averaged returns 16.79024673290248 ...
[1] Finished: 1248/80000 Evaluate learned policies with averaged returns 21.597015294046958 ...
[7] Finished: 1152/80000 Evaluate learned policies with averaged returns 21.597015294046958 ...
[0] Finished: 1248/80000 Evaluate learned policies with averaged returns 23.46114598986094 ...
[5] Finished: 960/80000 Evaluate learned policies with averaged returns 18.478389911827435 ...
[2] Finished: 960/80000 Evaluate learned policies with averaged returns 16.79024673290248 ...
[3] Finished: 960/80000 Evaluate learned policies with averaged returns 21.597015294046958 ...
[9] Finished: 960/80000 Evaluate learned policies with averaged returns 23.461145989860935 ...
[6] Finished: 1344/80000 Evaluate learned policies with averaged returns 25.32527668567492 ...
[10] Finished: 1248/80000 Evaluate learned policies with averaged returns 17.868753902418998 ...
[8] Finished: 1056/80000 Evaluate learned policies with averaged returns 18.80081925032599 ...
[7] Finished: 1248/80000 Evaluate learned policies with averaged returns 21.597015294046958 ...
[1] Finished: 1344/80000 Evaluate learned policies with averaged returns 32.781799468930835 ...
[0] Finished: 1344/80000 Evaluate learned policies with averaged returns 19.732884598232978 ...
[4] Finished: 1056/80000 Evaluate learned policies with averaged returns 17.712991427330405 ...
[6] Finished: 1440/80000 Evaluate learned policies with averaged returns 21.597015294046958 ...
[5] Finished: 1056/80000 Evaluate learned policies with averaged returns 23.46114598986094 ...
[3] Finished: 1056/80000 Evaluate learned policies with averaged returns 25.325276685674915 ...
[2] Finished: 1056/80000 Evaluate learned policies with averaged returns 15.043434453885457 ...
[10] Finished: 1344/80000 Evaluate learned policies with averaged returns 21.597015294046955 ...
[9] Finished: 1056/80000 Evaluate learned policies with averaged returns 21.597015294046958 ...
[8] Finished: 1152/80000 Evaluate learned policies with averaged returns 23.46114598986093 ...
[0] Finished: 1440/80000 Evaluate learned policies with averaged returns 23.461145989860935 ...
[1] Finished: 1440/80000 Evaluate learned policies with averaged returns 27.189407381488895 ...
[7] Finished: 1344/80000 Evaluate learned policies with averaged returns 21.597015294046958 ...
[4] Finished: 1152/80000 Evaluate learned policies with averaged returns 17.868753902418998 ...
[5] Finished: 1152/80000 Evaluate learned policies with averaged returns 19.649278336525718 ...
[6] Finished: 1536/80000 Evaluate learned policies with averaged returns 30.917668773116855 ...
[3] Finished: 1152/80000 Evaluate learned policies with averaged returns 21.597015294046958 ...
[2] Finished: 1152/80000 Evaluate learned policies with averaged returns 19.45048305286836 ...
[10] Finished: 1440/80000 Evaluate learned policies with averaged returns 19.6214095826233 ...
[9] Finished: 1152/80000 Evaluate learned policies with averaged returns 21.597015294046958 ...
[0] Finished: 1536/80000 Evaluate learned policies with averaged returns 21.597015294046958 ...
[1] Finished: 1536/80000 Evaluate learned policies with averaged returns 32.781799468930835 ...
[8] Finished: 1248/80000 Evaluate learned policies with averaged returns 21.597015294046955 ...
[7] Finished: 1440/80000 Evaluate learned policies with averaged returns 21.597015294046955 ...
[6] Finished: 1632/80000 Evaluate learned policies with averaged returns 27.189407381488895 ...
[4] Finished: 1248/80000 Evaluate learned policies with averaged returns 17.868753902418998 ...
[5] Finished: 1248/80000 Evaluate learned policies with averaged returns 21.597015294046958 ...
[2] Finished: 1248/80000 Evaluate learned policies with averaged returns 22.925466303944273 ...
/home/lin.wo/macro_marl_ppo/src/macro_marl/cores/pg_based/mac_ippov2/models.py:40: RuntimeWarning: divide by zero encountered in log
  logits_1 = action_logits + np.log(1-eps)
wandb: - 0.005 MB of 0.005 MB uploaded[10] Finished: 1536/80000 Evaluate learned policies with averaged returns 21.597015294046958 ...
wandb: \ 0.005 MB of 0.005 MB uploadedwandb: | 0.005 MB of 0.005 MB uploadedwandb: / 0.005 MB of 0.005 MB uploaded[9] Finished: 1248/80000 Evaluate learned policies with averaged returns 29.053538077302882 ...
wandb: - 0.007 MB of 0.007 MB uploadedwandb: 
wandb: Run history:
wandb:    episodes ▁▂▂▃▃▄▅▅▆▆▇▇█
wandb: mean_return █▁▂▂▁▁▂▂▂▂▃▄▃
wandb: 
wandb: Run summary:
wandb:    episodes 1152
wandb: mean_return 21.59702
wandb: 
wandb: 🚀 View run stilted-pyramid-10 at: https://wandb.ai/wwlin1198/ma_ippo_bp10_discovery/runs/mvir8wz7
wandb: ⭐️ View project at: https://wandb.ai/wwlin1198/ma_ippo_bp10_discovery
wandb: Synced 5 W&B file(s), 0 media file(s), 2 artifact file(s) and 0 other file(s)
wandb: Find logs at: ./wandb/run-20240912_131104-mvir8wz7/logs
[7] Finished: 1536/80000 Evaluate learned policies with averaged returns 23.461145989860935 ...
Traceback (most recent call last):
  File "/scratch/lin.wo/macro_marl/bin/pg_based_main.py", line 7, in <module>
    exec(compile(f.read(), __file__, 'exec'))
  File "/home/lin.wo/macro_marl_ppo/scripts/pg_based_main.py", line 178, in <module>
    main(args)
  File "/home/lin.wo/macro_marl_ppo/scripts/pg_based_main.py", line 94, in main
    model.learn()
  File "/home/lin.wo/macro_marl_ppo/src/macro_marl/algs/pg_based/mac_ippov2.py", line 142, in learn
    self.learner.train(eps, self.ppo_clip_value, self.ppo_epochs)
  File "/home/lin.wo/macro_marl_ppo/src/macro_marl/cores/pg_based/mac_ippov2/learner.py", line 124, in train
    old_actor = torch.load(PATH)
  File "/scratch/lin.wo/macro_marl/lib/python3.8/site-packages/torch/serialization.py", line 1040, in load
    return _legacy_load(opened_file, map_location, pickle_module, **pickle_load_args)
  File "/scratch/lin.wo/macro_marl/lib/python3.8/site-packages/torch/serialization.py", line 1262, in _legacy_load
    magic_number = pickle_module.load(f, **pickle_load_args)
EOFError: Ran out of input
Exception in thread NetStatThr:
Traceback (most recent call last):
  File "/scratch/lin.wo/macro_marl/lib/python3.8/threading.py", line 932, in _bootstrap_inner
Exception in thread ChkStopThr:
Traceback (most recent call last):
  File "/scratch/lin.wo/macro_marl/lib/python3.8/threading.py", line 932, in _bootstrap_inner
    self.run()
  File "/scratch/lin.wo/macro_marl/lib/python3.8/threading.py", line 870, in run
    self.run()
  File "/scratch/lin.wo/macro_marl/lib/python3.8/threading.py", line 870, in run
    self._target(*self._args, **self._kwargs)
  File "/scratch/lin.wo/macro_marl/lib/python3.8/site-packages/wandb/sdk/wandb_run.py", line 286, in check_stop_status
    self._target(*self._args, **self._kwargs)
  File "/scratch/lin.wo/macro_marl/lib/python3.8/site-packages/wandb/sdk/wandb_run.py", line 268, in check_network_status
    self._loop_check_status(
  File "/scratch/lin.wo/macro_marl/lib/python3.8/site-packages/wandb/sdk/wandb_run.py", line 224, in _loop_check_status
    self._loop_check_status(
  File "/scratch/lin.wo/macro_marl/lib/python3.8/site-packages/wandb/sdk/wandb_run.py", line 224, in _loop_check_status
    local_handle = request()
  File "/scratch/lin.wo/macro_marl/lib/python3.8/site-packages/wandb/sdk/interface/interface.py", line 848, in deliver_network_status
    local_handle = request()
  File "/scratch/lin.wo/macro_marl/lib/python3.8/site-packages/wandb/sdk/interface/interface.py", line 840, in deliver_stop_status
    return self._deliver_network_status(status)
  File "/scratch/lin.wo/macro_marl/lib/python3.8/site-packages/wandb/sdk/interface/interface_shared.py", line 510, in _deliver_network_status
    return self._deliver_stop_status(status)
  File "/scratch/lin.wo/macro_marl/lib/python3.8/site-packages/wandb/sdk/interface/interface_shared.py", line 494, in _deliver_stop_status
    return self._deliver_record(record)
  File "/scratch/lin.wo/macro_marl/lib/python3.8/site-packages/wandb/sdk/interface/interface_shared.py", line 459, in _deliver_record
    return self._deliver_record(record)
  File "/scratch/lin.wo/macro_marl/lib/python3.8/site-packages/wandb/sdk/interface/interface_shared.py", line 459, in _deliver_record
    handle = mailbox._deliver_record(record, interface=self)
  File "/scratch/lin.wo/macro_marl/lib/python3.8/site-packages/wandb/sdk/lib/mailbox.py", line 455, in _deliver_record
    handle = mailbox._deliver_record(record, interface=self)
  File "/scratch/lin.wo/macro_marl/lib/python3.8/site-packages/wandb/sdk/lib/mailbox.py", line 455, in _deliver_record
    interface._publish(record)
  File "/scratch/lin.wo/macro_marl/lib/python3.8/site-packages/wandb/sdk/interface/interface_sock.py", line 51, in _publish
    interface._publish(record)
  File "/scratch/lin.wo/macro_marl/lib/python3.8/site-packages/wandb/sdk/interface/interface_sock.py", line 51, in _publish
    self._sock_client.send_record_publish(record)
  File "/scratch/lin.wo/macro_marl/lib/python3.8/site-packages/wandb/sdk/lib/sock_client.py", line 221, in send_record_publish
    self._sock_client.send_record_publish(record)
  File "/scratch/lin.wo/macro_marl/lib/python3.8/site-packages/wandb/sdk/lib/sock_client.py", line 221, in send_record_publish
    self.send_server_request(server_req)
  File "/scratch/lin.wo/macro_marl/lib/python3.8/site-packages/wandb/sdk/lib/sock_client.py", line 155, in send_server_request
    self.send_server_request(server_req)
  File "/scratch/lin.wo/macro_marl/lib/python3.8/site-packages/wandb/sdk/lib/sock_client.py", line 155, in send_server_request
    self._send_message(msg)
  File "/scratch/lin.wo/macro_marl/lib/python3.8/site-packages/wandb/sdk/lib/sock_client.py", line 152, in _send_message
    self._send_message(msg)
  File "/scratch/lin.wo/macro_marl/lib/python3.8/site-packages/wandb/sdk/lib/sock_client.py", line 152, in _send_message
    self._sendall_with_error_handle(header + data)
  File "/scratch/lin.wo/macro_marl/lib/python3.8/site-packages/wandb/sdk/lib/sock_client.py", line 130, in _sendall_with_error_handle
    self._sendall_with_error_handle(header + data)
  File "/scratch/lin.wo/macro_marl/lib/python3.8/site-packages/wandb/sdk/lib/sock_client.py", line 130, in _sendall_with_error_handle
    sent = self._sock.send(data)
BrokenPipeError: [Errno 32] Broken pipe
    sent = self._sock.send(data)
BrokenPipeError: [Errno 32] Broken pipe
[0] Finished: 1632/80000 Evaluate learned policies with averaged returns 29.053538077302875 ...
[1] Finished: 1632/80000 Evaluate learned policies with averaged returns 34.64593016474481 ...
[8] Finished: 1344/80000 Evaluate learned policies with averaged returns 21.597015294046958 ...
[6] Finished: 1728/80000 Evaluate learned policies with averaged returns 30.917668773116855 ...
[4] Finished: 1344/80000 Evaluate learned policies with averaged returns 19.732884598232978 ...
[5] Finished: 1344/80000 Evaluate learned policies with averaged returns 17.868753902418998 ...
[2] Finished: 1344/80000 Evaluate learned policies with averaged returns 21.597015294046955 ...
[10] Finished: 1632/80000 Evaluate learned policies with averaged returns 19.732884598232978 ...
[9] Finished: 1344/80000 Evaluate learned policies with averaged returns 23.46114598986094 ...
[7] Finished: 1632/80000 Evaluate learned policies with averaged returns 29.053538077302875 ...
[1] Finished: 1728/80000 Evaluate learned policies with averaged returns 36.510060860558795 ...
[0] Finished: 1728/80000 Evaluate learned policies with averaged returns 29.053538077302875 ...
[8] Finished: 1440/80000 Evaluate learned policies with averaged returns 17.868753902418998 ...
[6] Finished: 1824/80000 Evaluate learned policies with averaged returns 30.917668773116855 ...
[5] Finished: 1440/80000 Evaluate learned policies with averaged returns 18.800819250325986 ...
[2] Finished: 1440/80000 Evaluate learned policies with averaged returns 19.732884598232978 ...
[4] Finished: 1440/80000 Evaluate learned policies with averaged returns 19.732884598232978 ...
[1] Finished: 1824/80000 Evaluate learned policies with averaged returns 32.781799468930835 ...
[7] Finished: 1728/80000 Evaluate learned policies with averaged returns 23.46114598986094 ...
[0] Finished: 1824/80000 Evaluate learned policies with averaged returns 25.32527668567492 ...
[10] Finished: 1728/80000 Evaluate learned policies with averaged returns 23.46114598986094 ...
[9] Finished: 1440/80000 Evaluate learned policies with averaged returns 27.1894073814889 ...
[6] Finished: 1920/80000 Evaluate learned policies with averaged returns 34.64593016474481 ...
[8] Finished: 1536/80000 Evaluate learned policies with averaged returns 25.32527668567492 ...
[5] Finished: 1536/80000 Evaluate learned policies with averaged returns 21.597015294046958 ...
[1] Finished: 1920/80000 Evaluate learned policies with averaged returns 34.64593016474481 ...
[2] Finished: 1536/80000 Evaluate learned policies with averaged returns 21.597015294046958 ...
[0] Finished: 1920/80000 Evaluate learned policies with averaged returns 30.917668773116855 ...
[4] Finished: 1536/80000 Evaluate learned policies with averaged returns 21.597015294046958 ...
[7] Finished: 1824/80000 Evaluate learned policies with averaged returns 21.597015294046958 ...
[9] Finished: 1536/80000 Evaluate learned policies with averaged returns 32.78179946893083 ...
[10] Finished: 1824/80000 Evaluate learned policies with averaged returns 21.597015294046958 ...
[6] Finished: 2016/80000 Evaluate learned policies with averaged returns 36.510060860558795 ...
[8] Finished: 1632/80000 Evaluate learned policies with averaged returns 25.325276685674915 ...
[1] Finished: 2016/80000 Evaluate learned policies with averaged returns 36.510060860558795 ...
[5] Finished: 1632/80000 Evaluate learned policies with averaged returns 23.461145989860935 ...
[0] Finished: 2016/80000 Evaluate learned policies with averaged returns 27.189407381488895 ...
[2] Finished: 1632/80000 Evaluate learned policies with averaged returns 28.137941180558148 ...
[7] Finished: 1920/80000 Evaluate learned policies with averaged returns 27.1894073814889 ...
[4] Finished: 1632/80000 Evaluate learned policies with averaged returns 19.732884598232978 ...
[9] Finished: 1632/80000 Evaluate learned policies with averaged returns 29.053538077302875 ...
[10] Finished: 1920/80000 Evaluate learned policies with averaged returns 27.189407381488895 ...
[6] Finished: 2112/80000 Evaluate learned policies with averaged returns 30.917668773116855 ...
[8] Finished: 1728/80000 Evaluate learned policies with averaged returns 21.597015294046958 ...
[1] Finished: 2112/80000 Evaluate learned policies with averaged returns 36.510060860558795 ...
[0] Finished: 2112/80000 Evaluate learned policies with averaged returns 30.917668773116855 ...
[5] Finished: 1728/80000 Evaluate learned policies with averaged returns 23.46114598986094 ...
[2] Finished: 1728/80000 Evaluate learned policies with averaged returns 19.732884598232978 ...
[7] Finished: 2016/80000 Evaluate learned policies with averaged returns 23.46114598986094 ...
[4] Finished: 1728/80000 Evaluate learned policies with averaged returns 17.868753902418998 ...
[9] Finished: 1728/80000 Evaluate learned policies with averaged returns 34.64593016474481 ...
[6] Finished: 2208/80000 Evaluate learned policies with averaged returns 36.510060860558795 ...
[10] Finished: 2016/80000 Evaluate learned policies with averaged returns 25.325276685674915 ...
[8] Finished: 1824/80000 Evaluate learned policies with averaged returns 27.1894073814889 ...
[1] Finished: 2208/80000 Evaluate learned policies with averaged returns 36.510060860558795 ...
[0] Finished: 2208/80000 Evaluate learned policies with averaged returns 34.64593016474481 ...
[4] Finished: 1824/80000 Evaluate learned policies with averaged returns 25.32527668567492 ...
[7] Finished: 2112/80000 Evaluate learned policies with averaged returns 29.053538077302875 ...
[2] Finished: 1824/80000 Evaluate learned policies with averaged returns 17.868753902418998 ...
[5] Finished: 1824/80000 Evaluate learned policies with averaged returns 23.46114598986094 ...
[9] Finished: 1824/80000 Evaluate learned policies with averaged returns 36.510060860558795 ...
[6] Finished: 2304/80000 Evaluate learned policies with averaged returns 36.510060860558795 ...
[10] Finished: 2112/80000 Evaluate learned policies with averaged returns 29.053538077302882 ...
[8] Finished: 1920/80000 Evaluate learned policies with averaged returns 25.32527668567492 ...
[1] Finished: 2304/80000 Evaluate learned policies with averaged returns 34.64593016474481 ...
[0] Finished: 2304/80000 Evaluate learned policies with averaged returns 32.78179946893083 ...
[7] Finished: 2208/80000 Evaluate learned policies with averaged returns 27.1894073814889 ...
[2] Finished: 1920/80000 Evaluate learned policies with averaged returns 17.868753902418998 ...
[4] Finished: 1920/80000 Evaluate learned policies with averaged returns 27.1894073814889 ...
[5] Finished: 1920/80000 Evaluate learned policies with averaged returns 27.189407381488895 ...
[9] Finished: 1920/80000 Evaluate learned policies with averaged returns 36.510060860558795 ...
[6] Finished: 2400/80000 Evaluate learned policies with averaged returns 32.781799468930835 ...
[10] Finished: 2208/80000 Evaluate learned policies with averaged returns 30.917668773116855 ...
[1] Finished: 2400/80000 Evaluate learned policies with averaged returns 36.510060860558795 ...
[8] Finished: 2016/80000 Evaluate learned policies with averaged returns 30.917668773116855 ...
[0] Finished: 2400/80000 Evaluate learned policies with averaged returns 36.510060860558795 ...
[7] Finished: 2304/80000 Evaluate learned policies with averaged returns 32.781799468930835 ...
[4] Finished: 2016/80000 Evaluate learned policies with averaged returns 29.053538077302875 ...
[9] Finished: 2016/80000 Evaluate learned policies with averaged returns 34.64593016474481 ...
[5] Finished: 2016/80000 Evaluate learned policies with averaged returns 27.189407381488895 ...
[10] Finished: 2304/80000 Evaluate learned policies with averaged returns 32.78179946893083 ...
[6] Finished: 2496/80000 Evaluate learned policies with averaged returns 36.510060860558795 ...
[2] Finished: 2016/80000 Evaluate learned policies with averaged returns 29.875432806096104 ...
[8] Finished: 2112/80000 Evaluate learned policies with averaged returns 32.781799468930835 ...
[1] Finished: 2496/80000 Evaluate learned policies with averaged returns 36.510060860558795 ...
[0] Finished: 2496/80000 Evaluate learned policies with averaged returns 36.510060860558795 ...
[7] Finished: 2400/80000 Evaluate learned policies with averaged returns 30.917668773116855 ...
[4] Finished: 2112/80000 Evaluate learned policies with averaged returns 32.78179946893083 ...
[10] Finished: 2400/80000 Evaluate learned policies with averaged returns 30.917668773116855 ...
[6] Finished: 2592/80000 Evaluate learned policies with averaged returns 36.510060860558795 ...
[5] Finished: 2112/80000 Evaluate learned policies with averaged returns 34.64593016474481 ...
[9] Finished: 2112/80000 Evaluate learned policies with averaged returns 36.510060860558795 ...
[2] Finished: 2112/80000 Evaluate learned policies with averaged returns 33.35041605717201 ...
[1] Finished: 2592/80000 Evaluate learned policies with averaged returns 36.510060860558795 ...
[8] Finished: 2208/80000 Evaluate learned policies with averaged returns 30.917668773116855 ...
[0] Finished: 2592/80000 Evaluate learned policies with averaged returns 36.510060860558795 ...
[7] Finished: 2496/80000 Evaluate learned policies with averaged returns 36.510060860558795 ...
[4] Finished: 2208/80000 Evaluate learned policies with averaged returns 36.510060860558795 ...
[6] Finished: 2688/80000 Evaluate learned policies with averaged returns 36.510060860558795 ...
[10] Finished: 2496/80000 Evaluate learned policies with averaged returns 34.64593016474481 ...
[5] Finished: 2208/80000 Evaluate learned policies with averaged returns 36.510060860558795 ...
[9] Finished: 2208/80000 Evaluate learned policies with averaged returns 36.510060860558795 ...
[2] Finished: 2208/80000 Evaluate learned policies with averaged returns 31.61292443163406 ...
[1] Finished: 2688/80000 Evaluate learned policies with averaged returns 36.510060860558795 ...
[8] Finished: 2304/80000 Evaluate learned policies with averaged returns 36.510060860558795 ...
[0] Finished: 2688/80000 Evaluate learned policies with averaged returns 32.781799468930835 ...
[7] Finished: 2592/80000 Evaluate learned policies with averaged returns 36.510060860558795 ...
[4] Finished: 2304/80000 Evaluate learned policies with averaged returns 36.510060860558795 ...
[6] Finished: 2784/80000 Evaluate learned policies with averaged returns 34.64593016474481 ...
[10] Finished: 2592/80000 Evaluate learned policies with averaged returns 32.78179946893083 ...
[5] Finished: 2304/80000 Evaluate learned policies with averaged returns 36.510060860558795 ...
[9] Finished: 2304/80000 Evaluate learned policies with averaged returns 36.510060860558795 ...
[2] Finished: 2304/80000 Evaluate learned policies with averaged returns 33.35041605717201 ...
[0] Finished: 2784/80000 Evaluate learned policies with averaged returns 32.781799468930835 ...
[8] Finished: 2400/80000 Evaluate learned policies with averaged returns 36.510060860558795 ...
[1] Finished: 2784/80000 Evaluate learned policies with averaged returns 36.510060860558795 ...
[7] Finished: 2688/80000 Evaluate learned policies with averaged returns 34.64593016474481 ...
[4] Finished: 2400/80000 Evaluate learned policies with averaged returns 34.64593016474481 ...
[6] Finished: 2880/80000 Evaluate learned policies with averaged returns 36.510060860558795 ...
[10] Finished: 2688/80000 Evaluate learned policies with averaged returns 36.510060860558795 ...
[5] Finished: 2400/80000 Evaluate learned policies with averaged returns 34.64593016474481 ...
[9] Finished: 2400/80000 Evaluate learned policies with averaged returns 36.510060860558795 ...
[0] Finished: 2880/80000 Evaluate learned policies with averaged returns 36.510060860558795 ...
[1] Finished: 2880/80000 Evaluate learned policies with averaged returns 36.510060860558795 ...
[8] Finished: 2496/80000 Evaluate learned policies with averaged returns 36.510060860558795 ...
[2] Finished: 2400/80000 Evaluate learned policies with averaged returns 33.35041605717201 ...
[7] Finished: 2784/80000 Evaluate learned policies with averaged returns 36.510060860558795 ...
[4] Finished: 2496/80000 Evaluate learned policies with averaged returns 34.64593016474481 ...
/home/lin.wo/macro_marl_ppo/src/macro_marl/cores/pg_based/mac_ippov2/models.py:40: RuntimeWarning: divide by zero encountered in log
  logits_1 = action_logits + np.log(1-eps)
wandb: - 0.005 MB of 0.005 MB uploaded[6] Finished: 2976/80000 Evaluate learned policies with averaged returns 36.510060860558795 ...
wandb: \ 0.005 MB of 0.005 MB uploadedwandb: | 0.011 MB of 0.011 MB uploadedwandb: 
wandb: Run history:
wandb:    episodes ▁▁▁▂▂▂▂▃▃▃▃▄▄▄▄▅▅▅▅▅▆▆▆▆▇▇▇▇███
wandb: mean_return ▁▂▂▂▂▂▂▁▃▂▃▃▄▄▃▄▄▆▆▅▆▅▆▇▇███▇▇█
wandb: 
wandb: Run summary:
wandb:    episodes 2880
wandb: mean_return 36.51006
wandb: 
wandb: 🚀 View run pious-donkey-7 at: https://wandb.ai/wwlin1198/ma_ippo_bp10_discovery/runs/x9h2srkq
wandb: ⭐️ View project at: https://wandb.ai/wwlin1198/ma_ippo_bp10_discovery
wandb: Synced 5 W&B file(s), 0 media file(s), 0 artifact file(s) and 0 other file(s)
wandb: Find logs at: ./wandb/run-20240912_131103-x9h2srkq/logs
[10] Finished: 2784/80000 Evaluate learned policies with averaged returns 36.510060860558795 ...
Traceback (most recent call last):
  File "/scratch/lin.wo/macro_marl/bin/pg_based_main.py", line 7, in <module>
    exec(compile(f.read(), __file__, 'exec'))
  File "/home/lin.wo/macro_marl_ppo/scripts/pg_based_main.py", line 178, in <module>
    main(args)
  File "/home/lin.wo/macro_marl_ppo/scripts/pg_based_main.py", line 94, in main
    model.learn()
  File "/home/lin.wo/macro_marl_ppo/src/macro_marl/algs/pg_based/mac_ippov2.py", line 142, in learn
    self.learner.train(eps, self.ppo_clip_value, self.ppo_epochs)
  File "/home/lin.wo/macro_marl_ppo/src/macro_marl/cores/pg_based/mac_ippov2/learner.py", line 124, in train
    old_actor = torch.load(PATH)
  File "/scratch/lin.wo/macro_marl/lib/python3.8/site-packages/torch/serialization.py", line 1040, in load
    return _legacy_load(opened_file, map_location, pickle_module, **pickle_load_args)
  File "/scratch/lin.wo/macro_marl/lib/python3.8/site-packages/torch/serialization.py", line 1262, in _legacy_load
    magic_number = pickle_module.load(f, **pickle_load_args)
EOFError: Ran out of input
[9] Finished: 2496/80000 Evaluate learned policies with averaged returns 36.510060860558795 ...
[5] Finished: 2496/80000 Evaluate learned policies with averaged returns 36.510060860558795 ...
[1] Finished: 2976/80000 Evaluate learned policies with averaged returns 36.510060860558795 ...
[8] Finished: 2592/80000 Evaluate learned policies with averaged returns 34.64593016474481 ...
[2] Finished: 2496/80000 Evaluate learned policies with averaged returns 33.35041605717201 ...
[7] Finished: 2880/80000 Evaluate learned policies with averaged returns 36.510060860558795 ...
[4] Finished: 2592/80000 Evaluate learned policies with averaged returns 36.510060860558795 ...
[6] Finished: 3072/80000 Evaluate learned policies with averaged returns 36.510060860558795 ...
[10] Finished: 2880/80000 Evaluate learned policies with averaged returns 30.917668773116855 ...
[5] Finished: 2592/80000 Evaluate learned policies with averaged returns 34.64593016474481 ...
[9] Finished: 2592/80000 Evaluate learned policies with averaged returns 36.510060860558795 ...
[1] Finished: 3072/80000 Evaluate learned policies with averaged returns 36.510060860558795 ...
[8] Finished: 2688/80000 Evaluate learned policies with averaged returns 34.64593016474481 ...
[2] Finished: 2592/80000 Evaluate learned policies with averaged returns 31.61292443163406 ...
[7] Finished: 2976/80000 Evaluate learned policies with averaged returns 32.781799468930835 ...
[4] Finished: 2688/80000 Evaluate learned policies with averaged returns 36.510060860558795 ...
[6] Finished: 3168/80000 Evaluate learned policies with averaged returns 36.510060860558795 ...
[5] Finished: 2688/80000 Evaluate learned policies with averaged returns 34.64593016474481 ...
[10] Finished: 2976/80000 Evaluate learned policies with averaged returns 36.510060860558795 ...
[9] Finished: 2688/80000 Evaluate learned policies with averaged returns 36.510060860558795 ...
[1] Finished: 3168/80000 Evaluate learned policies with averaged returns 36.510060860558795 ...
[8] Finished: 2784/80000 Evaluate learned policies with averaged returns 36.510060860558795 ...
[7] Finished: 3072/80000 Evaluate learned policies with averaged returns 36.510060860558795 ...
[4] Finished: 2784/80000 Evaluate learned policies with averaged returns 36.510060860558795 ...
[2] Finished: 2688/80000 Evaluate learned policies with averaged returns 33.35041605717201 ...
[6] Finished: 3264/80000 Evaluate learned policies with averaged returns 36.510060860558795 ...
[5] Finished: 2784/80000 Evaluate learned policies with averaged returns 36.510060860558795 ...
[10] Finished: 3072/80000 Evaluate learned policies with averaged returns 36.510060860558795 ...
[9] Finished: 2784/80000 Evaluate learned policies with averaged returns 36.510060860558795 ...
[1] Finished: 3264/80000 Evaluate learned policies with averaged returns 36.510060860558795 ...
[8] Finished: 2880/80000 Evaluate learned policies with averaged returns 36.510060860558795 ...
[7] Finished: 3168/80000 Evaluate learned policies with averaged returns 36.510060860558795 ...
[4] Finished: 2880/80000 Evaluate learned policies with averaged returns 32.781799468930835 ...
[2] Finished: 2784/80000 Evaluate learned policies with averaged returns 33.35041605717201 ...
[6] Finished: 3360/80000 Evaluate learned policies with averaged returns 36.510060860558795 ...
[5] Finished: 2880/80000 Evaluate learned policies with averaged returns 36.510060860558795 ...
[9] Finished: 2880/80000 Evaluate learned policies with averaged returns 36.510060860558795 ...
[10] Finished: 3168/80000 Evaluate learned policies with averaged returns 34.64593016474481 ...
[1] Finished: 3360/80000 Evaluate learned policies with averaged returns 34.64593016474481 ...
[8] Finished: 2976/80000 Evaluate learned policies with averaged returns 36.510060860558795 ...
[7] Finished: 3264/80000 Evaluate learned policies with averaged returns 34.64593016474481 ...
[4] Finished: 2976/80000 Evaluate learned policies with averaged returns 36.510060860558795 ...
[2] Finished: 2880/80000 Evaluate learned policies with averaged returns 33.35041605717201 ...
[6] Finished: 3456/80000 Evaluate learned policies with averaged returns 36.510060860558795 ...
[9] Finished: 2976/80000 Evaluate learned policies with averaged returns 34.64593016474481 ...
[5] Finished: 2976/80000 Evaluate learned policies with averaged returns 36.510060860558795 ...
[10] Finished: 3264/80000 Evaluate learned policies with averaged returns 34.64593016474481 ...
[1] Finished: 3456/80000 Evaluate learned policies with averaged returns 36.510060860558795 ...
[8] Finished: 3072/80000 Evaluate learned policies with averaged returns 36.510060860558795 ...
[7] Finished: 3360/80000 Evaluate learned policies with averaged returns 34.64593016474481 ...
[4] Finished: 3072/80000 Evaluate learned policies with averaged returns 36.510060860558795 ...
[6] Finished: 3552/80000 Evaluate learned policies with averaged returns 36.510060860558795 ...
[2] Finished: 2976/80000 Evaluate learned policies with averaged returns 31.61292443163406 ...
[9] Finished: 3072/80000 Evaluate learned policies with averaged returns 36.510060860558795 ...
[5] Finished: 3072/80000 Evaluate learned policies with averaged returns 34.64593016474481 ...
[10] Finished: 3360/80000 Evaluate learned policies with averaged returns 34.64593016474481 ...
[1] Finished: 3552/80000 Evaluate learned policies with averaged returns 36.510060860558795 ...
[8] Finished: 3168/80000 Evaluate learned policies with averaged returns 36.510060860558795 ...
[7] Finished: 3456/80000 Evaluate learned policies with averaged returns 36.510060860558795 ...
[4] Finished: 3168/80000 Evaluate learned policies with averaged returns 36.510060860558795 ...
[6] Finished: 3648/80000 Evaluate learned policies with averaged returns 36.510060860558795 ...
[9] Finished: 3168/80000 Evaluate learned policies with averaged returns 36.510060860558795 ...
[5] Finished: 3168/80000 Evaluate learned policies with averaged returns 36.510060860558795 ...
[2] Finished: 3072/80000 Evaluate learned policies with averaged returns 33.35041605717201 ...
[10] Finished: 3456/80000 Evaluate learned policies with averaged returns 36.510060860558795 ...
[1] Finished: 3648/80000 Evaluate learned policies with averaged returns 34.64593016474481 ...
[8] Finished: 3264/80000 Evaluate learned policies with averaged returns 34.64593016474481 ...
[7] Finished: 3552/80000 Evaluate learned policies with averaged returns 34.64593016474481 ...
[4] Finished: 3264/80000 Evaluate learned policies with averaged returns 36.510060860558795 ...
[5] Finished: 3264/80000 Evaluate learned policies with averaged returns 34.64593016474481 ...
[9] Finished: 3264/80000 Evaluate learned policies with averaged returns 36.510060860558795 ...
[6] Finished: 3744/80000 Evaluate learned policies with averaged returns 36.510060860558795 ...
[10] Finished: 3552/80000 Evaluate learned policies with averaged returns 36.510060860558795 ...
[1] Finished: 3744/80000 Evaluate learned policies with averaged returns 36.510060860558795 ...
[2] Finished: 3168/80000 Evaluate learned policies with averaged returns 33.35041605717201 ...
[8] Finished: 3360/80000 Evaluate learned policies with averaged returns 36.510060860558795 ...
[7] Finished: 3648/80000 Evaluate learned policies with averaged returns 36.510060860558795 ...
[4] Finished: 3360/80000 Evaluate learned policies with averaged returns 36.510060860558795 ...
[9] Finished: 3360/80000 Evaluate learned policies with averaged returns 34.64593016474481 ...
[5] Finished: 3360/80000 Evaluate learned policies with averaged returns 36.510060860558795 ...
[6] Finished: 3840/80000 Evaluate learned policies with averaged returns 36.510060860558795 ...
[1] Finished: 3840/80000 Evaluate learned policies with averaged returns 36.510060860558795 ...
[10] Finished: 3648/80000 Evaluate learned policies with averaged returns 36.510060860558795 ...
[2] Finished: 3264/80000 Evaluate learned policies with averaged returns 33.35041605717201 ...
[8] Finished: 3456/80000 Evaluate learned policies with averaged returns 36.510060860558795 ...
[7] Finished: 3744/80000 Evaluate learned policies with averaged returns 36.510060860558795 ...
[4] Finished: 3456/80000 Evaluate learned policies with averaged returns 36.510060860558795 ...
[6] Finished: 3936/80000 Evaluate learned policies with averaged returns 36.510060860558795 ...
[9] Finished: 3456/80000 Evaluate learned policies with averaged returns 36.510060860558795 ...
[5] Finished: 3456/80000 Evaluate learned policies with averaged returns 36.510060860558795 ...
[1] Finished: 3936/80000 Evaluate learned policies with averaged returns 36.510060860558795 ...
[10] Finished: 3744/80000 Evaluate learned policies with averaged returns 36.510060860558795 ...
[2] Finished: 3360/80000 Evaluate learned policies with averaged returns 33.35041605717201 ...
[8] Finished: 3552/80000 Evaluate learned policies with averaged returns 36.510060860558795 ...
[7] Finished: 3840/80000 Evaluate learned policies with averaged returns 36.510060860558795 ...
[6] Finished: 4032/80000 Evaluate learned policies with averaged returns 36.510060860558795 ...
[4] Finished: 3552/80000 Evaluate learned policies with averaged returns 36.510060860558795 ...
[5] Finished: 3552/80000 Evaluate learned policies with averaged returns 36.510060860558795 ...
[9] Finished: 3552/80000 Evaluate learned policies with averaged returns 36.510060860558795 ...
[1] Finished: 4032/80000 Evaluate learned policies with averaged returns 36.510060860558795 ...
[10] Finished: 3840/80000 Evaluate learned policies with averaged returns 36.510060860558795 ...
[7] Finished: 3936/80000 Evaluate learned policies with averaged returns 36.510060860558795 ...
[6] Finished: 4128/80000 Evaluate learned policies with averaged returns 36.510060860558795 ...
[8] Finished: 3648/80000 Evaluate learned policies with averaged returns 36.510060860558795 ...
[2] Finished: 3456/80000 Evaluate learned policies with averaged returns 33.35041605717201 ...
[4] Finished: 3648/80000 Evaluate learned policies with averaged returns 36.510060860558795 ...
[1] Finished: 4128/80000 Evaluate learned policies with averaged returns 36.510060860558795 ...
[9] Finished: 3648/80000 Evaluate learned policies with averaged returns 36.510060860558795 ...
[5] Finished: 3648/80000 Evaluate learned policies with averaged returns 36.510060860558795 ...
[10] Finished: 3936/80000 Evaluate learned policies with averaged returns 36.510060860558795 ...
[8] Finished: 3744/80000 Evaluate learned policies with averaged returns 36.510060860558795 ...
[7] Finished: 4032/80000 Evaluate learned policies with averaged returns 36.510060860558795 ...
[6] Finished: 4224/80000 Evaluate learned policies with averaged returns 36.510060860558795 ...
[1] Finished: 4224/80000 Evaluate learned policies with averaged returns 36.510060860558795 ...
[2] Finished: 3552/80000 Evaluate learned policies with averaged returns 33.35041605717201 ...
[4] Finished: 3744/80000 Evaluate learned policies with averaged returns 36.510060860558795 ...
[9] Finished: 3744/80000 Evaluate learned policies with averaged returns 36.510060860558795 ...
[10] Finished: 4032/80000 Evaluate learned policies with averaged returns 36.510060860558795 ...
[5] Finished: 3744/80000 Evaluate learned policies with averaged returns 36.510060860558795 ...
[6] Finished: 4320/80000 Evaluate learned policies with averaged returns 36.510060860558795 ...
[1] Finished: 4320/80000 Evaluate learned policies with averaged returns 36.510060860558795 ...
[8] Finished: 3840/80000 Evaluate learned policies with averaged returns 36.510060860558795 ...
[7] Finished: 4128/80000 Evaluate learned policies with averaged returns 36.510060860558795 ...
[4] Finished: 3840/80000 Evaluate learned policies with averaged returns 36.510060860558795 ...
[9] Finished: 3840/80000 Evaluate learned policies with averaged returns 36.510060860558795 ...
[2] Finished: 3648/80000 Evaluate learned policies with averaged returns 33.35041605717201 ...
[10] Finished: 4128/80000 Evaluate learned policies with averaged returns 36.510060860558795 ...
[5] Finished: 3840/80000 Evaluate learned policies with averaged returns 36.510060860558795 ...
[6] Finished: 4416/80000 Evaluate learned policies with averaged returns 36.510060860558795 ...
[7] Finished: 4224/80000 Evaluate learned policies with averaged returns 36.510060860558795 ...
[1] Finished: 4416/80000 Evaluate learned policies with averaged returns 36.510060860558795 ...
[8] Finished: 3936/80000 Evaluate learned policies with averaged returns 36.510060860558795 ...
[9] Finished: 3936/80000 Evaluate learned policies with averaged returns 36.510060860558795 ...
[4] Finished: 3936/80000 Evaluate learned policies with averaged returns 36.510060860558795 ...
[10] Finished: 4224/80000 Evaluate learned policies with averaged returns 36.510060860558795 ...
[5] Finished: 3936/80000 Evaluate learned policies with averaged returns 36.510060860558795 ...
[2] Finished: 3744/80000 Evaluate learned policies with averaged returns 33.35041605717201 ...
[7] Finished: 4320/80000 Evaluate learned policies with averaged returns 36.510060860558795 ...
[6] Finished: 4512/80000 Evaluate learned policies with averaged returns 36.510060860558795 ...
[8] Finished: 4032/80000 Evaluate learned policies with averaged returns 36.510060860558795 ...
[1] Finished: 4512/80000 Evaluate learned policies with averaged returns 36.510060860558795 ...
/home/lin.wo/macro_marl_ppo/src/macro_marl/cores/pg_based/mac_ippov2/models.py:40: RuntimeWarning: divide by zero encountered in log
  logits_1 = action_logits + np.log(1-eps)
wandb: - 0.005 MB of 0.005 MB uploaded[4] Finished: 4032/80000 Evaluate learned policies with averaged returns 36.510060860558795 ...
wandb: \ 0.005 MB of 0.005 MB uploaded[9] Finished: 4032/80000 Evaluate learned policies with averaged returns 36.510060860558795 ...
wandb: | 0.005 MB of 0.005 MB uploaded[10] Finished: 4320/80000 Evaluate learned policies with averaged returns 36.510060860558795 ...
wandb: / 0.005 MB of 0.005 MB uploadedwandb: - 0.005 MB of 0.005 MB uploadedwandb: \ 0.005 MB of 0.005 MB uploaded[2] Finished: 3840/80000 Evaluate learned policies with averaged returns 33.35041605717201 ...
wandb: | 0.005 MB of 0.005 MB uploadedwandb: / 0.005 MB of 0.005 MB uploadedwandb: - 0.005 MB of 0.012 MB uploaded[7] Finished: 4416/80000 Evaluate learned policies with averaged returns 36.510060860558795 ...
wandb: \ 0.012 MB of 0.012 MB uploadedwandb: 
wandb: Run history:
wandb:    episodes ▁▁▁▂▂▂▂▂▂▃▃▃▃▃▃▄▄▄▄▄▅▅▅▅▅▅▆▆▆▆▆▆▇▇▇▇▇▇██
wandb: mean_return ▁▁▁▁▁▂▃▂▂▁▂▄▃▃▂▂▃▄▄▄▅▇██▇█▇▇███▇█▇██████
wandb: 
wandb: Run summary:
wandb:    episodes 3936
wandb: mean_return 36.51006
wandb: 
wandb: 🚀 View run distinctive-thunder-1 at: https://wandb.ai/wwlin1198/ma_ippo_bp10_discovery/runs/kgpvk7h6
wandb: ⭐️ View project at: https://wandb.ai/wwlin1198/ma_ippo_bp10_discovery
wandb: Synced 5 W&B file(s), 0 media file(s), 0 artifact file(s) and 0 other file(s)
wandb: Find logs at: ./wandb/run-20240912_131102-kgpvk7h6/logs
[6] Finished: 4608/80000 Evaluate learned policies with averaged returns 36.510060860558795 ...
Traceback (most recent call last):
  File "/scratch/lin.wo/macro_marl/bin/pg_based_main.py", line 7, in <module>
    exec(compile(f.read(), __file__, 'exec'))
  File "/home/lin.wo/macro_marl_ppo/scripts/pg_based_main.py", line 178, in <module>
    main(args)
  File "/home/lin.wo/macro_marl_ppo/scripts/pg_based_main.py", line 94, in main
    model.learn()
  File "/home/lin.wo/macro_marl_ppo/src/macro_marl/algs/pg_based/mac_ippov2.py", line 142, in learn
    self.learner.train(eps, self.ppo_clip_value, self.ppo_epochs)
  File "/home/lin.wo/macro_marl_ppo/src/macro_marl/cores/pg_based/mac_ippov2/learner.py", line 124, in train
    old_actor = torch.load(PATH)
  File "/scratch/lin.wo/macro_marl/lib/python3.8/site-packages/torch/serialization.py", line 1040, in load
    return _legacy_load(opened_file, map_location, pickle_module, **pickle_load_args)
  File "/scratch/lin.wo/macro_marl/lib/python3.8/site-packages/torch/serialization.py", line 1262, in _legacy_load
    magic_number = pickle_module.load(f, **pickle_load_args)
EOFError: Ran out of input
[8] Finished: 4128/80000 Evaluate learned policies with averaged returns 36.510060860558795 ...
[1] Finished: 4608/80000 Evaluate learned policies with averaged returns 36.510060860558795 ...
[4] Finished: 4128/80000 Evaluate learned policies with averaged returns 36.510060860558795 ...
[9] Finished: 4128/80000 Evaluate learned policies with averaged returns 36.510060860558795 ...
[10] Finished: 4416/80000 Evaluate learned policies with averaged returns 36.510060860558795 ...
[7] Finished: 4512/80000 Evaluate learned policies with averaged returns 36.510060860558795 ...
[2] Finished: 3936/80000 Evaluate learned policies with averaged returns 33.35041605717201 ...
[6] Finished: 4704/80000 Evaluate learned policies with averaged returns 36.510060860558795 ...
[1] Finished: 4704/80000 Evaluate learned policies with averaged returns 36.510060860558795 ...
[8] Finished: 4224/80000 Evaluate learned policies with averaged returns 36.510060860558795 ...
[9] Finished: 4224/80000 Evaluate learned policies with averaged returns 36.510060860558795 ...
[10] Finished: 4512/80000 Evaluate learned policies with averaged returns 36.510060860558795 ...
[4] Finished: 4224/80000 Evaluate learned policies with averaged returns 36.510060860558795 ...
[7] Finished: 4608/80000 Evaluate learned policies with averaged returns 36.510060860558795 ...
[6] Finished: 4800/80000 Evaluate learned policies with averaged returns 36.510060860558795 ...
[1] Finished: 4800/80000 Evaluate learned policies with averaged returns 36.510060860558795 ...
[2] Finished: 4032/80000 Evaluate learned policies with averaged returns 33.35041605717201 ...
[8] Finished: 4320/80000 Evaluate learned policies with averaged returns 36.510060860558795 ...
[10] Finished: 4608/80000 Evaluate learned policies with averaged returns 36.510060860558795 ...
[7] Finished: 4704/80000 Evaluate learned policies with averaged returns 36.510060860558795 ...
[4] Finished: 4320/80000 Evaluate learned policies with averaged returns 36.510060860558795 ...
[1] Finished: 4896/80000 Evaluate learned policies with averaged returns 36.510060860558795 ...
[9] Finished: 4320/80000 Evaluate learned policies with averaged returns 36.510060860558795 ...
[6] Finished: 4896/80000 Evaluate learned policies with averaged returns 36.510060860558795 ...
[2] Finished: 4128/80000 Evaluate learned policies with averaged returns 33.35041605717201 ...
[8] Finished: 4416/80000 Evaluate learned policies with averaged returns 36.510060860558795 ...
[7] Finished: 4800/80000 Evaluate learned policies with averaged returns 32.781799468930835 ...
[10] Finished: 4704/80000 Evaluate learned policies with averaged returns 36.510060860558795 ...
[1] Finished: 4992/80000 Evaluate learned policies with averaged returns 36.510060860558795 ...
[4] Finished: 4416/80000 Evaluate learned policies with averaged returns 36.510060860558795 ...
[6] Finished: 4992/80000 Evaluate learned policies with averaged returns 36.510060860558795 ...
[9] Finished: 4416/80000 Evaluate learned policies with averaged returns 36.510060860558795 ...
[7] Finished: 4896/80000 Evaluate learned policies with averaged returns 34.64593016474481 ...
[8] Finished: 4512/80000 Evaluate learned policies with averaged returns 36.510060860558795 ...
[10] Finished: 4800/80000 Evaluate learned policies with averaged returns 36.510060860558795 ...
[2] Finished: 4224/80000 Evaluate learned policies with averaged returns 33.35041605717201 ...
[1] Finished: 5088/80000 Evaluate learned policies with averaged returns 34.64593016474481 ...
[4] Finished: 4512/80000 Evaluate learned policies with averaged returns 36.510060860558795 ...
[6] Finished: 5088/80000 Evaluate learned policies with averaged returns 36.510060860558795 ...
[9] Finished: 4512/80000 Evaluate learned policies with averaged returns 36.510060860558795 ...
[7] Finished: 4992/80000 Evaluate learned policies with averaged returns 36.510060860558795 ...
[8] Finished: 4608/80000 Evaluate learned policies with averaged returns 36.510060860558795 ...
[10] Finished: 4896/80000 Evaluate learned policies with averaged returns 36.510060860558795 ...
[1] Finished: 5184/80000 Evaluate learned policies with averaged returns 36.510060860558795 ...
[2] Finished: 4320/80000 Evaluate learned policies with averaged returns 33.35041605717201 ...
[6] Finished: 5184/80000 Evaluate learned policies with averaged returns 36.510060860558795 ...
[4] Finished: 4608/80000 Evaluate learned policies with averaged returns 34.64593016474481 ...
[7] Finished: 5088/80000 Evaluate learned policies with averaged returns 36.510060860558795 ...
[9] Finished: 4608/80000 Evaluate learned policies with averaged returns 36.510060860558795 ...
[1] Finished: 5280/80000 Evaluate learned policies with averaged returns 36.510060860558795 ...
/home/lin.wo/macro_marl_ppo/src/macro_marl/cores/pg_based/mac_ippov2/models.py:40: RuntimeWarning: divide by zero encountered in log
  logits_1 = action_logits + np.log(1-eps)
[8] Finished: 4704/80000 Evaluate learned policies with averaged returns 36.510060860558795 ...
wandb: - 0.005 MB of 0.005 MB uploadedwandb: \ 0.005 MB of 0.005 MB uploaded[10] Finished: 4992/80000 Evaluate learned policies with averaged returns 36.510060860558795 ...
wandb: | 0.005 MB of 0.005 MB uploadedwandb: / 0.005 MB of 0.005 MB uploadedwandb: - 0.005 MB of 0.005 MB uploadedwandb: \ 0.005 MB of 0.013 MB uploaded[7] Finished: 5184/80000 Evaluate learned policies with averaged returns 36.510060860558795 ...
[2] Finished: 4416/80000 Evaluate learned policies with averaged returns 33.35041605717201 ...
wandb: | 0.005 MB of 0.013 MB uploadedwandb: 
wandb: Run history:
wandb:    episodes ▁▁▁▂▂▂▂▂▂▃▃▃▃▃▃▄▄▄▄▄▅▅▅▅▅▅▆▆▆▆▆▆▇▇▇▇▇███
wandb: mean_return █▂▃▂▁▂▃▃▃▄▄▄▆▆▆▇▆████▇██████████████████
wandb: 
wandb: Run summary:
wandb:    episodes 5184
wandb: mean_return 36.51006
wandb: 
wandb: 🚀 View run misty-armadillo-4 at: https://wandb.ai/wwlin1198/ma_ippo_bp10_discovery/runs/4lzhjz03
wandb: ⭐️ View project at: https://wandb.ai/wwlin1198/ma_ippo_bp10_discovery
wandb: Synced 5 W&B file(s), 0 media file(s), 0 artifact file(s) and 0 other file(s)
wandb: Find logs at: ./wandb/run-20240912_131103-4lzhjz03/logs
[1] Finished: 5376/80000 Evaluate learned policies with averaged returns 36.510060860558795 ...
Traceback (most recent call last):
  File "/scratch/lin.wo/macro_marl/bin/pg_based_main.py", line 7, in <module>
    exec(compile(f.read(), __file__, 'exec'))
  File "/home/lin.wo/macro_marl_ppo/scripts/pg_based_main.py", line 178, in <module>
    main(args)
  File "/home/lin.wo/macro_marl_ppo/scripts/pg_based_main.py", line 94, in main
    model.learn()
  File "/home/lin.wo/macro_marl_ppo/src/macro_marl/algs/pg_based/mac_ippov2.py", line 142, in learn
    self.learner.train(eps, self.ppo_clip_value, self.ppo_epochs)
  File "/home/lin.wo/macro_marl_ppo/src/macro_marl/cores/pg_based/mac_ippov2/learner.py", line 124, in train
    old_actor = torch.load(PATH)
  File "/scratch/lin.wo/macro_marl/lib/python3.8/site-packages/torch/serialization.py", line 1040, in load
    return _legacy_load(opened_file, map_location, pickle_module, **pickle_load_args)
  File "/scratch/lin.wo/macro_marl/lib/python3.8/site-packages/torch/serialization.py", line 1262, in _legacy_load
    magic_number = pickle_module.load(f, **pickle_load_args)
EOFError: Ran out of input
Exception in thread ChkStopThr:
Traceback (most recent call last):
  File "/scratch/lin.wo/macro_marl/lib/python3.8/threading.py", line 932, in _bootstrap_inner
Exception in thread IntMsgThr:
Traceback (most recent call last):
  File "/scratch/lin.wo/macro_marl/lib/python3.8/threading.py", line 932, in _bootstrap_inner
    self.run()
  File "/scratch/lin.wo/macro_marl/lib/python3.8/threading.py", line 870, in run
    self.run()
  File "/scratch/lin.wo/macro_marl/lib/python3.8/threading.py", line 870, in run
    self._target(*self._args, **self._kwargs)
  File "/scratch/lin.wo/macro_marl/lib/python3.8/site-packages/wandb/sdk/wandb_run.py", line 286, in check_stop_status
    self._target(*self._args, **self._kwargs)
  File "/scratch/lin.wo/macro_marl/lib/python3.8/site-packages/wandb/sdk/wandb_run.py", line 300, in check_internal_messages
    self._loop_check_status(
  File "/scratch/lin.wo/macro_marl/lib/python3.8/site-packages/wandb/sdk/wandb_run.py", line 224, in _loop_check_status
    self._loop_check_status(
  File "/scratch/lin.wo/macro_marl/lib/python3.8/site-packages/wandb/sdk/wandb_run.py", line 224, in _loop_check_status
    local_handle = request()
  File "/scratch/lin.wo/macro_marl/lib/python3.8/site-packages/wandb/sdk/interface/interface.py", line 856, in deliver_internal_messages
    local_handle = request()
  File "/scratch/lin.wo/macro_marl/lib/python3.8/site-packages/wandb/sdk/interface/interface.py", line 840, in deliver_stop_status
    return self._deliver_stop_status(status)
  File "/scratch/lin.wo/macro_marl/lib/python3.8/site-packages/wandb/sdk/interface/interface_shared.py", line 494, in _deliver_stop_status
    return self._deliver_internal_messages(internal_message)
  File "/scratch/lin.wo/macro_marl/lib/python3.8/site-packages/wandb/sdk/interface/interface_shared.py", line 516, in _deliver_internal_messages
    return self._deliver_record(record)
  File "/scratch/lin.wo/macro_marl/lib/python3.8/site-packages/wandb/sdk/interface/interface_shared.py", line 459, in _deliver_record
    handle = mailbox._deliver_record(record, interface=self)
  File "/scratch/lin.wo/macro_marl/lib/python3.8/site-packages/wandb/sdk/lib/mailbox.py", line 455, in _deliver_record
    return self._deliver_record(record)
  File "/scratch/lin.wo/macro_marl/lib/python3.8/site-packages/wandb/sdk/interface/interface_shared.py", line 459, in _deliver_record
    handle = mailbox._deliver_record(record, interface=self)
  File "/scratch/lin.wo/macro_marl/lib/python3.8/site-packages/wandb/sdk/lib/mailbox.py", line 455, in _deliver_record
    interface._publish(record)
  File "/scratch/lin.wo/macro_marl/lib/python3.8/site-packages/wandb/sdk/interface/interface_sock.py", line 51, in _publish
    interface._publish(record)
  File "/scratch/lin.wo/macro_marl/lib/python3.8/site-packages/wandb/sdk/interface/interface_sock.py", line 51, in _publish
    self._sock_client.send_record_publish(record)
  File "/scratch/lin.wo/macro_marl/lib/python3.8/site-packages/wandb/sdk/lib/sock_client.py", line 221, in send_record_publish
    self._sock_client.send_record_publish(record)
  File "/scratch/lin.wo/macro_marl/lib/python3.8/site-packages/wandb/sdk/lib/sock_client.py", line 221, in send_record_publish
    self.send_server_request(server_req)
  File "/scratch/lin.wo/macro_marl/lib/python3.8/site-packages/wandb/sdk/lib/sock_client.py", line 155, in send_server_request
    self._send_message(msg)
  File "/scratch/lin.wo/macro_marl/lib/python3.8/site-packages/wandb/sdk/lib/sock_client.py", line 152, in _send_message
    self.send_server_request(server_req)
  File "/scratch/lin.wo/macro_marl/lib/python3.8/site-packages/wandb/sdk/lib/sock_client.py", line 155, in send_server_request
    self._send_message(msg)
  File "/scratch/lin.wo/macro_marl/lib/python3.8/site-packages/wandb/sdk/lib/sock_client.py", line 152, in _send_message
    self._sendall_with_error_handle(header + data)
  File "/scratch/lin.wo/macro_marl/lib/python3.8/site-packages/wandb/sdk/lib/sock_client.py", line 130, in _sendall_with_error_handle
    self._sendall_with_error_handle(header + data)
  File "/scratch/lin.wo/macro_marl/lib/python3.8/site-packages/wandb/sdk/lib/sock_client.py", line 130, in _sendall_with_error_handle
    sent = self._sock.send(data)
BrokenPipeError: [Errno 32] Broken pipe
    sent = self._sock.send(data)
BrokenPipeError: [Errno 32] Broken pipe
[4] Finished: 4704/80000 Evaluate learned policies with averaged returns 36.510060860558795 ...
[9] Finished: 4704/80000 Evaluate learned policies with averaged returns 36.510060860558795 ...
[7] Finished: 5280/80000 Evaluate learned policies with averaged returns 36.510060860558795 ...
[10] Finished: 5088/80000 Evaluate learned policies with averaged returns 36.510060860558795 ...
[1] Finished: 5472/80000 Evaluate learned policies with averaged returns 36.510060860558795 ...
[8] Finished: 4800/80000 Evaluate learned policies with averaged returns 36.510060860558795 ...
[4] Finished: 4800/80000 Evaluate learned policies with averaged returns 36.510060860558795 ...
[2] Finished: 4512/80000 Evaluate learned policies with averaged returns 33.35041605717201 ...
[9] Finished: 4800/80000 Evaluate learned policies with averaged returns 36.510060860558795 ...
[7] Finished: 5376/80000 Evaluate learned policies with averaged returns 36.510060860558795 ...
[1] Finished: 5568/80000 Evaluate learned policies with averaged returns 36.510060860558795 ...
[10] Finished: 5184/80000 Evaluate learned policies with averaged returns 34.64593016474481 ...
[8] Finished: 4896/80000 Evaluate learned policies with averaged returns 36.510060860558795 ...
[9] Finished: 4896/80000 Evaluate learned policies with averaged returns 36.510060860558795 ...
[7] Finished: 5472/80000 Evaluate learned policies with averaged returns 36.510060860558795 ...
[4] Finished: 4896/80000 Evaluate learned policies with averaged returns 36.510060860558795 ...
[10] Finished: 5280/80000 Evaluate learned policies with averaged returns 36.510060860558795 ...
[1] Finished: 5664/80000 Evaluate learned policies with averaged returns 36.510060860558795 ...
[2] Finished: 4608/80000 Evaluate learned policies with averaged returns 33.35041605717201 ...
[8] Finished: 4992/80000 Evaluate learned policies with averaged returns 36.510060860558795 ...
[7] Finished: 5568/80000 Evaluate learned policies with averaged returns 36.510060860558795 ...
[1] Finished: 5760/80000 Evaluate learned policies with averaged returns 36.510060860558795 ...
[4] Finished: 4992/80000 Evaluate learned policies with averaged returns 36.510060860558795 ...
[10] Finished: 5376/80000 Evaluate learned policies with averaged returns 36.510060860558795 ...
[9] Finished: 4992/80000 Evaluate learned policies with averaged returns 36.510060860558795 ...
[2] Finished: 4704/80000 Evaluate learned policies with averaged returns 33.35041605717201 ...
[1] Finished: 5856/80000 Evaluate learned policies with averaged returns 36.510060860558795 ...
[8] Finished: 5088/80000 Evaluate learned policies with averaged returns 36.510060860558795 ...
[7] Finished: 5664/80000 Evaluate learned policies with averaged returns 36.510060860558795 ...
[10] Finished: 5472/80000 Evaluate learned policies with averaged returns 34.64593016474481 ...
[9] Finished: 5088/80000 Evaluate learned policies with averaged returns 36.510060860558795 ...
[4] Finished: 5088/80000 Evaluate learned policies with averaged returns 36.510060860558795 ...
[7] Finished: 5760/80000 Evaluate learned policies with averaged returns 36.510060860558795 ...
[1] Finished: 5952/80000 Evaluate learned policies with averaged returns 36.510060860558795 ...
[8] Finished: 5184/80000 Evaluate learned policies with averaged returns 36.510060860558795 ...
[2] Finished: 4800/80000 Evaluate learned policies with averaged returns 33.35041605717201 ...
[10] Finished: 5568/80000 Evaluate learned policies with averaged returns 36.510060860558795 ...
[9] Finished: 5184/80000 Evaluate learned policies with averaged returns 36.510060860558795 ...
[1] Finished: 6048/80000 Evaluate learned policies with averaged returns 36.510060860558795 ...
[7] Finished: 5856/80000 Evaluate learned policies with averaged returns 36.510060860558795 ...
[4] Finished: 5184/80000 Evaluate learned policies with averaged returns 36.510060860558795 ...
[8] Finished: 5280/80000 Evaluate learned policies with averaged returns 34.64593016474481 ...
[10] Finished: 5664/80000 Evaluate learned policies with averaged returns 36.510060860558795 ...
[1] Finished: 6144/80000 Evaluate learned policies with averaged returns 36.510060860558795 ...
[7] Finished: 5952/80000 Evaluate learned policies with averaged returns 36.510060860558795 ...
[9] Finished: 5280/80000 Evaluate learned policies with averaged returns 36.510060860558795 ...
[2] Finished: 4896/80000 Evaluate learned policies with averaged returns 33.35041605717201 ...
[4] Finished: 5280/80000 Evaluate learned policies with averaged returns 36.510060860558795 ...
[10] Finished: 5760/80000 Evaluate learned policies with averaged returns 36.510060860558795 ...
[1] Finished: 6240/80000 Evaluate learned policies with averaged returns 36.510060860558795 ...
[8] Finished: 5376/80000 Evaluate learned policies with averaged returns 36.510060860558795 ...
[7] Finished: 6048/80000 Evaluate learned policies with averaged returns 36.510060860558795 ...
[9] Finished: 5376/80000 Evaluate learned policies with averaged returns 36.510060860558795 ...
[4] Finished: 5376/80000 Evaluate learned policies with averaged returns 36.510060860558795 ...
[10] Finished: 5856/80000 Evaluate learned policies with averaged returns 36.510060860558795 ...
[2] Finished: 4992/80000 Evaluate learned policies with averaged returns 33.35041605717201 ...
[8] Finished: 5472/80000 Evaluate learned policies with averaged returns 36.510060860558795 ...
[1] Finished: 6336/80000 Evaluate learned policies with averaged returns 36.510060860558795 ...
[7] Finished: 6144/80000 Evaluate learned policies with averaged returns 36.510060860558795 ...
[9] Finished: 5472/80000 Evaluate learned policies with averaged returns 36.510060860558795 ...
[10] Finished: 5952/80000 Evaluate learned policies with averaged returns 36.510060860558795 ...
[4] Finished: 5472/80000 Evaluate learned policies with averaged returns 36.510060860558795 ...
[8] Finished: 5568/80000 Evaluate learned policies with averaged returns 36.510060860558795 ...
[1] Finished: 6432/80000 Evaluate learned policies with averaged returns 36.510060860558795 ...
[7] Finished: 6240/80000 Evaluate learned policies with averaged returns 36.510060860558795 ...
[2] Finished: 5088/80000 Evaluate learned policies with averaged returns 33.35041605717201 ...
[10] Finished: 6048/80000 Evaluate learned policies with averaged returns 36.510060860558795 ...
/home/lin.wo/macro_marl_ppo/src/macro_marl/cores/pg_based/mac_ippov2/models.py:40: RuntimeWarning: divide by zero encountered in log
  logits_1 = action_logits + np.log(1-eps)
wandb: - 0.005 MB of 0.005 MB uploaded[1] Finished: 6528/80000 Evaluate learned policies with averaged returns 36.510060860558795 ...
[9] Finished: 5568/80000 Evaluate learned policies with averaged returns 36.510060860558795 ...
[8] Finished: 5664/80000 Evaluate learned policies with averaged returns 36.510060860558795 ...
wandb: \ 0.005 MB of 0.005 MB uploadedwandb: | 0.014 MB of 0.014 MB uploadedwandb: 
wandb: Run history:
wandb:    episodes ▁▁▁▂▂▂▂▂▂▃▃▃▃▃▃▄▄▄▄▄▅▅▅▅▅▅▆▆▆▆▆▆▇▇▇▇▇███
wandb: mean_return ▂▂█▁▂▂▃▃▃▃▄▄▅▄▅▆▇▇▇▆▇▇▇▇▇▇▇▇▇▇▆▇▇▇▇▇▇▇▇▇
wandb: 
wandb: Run summary:
wandb:    episodes 6240
wandb: mean_return 36.51006
wandb: 
wandb: 🚀 View run likely-meadow-8 at: https://wandb.ai/wwlin1198/ma_ippo_bp10_discovery/runs/55a4hjli
wandb: ⭐️ View project at: https://wandb.ai/wwlin1198/ma_ippo_bp10_discovery
wandb: Synced 5 W&B file(s), 0 media file(s), 0 artifact file(s) and 0 other file(s)
wandb: Find logs at: ./wandb/run-20240912_131103-55a4hjli/logs
Traceback (most recent call last):
  File "/scratch/lin.wo/macro_marl/bin/pg_based_main.py", line 7, in <module>
    exec(compile(f.read(), __file__, 'exec'))
  File "/home/lin.wo/macro_marl_ppo/scripts/pg_based_main.py", line 178, in <module>
    main(args)
  File "/home/lin.wo/macro_marl_ppo/scripts/pg_based_main.py", line 94, in main
    model.learn()
  File "/home/lin.wo/macro_marl_ppo/src/macro_marl/algs/pg_based/mac_ippov2.py", line 142, in learn
    self.learner.train(eps, self.ppo_clip_value, self.ppo_epochs)
  File "/home/lin.wo/macro_marl_ppo/src/macro_marl/cores/pg_based/mac_ippov2/learner.py", line 124, in train
    old_actor = torch.load(PATH)
  File "/scratch/lin.wo/macro_marl/lib/python3.8/site-packages/torch/serialization.py", line 1040, in load
    return _legacy_load(opened_file, map_location, pickle_module, **pickle_load_args)
  File "/scratch/lin.wo/macro_marl/lib/python3.8/site-packages/torch/serialization.py", line 1262, in _legacy_load
    magic_number = pickle_module.load(f, **pickle_load_args)
EOFError: Ran out of input
[4] Finished: 5568/80000 Evaluate learned policies with averaged returns 34.64593016474481 ...
[10] Finished: 6144/80000 Evaluate learned policies with averaged returns 34.64593016474481 ...
[1] Finished: 6624/80000 Evaluate learned policies with averaged returns 36.510060860558795 ...
[9] Finished: 5664/80000 Evaluate learned policies with averaged returns 36.510060860558795 ...
[8] Finished: 5760/80000 Evaluate learned policies with averaged returns 36.510060860558795 ...
[2] Finished: 5184/80000 Evaluate learned policies with averaged returns 33.35041605717201 ...
[10] Finished: 6240/80000 Evaluate learned policies with averaged returns 36.510060860558795 ...
[4] Finished: 5664/80000 Evaluate learned policies with averaged returns 36.510060860558795 ...
[1] Finished: 6720/80000 Evaluate learned policies with averaged returns 36.510060860558795 ...
[8] Finished: 5856/80000 Evaluate learned policies with averaged returns 36.510060860558795 ...
[9] Finished: 5760/80000 Evaluate learned policies with averaged returns 36.510060860558795 ...
[2] Finished: 5280/80000 Evaluate learned policies with averaged returns 33.35041605717201 ...
[4] Finished: 5760/80000 Evaluate learned policies with averaged returns 36.510060860558795 ...
[10] Finished: 6336/80000 Evaluate learned policies with averaged returns 36.510060860558795 ...
[1] Finished: 6816/80000 Evaluate learned policies with averaged returns 36.510060860558795 ...
[8] Finished: 5952/80000 Evaluate learned policies with averaged returns 36.510060860558795 ...
[9] Finished: 5856/80000 Evaluate learned policies with averaged returns 36.510060860558795 ...
[4] Finished: 5856/80000 Evaluate learned policies with averaged returns 36.510060860558795 ...
[10] Finished: 6432/80000 Evaluate learned policies with averaged returns 36.510060860558795 ...
[2] Finished: 5376/80000 Evaluate learned policies with averaged returns 33.35041605717201 ...
[1] Finished: 6912/80000 Evaluate learned policies with averaged returns 36.510060860558795 ...
[8] Finished: 6048/80000 Evaluate learned policies with averaged returns 34.64593016474481 ...
[9] Finished: 5952/80000 Evaluate learned policies with averaged returns 36.510060860558795 ...
[4] Finished: 5952/80000 Evaluate learned policies with averaged returns 36.510060860558795 ...
[10] Finished: 6528/80000 Evaluate learned policies with averaged returns 36.510060860558795 ...
[8] Finished: 6144/80000 Evaluate learned policies with averaged returns 36.510060860558795 ...
[1] Finished: 7008/80000 Evaluate learned policies with averaged returns 36.510060860558795 ...
[2] Finished: 5472/80000 Evaluate learned policies with averaged returns 33.35041605717201 ...
[9] Finished: 6048/80000 Evaluate learned policies with averaged returns 36.510060860558795 ...
[4] Finished: 6048/80000 Evaluate learned policies with averaged returns 36.510060860558795 ...
[10] Finished: 6624/80000 Evaluate learned policies with averaged returns 36.510060860558795 ...
[1] Finished: 7104/80000 Evaluate learned policies with averaged returns 36.510060860558795 ...
[8] Finished: 6240/80000 Evaluate learned policies with averaged returns 36.510060860558795 ...
[9] Finished: 6144/80000 Evaluate learned policies with averaged returns 36.510060860558795 ...
[4] Finished: 6144/80000 Evaluate learned policies with averaged returns 36.510060860558795 ...
[10] Finished: 6720/80000 Evaluate learned policies with averaged returns 36.510060860558795 ...
[2] Finished: 5568/80000 Evaluate learned policies with averaged returns 33.35041605717201 ...
[1] Finished: 7200/80000 Evaluate learned policies with averaged returns 36.510060860558795 ...
[8] Finished: 6336/80000 Evaluate learned policies with averaged returns 36.510060860558795 ...
[4] Finished: 6240/80000 Evaluate learned policies with averaged returns 36.510060860558795 ...
[9] Finished: 6240/80000 Evaluate learned policies with averaged returns 36.510060860558795 ...
[10] Finished: 6816/80000 Evaluate learned policies with averaged returns 36.510060860558795 ...
[1] Finished: 7296/80000 Evaluate learned policies with averaged returns 36.510060860558795 ...
[2] Finished: 5664/80000 Evaluate learned policies with averaged returns 33.35041605717201 ...
[8] Finished: 6432/80000 Evaluate learned policies with averaged returns 36.510060860558795 ...
[9] Finished: 6336/80000 Evaluate learned policies with averaged returns 36.510060860558795 ...
[10] Finished: 6912/80000 Evaluate learned policies with averaged returns 36.510060860558795 ...
[4] Finished: 6336/80000 Evaluate learned policies with averaged returns 36.510060860558795 ...
[1] Finished: 7392/80000 Evaluate learned policies with averaged returns 36.510060860558795 ...
[8] Finished: 6528/80000 Evaluate learned policies with averaged returns 36.510060860558795 ...
[2] Finished: 5760/80000 Evaluate learned policies with averaged returns 33.35041605717201 ...
[10] Finished: 7008/80000 Evaluate learned policies with averaged returns 36.510060860558795 ...
[9] Finished: 6432/80000 Evaluate learned policies with averaged returns 36.510060860558795 ...
[4] Finished: 6432/80000 Evaluate learned policies with averaged returns 36.510060860558795 ...
[1] Finished: 7488/80000 Evaluate learned policies with averaged returns 36.510060860558795 ...
[8] Finished: 6624/80000 Evaluate learned policies with averaged returns 36.510060860558795 ...
[10] Finished: 7104/80000 Evaluate learned policies with averaged returns 36.510060860558795 ...
[9] Finished: 6528/80000 Evaluate learned policies with averaged returns 36.510060860558795 ...
[4] Finished: 6528/80000 Evaluate learned policies with averaged returns 36.510060860558795 ...
[2] Finished: 5856/80000 Evaluate learned policies with averaged returns 33.35041605717201 ...
[1] Finished: 7584/80000 Evaluate learned policies with averaged returns 36.510060860558795 ...
[8] Finished: 6720/80000 Evaluate learned policies with averaged returns 36.510060860558795 ...
[10] Finished: 7200/80000 Evaluate learned policies with averaged returns 36.510060860558795 ...
[4] Finished: 6624/80000 Evaluate learned policies with averaged returns 36.510060860558795 ...
[9] Finished: 6624/80000 Evaluate learned policies with averaged returns 36.510060860558795 ...
[2] Finished: 5952/80000 Evaluate learned policies with averaged returns 33.35041605717201 ...
[1] Finished: 7680/80000 Evaluate learned policies with averaged returns 36.510060860558795 ...
[8] Finished: 6816/80000 Evaluate learned policies with averaged returns 36.510060860558795 ...
[10] Finished: 7296/80000 Evaluate learned policies with averaged returns 36.510060860558795 ...
[9] Finished: 6720/80000 Evaluate learned policies with averaged returns 36.510060860558795 ...
[4] Finished: 6720/80000 Evaluate learned policies with averaged returns 36.510060860558795 ...
[1] Finished: 7776/80000 Evaluate learned policies with averaged returns 36.510060860558795 ...
[8] Finished: 6912/80000 Evaluate learned policies with averaged returns 36.510060860558795 ...
[2] Finished: 6048/80000 Evaluate learned policies with averaged returns 33.35041605717201 ...
[10] Finished: 7392/80000 Evaluate learned policies with averaged returns 36.510060860558795 ...
[4] Finished: 6816/80000 Evaluate learned policies with averaged returns 36.510060860558795 ...
[9] Finished: 6816/80000 Evaluate learned policies with averaged returns 36.510060860558795 ...
[1] Finished: 7872/80000 Evaluate learned policies with averaged returns 36.510060860558795 ...
[8] Finished: 7008/80000 Evaluate learned policies with averaged returns 36.510060860558795 ...
[2] Finished: 6144/80000 Evaluate learned policies with averaged returns 33.35041605717201 ...
[10] Finished: 7488/80000 Evaluate learned policies with averaged returns 36.510060860558795 ...
[4] Finished: 6912/80000 Evaluate learned policies with averaged returns 36.510060860558795 ...
[9] Finished: 6912/80000 Evaluate learned policies with averaged returns 36.510060860558795 ...
[1] Finished: 7968/80000 Evaluate learned policies with averaged returns 36.510060860558795 ...
[8] Finished: 7104/80000 Evaluate learned policies with averaged returns 36.510060860558795 ...
[2] Finished: 6240/80000 Evaluate learned policies with averaged returns 33.35041605717201 ...
[10] Finished: 7584/80000 Evaluate learned policies with averaged returns 36.510060860558795 ...
[4] Finished: 7008/80000 Evaluate learned policies with averaged returns 34.64593016474481 ...
[9] Finished: 7008/80000 Evaluate learned policies with averaged returns 36.510060860558795 ...
[1] Finished: 8064/80000 Evaluate learned policies with averaged returns 36.510060860558795 ...
[8] Finished: 7200/80000 Evaluate learned policies with averaged returns 36.510060860558795 ...
[2] Finished: 6336/80000 Evaluate learned policies with averaged returns 33.35041605717201 ...
[10] Finished: 7680/80000 Evaluate learned policies with averaged returns 36.510060860558795 ...
[4] Finished: 7104/80000 Evaluate learned policies with averaged returns 36.510060860558795 ...
[9] Finished: 7104/80000 Evaluate learned policies with averaged returns 36.510060860558795 ...
[8] Finished: 7296/80000 Evaluate learned policies with averaged returns 36.510060860558795 ...
[1] Finished: 8160/80000 Evaluate learned policies with averaged returns 36.510060860558795 ...
[10] Finished: 7776/80000 Evaluate learned policies with averaged returns 36.510060860558795 ...
[4] Finished: 7200/80000 Evaluate learned policies with averaged returns 36.510060860558795 ...
[2] Finished: 6432/80000 Evaluate learned policies with averaged returns 33.35041605717201 ...
[9] Finished: 7200/80000 Evaluate learned policies with averaged returns 36.510060860558795 ...
[8] Finished: 7392/80000 Evaluate learned policies with averaged returns 36.510060860558795 ...
[1] Finished: 8256/80000 Evaluate learned policies with averaged returns 36.510060860558795 ...
[10] Finished: 7872/80000 Evaluate learned policies with averaged returns 36.510060860558795 ...
[4] Finished: 7296/80000 Evaluate learned policies with averaged returns 34.64593016474481 ...
[9] Finished: 7296/80000 Evaluate learned policies with averaged returns 36.510060860558795 ...
[2] Finished: 6528/80000 Evaluate learned policies with averaged returns 33.35041605717201 ...
[8] Finished: 7488/80000 Evaluate learned policies with averaged returns 36.510060860558795 ...
[1] Finished: 8352/80000 Evaluate learned policies with averaged returns 36.510060860558795 ...
[10] Finished: 7968/80000 Evaluate learned policies with averaged returns 36.510060860558795 ...
[9] Finished: 7392/80000 Evaluate learned policies with averaged returns 36.510060860558795 ...
[4] Finished: 7392/80000 Evaluate learned policies with averaged returns 36.510060860558795 ...
[2] Finished: 6624/80000 Evaluate learned policies with averaged returns 33.35041605717201 ...
[8] Finished: 7584/80000 Evaluate learned policies with averaged returns 36.510060860558795 ...
[1] Finished: 8448/80000 Evaluate learned policies with averaged returns 36.510060860558795 ...
[10] Finished: 8064/80000 Evaluate learned policies with averaged returns 36.510060860558795 ...
[9] Finished: 7488/80000 Evaluate learned policies with averaged returns 36.510060860558795 ...
[4] Finished: 7488/80000 Evaluate learned policies with averaged returns 32.781799468930835 ...
[8] Finished: 7680/80000 Evaluate learned policies with averaged returns 36.510060860558795 ...
[2] Finished: 6720/80000 Evaluate learned policies with averaged returns 33.35041605717201 ...
[1] Finished: 8544/80000 Evaluate learned policies with averaged returns 36.510060860558795 ...
[10] Finished: 8160/80000 Evaluate learned policies with averaged returns 36.510060860558795 ...
[9] Finished: 7584/80000 Evaluate learned policies with averaged returns 36.510060860558795 ...
[4] Finished: 7584/80000 Evaluate learned policies with averaged returns 32.78179946893083 ...
[8] Finished: 7776/80000 Evaluate learned policies with averaged returns 36.510060860558795 ...
[2] Finished: 6816/80000 Evaluate learned policies with averaged returns 33.35041605717201 ...
[10] Finished: 8256/80000 Evaluate learned policies with averaged returns 36.510060860558795 ...
[1] Finished: 8640/80000 Evaluate learned policies with averaged returns 36.510060860558795 ...
[4] Finished: 7680/80000 Evaluate learned policies with averaged returns 36.510060860558795 ...
[9] Finished: 7680/80000 Evaluate learned policies with averaged returns 36.510060860558795 ...
[8] Finished: 7872/80000 Evaluate learned policies with averaged returns 36.510060860558795 ...
[2] Finished: 6912/80000 Evaluate learned policies with averaged returns 33.35041605717201 ...
[10] Finished: 8352/80000 Evaluate learned policies with averaged returns 36.510060860558795 ...
[1] Finished: 8736/80000 Evaluate learned policies with averaged returns 36.510060860558795 ...
[4] Finished: 7776/80000 Evaluate learned policies with averaged returns 30.91766877311685 ...
[9] Finished: 7776/80000 Evaluate learned policies with averaged returns 36.510060860558795 ...
[8] Finished: 7968/80000 Evaluate learned policies with averaged returns 36.510060860558795 ...
[1] Finished: 8832/80000 Evaluate learned policies with averaged returns 36.510060860558795 ...
[2] Finished: 7008/80000 Evaluate learned policies with averaged returns 33.35041605717201 ...
[10] Finished: 8448/80000 Evaluate learned policies with averaged returns 36.510060860558795 ...
[4] Finished: 7872/80000 Evaluate learned policies with averaged returns 32.781799468930835 ...
[9] Finished: 7872/80000 Evaluate learned policies with averaged returns 36.510060860558795 ...
/home/lin.wo/macro_marl_ppo/src/macro_marl/cores/pg_based/mac_ippov2/models.py:40: RuntimeWarning: divide by zero encountered in log
  logits_1 = action_logits + np.log(1-eps)
[8] Finished: 8064/80000 Evaluate learned policies with averaged returns 36.510060860558795 ...
wandb: - 0.005 MB of 0.005 MB uploadedwandb: \ 0.005 MB of 0.016 MB uploadedwandb: | 0.016 MB of 0.016 MB uploadedwandb: 
wandb: Run history:
wandb:    episodes ▁▁▁▁▂▂▂▂▂▃▃▃▃▃▃▄▄▄▄▄▅▅▅▅▅▅▆▆▆▆▆▆▇▇▇▇▇███
wandb: mean_return ▁▃▃▂▄▄▄▄▅▆▆▇▇███████████████████████████
wandb: 
wandb: Run summary:
wandb:    episodes 8448
wandb: mean_return 36.51006
wandb: 
wandb: 🚀 View run copper-dragon-2 at: https://wandb.ai/wwlin1198/ma_ippo_bp10_discovery/runs/wx7ok5u4
wandb: ⭐️ View project at: https://wandb.ai/wwlin1198/ma_ippo_bp10_discovery
wandb: Synced 5 W&B file(s), 0 media file(s), 0 artifact file(s) and 0 other file(s)
wandb: Find logs at: ./wandb/run-20240912_131102-wx7ok5u4/logs
[1] Finished: 8928/80000 Evaluate learned policies with averaged returns 36.510060860558795 ...
[2] Finished: 7104/80000 Evaluate learned policies with averaged returns 33.35041605717201 ...
Traceback (most recent call last):
  File "/scratch/lin.wo/macro_marl/bin/pg_based_main.py", line 7, in <module>
    exec(compile(f.read(), __file__, 'exec'))
  File "/home/lin.wo/macro_marl_ppo/scripts/pg_based_main.py", line 178, in <module>
    main(args)
  File "/home/lin.wo/macro_marl_ppo/scripts/pg_based_main.py", line 94, in main
    model.learn()
  File "/home/lin.wo/macro_marl_ppo/src/macro_marl/algs/pg_based/mac_ippov2.py", line 142, in learn
    self.learner.train(eps, self.ppo_clip_value, self.ppo_epochs)
  File "/home/lin.wo/macro_marl_ppo/src/macro_marl/cores/pg_based/mac_ippov2/learner.py", line 124, in train
    old_actor = torch.load(PATH)
  File "/scratch/lin.wo/macro_marl/lib/python3.8/site-packages/torch/serialization.py", line 1040, in load
    return _legacy_load(opened_file, map_location, pickle_module, **pickle_load_args)
  File "/scratch/lin.wo/macro_marl/lib/python3.8/site-packages/torch/serialization.py", line 1262, in _legacy_load
    magic_number = pickle_module.load(f, **pickle_load_args)
EOFError: Ran out of input
[4] Finished: 7968/80000 Evaluate learned policies with averaged returns 32.78179946893083 ...
[9] Finished: 7968/80000 Evaluate learned policies with averaged returns 36.510060860558795 ...
[8] Finished: 8160/80000 Evaluate learned policies with averaged returns 36.510060860558795 ...
[1] Finished: 9024/80000 Evaluate learned policies with averaged returns 36.510060860558795 ...
[2] Finished: 7200/80000 Evaluate learned policies with averaged returns 33.35041605717201 ...
[9] Finished: 8064/80000 Evaluate learned policies with averaged returns 36.510060860558795 ...
[4] Finished: 8064/80000 Evaluate learned policies with averaged returns 34.64593016474481 ...
[8] Finished: 8256/80000 Evaluate learned policies with averaged returns 32.781799468930835 ...
[1] Finished: 9120/80000 Evaluate learned policies with averaged returns 36.510060860558795 ...
[9] Finished: 8160/80000 Evaluate learned policies with averaged returns 36.510060860558795 ...
[2] Finished: 7296/80000 Evaluate learned policies with averaged returns 33.35041605717201 ...
[4] Finished: 8160/80000 Evaluate learned policies with averaged returns 32.781799468930835 ...
[8] Finished: 8352/80000 Evaluate learned policies with averaged returns 36.510060860558795 ...
[1] Finished: 9216/80000 Evaluate learned policies with averaged returns 36.510060860558795 ...
[9] Finished: 8256/80000 Evaluate learned policies with averaged returns 36.510060860558795 ...
[4] Finished: 8256/80000 Evaluate learned policies with averaged returns 36.510060860558795 ...
[2] Finished: 7392/80000 Evaluate learned policies with averaged returns 33.35041605717201 ...
[8] Finished: 8448/80000 Evaluate learned policies with averaged returns 36.510060860558795 ...
[1] Finished: 9312/80000 Evaluate learned policies with averaged returns 36.510060860558795 ...
[9] Finished: 8352/80000 Evaluate learned policies with averaged returns 36.510060860558795 ...
[4] Finished: 8352/80000 Evaluate learned policies with averaged returns 36.510060860558795 ...
[2] Finished: 7488/80000 Evaluate learned policies with averaged returns 33.35041605717201 ...
[8] Finished: 8544/80000 Evaluate learned policies with averaged returns 36.510060860558795 ...
[1] Finished: 9408/80000 Evaluate learned policies with averaged returns 36.510060860558795 ...
[9] Finished: 8448/80000 Evaluate learned policies with averaged returns 36.510060860558795 ...
[4] Finished: 8448/80000 Evaluate learned policies with averaged returns 36.510060860558795 ...
[8] Finished: 8640/80000 Evaluate learned policies with averaged returns 36.510060860558795 ...
[2] Finished: 7584/80000 Evaluate learned policies with averaged returns 33.35041605717201 ...
[1] Finished: 9504/80000 Evaluate learned policies with averaged returns 36.510060860558795 ...
[9] Finished: 8544/80000 Evaluate learned policies with averaged returns 36.510060860558795 ...
[4] Finished: 8544/80000 Evaluate learned policies with averaged returns 34.64593016474481 ...
[8] Finished: 8736/80000 Evaluate learned policies with averaged returns 36.510060860558795 ...
[2] Finished: 7680/80000 Evaluate learned policies with averaged returns 33.35041605717201 ...
[1] Finished: 9600/80000 Evaluate learned policies with averaged returns 36.510060860558795 ...
[9] Finished: 8640/80000 Evaluate learned policies with averaged returns 36.510060860558795 ...
[4] Finished: 8640/80000 Evaluate learned policies with averaged returns 32.78179946893083 ...
[8] Finished: 8832/80000 Evaluate learned policies with averaged returns 36.510060860558795 ...
[1] Finished: 9696/80000 Evaluate learned policies with averaged returns 36.510060860558795 ...
[2] Finished: 7776/80000 Evaluate learned policies with averaged returns 33.35041605717201 ...
[9] Finished: 8736/80000 Evaluate learned policies with averaged returns 36.510060860558795 ...
[4] Finished: 8736/80000 Evaluate learned policies with averaged returns 34.64593016474481 ...
[8] Finished: 8928/80000 Evaluate learned policies with averaged returns 36.510060860558795 ...
[1] Finished: 9792/80000 Evaluate learned policies with averaged returns 36.510060860558795 ...
[2] Finished: 7872/80000 Evaluate learned policies with averaged returns 33.35041605717201 ...
[9] Finished: 8832/80000 Evaluate learned policies with averaged returns 36.510060860558795 ...
[4] Finished: 8832/80000 Evaluate learned policies with averaged returns 34.64593016474481 ...
[8] Finished: 9024/80000 Evaluate learned policies with averaged returns 36.510060860558795 ...
[1] Finished: 9888/80000 Evaluate learned policies with averaged returns 36.510060860558795 ...
[2] Finished: 7968/80000 Evaluate learned policies with averaged returns 33.35041605717201 ...
[9] Finished: 8928/80000 Evaluate learned policies with averaged returns 36.510060860558795 ...
[4] Finished: 8928/80000 Evaluate learned policies with averaged returns 30.917668773116855 ...
[8] Finished: 9120/80000 Evaluate learned policies with averaged returns 36.510060860558795 ...
[1] Finished: 9984/80000 Evaluate learned policies with averaged returns 36.510060860558795 ...
[2] Finished: 8064/80000 Evaluate learned policies with averaged returns 33.35041605717201 ...
[9] Finished: 9024/80000 Evaluate learned policies with averaged returns 36.510060860558795 ...
[4] Finished: 9024/80000 Evaluate learned policies with averaged returns 29.053538077302875 ...
[1] Finished: 10080/80000 Evaluate learned policies with averaged returns 36.510060860558795 ...
[8] Finished: 9216/80000 Evaluate learned policies with averaged returns 36.510060860558795 ...
[2] Finished: 8160/80000 Evaluate learned policies with averaged returns 33.35041605717201 ...
[9] Finished: 9120/80000 Evaluate learned policies with averaged returns 36.510060860558795 ...
[4] Finished: 9120/80000 Evaluate learned policies with averaged returns 34.64593016474481 ...
[1] Finished: 10176/80000 Evaluate learned policies with averaged returns 36.510060860558795 ...
[8] Finished: 9312/80000 Evaluate learned policies with averaged returns 36.510060860558795 ...
[9] Finished: 9216/80000 Evaluate learned policies with averaged returns 36.510060860558795 ...
[4] Finished: 9216/80000 Evaluate learned policies with averaged returns 36.510060860558795 ...
[2] Finished: 8256/80000 Evaluate learned policies with averaged returns 33.35041605717201 ...
[8] Finished: 9408/80000 Evaluate learned policies with averaged returns 36.510060860558795 ...
[1] Finished: 10272/80000 Evaluate learned policies with averaged returns 36.510060860558795 ...
[9] Finished: 9312/80000 Evaluate learned policies with averaged returns 36.510060860558795 ...
[4] Finished: 9312/80000 Evaluate learned policies with averaged returns 34.64593016474481 ...
[2] Finished: 8352/80000 Evaluate learned policies with averaged returns 33.35041605717201 ...
[1] Finished: 10368/80000 Evaluate learned policies with averaged returns 36.510060860558795 ...
[8] Finished: 9504/80000 Evaluate learned policies with averaged returns 36.510060860558795 ...
[9] Finished: 9408/80000 Evaluate learned policies with averaged returns 36.510060860558795 ...
[4] Finished: 9408/80000 Evaluate learned policies with averaged returns 32.781799468930835 ...
[2] Finished: 8448/80000 Evaluate learned policies with averaged returns 33.35041605717201 ...
[1] Finished: 10464/80000 Evaluate learned policies with averaged returns 36.510060860558795 ...
[8] Finished: 9600/80000 Evaluate learned policies with averaged returns 36.510060860558795 ...
[9] Finished: 9504/80000 Evaluate learned policies with averaged returns 36.510060860558795 ...
[4] Finished: 9504/80000 Evaluate learned policies with averaged returns 30.917668773116855 ...
[2] Finished: 8544/80000 Evaluate learned policies with averaged returns 33.35041605717201 ...
[1] Finished: 10560/80000 Evaluate learned policies with averaged returns 36.510060860558795 ...
[8] Finished: 9696/80000 Evaluate learned policies with averaged returns 36.510060860558795 ...
[9] Finished: 9600/80000 Evaluate learned policies with averaged returns 36.510060860558795 ...
[4] Finished: 9600/80000 Evaluate learned policies with averaged returns 30.917668773116855 ...
[1] Finished: 10656/80000 Evaluate learned policies with averaged returns 36.510060860558795 ...
[2] Finished: 8640/80000 Evaluate learned policies with averaged returns 33.35041605717201 ...
[8] Finished: 9792/80000 Evaluate learned policies with averaged returns 36.510060860558795 ...
[9] Finished: 9696/80000 Evaluate learned policies with averaged returns 36.510060860558795 ...
[1] Finished: 10752/80000 Evaluate learned policies with averaged returns 36.510060860558795 ...
[4] Finished: 9696/80000 Evaluate learned policies with averaged returns 34.64593016474481 ...
[8] Finished: 9888/80000 Evaluate learned policies with averaged returns 36.510060860558795 ...
[2] Finished: 8736/80000 Evaluate learned policies with averaged returns 33.35041605717201 ...
[9] Finished: 9792/80000 Evaluate learned policies with averaged returns 36.510060860558795 ...
[1] Finished: 10848/80000 Evaluate learned policies with averaged returns 36.510060860558795 ...
[4] Finished: 9792/80000 Evaluate learned policies with averaged returns 32.78179946893083 ...
[8] Finished: 9984/80000 Evaluate learned policies with averaged returns 36.510060860558795 ...
[2] Finished: 8832/80000 Evaluate learned policies with averaged returns 33.35041605717201 ...
[9] Finished: 9888/80000 Evaluate learned policies with averaged returns 36.510060860558795 ...
[1] Finished: 10944/80000 Evaluate learned policies with averaged returns 36.510060860558795 ...
[4] Finished: 9888/80000 Evaluate learned policies with averaged returns 30.917668773116855 ...
[8] Finished: 10080/80000 Evaluate learned policies with averaged returns 36.510060860558795 ...
[2] Finished: 8928/80000 Evaluate learned policies with averaged returns 33.35041605717201 ...
[9] Finished: 9984/80000 Evaluate learned policies with averaged returns 36.510060860558795 ...
[1] Finished: 11040/80000 Evaluate learned policies with averaged returns 36.510060860558795 ...
[4] Finished: 9984/80000 Evaluate learned policies with averaged returns 32.781799468930835 ...
[8] Finished: 10176/80000 Evaluate learned policies with averaged returns 36.510060860558795 ...
[2] Finished: 9024/80000 Evaluate learned policies with averaged returns 33.35041605717201 ...
[9] Finished: 10080/80000 Evaluate learned policies with averaged returns 36.510060860558795 ...
[1] Finished: 11136/80000 Evaluate learned policies with averaged returns 34.64593016474481 ...
[8] Finished: 10272/80000 Evaluate learned policies with averaged returns 36.510060860558795 ...
[4] Finished: 10080/80000 Evaluate learned policies with averaged returns 30.917668773116855 ...
[2] Finished: 9120/80000 Evaluate learned policies with averaged returns 33.35041605717201 ...
[9] Finished: 10176/80000 Evaluate learned policies with averaged returns 36.510060860558795 ...
[1] Finished: 11232/80000 Evaluate learned policies with averaged returns 36.510060860558795 ...
[8] Finished: 10368/80000 Evaluate learned policies with averaged returns 36.510060860558795 ...
[4] Finished: 10176/80000 Evaluate learned policies with averaged returns 34.64593016474481 ...
[2] Finished: 9216/80000 Evaluate learned policies with averaged returns 33.35041605717201 ...
[9] Finished: 10272/80000 Evaluate learned policies with averaged returns 36.510060860558795 ...
[1] Finished: 11328/80000 Evaluate learned policies with averaged returns 36.510060860558795 ...
[8] Finished: 10464/80000 Evaluate learned policies with averaged returns 36.510060860558795 ...
[4] Finished: 10272/80000 Evaluate learned policies with averaged returns 36.510060860558795 ...
[1] Finished: 11424/80000 Evaluate learned policies with averaged returns 36.510060860558795 ...
[9] Finished: 10368/80000 Evaluate learned policies with averaged returns 36.510060860558795 ...
[2] Finished: 9312/80000 Evaluate learned policies with averaged returns 33.35041605717201 ...
[8] Finished: 10560/80000 Evaluate learned policies with averaged returns 36.510060860558795 ...
[4] Finished: 10368/80000 Evaluate learned policies with averaged returns 36.510060860558795 ...
[1] Finished: 11520/80000 Evaluate learned policies with averaged returns 36.510060860558795 ...
[9] Finished: 10464/80000 Evaluate learned policies with averaged returns 36.510060860558795 ...
[2] Finished: 9408/80000 Evaluate learned policies with averaged returns 33.35041605717201 ...
[8] Finished: 10656/80000 Evaluate learned policies with averaged returns 36.510060860558795 ...
[4] Finished: 10464/80000 Evaluate learned policies with averaged returns 34.64593016474481 ...
[1] Finished: 11616/80000 Evaluate learned policies with averaged returns 36.510060860558795 ...
[9] Finished: 10560/80000 Evaluate learned policies with averaged returns 36.510060860558795 ...
[2] Finished: 9504/80000 Evaluate learned policies with averaged returns 33.35041605717201 ...
[8] Finished: 10752/80000 Evaluate learned policies with averaged returns 36.510060860558795 ...
[4] Finished: 10560/80000 Evaluate learned policies with averaged returns 36.510060860558795 ...
[1] Finished: 11712/80000 Evaluate learned policies with averaged returns 36.510060860558795 ...
[9] Finished: 10656/80000 Evaluate learned policies with averaged returns 36.510060860558795 ...
[8] Finished: 10848/80000 Evaluate learned policies with averaged returns 36.510060860558795 ...
[2] Finished: 9600/80000 Evaluate learned policies with averaged returns 33.35041605717201 ...
[4] Finished: 10656/80000 Evaluate learned policies with averaged returns 34.64593016474481 ...
[1] Finished: 11808/80000 Evaluate learned policies with averaged returns 36.510060860558795 ...
[9] Finished: 10752/80000 Evaluate learned policies with averaged returns 36.510060860558795 ...
[8] Finished: 10944/80000 Evaluate learned policies with averaged returns 36.510060860558795 ...
[2] Finished: 9696/80000 Evaluate learned policies with averaged returns 33.35041605717201 ...
[4] Finished: 10752/80000 Evaluate learned policies with averaged returns 34.64593016474481 ...
[1] Finished: 11904/80000 Evaluate learned policies with averaged returns 36.510060860558795 ...
[9] Finished: 10848/80000 Evaluate learned policies with averaged returns 36.510060860558795 ...
[8] Finished: 11040/80000 Evaluate learned policies with averaged returns 36.510060860558795 ...
[2] Finished: 9792/80000 Evaluate learned policies with averaged returns 33.35041605717201 ...
[4] Finished: 10848/80000 Evaluate learned policies with averaged returns 25.32527668567492 ...
[1] Finished: 12000/80000 Evaluate learned policies with averaged returns 36.510060860558795 ...
[9] Finished: 10944/80000 Evaluate learned policies with averaged returns 36.510060860558795 ...
[4] Finished: 10944/80000 Evaluate learned policies with averaged returns 32.781799468930835 ...
[8] Finished: 11136/80000 Evaluate learned policies with averaged returns 36.510060860558795 ...
[9] Finished: 11040/80000 Evaluate learned policies with averaged returns 36.510060860558795 ...
[2] Finished: 9888/80000 Evaluate learned policies with averaged returns 33.35041605717201 ...
[1] Finished: 12096/80000 Evaluate learned policies with averaged returns 36.510060860558795 ...
[4] Finished: 11040/80000 Evaluate learned policies with averaged returns 32.78179946893083 ...
[8] Finished: 11232/80000 Evaluate learned policies with averaged returns 36.510060860558795 ...
[9] Finished: 11136/80000 Evaluate learned policies with averaged returns 36.510060860558795 ...
[1] Finished: 12192/80000 Evaluate learned policies with averaged returns 36.510060860558795 ...
[2] Finished: 9984/80000 Evaluate learned policies with averaged returns 33.35041605717201 ...
[4] Finished: 11136/80000 Evaluate learned policies with averaged returns 34.64593016474481 ...
[9] Finished: 11232/80000 Evaluate learned policies with averaged returns 36.510060860558795 ...
[8] Finished: 11328/80000 Evaluate learned policies with averaged returns 36.510060860558795 ...
[1] Finished: 12288/80000 Evaluate learned policies with averaged returns 36.510060860558795 ...
[2] Finished: 10080/80000 Evaluate learned policies with averaged returns 33.35041605717201 ...
[4] Finished: 11232/80000 Evaluate learned policies with averaged returns 32.78179946893083 ...
[9] Finished: 11328/80000 Evaluate learned policies with averaged returns 36.510060860558795 ...
[8] Finished: 11424/80000 Evaluate learned policies with averaged returns 36.510060860558795 ...
[1] Finished: 12384/80000 Evaluate learned policies with averaged returns 36.510060860558795 ...
[2] Finished: 10176/80000 Evaluate learned policies with averaged returns 33.35041605717201 ...
[9] Finished: 11424/80000 Evaluate learned policies with averaged returns 36.510060860558795 ...
[4] Finished: 11328/80000 Evaluate learned policies with averaged returns 32.781799468930835 ...
[8] Finished: 11520/80000 Evaluate learned policies with averaged returns 36.510060860558795 ...
[1] Finished: 12480/80000 Evaluate learned policies with averaged returns 36.510060860558795 ...
[2] Finished: 10272/80000 Evaluate learned policies with averaged returns 33.35041605717201 ...
[9] Finished: 11520/80000 Evaluate learned policies with averaged returns 36.510060860558795 ...
[4] Finished: 11424/80000 Evaluate learned policies with averaged returns 27.189407381488895 ...
[8] Finished: 11616/80000 Evaluate learned policies with averaged returns 36.510060860558795 ...
[1] Finished: 12576/80000 Evaluate learned policies with averaged returns 36.510060860558795 ...
[9] Finished: 11616/80000 Evaluate learned policies with averaged returns 36.510060860558795 ...
[4] Finished: 11520/80000 Evaluate learned policies with averaged returns 29.053538077302882 ...
[8] Finished: 11712/80000 Evaluate learned policies with averaged returns 36.510060860558795 ...
[2] Finished: 10368/80000 Evaluate learned policies with averaged returns 33.35041605717201 ...
[1] Finished: 12672/80000 Evaluate learned policies with averaged returns 36.510060860558795 ...
[9] Finished: 11712/80000 Evaluate learned policies with averaged returns 36.510060860558795 ...
[8] Finished: 11808/80000 Evaluate learned policies with averaged returns 36.510060860558795 ...
[4] Finished: 11616/80000 Evaluate learned policies with averaged returns 36.510060860558795 ...
[1] Finished: 12768/80000 Evaluate learned policies with averaged returns 36.510060860558795 ...
[2] Finished: 10464/80000 Evaluate learned policies with averaged returns 33.35041605717201 ...
[9] Finished: 11808/80000 Evaluate learned policies with averaged returns 36.510060860558795 ...
[8] Finished: 11904/80000 Evaluate learned policies with averaged returns 36.510060860558795 ...
[4] Finished: 11712/80000 Evaluate learned policies with averaged returns 32.78179946893083 ...
[1] Finished: 12864/80000 Evaluate learned policies with averaged returns 36.510060860558795 ...
[2] Finished: 10560/80000 Evaluate learned policies with averaged returns 33.35041605717201 ...
[9] Finished: 11904/80000 Evaluate learned policies with averaged returns 36.510060860558795 ...
[8] Finished: 12000/80000 Evaluate learned policies with averaged returns 36.510060860558795 ...
[4] Finished: 11808/80000 Evaluate learned policies with averaged returns 32.78179946893083 ...
[1] Finished: 12960/80000 Evaluate learned policies with averaged returns 36.510060860558795 ...
[2] Finished: 10656/80000 Evaluate learned policies with averaged returns 33.35041605717201 ...
[9] Finished: 12000/80000 Evaluate learned policies with averaged returns 36.510060860558795 ...
[8] Finished: 12096/80000 Evaluate learned policies with averaged returns 36.510060860558795 ...
[4] Finished: 11904/80000 Evaluate learned policies with averaged returns 27.189407381488895 ...
[1] Finished: 13056/80000 Evaluate learned policies with averaged returns 36.510060860558795 ...
[2] Finished: 10752/80000 Evaluate learned policies with averaged returns 33.35041605717201 ...
[9] Finished: 12096/80000 Evaluate learned policies with averaged returns 36.510060860558795 ...
[8] Finished: 12192/80000 Evaluate learned policies with averaged returns 36.510060860558795 ...
[4] Finished: 12000/80000 Evaluate learned policies with averaged returns 29.053538077302875 ...
[1] Finished: 13152/80000 Evaluate learned policies with averaged returns 36.510060860558795 ...
[9] Finished: 12192/80000 Evaluate learned policies with averaged returns 36.510060860558795 ...
[2] Finished: 10848/80000 Evaluate learned policies with averaged returns 33.35041605717201 ...
[8] Finished: 12288/80000 Evaluate learned policies with averaged returns 36.510060860558795 ...
[1] Finished: 13248/80000 Evaluate learned policies with averaged returns 36.510060860558795 ...
[4] Finished: 12096/80000 Evaluate learned policies with averaged returns 32.781799468930835 ...
[9] Finished: 12288/80000 Evaluate learned policies with averaged returns 36.510060860558795 ...
[8] Finished: 12384/80000 Evaluate learned policies with averaged returns 36.510060860558795 ...
[2] Finished: 10944/80000 Evaluate learned policies with averaged returns 33.35041605717201 ...
[4] Finished: 12192/80000 Evaluate learned policies with averaged returns 34.64593016474481 ...
[1] Finished: 13344/80000 Evaluate learned policies with averaged returns 36.510060860558795 ...
[9] Finished: 12384/80000 Evaluate learned policies with averaged returns 36.510060860558795 ...
[8] Finished: 12480/80000 Evaluate learned policies with averaged returns 36.510060860558795 ...
[2] Finished: 11040/80000 Evaluate learned policies with averaged returns 33.35041605717201 ...
[4] Finished: 12288/80000 Evaluate learned policies with averaged returns 32.78179946893083 ...
[1] Finished: 13440/80000 Evaluate learned policies with averaged returns 36.510060860558795 ...
[9] Finished: 12480/80000 Evaluate learned policies with averaged returns 36.510060860558795 ...
[8] Finished: 12576/80000 Evaluate learned policies with averaged returns 36.510060860558795 ...
[4] Finished: 12384/80000 Evaluate learned policies with averaged returns 34.64593016474481 ...
[2] Finished: 11136/80000 Evaluate learned policies with averaged returns 33.35041605717201 ...
[1] Finished: 13536/80000 Evaluate learned policies with averaged returns 36.510060860558795 ...
[9] Finished: 12576/80000 Evaluate learned policies with averaged returns 36.510060860558795 ...
[8] Finished: 12672/80000 Evaluate learned policies with averaged returns 36.510060860558795 ...
[4] Finished: 12480/80000 Evaluate learned policies with averaged returns 34.64593016474481 ...
[1] Finished: 13632/80000 Evaluate learned policies with averaged returns 36.510060860558795 ...
[2] Finished: 11232/80000 Evaluate learned policies with averaged returns 33.35041605717201 ...
[9] Finished: 12672/80000 Evaluate learned policies with averaged returns 36.510060860558795 ...
[8] Finished: 12768/80000 Evaluate learned policies with averaged returns 36.510060860558795 ...
[4] Finished: 12576/80000 Evaluate learned policies with averaged returns 34.64593016474481 ...
[1] Finished: 13728/80000 Evaluate learned policies with averaged returns 36.510060860558795 ...
[9] Finished: 12768/80000 Evaluate learned policies with averaged returns 36.510060860558795 ...
[2] Finished: 11328/80000 Evaluate learned policies with averaged returns 33.35041605717201 ...
[8] Finished: 12864/80000 Evaluate learned policies with averaged returns 36.510060860558795 ...
[4] Finished: 12672/80000 Evaluate learned policies with averaged returns 30.917668773116855 ...
[1] Finished: 13824/80000 Evaluate learned policies with averaged returns 36.510060860558795 ...
[9] Finished: 12864/80000 Evaluate learned policies with averaged returns 36.510060860558795 ...
[8] Finished: 12960/80000 Evaluate learned policies with averaged returns 36.510060860558795 ...
[2] Finished: 11424/80000 Evaluate learned policies with averaged returns 33.35041605717201 ...
[4] Finished: 12768/80000 Evaluate learned policies with averaged returns 32.78179946893083 ...
[9] Finished: 12960/80000 Evaluate learned policies with averaged returns 36.510060860558795 ...
[1] Finished: 13920/80000 Evaluate learned policies with averaged returns 36.510060860558795 ...
[8] Finished: 13056/80000 Evaluate learned policies with averaged returns 36.510060860558795 ...
[2] Finished: 11520/80000 Evaluate learned policies with averaged returns 33.35041605717201 ...
[4] Finished: 12864/80000 Evaluate learned policies with averaged returns 32.78179946893083 ...
[9] Finished: 13056/80000 Evaluate learned policies with averaged returns 36.510060860558795 ...
[1] Finished: 14016/80000 Evaluate learned policies with averaged returns 36.510060860558795 ...
[8] Finished: 13152/80000 Evaluate learned policies with averaged returns 36.510060860558795 ...
[2] Finished: 11616/80000 Evaluate learned policies with averaged returns 33.35041605717201 ...
[4] Finished: 12960/80000 Evaluate learned policies with averaged returns 32.781799468930835 ...
[9] Finished: 13152/80000 Evaluate learned policies with averaged returns 36.510060860558795 ...
[1] Finished: 14112/80000 Evaluate learned policies with averaged returns 36.510060860558795 ...
[8] Finished: 13248/80000 Evaluate learned policies with averaged returns 36.510060860558795 ...
[4] Finished: 13056/80000 Evaluate learned policies with averaged returns 34.64593016474481 ...
[2] Finished: 11712/80000 Evaluate learned policies with averaged returns 33.35041605717201 ...
[9] Finished: 13248/80000 Evaluate learned policies with averaged returns 36.510060860558795 ...
[1] Finished: 14208/80000 Evaluate learned policies with averaged returns 36.510060860558795 ...
[8] Finished: 13344/80000 Evaluate learned policies with averaged returns 36.510060860558795 ...
[4] Finished: 13152/80000 Evaluate learned policies with averaged returns 32.781799468930835 ...
[9] Finished: 13344/80000 Evaluate learned policies with averaged returns 36.510060860558795 ...
[2] Finished: 11808/80000 Evaluate learned policies with averaged returns 33.35041605717201 ...
[1] Finished: 14304/80000 Evaluate learned policies with averaged returns 36.510060860558795 ...
[8] Finished: 13440/80000 Evaluate learned policies with averaged returns 36.510060860558795 ...
[9] Finished: 13440/80000 Evaluate learned policies with averaged returns 36.510060860558795 ...
[4] Finished: 13248/80000 Evaluate learned policies with averaged returns 34.64593016474481 ...
[1] Finished: 14400/80000 Evaluate learned policies with averaged returns 36.510060860558795 ...
[2] Finished: 11904/80000 Evaluate learned policies with averaged returns 33.35041605717201 ...
[8] Finished: 13536/80000 Evaluate learned policies with averaged returns 36.510060860558795 ...
[9] Finished: 13536/80000 Evaluate learned policies with averaged returns 36.510060860558795 ...
[4] Finished: 13344/80000 Evaluate learned policies with averaged returns 30.917668773116855 ...
[1] Finished: 14496/80000 Evaluate learned policies with averaged returns 36.510060860558795 ...
[8] Finished: 13632/80000 Evaluate learned policies with averaged returns 36.510060860558795 ...
[2] Finished: 12000/80000 Evaluate learned policies with averaged returns 33.35041605717201 ...
[9] Finished: 13632/80000 Evaluate learned policies with averaged returns 36.510060860558795 ...
[4] Finished: 13440/80000 Evaluate learned policies with averaged returns 32.781799468930835 ...
[1] Finished: 14592/80000 Evaluate learned policies with averaged returns 36.510060860558795 ...
[8] Finished: 13728/80000 Evaluate learned policies with averaged returns 36.510060860558795 ...
[2] Finished: 12096/80000 Evaluate learned policies with averaged returns 33.35041605717201 ...
[9] Finished: 13728/80000 Evaluate learned policies with averaged returns 36.510060860558795 ...
[4] Finished: 13536/80000 Evaluate learned policies with averaged returns 34.64593016474481 ...
[1] Finished: 14688/80000 Evaluate learned policies with averaged returns 36.510060860558795 ...
[8] Finished: 13824/80000 Evaluate learned policies with averaged returns 36.510060860558795 ...
[2] Finished: 12192/80000 Evaluate learned policies with averaged returns 33.35041605717201 ...
[9] Finished: 13824/80000 Evaluate learned policies with averaged returns 36.510060860558795 ...
[4] Finished: 13632/80000 Evaluate learned policies with averaged returns 34.64593016474481 ...
[1] Finished: 14784/80000 Evaluate learned policies with averaged returns 36.510060860558795 ...
[8] Finished: 13920/80000 Evaluate learned policies with averaged returns 36.510060860558795 ...
[2] Finished: 12288/80000 Evaluate learned policies with averaged returns 33.35041605717201 ...
[9] Finished: 13920/80000 Evaluate learned policies with averaged returns 36.510060860558795 ...
[4] Finished: 13728/80000 Evaluate learned policies with averaged returns 36.510060860558795 ...
[1] Finished: 14880/80000 Evaluate learned policies with averaged returns 36.510060860558795 ...
[8] Finished: 14016/80000 Evaluate learned policies with averaged returns 36.510060860558795 ...
[9] Finished: 14016/80000 Evaluate learned policies with averaged returns 36.510060860558795 ...
[4] Finished: 13824/80000 Evaluate learned policies with averaged returns 29.053538077302875 ...
[2] Finished: 12384/80000 Evaluate learned policies with averaged returns 33.35041605717201 ...
[1] Finished: 14976/80000 Evaluate learned policies with averaged returns 36.510060860558795 ...
[8] Finished: 14112/80000 Evaluate learned policies with averaged returns 36.510060860558795 ...
[9] Finished: 14112/80000 Evaluate learned policies with averaged returns 36.510060860558795 ...
[4] Finished: 13920/80000 Evaluate learned policies with averaged returns 30.91766877311685 ...
[2] Finished: 12480/80000 Evaluate learned policies with averaged returns 33.35041605717201 ...
[8] Finished: 14208/80000 Evaluate learned policies with averaged returns 36.510060860558795 ...
[1] Finished: 15072/80000 Evaluate learned policies with averaged returns 36.510060860558795 ...
[9] Finished: 14208/80000 Evaluate learned policies with averaged returns 36.510060860558795 ...
[4] Finished: 14016/80000 Evaluate learned policies with averaged returns 27.189407381488895 ...
[8] Finished: 14304/80000 Evaluate learned policies with averaged returns 36.510060860558795 ...
[2] Finished: 12576/80000 Evaluate learned policies with averaged returns 33.35041605717201 ...
[1] Finished: 15168/80000 Evaluate learned policies with averaged returns 36.510060860558795 ...
[9] Finished: 14304/80000 Evaluate learned policies with averaged returns 36.510060860558795 ...
[4] Finished: 14112/80000 Evaluate learned policies with averaged returns 30.917668773116855 ...
[8] Finished: 14400/80000 Evaluate learned policies with averaged returns 36.510060860558795 ...
[1] Finished: 15264/80000 Evaluate learned policies with averaged returns 36.510060860558795 ...
[2] Finished: 12672/80000 Evaluate learned policies with averaged returns 33.35041605717201 ...
[9] Finished: 14400/80000 Evaluate learned policies with averaged returns 36.510060860558795 ...
[4] Finished: 14208/80000 Evaluate learned policies with averaged returns 27.1894073814889 ...
[8] Finished: 14496/80000 Evaluate learned policies with averaged returns 36.510060860558795 ...
[1] Finished: 15360/80000 Evaluate learned policies with averaged returns 36.510060860558795 ...
[2] Finished: 12768/80000 Evaluate learned policies with averaged returns 33.35041605717201 ...
[9] Finished: 14496/80000 Evaluate learned policies with averaged returns 36.510060860558795 ...
[8] Finished: 14592/80000 Evaluate learned policies with averaged returns 36.510060860558795 ...
[4] Finished: 14304/80000 Evaluate learned policies with averaged returns 34.64593016474481 ...
[1] Finished: 15456/80000 Evaluate learned policies with averaged returns 36.510060860558795 ...
[2] Finished: 12864/80000 Evaluate learned policies with averaged returns 33.35041605717201 ...
[9] Finished: 14592/80000 Evaluate learned policies with averaged returns 36.510060860558795 ...
[8] Finished: 14688/80000 Evaluate learned policies with averaged returns 36.510060860558795 ...
[4] Finished: 14400/80000 Evaluate learned policies with averaged returns 34.64593016474481 ...
[1] Finished: 15552/80000 Evaluate learned policies with averaged returns 36.510060860558795 ...
[9] Finished: 14688/80000 Evaluate learned policies with averaged returns 36.510060860558795 ...
[2] Finished: 12960/80000 Evaluate learned policies with averaged returns 33.35041605717201 ...
[8] Finished: 14784/80000 Evaluate learned policies with averaged returns 36.510060860558795 ...
[4] Finished: 14496/80000 Evaluate learned policies with averaged returns 30.917668773116855 ...
[1] Finished: 15648/80000 Evaluate learned policies with averaged returns 36.510060860558795 ...
[9] Finished: 14784/80000 Evaluate learned policies with averaged returns 36.510060860558795 ...
[2] Finished: 13056/80000 Evaluate learned policies with averaged returns 33.35041605717201 ...
[8] Finished: 14880/80000 Evaluate learned policies with averaged returns 36.510060860558795 ...
[4] Finished: 14592/80000 Evaluate learned policies with averaged returns 30.917668773116855 ...
[1] Finished: 15744/80000 Evaluate learned policies with averaged returns 36.510060860558795 ...
[9] Finished: 14880/80000 Evaluate learned policies with averaged returns 36.510060860558795 ...
[8] Finished: 14976/80000 Evaluate learned policies with averaged returns 36.510060860558795 ...
[2] Finished: 13152/80000 Evaluate learned policies with averaged returns 33.35041605717201 ...
[4] Finished: 14688/80000 Evaluate learned policies with averaged returns 32.781799468930835 ...
[1] Finished: 15840/80000 Evaluate learned policies with averaged returns 36.510060860558795 ...
[9] Finished: 14976/80000 Evaluate learned policies with averaged returns 36.510060860558795 ...
[8] Finished: 15072/80000 Evaluate learned policies with averaged returns 36.510060860558795 ...
[4] Finished: 14784/80000 Evaluate learned policies with averaged returns 34.64593016474481 ...
[1] Finished: 15936/80000 Evaluate learned policies with averaged returns 36.510060860558795 ...
[2] Finished: 13248/80000 Evaluate learned policies with averaged returns 33.35041605717201 ...
[9] Finished: 15072/80000 Evaluate learned policies with averaged returns 36.510060860558795 ...
[8] Finished: 15168/80000 Evaluate learned policies with averaged returns 36.510060860558795 ...
[4] Finished: 14880/80000 Evaluate learned policies with averaged returns 32.781799468930835 ...
[1] Finished: 16032/80000 Evaluate learned policies with averaged returns 36.510060860558795 ...
[2] Finished: 13344/80000 Evaluate learned policies with averaged returns 33.35041605717201 ...
[9] Finished: 15168/80000 Evaluate learned policies with averaged returns 36.510060860558795 ...
[8] Finished: 15264/80000 Evaluate learned policies with averaged returns 36.510060860558795 ...
[4] Finished: 14976/80000 Evaluate learned policies with averaged returns 34.64593016474481 ...
[1] Finished: 16128/80000 Evaluate learned policies with averaged returns 36.510060860558795 ...
[2] Finished: 13440/80000 Evaluate learned policies with averaged returns 33.35041605717201 ...
[9] Finished: 15264/80000 Evaluate learned policies with averaged returns 36.510060860558795 ...
[8] Finished: 15360/80000 Evaluate learned policies with averaged returns 36.510060860558795 ...
[4] Finished: 15072/80000 Evaluate learned policies with averaged returns 36.510060860558795 ...
[1] Finished: 16224/80000 Evaluate learned policies with averaged returns 36.510060860558795 ...
[9] Finished: 15360/80000 Evaluate learned policies with averaged returns 36.510060860558795 ...
[2] Finished: 13536/80000 Evaluate learned policies with averaged returns 33.35041605717201 ...
[8] Finished: 15456/80000 Evaluate learned policies with averaged returns 36.510060860558795 ...
[4] Finished: 15168/80000 Evaluate learned policies with averaged returns 32.781799468930835 ...
[1] Finished: 16320/80000 Evaluate learned policies with averaged returns 36.510060860558795 ...
[9] Finished: 15456/80000 Evaluate learned policies with averaged returns 36.510060860558795 ...
[8] Finished: 15552/80000 Evaluate learned policies with averaged returns 36.510060860558795 ...
[2] Finished: 13632/80000 Evaluate learned policies with averaged returns 33.35041605717201 ...
[4] Finished: 15264/80000 Evaluate learned policies with averaged returns 34.64593016474481 ...
[1] Finished: 16416/80000 Evaluate learned policies with averaged returns 36.510060860558795 ...
[9] Finished: 15552/80000 Evaluate learned policies with averaged returns 36.510060860558795 ...
[8] Finished: 15648/80000 Evaluate learned policies with averaged returns 36.510060860558795 ...
[2] Finished: 13728/80000 Evaluate learned policies with averaged returns 33.35041605717201 ...
[4] Finished: 15360/80000 Evaluate learned policies with averaged returns 30.917668773116855 ...
[1] Finished: 16512/80000 Evaluate learned policies with averaged returns 36.510060860558795 ...
[9] Finished: 15648/80000 Evaluate learned policies with averaged returns 36.510060860558795 ...
[8] Finished: 15744/80000 Evaluate learned policies with averaged returns 36.510060860558795 ...
[4] Finished: 15456/80000 Evaluate learned policies with averaged returns 32.781799468930835 ...
[1] Finished: 16608/80000 Evaluate learned policies with averaged returns 36.510060860558795 ...
[2] Finished: 13824/80000 Evaluate learned policies with averaged returns 33.35041605717201 ...
[9] Finished: 15744/80000 Evaluate learned policies with averaged returns 36.510060860558795 ...
[8] Finished: 15840/80000 Evaluate learned policies with averaged returns 36.510060860558795 ...
[4] Finished: 15552/80000 Evaluate learned policies with averaged returns 27.1894073814889 ...
[1] Finished: 16704/80000 Evaluate learned policies with averaged returns 36.510060860558795 ...
[2] Finished: 13920/80000 Evaluate learned policies with averaged returns 33.35041605717201 ...
[9] Finished: 15840/80000 Evaluate learned policies with averaged returns 36.510060860558795 ...
[8] Finished: 15936/80000 Evaluate learned policies with averaged returns 36.510060860558795 ...
[4] Finished: 15648/80000 Evaluate learned policies with averaged returns 34.64593016474481 ...
[1] Finished: 16800/80000 Evaluate learned policies with averaged returns 36.510060860558795 ...
[9] Finished: 15936/80000 Evaluate learned policies with averaged returns 36.510060860558795 ...
[2] Finished: 14016/80000 Evaluate learned policies with averaged returns 33.35041605717201 ...
[8] Finished: 16032/80000 Evaluate learned policies with averaged returns 36.510060860558795 ...
[1] Finished: 16896/80000 Evaluate learned policies with averaged returns 36.510060860558795 ...
[4] Finished: 15744/80000 Evaluate learned policies with averaged returns 32.781799468930835 ...
[9] Finished: 16032/80000 Evaluate learned policies with averaged returns 36.510060860558795 ...
[2] Finished: 14112/80000 Evaluate learned policies with averaged returns 33.35041605717201 ...
[8] Finished: 16128/80000 Evaluate learned policies with averaged returns 36.510060860558795 ...
[1] Finished: 16992/80000 Evaluate learned policies with averaged returns 36.510060860558795 ...
[4] Finished: 15840/80000 Evaluate learned policies with averaged returns 30.917668773116855 ...
[9] Finished: 16128/80000 Evaluate learned policies with averaged returns 36.510060860558795 ...
[8] Finished: 16224/80000 Evaluate learned policies with averaged returns 36.510060860558795 ...
[2] Finished: 14208/80000 Evaluate learned policies with averaged returns 33.35041605717201 ...
[1] Finished: 17088/80000 Evaluate learned policies with averaged returns 36.510060860558795 ...
[4] Finished: 15936/80000 Evaluate learned policies with averaged returns 27.189407381488895 ...
[9] Finished: 16224/80000 Evaluate learned policies with averaged returns 36.510060860558795 ...
[8] Finished: 16320/80000 Evaluate learned policies with averaged returns 36.510060860558795 ...
[2] Finished: 14304/80000 Evaluate learned policies with averaged returns 33.35041605717201 ...
[1] Finished: 17184/80000 Evaluate learned policies with averaged returns 36.510060860558795 ...
[9] Finished: 16320/80000 Evaluate learned policies with averaged returns 36.510060860558795 ...
[4] Finished: 16032/80000 Evaluate learned policies with averaged returns 27.1894073814889 ...
[8] Finished: 16416/80000 Evaluate learned policies with averaged returns 36.510060860558795 ...
[2] Finished: 14400/80000 Evaluate learned policies with averaged returns 33.35041605717201 ...
[1] Finished: 17280/80000 Evaluate learned policies with averaged returns 36.510060860558795 ...
[9] Finished: 16416/80000 Evaluate learned policies with averaged returns 36.510060860558795 ...
[4] Finished: 16128/80000 Evaluate learned policies with averaged returns 27.189407381488895 ...
[8] Finished: 16512/80000 Evaluate learned policies with averaged returns 36.510060860558795 ...
[2] Finished: 14496/80000 Evaluate learned policies with averaged returns 33.35041605717201 ...
[1] Finished: 17376/80000 Evaluate learned policies with averaged returns 36.510060860558795 ...
[9] Finished: 16512/80000 Evaluate learned policies with averaged returns 36.510060860558795 ...
[4] Finished: 16224/80000 Evaluate learned policies with averaged returns 34.64593016474481 ...
[8] Finished: 16608/80000 Evaluate learned policies with averaged returns 36.510060860558795 ...
[1] Finished: 17472/80000 Evaluate learned policies with averaged returns 36.510060860558795 ...
[2] Finished: 14592/80000 Evaluate learned policies with averaged returns 33.35041605717201 ...
[9] Finished: 16608/80000 Evaluate learned policies with averaged returns 36.510060860558795 ...
[8] Finished: 16704/80000 Evaluate learned policies with averaged returns 36.510060860558795 ...
[4] Finished: 16320/80000 Evaluate learned policies with averaged returns 36.510060860558795 ...
[1] Finished: 17568/80000 Evaluate learned policies with averaged returns 36.510060860558795 ...
[2] Finished: 14688/80000 Evaluate learned policies with averaged returns 33.35041605717201 ...
[9] Finished: 16704/80000 Evaluate learned policies with averaged returns 36.510060860558795 ...
[8] Finished: 16800/80000 Evaluate learned policies with averaged returns 36.510060860558795 ...
[4] Finished: 16416/80000 Evaluate learned policies with averaged returns 34.64593016474481 ...
[1] Finished: 17664/80000 Evaluate learned policies with averaged returns 36.510060860558795 ...
[9] Finished: 16800/80000 Evaluate learned policies with averaged returns 36.510060860558795 ...
[4] Finished: 16512/80000 Evaluate learned policies with averaged returns 36.510060860558795 ...
[8] Finished: 16896/80000 Evaluate learned policies with averaged returns 36.510060860558795 ...
[2] Finished: 14784/80000 Evaluate learned policies with averaged returns 33.35041605717201 ...
[1] Finished: 17760/80000 Evaluate learned policies with averaged returns 36.510060860558795 ...
[9] Finished: 16896/80000 Evaluate learned policies with averaged returns 36.510060860558795 ...
[4] Finished: 16608/80000 Evaluate learned policies with averaged returns 32.78179946893083 ...
[8] Finished: 16992/80000 Evaluate learned policies with averaged returns 36.510060860558795 ...
[2] Finished: 14880/80000 Evaluate learned policies with averaged returns 33.35041605717201 ...
[9] Finished: 16992/80000 Evaluate learned policies with averaged returns 36.510060860558795 ...
[1] Finished: 17856/80000 Evaluate learned policies with averaged returns 36.510060860558795 ...
[4] Finished: 16704/80000 Evaluate learned policies with averaged returns 36.510060860558795 ...
[8] Finished: 17088/80000 Evaluate learned policies with averaged returns 36.510060860558795 ...
[2] Finished: 14976/80000 Evaluate learned policies with averaged returns 33.35041605717201 ...
[9] Finished: 17088/80000 Evaluate learned policies with averaged returns 36.510060860558795 ...
[1] Finished: 17952/80000 Evaluate learned policies with averaged returns 36.510060860558795 ...
[8] Finished: 17184/80000 Evaluate learned policies with averaged returns 36.510060860558795 ...
[4] Finished: 16800/80000 Evaluate learned policies with averaged returns 34.64593016474481 ...
[9] Finished: 17184/80000 Evaluate learned policies with averaged returns 36.510060860558795 ...
[8] Finished: 17280/80000 Evaluate learned policies with averaged returns 36.510060860558795 ...
[2] Finished: 15072/80000 Evaluate learned policies with averaged returns 33.35041605717201 ...
[1] Finished: 18048/80000 Evaluate learned policies with averaged returns 36.510060860558795 ...
[4] Finished: 16896/80000 Evaluate learned policies with averaged returns 36.510060860558795 ...
[9] Finished: 17280/80000 Evaluate learned policies with averaged returns 36.510060860558795 ...
[8] Finished: 17376/80000 Evaluate learned policies with averaged returns 36.510060860558795 ...
[2] Finished: 15168/80000 Evaluate learned policies with averaged returns 33.35041605717201 ...
[4] Finished: 16992/80000 Evaluate learned policies with averaged returns 32.781799468930835 ...
[1] Finished: 18144/80000 Evaluate learned policies with averaged returns 36.510060860558795 ...
[9] Finished: 17376/80000 Evaluate learned policies with averaged returns 36.510060860558795 ...
[8] Finished: 17472/80000 Evaluate learned policies with averaged returns 36.510060860558795 ...
[4] Finished: 17088/80000 Evaluate learned policies with averaged returns 36.510060860558795 ...
[1] Finished: 18240/80000 Evaluate learned policies with averaged returns 36.510060860558795 ...
[2] Finished: 15264/80000 Evaluate learned policies with averaged returns 33.35041605717201 ...
[9] Finished: 17472/80000 Evaluate learned policies with averaged returns 36.510060860558795 ...
[8] Finished: 17568/80000 Evaluate learned policies with averaged returns 36.510060860558795 ...
[4] Finished: 17184/80000 Evaluate learned policies with averaged returns 32.78179946893083 ...
[1] Finished: 18336/80000 Evaluate learned policies with averaged returns 36.510060860558795 ...
[2] Finished: 15360/80000 Evaluate learned policies with averaged returns 33.35041605717201 ...
[9] Finished: 17568/80000 Evaluate learned policies with averaged returns 36.510060860558795 ...
[8] Finished: 17664/80000 Evaluate learned policies with averaged returns 36.510060860558795 ...
[4] Finished: 17280/80000 Evaluate learned policies with averaged returns 34.64593016474481 ...
[1] Finished: 18432/80000 Evaluate learned policies with averaged returns 36.510060860558795 ...
[9] Finished: 17664/80000 Evaluate learned policies with averaged returns 36.510060860558795 ...
[2] Finished: 15456/80000 Evaluate learned policies with averaged returns 33.35041605717201 ...
[8] Finished: 17760/80000 Evaluate learned policies with averaged returns 34.64593016474481 ...
[4] Finished: 17376/80000 Evaluate learned policies with averaged returns 32.78179946893083 ...
[1] Finished: 18528/80000 Evaluate learned policies with averaged returns 36.510060860558795 ...
[9] Finished: 17760/80000 Evaluate learned policies with averaged returns 36.510060860558795 ...
[8] Finished: 17856/80000 Evaluate learned policies with averaged returns 36.510060860558795 ...
[2] Finished: 15552/80000 Evaluate learned policies with averaged returns 33.35041605717201 ...
[9] Finished: 17856/80000 Evaluate learned policies with averaged returns 36.510060860558795 ...
[4] Finished: 17472/80000 Evaluate learned policies with averaged returns 32.781799468930835 ...
[1] Finished: 18624/80000 Evaluate learned policies with averaged returns 36.510060860558795 ...
[8] Finished: 17952/80000 Evaluate learned policies with averaged returns 36.510060860558795 ...
[2] Finished: 15648/80000 Evaluate learned policies with averaged returns 33.35041605717201 ...
[9] Finished: 17952/80000 Evaluate learned policies with averaged returns 36.510060860558795 ...
[4] Finished: 17568/80000 Evaluate learned policies with averaged returns 30.917668773116855 ...
[1] Finished: 18720/80000 Evaluate learned policies with averaged returns 36.510060860558795 ...
[8] Finished: 18048/80000 Evaluate learned policies with averaged returns 36.510060860558795 ...
[2] Finished: 15744/80000 Evaluate learned policies with averaged returns 33.35041605717201 ...
[9] Finished: 18048/80000 Evaluate learned policies with averaged returns 36.510060860558795 ...
[4] Finished: 17664/80000 Evaluate learned policies with averaged returns 36.510060860558795 ...
[8] Finished: 18144/80000 Evaluate learned policies with averaged returns 36.510060860558795 ...
[1] Finished: 18816/80000 Evaluate learned policies with averaged returns 36.510060860558795 ...
[2] Finished: 15840/80000 Evaluate learned policies with averaged returns 33.35041605717201 ...
[9] Finished: 18144/80000 Evaluate learned policies with averaged returns 36.510060860558795 ...
[8] Finished: 18240/80000 Evaluate learned policies with averaged returns 36.510060860558795 ...
[4] Finished: 17760/80000 Evaluate learned policies with averaged returns 36.510060860558795 ...
[1] Finished: 18912/80000 Evaluate learned policies with averaged returns 36.510060860558795 ...
[9] Finished: 18240/80000 Evaluate learned policies with averaged returns 36.510060860558795 ...
[2] Finished: 15936/80000 Evaluate learned policies with averaged returns 33.35041605717201 ...
[8] Finished: 18336/80000 Evaluate learned policies with averaged returns 36.510060860558795 ...
[1] Finished: 19008/80000 Evaluate learned policies with averaged returns 36.510060860558795 ...
[4] Finished: 17856/80000 Evaluate learned policies with averaged returns 34.64593016474481 ...
[9] Finished: 18336/80000 Evaluate learned policies with averaged returns 36.510060860558795 ...
[8] Finished: 18432/80000 Evaluate learned policies with averaged returns 36.510060860558795 ...
[2] Finished: 16032/80000 Evaluate learned policies with averaged returns 33.35041605717201 ...
[1] Finished: 19104/80000 Evaluate learned policies with averaged returns 36.510060860558795 ...
[4] Finished: 17952/80000 Evaluate learned policies with averaged returns 34.64593016474481 ...
[9] Finished: 18432/80000 Evaluate learned policies with averaged returns 36.510060860558795 ...
[8] Finished: 18528/80000 Evaluate learned policies with averaged returns 36.510060860558795 ...
[2] Finished: 16128/80000 Evaluate learned policies with averaged returns 33.35041605717201 ...
[4] Finished: 18048/80000 Evaluate learned policies with averaged returns 32.781799468930835 ...
[1] Finished: 19200/80000 Evaluate learned policies with averaged returns 36.510060860558795 ...
[9] Finished: 18528/80000 Evaluate learned policies with averaged returns 36.510060860558795 ...
[8] Finished: 18624/80000 Evaluate learned policies with averaged returns 36.510060860558795 ...
[1] Finished: 19296/80000 Evaluate learned policies with averaged returns 36.510060860558795 ...
[4] Finished: 18144/80000 Evaluate learned policies with averaged returns 32.781799468930835 ...
[2] Finished: 16224/80000 Evaluate learned policies with averaged returns 33.35041605717201 ...
[9] Finished: 18624/80000 Evaluate learned policies with averaged returns 36.510060860558795 ...
[8] Finished: 18720/80000 Evaluate learned policies with averaged returns 36.510060860558795 ...
[1] Finished: 19392/80000 Evaluate learned policies with averaged returns 36.510060860558795 ...
[2] Finished: 16320/80000 Evaluate learned policies with averaged returns 33.35041605717201 ...
[4] Finished: 18240/80000 Evaluate learned policies with averaged returns 36.510060860558795 ...
[9] Finished: 18720/80000 Evaluate learned policies with averaged returns 36.510060860558795 ...
[8] Finished: 18816/80000 Evaluate learned policies with averaged returns 36.510060860558795 ...
[1] Finished: 19488/80000 Evaluate learned policies with averaged returns 36.510060860558795 ...
[4] Finished: 18336/80000 Evaluate learned policies with averaged returns 32.781799468930835 ...
[2] Finished: 16416/80000 Evaluate learned policies with averaged returns 33.35041605717201 ...
[9] Finished: 18816/80000 Evaluate learned policies with averaged returns 36.510060860558795 ...
[8] Finished: 18912/80000 Evaluate learned policies with averaged returns 36.510060860558795 ...
[1] Finished: 19584/80000 Evaluate learned policies with averaged returns 36.510060860558795 ...
[4] Finished: 18432/80000 Evaluate learned policies with averaged returns 32.781799468930835 ...
[9] Finished: 18912/80000 Evaluate learned policies with averaged returns 36.510060860558795 ...
[2] Finished: 16512/80000 Evaluate learned policies with averaged returns 33.35041605717201 ...
[8] Finished: 19008/80000 Evaluate learned policies with averaged returns 36.510060860558795 ...
[1] Finished: 19680/80000 Evaluate learned policies with averaged returns 36.510060860558795 ...
[4] Finished: 18528/80000 Evaluate learned policies with averaged returns 34.64593016474481 ...
[9] Finished: 19008/80000 Evaluate learned policies with averaged returns 36.510060860558795 ...
[8] Finished: 19104/80000 Evaluate learned policies with averaged returns 36.510060860558795 ...
[2] Finished: 16608/80000 Evaluate learned policies with averaged returns 33.35041605717201 ...
[1] Finished: 19776/80000 Evaluate learned policies with averaged returns 36.510060860558795 ...
[9] Finished: 19104/80000 Evaluate learned policies with averaged returns 36.510060860558795 ...
[4] Finished: 18624/80000 Evaluate learned policies with averaged returns 34.64593016474481 ...
[8] Finished: 19200/80000 Evaluate learned policies with averaged returns 36.510060860558795 ...
[2] Finished: 16704/80000 Evaluate learned policies with averaged returns 33.35041605717201 ...
[1] Finished: 19872/80000 Evaluate learned policies with averaged returns 30.917668773116855 ...
[9] Finished: 19200/80000 Evaluate learned policies with averaged returns 36.510060860558795 ...
[4] Finished: 18720/80000 Evaluate learned policies with averaged returns 36.510060860558795 ...
[8] Finished: 19296/80000 Evaluate learned policies with averaged returns 36.510060860558795 ...
[2] Finished: 16800/80000 Evaluate learned policies with averaged returns 33.35041605717201 ...
[1] Finished: 19968/80000 Evaluate learned policies with averaged returns 30.917668773116855 ...
[9] Finished: 19296/80000 Evaluate learned policies with averaged returns 36.510060860558795 ...
[4] Finished: 18816/80000 Evaluate learned policies with averaged returns 30.917668773116855 ...
[8] Finished: 19392/80000 Evaluate learned policies with averaged returns 36.510060860558795 ...
[2] Finished: 16896/80000 Evaluate learned policies with averaged returns 33.35041605717201 ...
[9] Finished: 19392/80000 Evaluate learned policies with averaged returns 36.510060860558795 ...
[1] Finished: 20064/80000 Evaluate learned policies with averaged returns 36.510060860558795 ...
[4] Finished: 18912/80000 Evaluate learned policies with averaged returns 34.64593016474481 ...
[8] Finished: 19488/80000 Evaluate learned policies with averaged returns 36.510060860558795 ...
[9] Finished: 19488/80000 Evaluate learned policies with averaged returns 36.510060860558795 ...
[1] Finished: 20160/80000 Evaluate learned policies with averaged returns 36.510060860558795 ...
[2] Finished: 16992/80000 Evaluate learned policies with averaged returns 33.35041605717201 ...
[4] Finished: 19008/80000 Evaluate learned policies with averaged returns 34.64593016474481 ...
[8] Finished: 19584/80000 Evaluate learned policies with averaged returns 36.510060860558795 ...
[9] Finished: 19584/80000 Evaluate learned policies with averaged returns 36.510060860558795 ...
[1] Finished: 20256/80000 Evaluate learned policies with averaged returns 36.510060860558795 ...
[2] Finished: 17088/80000 Evaluate learned policies with averaged returns 33.35041605717201 ...
[4] Finished: 19104/80000 Evaluate learned policies with averaged returns 32.781799468930835 ...
[8] Finished: 19680/80000 Evaluate learned policies with averaged returns 36.510060860558795 ...
[9] Finished: 19680/80000 Evaluate learned policies with averaged returns 36.510060860558795 ...
[1] Finished: 20352/80000 Evaluate learned policies with averaged returns 36.510060860558795 ...
[4] Finished: 19200/80000 Evaluate learned policies with averaged returns 34.64593016474481 ...
[8] Finished: 19776/80000 Evaluate learned policies with averaged returns 36.510060860558795 ...
[2] Finished: 17184/80000 Evaluate learned policies with averaged returns 33.35041605717201 ...
[9] Finished: 19776/80000 Evaluate learned policies with averaged returns 36.510060860558795 ...
[1] Finished: 20448/80000 Evaluate learned policies with averaged returns 36.510060860558795 ...
[8] Finished: 19872/80000 Evaluate learned policies with averaged returns 36.510060860558795 ...
[4] Finished: 19296/80000 Evaluate learned policies with averaged returns 34.64593016474481 ...
[2] Finished: 17280/80000 Evaluate learned policies with averaged returns 33.35041605717201 ...
[9] Finished: 19872/80000 Evaluate learned policies with averaged returns 36.510060860558795 ...
[1] Finished: 20544/80000 Evaluate learned policies with averaged returns 36.510060860558795 ...
[4] Finished: 19392/80000 Evaluate learned policies with averaged returns 34.64593016474481 ...
[8] Finished: 19968/80000 Evaluate learned policies with averaged returns 36.510060860558795 ...
[2] Finished: 17376/80000 Evaluate learned policies with averaged returns 33.35041605717201 ...
[9] Finished: 19968/80000 Evaluate learned policies with averaged returns 36.510060860558795 ...
[1] Finished: 20640/80000 Evaluate learned policies with averaged returns 36.510060860558795 ...
[8] Finished: 20064/80000 Evaluate learned policies with averaged returns 36.510060860558795 ...
[4] Finished: 19488/80000 Evaluate learned policies with averaged returns 32.781799468930835 ...
[2] Finished: 17472/80000 Evaluate learned policies with averaged returns 33.35041605717201 ...
[9] Finished: 20064/80000 Evaluate learned policies with averaged returns 36.510060860558795 ...
[1] Finished: 20736/80000 Evaluate learned policies with averaged returns 36.510060860558795 ...
[8] Finished: 20160/80000 Evaluate learned policies with averaged returns 36.510060860558795 ...
[4] Finished: 19584/80000 Evaluate learned policies with averaged returns 36.510060860558795 ...
[9] Finished: 20160/80000 Evaluate learned policies with averaged returns 36.510060860558795 ...
[1] Finished: 20832/80000 Evaluate learned policies with averaged returns 36.510060860558795 ...
[2] Finished: 17568/80000 Evaluate learned policies with averaged returns 33.35041605717201 ...
[8] Finished: 20256/80000 Evaluate learned policies with averaged returns 36.510060860558795 ...
[4] Finished: 19680/80000 Evaluate learned policies with averaged returns 36.510060860558795 ...
[9] Finished: 20256/80000 Evaluate learned policies with averaged returns 36.510060860558795 ...
[1] Finished: 20928/80000 Evaluate learned policies with averaged returns 36.510060860558795 ...
[8] Finished: 20352/80000 Evaluate learned policies with averaged returns 36.510060860558795 ...
[2] Finished: 17664/80000 Evaluate learned policies with averaged returns 33.35041605717201 ...
[4] Finished: 19776/80000 Evaluate learned policies with averaged returns 32.78179946893083 ...
[9] Finished: 20352/80000 Evaluate learned policies with averaged returns 36.510060860558795 ...
[8] Finished: 20448/80000 Evaluate learned policies with averaged returns 36.510060860558795 ...
[1] Finished: 21024/80000 Evaluate learned policies with averaged returns 36.510060860558795 ...
[4] Finished: 19872/80000 Evaluate learned policies with averaged returns 29.053538077302875 ...
[2] Finished: 17760/80000 Evaluate learned policies with averaged returns 33.35041605717201 ...
[9] Finished: 20448/80000 Evaluate learned policies with averaged returns 36.510060860558795 ...
[8] Finished: 20544/80000 Evaluate learned policies with averaged returns 36.510060860558795 ...
[1] Finished: 21120/80000 Evaluate learned policies with averaged returns 36.510060860558795 ...
[4] Finished: 19968/80000 Evaluate learned policies with averaged returns 30.917668773116855 ...
[2] Finished: 17856/80000 Evaluate learned policies with averaged returns 33.35041605717201 ...
[9] Finished: 20544/80000 Evaluate learned policies with averaged returns 36.510060860558795 ...
[8] Finished: 20640/80000 Evaluate learned policies with averaged returns 36.510060860558795 ...
[1] Finished: 21216/80000 Evaluate learned policies with averaged returns 36.510060860558795 ...
[4] Finished: 20064/80000 Evaluate learned policies with averaged returns 29.053538077302875 ...
[2] Finished: 17952/80000 Evaluate learned policies with averaged returns 33.35041605717201 ...
[9] Finished: 20640/80000 Evaluate learned policies with averaged returns 36.510060860558795 ...
[8] Finished: 20736/80000 Evaluate learned policies with averaged returns 36.510060860558795 ...
[1] Finished: 21312/80000 Evaluate learned policies with averaged returns 34.64593016474481 ...
[4] Finished: 20160/80000 Evaluate learned policies with averaged returns 30.917668773116855 ...
[9] Finished: 20736/80000 Evaluate learned policies with averaged returns 36.510060860558795 ...
[2] Finished: 18048/80000 Evaluate learned policies with averaged returns 33.35041605717201 ...
[8] Finished: 20832/80000 Evaluate learned policies with averaged returns 36.510060860558795 ...
[1] Finished: 21408/80000 Evaluate learned policies with averaged returns 36.510060860558795 ...
[4] Finished: 20256/80000 Evaluate learned policies with averaged returns 32.78179946893083 ...
[9] Finished: 20832/80000 Evaluate learned policies with averaged returns 36.510060860558795 ...
[2] Finished: 18144/80000 Evaluate learned policies with averaged returns 33.35041605717201 ...
[8] Finished: 20928/80000 Evaluate learned policies with averaged returns 34.64593016474481 ...
[1] Finished: 21504/80000 Evaluate learned policies with averaged returns 36.510060860558795 ...
[4] Finished: 20352/80000 Evaluate learned policies with averaged returns 34.64593016474481 ...
[9] Finished: 20928/80000 Evaluate learned policies with averaged returns 36.510060860558795 ...
[8] Finished: 21024/80000 Evaluate learned policies with averaged returns 34.64593016474481 ...
[2] Finished: 18240/80000 Evaluate learned policies with averaged returns 33.35041605717201 ...
[1] Finished: 21600/80000 Evaluate learned policies with averaged returns 36.510060860558795 ...
[4] Finished: 20448/80000 Evaluate learned policies with averaged returns 34.64593016474481 ...
[9] Finished: 21024/80000 Evaluate learned policies with averaged returns 36.510060860558795 ...
[8] Finished: 21120/80000 Evaluate learned policies with averaged returns 36.510060860558795 ...
[1] Finished: 21696/80000 Evaluate learned policies with averaged returns 36.510060860558795 ...
[2] Finished: 18336/80000 Evaluate learned policies with averaged returns 33.35041605717201 ...
[4] Finished: 20544/80000 Evaluate learned policies with averaged returns 34.64593016474481 ...
[9] Finished: 21120/80000 Evaluate learned policies with averaged returns 36.510060860558795 ...
[8] Finished: 21216/80000 Evaluate learned policies with averaged returns 36.510060860558795 ...
[1] Finished: 21792/80000 Evaluate learned policies with averaged returns 36.510060860558795 ...
[2] Finished: 18432/80000 Evaluate learned policies with averaged returns 33.35041605717201 ...
[4] Finished: 20640/80000 Evaluate learned policies with averaged returns 34.64593016474481 ...
[9] Finished: 21216/80000 Evaluate learned policies with averaged returns 36.510060860558795 ...
[8] Finished: 21312/80000 Evaluate learned policies with averaged returns 36.510060860558795 ...
[1] Finished: 21888/80000 Evaluate learned policies with averaged returns 36.510060860558795 ...
[4] Finished: 20736/80000 Evaluate learned policies with averaged returns 30.917668773116855 ...
[2] Finished: 18528/80000 Evaluate learned policies with averaged returns 33.35041605717201 ...
[9] Finished: 21312/80000 Evaluate learned policies with averaged returns 36.510060860558795 ...
[8] Finished: 21408/80000 Evaluate learned policies with averaged returns 36.510060860558795 ...
[1] Finished: 21984/80000 Evaluate learned policies with averaged returns 36.510060860558795 ...
[4] Finished: 20832/80000 Evaluate learned policies with averaged returns 32.781799468930835 ...
[2] Finished: 18624/80000 Evaluate learned policies with averaged returns 33.35041605717201 ...
[9] Finished: 21408/80000 Evaluate learned policies with averaged returns 36.510060860558795 ...
[8] Finished: 21504/80000 Evaluate learned policies with averaged returns 36.510060860558795 ...
[1] Finished: 22080/80000 Evaluate learned policies with averaged returns 36.510060860558795 ...
[9] Finished: 21504/80000 Evaluate learned policies with averaged returns 36.510060860558795 ...
[4] Finished: 20928/80000 Evaluate learned policies with averaged returns 36.510060860558795 ...
[8] Finished: 21600/80000 Evaluate learned policies with averaged returns 36.510060860558795 ...
[2] Finished: 18720/80000 Evaluate learned policies with averaged returns 33.35041605717201 ...
[1] Finished: 22176/80000 Evaluate learned policies with averaged returns 36.510060860558795 ...
[9] Finished: 21600/80000 Evaluate learned policies with averaged returns 36.510060860558795 ...
[8] Finished: 21696/80000 Evaluate learned policies with averaged returns 36.510060860558795 ...
[4] Finished: 21024/80000 Evaluate learned policies with averaged returns 34.64593016474481 ...
[2] Finished: 18816/80000 Evaluate learned policies with averaged returns 33.35041605717201 ...
[1] Finished: 22272/80000 Evaluate learned policies with averaged returns 36.510060860558795 ...
[9] Finished: 21696/80000 Evaluate learned policies with averaged returns 36.510060860558795 ...
[8] Finished: 21792/80000 Evaluate learned policies with averaged returns 36.510060860558795 ...
[4] Finished: 21120/80000 Evaluate learned policies with averaged returns 32.781799468930835 ...
[2] Finished: 18912/80000 Evaluate learned policies with averaged returns 33.35041605717201 ...
[1] Finished: 22368/80000 Evaluate learned policies with averaged returns 36.510060860558795 ...
[9] Finished: 21792/80000 Evaluate learned policies with averaged returns 36.510060860558795 ...
[8] Finished: 21888/80000 Evaluate learned policies with averaged returns 36.510060860558795 ...
[4] Finished: 21216/80000 Evaluate learned policies with averaged returns 36.510060860558795 ...
[1] Finished: 22464/80000 Evaluate learned policies with averaged returns 36.510060860558795 ...
[2] Finished: 19008/80000 Evaluate learned policies with averaged returns 33.35041605717201 ...
[9] Finished: 21888/80000 Evaluate learned policies with averaged returns 36.510060860558795 ...
[8] Finished: 21984/80000 Evaluate learned policies with averaged returns 36.510060860558795 ...
[4] Finished: 21312/80000 Evaluate learned policies with averaged returns 32.781799468930835 ...
[1] Finished: 22560/80000 Evaluate learned policies with averaged returns 36.510060860558795 ...
[9] Finished: 21984/80000 Evaluate learned policies with averaged returns 36.510060860558795 ...
[2] Finished: 19104/80000 Evaluate learned policies with averaged returns 33.35041605717201 ...
[8] Finished: 22080/80000 Evaluate learned policies with averaged returns 36.510060860558795 ...
[4] Finished: 21408/80000 Evaluate learned policies with averaged returns 36.510060860558795 ...
[9] Finished: 22080/80000 Evaluate learned policies with averaged returns 36.510060860558795 ...
[8] Finished: 22176/80000 Evaluate learned policies with averaged returns 36.510060860558795 ...
[1] Finished: 22656/80000 Evaluate learned policies with averaged returns 36.510060860558795 ...
[2] Finished: 19200/80000 Evaluate learned policies with averaged returns 33.35041605717201 ...
[4] Finished: 21504/80000 Evaluate learned policies with averaged returns 34.64593016474481 ...
[9] Finished: 22176/80000 Evaluate learned policies with averaged returns 36.510060860558795 ...
[8] Finished: 22272/80000 Evaluate learned policies with averaged returns 36.510060860558795 ...
[1] Finished: 22752/80000 Evaluate learned policies with averaged returns 36.510060860558795 ...
[2] Finished: 19296/80000 Evaluate learned policies with averaged returns 33.35041605717201 ...
[9] Finished: 22272/80000 Evaluate learned policies with averaged returns 36.510060860558795 ...
[4] Finished: 21600/80000 Evaluate learned policies with averaged returns 34.64593016474481 ...
[8] Finished: 22368/80000 Evaluate learned policies with averaged returns 36.510060860558795 ...
[1] Finished: 22848/80000 Evaluate learned policies with averaged returns 36.510060860558795 ...
[9] Finished: 22368/80000 Evaluate learned policies with averaged returns 36.510060860558795 ...
[8] Finished: 22464/80000 Evaluate learned policies with averaged returns 36.510060860558795 ...
[4] Finished: 21696/80000 Evaluate learned policies with averaged returns 29.053538077302875 ...
[2] Finished: 19392/80000 Evaluate learned policies with averaged returns 33.35041605717201 ...
[9] Finished: 22464/80000 Evaluate learned policies with averaged returns 36.510060860558795 ...
[1] Finished: 22944/80000 Evaluate learned policies with averaged returns 36.510060860558795 ...
[8] Finished: 22560/80000 Evaluate learned policies with averaged returns 36.510060860558795 ...
[4] Finished: 21792/80000 Evaluate learned policies with averaged returns 30.917668773116855 ...
[2] Finished: 19488/80000 Evaluate learned policies with averaged returns 33.35041605717201 ...
[9] Finished: 22560/80000 Evaluate learned policies with averaged returns 36.510060860558795 ...
[8] Finished: 22656/80000 Evaluate learned policies with averaged returns 36.510060860558795 ...
[1] Finished: 23040/80000 Evaluate learned policies with averaged returns 36.510060860558795 ...
[4] Finished: 21888/80000 Evaluate learned policies with averaged returns 27.189407381488895 ...
[2] Finished: 19584/80000 Evaluate learned policies with averaged returns 33.35041605717201 ...
[8] Finished: 22752/80000 Evaluate learned policies with averaged returns 36.510060860558795 ...
[9] Finished: 22656/80000 Evaluate learned policies with averaged returns 36.510060860558795 ...
[1] Finished: 23136/80000 Evaluate learned policies with averaged returns 36.510060860558795 ...
[8] Finished: 22848/80000 Evaluate learned policies with averaged returns 36.510060860558795 ...
[4] Finished: 21984/80000 Evaluate learned policies with averaged returns 27.189407381488895 ...
[2] Finished: 19680/80000 Evaluate learned policies with averaged returns 33.35041605717201 ...
[9] Finished: 22752/80000 Evaluate learned policies with averaged returns 36.510060860558795 ...
[1] Finished: 23232/80000 Evaluate learned policies with averaged returns 36.510060860558795 ...
[8] Finished: 22944/80000 Evaluate learned policies with averaged returns 36.510060860558795 ...
[4] Finished: 22080/80000 Evaluate learned policies with averaged returns 32.781799468930835 ...
[9] Finished: 22848/80000 Evaluate learned policies with averaged returns 36.510060860558795 ...
[2] Finished: 19776/80000 Evaluate learned policies with averaged returns 33.35041605717201 ...
[1] Finished: 23328/80000 Evaluate learned policies with averaged returns 36.510060860558795 ...
[8] Finished: 23040/80000 Evaluate learned policies with averaged returns 36.510060860558795 ...
[9] Finished: 22944/80000 Evaluate learned policies with averaged returns 36.510060860558795 ...
[4] Finished: 22176/80000 Evaluate learned policies with averaged returns 30.917668773116855 ...
[2] Finished: 19872/80000 Evaluate learned policies with averaged returns 33.35041605717201 ...
[1] Finished: 23424/80000 Evaluate learned policies with averaged returns 36.510060860558795 ...
[8] Finished: 23136/80000 Evaluate learned policies with averaged returns 36.510060860558795 ...
[9] Finished: 23040/80000 Evaluate learned policies with averaged returns 36.510060860558795 ...
[4] Finished: 22272/80000 Evaluate learned policies with averaged returns 34.64593016474481 ...
[2] Finished: 19968/80000 Evaluate learned policies with averaged returns 33.35041605717201 ...
[1] Finished: 23520/80000 Evaluate learned policies with averaged returns 36.510060860558795 ...
[8] Finished: 23232/80000 Evaluate learned policies with averaged returns 36.510060860558795 ...
[9] Finished: 23136/80000 Evaluate learned policies with averaged returns 36.510060860558795 ...
[4] Finished: 22368/80000 Evaluate learned policies with averaged returns 34.64593016474481 ...
[2] Finished: 20064/80000 Evaluate learned policies with averaged returns 33.35041605717201 ...
[1] Finished: 23616/80000 Evaluate learned policies with averaged returns 36.510060860558795 ...
[8] Finished: 23328/80000 Evaluate learned policies with averaged returns 36.510060860558795 ...
[9] Finished: 23232/80000 Evaluate learned policies with averaged returns 36.510060860558795 ...
[4] Finished: 22464/80000 Evaluate learned policies with averaged returns 30.917668773116855 ...
[1] Finished: 23712/80000 Evaluate learned policies with averaged returns 36.510060860558795 ...
[2] Finished: 20160/80000 Evaluate learned policies with averaged returns 33.35041605717201 ...
[8] Finished: 23424/80000 Evaluate learned policies with averaged returns 36.510060860558795 ...
[9] Finished: 23328/80000 Evaluate learned policies with averaged returns 36.510060860558795 ...
[4] Finished: 22560/80000 Evaluate learned policies with averaged returns 29.053538077302882 ...
[1] Finished: 23808/80000 Evaluate learned policies with averaged returns 34.64593016474481 ...
[8] Finished: 23520/80000 Evaluate learned policies with averaged returns 36.510060860558795 ...
[9] Finished: 23424/80000 Evaluate learned policies with averaged returns 36.510060860558795 ...
[2] Finished: 20256/80000 Evaluate learned policies with averaged returns 33.35041605717201 ...
[4] Finished: 22656/80000 Evaluate learned policies with averaged returns 30.91766877311685 ...
[9] Finished: 23520/80000 Evaluate learned policies with averaged returns 36.510060860558795 ...
[8] Finished: 23616/80000 Evaluate learned policies with averaged returns 36.510060860558795 ...
[1] Finished: 23904/80000 Evaluate learned policies with averaged returns 36.510060860558795 ...
[2] Finished: 20352/80000 Evaluate learned policies with averaged returns 33.35041605717201 ...
[4] Finished: 22752/80000 Evaluate learned policies with averaged returns 32.78179946893083 ...
[8] Finished: 23712/80000 Evaluate learned policies with averaged returns 36.510060860558795 ...
[9] Finished: 23616/80000 Evaluate learned policies with averaged returns 36.510060860558795 ...
[1] Finished: 24000/80000 Evaluate learned policies with averaged returns 36.510060860558795 ...
[2] Finished: 20448/80000 Evaluate learned policies with averaged returns 33.35041605717201 ...
[4] Finished: 22848/80000 Evaluate learned policies with averaged returns 34.64593016474481 ...
[8] Finished: 23808/80000 Evaluate learned policies with averaged returns 36.510060860558795 ...
[9] Finished: 23712/80000 Evaluate learned policies with averaged returns 36.510060860558795 ...
[1] Finished: 24096/80000 Evaluate learned policies with averaged returns 36.510060860558795 ...
[2] Finished: 20544/80000 Evaluate learned policies with averaged returns 33.35041605717201 ...
[4] Finished: 22944/80000 Evaluate learned policies with averaged returns 30.917668773116855 ...
[8] Finished: 23904/80000 Evaluate learned policies with averaged returns 36.510060860558795 ...
[9] Finished: 23808/80000 Evaluate learned policies with averaged returns 36.510060860558795 ...
[1] Finished: 24192/80000 Evaluate learned policies with averaged returns 36.510060860558795 ...
[2] Finished: 20640/80000 Evaluate learned policies with averaged returns 33.35041605717201 ...
[9] Finished: 23904/80000 Evaluate learned policies with averaged returns 36.510060860558795 ...
[8] Finished: 24000/80000 Evaluate learned policies with averaged returns 36.510060860558795 ...
[4] Finished: 23040/80000 Evaluate learned policies with averaged returns 32.781799468930835 ...
[1] Finished: 24288/80000 Evaluate learned policies with averaged returns 36.510060860558795 ...
[8] Finished: 24096/80000 Evaluate learned policies with averaged returns 36.510060860558795 ...
[9] Finished: 24000/80000 Evaluate learned policies with averaged returns 36.510060860558795 ...
[4] Finished: 23136/80000 Evaluate learned policies with averaged returns 29.053538077302875 ...
[2] Finished: 20736/80000 Evaluate learned policies with averaged returns 33.35041605717201 ...
[1] Finished: 24384/80000 Evaluate learned policies with averaged returns 36.510060860558795 ...
[9] Finished: 24096/80000 Evaluate learned policies with averaged returns 36.510060860558795 ...
[8] Finished: 24192/80000 Evaluate learned policies with averaged returns 36.510060860558795 ...
[4] Finished: 23232/80000 Evaluate learned policies with averaged returns 34.64593016474481 ...
[1] Finished: 24480/80000 Evaluate learned policies with averaged returns 36.510060860558795 ...
[2] Finished: 20832/80000 Evaluate learned policies with averaged returns 33.35041605717201 ...
[8] Finished: 24288/80000 Evaluate learned policies with averaged returns 36.510060860558795 ...
[9] Finished: 24192/80000 Evaluate learned policies with averaged returns 36.510060860558795 ...
[4] Finished: 23328/80000 Evaluate learned policies with averaged returns 29.053538077302875 ...
[1] Finished: 24576/80000 Evaluate learned policies with averaged returns 36.510060860558795 ...
[2] Finished: 20928/80000 Evaluate learned policies with averaged returns 33.35041605717201 ...
[8] Finished: 24384/80000 Evaluate learned policies with averaged returns 36.510060860558795 ...
[9] Finished: 24288/80000 Evaluate learned policies with averaged returns 36.510060860558795 ...
[4] Finished: 23424/80000 Evaluate learned policies with averaged returns 30.917668773116855 ...
[1] Finished: 24672/80000 Evaluate learned policies with averaged returns 36.510060860558795 ...
[8] Finished: 24480/80000 Evaluate learned policies with averaged returns 36.510060860558795 ...
[2] Finished: 21024/80000 Evaluate learned policies with averaged returns 33.35041605717201 ...
[9] Finished: 24384/80000 Evaluate learned policies with averaged returns 36.510060860558795 ...
[4] Finished: 23520/80000 Evaluate learned policies with averaged returns 32.781799468930835 ...
[1] Finished: 24768/80000 Evaluate learned policies with averaged returns 36.510060860558795 ...
[8] Finished: 24576/80000 Evaluate learned policies with averaged returns 36.510060860558795 ...
[9] Finished: 24480/80000 Evaluate learned policies with averaged returns 36.510060860558795 ...
[2] Finished: 21120/80000 Evaluate learned policies with averaged returns 33.35041605717201 ...
[4] Finished: 23616/80000 Evaluate learned policies with averaged returns 34.64593016474481 ...
[1] Finished: 24864/80000 Evaluate learned policies with averaged returns 36.510060860558795 ...
[8] Finished: 24672/80000 Evaluate learned policies with averaged returns 34.64593016474481 ...
[9] Finished: 24576/80000 Evaluate learned policies with averaged returns 36.510060860558795 ...
[2] Finished: 21216/80000 Evaluate learned policies with averaged returns 33.35041605717201 ...
[4] Finished: 23712/80000 Evaluate learned policies with averaged returns 36.510060860558795 ...
[1] Finished: 24960/80000 Evaluate learned policies with averaged returns 36.510060860558795 ...
[8] Finished: 24768/80000 Evaluate learned policies with averaged returns 36.510060860558795 ...
[9] Finished: 24672/80000 Evaluate learned policies with averaged returns 36.510060860558795 ...
[2] Finished: 21312/80000 Evaluate learned policies with averaged returns 33.35041605717201 ...
[4] Finished: 23808/80000 Evaluate learned policies with averaged returns 34.64593016474481 ...
[1] Finished: 25056/80000 Evaluate learned policies with averaged returns 36.510060860558795 ...
[9] Finished: 24768/80000 Evaluate learned policies with averaged returns 36.510060860558795 ...
[8] Finished: 24864/80000 Evaluate learned policies with averaged returns 36.510060860558795 ...
[4] Finished: 23904/80000 Evaluate learned policies with averaged returns 30.917668773116855 ...
[2] Finished: 21408/80000 Evaluate learned policies with averaged returns 33.35041605717201 ...
[8] Finished: 24960/80000 Evaluate learned policies with averaged returns 36.510060860558795 ...
[9] Finished: 24864/80000 Evaluate learned policies with averaged returns 36.510060860558795 ...
[1] Finished: 25152/80000 Evaluate learned policies with averaged returns 36.510060860558795 ...
[4] Finished: 24000/80000 Evaluate learned policies with averaged returns 34.64593016474481 ...
[8] Finished: 25056/80000 Evaluate learned policies with averaged returns 34.64593016474481 ...
[9] Finished: 24960/80000 Evaluate learned policies with averaged returns 36.510060860558795 ...
[2] Finished: 21504/80000 Evaluate learned policies with averaged returns 33.35041605717201 ...
[1] Finished: 25248/80000 Evaluate learned policies with averaged returns 36.510060860558795 ...
[4] Finished: 24096/80000 Evaluate learned policies with averaged returns 32.78179946893083 ...
[8] Finished: 25152/80000 Evaluate learned policies with averaged returns 36.510060860558795 ...
[9] Finished: 25056/80000 Evaluate learned policies with averaged returns 36.510060860558795 ...
[1] Finished: 25344/80000 Evaluate learned policies with averaged returns 36.510060860558795 ...
[2] Finished: 21600/80000 Evaluate learned policies with averaged returns 33.35041605717201 ...
[4] Finished: 24192/80000 Evaluate learned policies with averaged returns 34.64593016474481 ...
[8] Finished: 25248/80000 Evaluate learned policies with averaged returns 36.510060860558795 ...
[9] Finished: 25152/80000 Evaluate learned policies with averaged returns 36.510060860558795 ...
[1] Finished: 25440/80000 Evaluate learned policies with averaged returns 36.510060860558795 ...
[2] Finished: 21696/80000 Evaluate learned policies with averaged returns 33.35041605717201 ...
[8] Finished: 25344/80000 Evaluate learned policies with averaged returns 36.510060860558795 ...
[9] Finished: 25248/80000 Evaluate learned policies with averaged returns 36.510060860558795 ...
[4] Finished: 24288/80000 Evaluate learned policies with averaged returns 32.781799468930835 ...
[1] Finished: 25536/80000 Evaluate learned policies with averaged returns 36.510060860558795 ...
[2] Finished: 21792/80000 Evaluate learned policies with averaged returns 33.35041605717201 ...
[9] Finished: 25344/80000 Evaluate learned policies with averaged returns 36.510060860558795 ...
[8] Finished: 25440/80000 Evaluate learned policies with averaged returns 36.510060860558795 ...
[4] Finished: 24384/80000 Evaluate learned policies with averaged returns 32.781799468930835 ...
[1] Finished: 25632/80000 Evaluate learned policies with averaged returns 36.510060860558795 ...
[2] Finished: 21888/80000 Evaluate learned policies with averaged returns 33.35041605717201 ...
[8] Finished: 25536/80000 Evaluate learned policies with averaged returns 36.510060860558795 ...
[9] Finished: 25440/80000 Evaluate learned policies with averaged returns 36.510060860558795 ...
[4] Finished: 24480/80000 Evaluate learned policies with averaged returns 30.917668773116855 ...
[1] Finished: 25728/80000 Evaluate learned policies with averaged returns 36.510060860558795 ...
[9] Finished: 25536/80000 Evaluate learned policies with averaged returns 36.510060860558795 ...
[8] Finished: 25632/80000 Evaluate learned policies with averaged returns 36.510060860558795 ...
[2] Finished: 21984/80000 Evaluate learned policies with averaged returns 33.35041605717201 ...
[4] Finished: 24576/80000 Evaluate learned policies with averaged returns 27.1894073814889 ...
[1] Finished: 25824/80000 Evaluate learned policies with averaged returns 36.510060860558795 ...
[9] Finished: 25632/80000 Evaluate learned policies with averaged returns 36.510060860558795 ...
[8] Finished: 25728/80000 Evaluate learned policies with averaged returns 36.510060860558795 ...
[2] Finished: 22080/80000 Evaluate learned policies with averaged returns 33.35041605717201 ...
[4] Finished: 24672/80000 Evaluate learned policies with averaged returns 25.32527668567492 ...
[1] Finished: 25920/80000 Evaluate learned policies with averaged returns 36.510060860558795 ...
[9] Finished: 25728/80000 Evaluate learned policies with averaged returns 36.510060860558795 ...
[8] Finished: 25824/80000 Evaluate learned policies with averaged returns 36.510060860558795 ...
[4] Finished: 24768/80000 Evaluate learned policies with averaged returns 27.1894073814889 ...
[2] Finished: 22176/80000 Evaluate learned policies with averaged returns 33.35041605717201 ...
[1] Finished: 26016/80000 Evaluate learned policies with averaged returns 36.510060860558795 ...
[9] Finished: 25824/80000 Evaluate learned policies with averaged returns 36.510060860558795 ...
[8] Finished: 25920/80000 Evaluate learned policies with averaged returns 36.510060860558795 ...
[4] Finished: 24864/80000 Evaluate learned policies with averaged returns 29.053538077302875 ...
[1] Finished: 26112/80000 Evaluate learned policies with averaged returns 36.510060860558795 ...
[2] Finished: 22272/80000 Evaluate learned policies with averaged returns 33.35041605717201 ...
[9] Finished: 25920/80000 Evaluate learned policies with averaged returns 36.510060860558795 ...
[8] Finished: 26016/80000 Evaluate learned policies with averaged returns 36.510060860558795 ...
[4] Finished: 24960/80000 Evaluate learned policies with averaged returns 32.781799468930835 ...
[1] Finished: 26208/80000 Evaluate learned policies with averaged returns 36.510060860558795 ...
[9] Finished: 26016/80000 Evaluate learned policies with averaged returns 36.510060860558795 ...
[8] Finished: 26112/80000 Evaluate learned policies with averaged returns 36.510060860558795 ...
[2] Finished: 22368/80000 Evaluate learned policies with averaged returns 33.35041605717201 ...
[4] Finished: 25056/80000 Evaluate learned policies with averaged returns 30.91766877311685 ...
[1] Finished: 26304/80000 Evaluate learned policies with averaged returns 36.510060860558795 ...
[9] Finished: 26112/80000 Evaluate learned policies with averaged returns 36.510060860558795 ...
[8] Finished: 26208/80000 Evaluate learned policies with averaged returns 36.510060860558795 ...
[2] Finished: 22464/80000 Evaluate learned policies with averaged returns 33.35041605717201 ...
[4] Finished: 25152/80000 Evaluate learned policies with averaged returns 36.510060860558795 ...
[9] Finished: 26208/80000 Evaluate learned policies with averaged returns 36.510060860558795 ...
[1] Finished: 26400/80000 Evaluate learned policies with averaged returns 36.510060860558795 ...
[8] Finished: 26304/80000 Evaluate learned policies with averaged returns 36.510060860558795 ...
[2] Finished: 22560/80000 Evaluate learned policies with averaged returns 33.35041605717201 ...
[4] Finished: 25248/80000 Evaluate learned policies with averaged returns 34.64593016474481 ...
[9] Finished: 26304/80000 Evaluate learned policies with averaged returns 36.510060860558795 ...
[8] Finished: 26400/80000 Evaluate learned policies with averaged returns 36.510060860558795 ...
[1] Finished: 26496/80000 Evaluate learned policies with averaged returns 34.64593016474481 ...
[2] Finished: 22656/80000 Evaluate learned policies with averaged returns 33.35041605717201 ...
[9] Finished: 26400/80000 Evaluate learned policies with averaged returns 36.510060860558795 ...
[8] Finished: 26496/80000 Evaluate learned policies with averaged returns 36.510060860558795 ...
[4] Finished: 25344/80000 Evaluate learned policies with averaged returns 34.64593016474481 ...
[1] Finished: 26592/80000 Evaluate learned policies with averaged returns 36.510060860558795 ...
[9] Finished: 26496/80000 Evaluate learned policies with averaged returns 36.510060860558795 ...
[2] Finished: 22752/80000 Evaluate learned policies with averaged returns 33.35041605717201 ...
[8] Finished: 26592/80000 Evaluate learned policies with averaged returns 36.510060860558795 ...
[1] Finished: 26688/80000 Evaluate learned policies with averaged returns 34.64593016474481 ...
[4] Finished: 25440/80000 Evaluate learned policies with averaged returns 32.781799468930835 ...
[9] Finished: 26592/80000 Evaluate learned policies with averaged returns 36.510060860558795 ...
[8] Finished: 26688/80000 Evaluate learned policies with averaged returns 34.64593016474481 ...
[2] Finished: 22848/80000 Evaluate learned policies with averaged returns 33.35041605717201 ...
[1] Finished: 26784/80000 Evaluate learned policies with averaged returns 36.510060860558795 ...
[4] Finished: 25536/80000 Evaluate learned policies with averaged returns 34.64593016474481 ...
[9] Finished: 26688/80000 Evaluate learned policies with averaged returns 36.510060860558795 ...
[8] Finished: 26784/80000 Evaluate learned policies with averaged returns 36.510060860558795 ...
[4] Finished: 25632/80000 Evaluate learned policies with averaged returns 29.053538077302875 ...
[1] Finished: 26880/80000 Evaluate learned policies with averaged returns 36.510060860558795 ...
[2] Finished: 22944/80000 Evaluate learned policies with averaged returns 33.35041605717201 ...
[9] Finished: 26784/80000 Evaluate learned policies with averaged returns 36.510060860558795 ...
[8] Finished: 26880/80000 Evaluate learned policies with averaged returns 29.053538077302875 ...
[4] Finished: 25728/80000 Evaluate learned policies with averaged returns 34.64593016474481 ...
[1] Finished: 26976/80000 Evaluate learned policies with averaged returns 34.64593016474481 ...
[2] Finished: 23040/80000 Evaluate learned policies with averaged returns 33.35041605717201 ...
[9] Finished: 26880/80000 Evaluate learned policies with averaged returns 36.510060860558795 ...
[8] Finished: 26976/80000 Evaluate learned policies with averaged returns 34.64593016474481 ...
[4] Finished: 25824/80000 Evaluate learned policies with averaged returns 30.917668773116855 ...
[1] Finished: 27072/80000 Evaluate learned policies with averaged returns 36.510060860558795 ...
[9] Finished: 26976/80000 Evaluate learned policies with averaged returns 36.510060860558795 ...
[2] Finished: 23136/80000 Evaluate learned policies with averaged returns 33.35041605717201 ...
[8] Finished: 27072/80000 Evaluate learned policies with averaged returns 34.64593016474481 ...
[4] Finished: 25920/80000 Evaluate learned policies with averaged returns 34.64593016474481 ...
[1] Finished: 27168/80000 Evaluate learned policies with averaged returns 34.64593016474481 ...
[9] Finished: 27072/80000 Evaluate learned policies with averaged returns 36.510060860558795 ...
[8] Finished: 27168/80000 Evaluate learned policies with averaged returns 36.510060860558795 ...
[2] Finished: 23232/80000 Evaluate learned policies with averaged returns 33.35041605717201 ...
[9] Finished: 27168/80000 Evaluate learned policies with averaged returns 36.510060860558795 ...
[4] Finished: 26016/80000 Evaluate learned policies with averaged returns 30.917668773116855 ...
[1] Finished: 27264/80000 Evaluate learned policies with averaged returns 36.510060860558795 ...
[8] Finished: 27264/80000 Evaluate learned policies with averaged returns 36.510060860558795 ...
[2] Finished: 23328/80000 Evaluate learned policies with averaged returns 33.35041605717201 ...
[9] Finished: 27264/80000 Evaluate learned policies with averaged returns 36.510060860558795 ...
[4] Finished: 26112/80000 Evaluate learned policies with averaged returns 32.781799468930835 ...
[8] Finished: 27360/80000 Evaluate learned policies with averaged returns 36.510060860558795 ...
[1] Finished: 27360/80000 Evaluate learned policies with averaged returns 32.781799468930835 ...
[2] Finished: 23424/80000 Evaluate learned policies with averaged returns 33.35041605717201 ...
[9] Finished: 27360/80000 Evaluate learned policies with averaged returns 36.510060860558795 ...
[8] Finished: 27456/80000 Evaluate learned policies with averaged returns 36.510060860558795 ...
[1] Finished: 27456/80000 Evaluate learned policies with averaged returns 32.781799468930835 ...
[4] Finished: 26208/80000 Evaluate learned policies with averaged returns 32.781799468930835 ...
[9] Finished: 27456/80000 Evaluate learned policies with averaged returns 36.510060860558795 ...
[2] Finished: 23520/80000 Evaluate learned policies with averaged returns 33.35041605717201 ...
[8] Finished: 27552/80000 Evaluate learned policies with averaged returns 36.510060860558795 ...
[1] Finished: 27552/80000 Evaluate learned policies with averaged returns 32.781799468930835 ...
[4] Finished: 26304/80000 Evaluate learned policies with averaged returns 32.78179946893083 ...
[9] Finished: 27552/80000 Evaluate learned policies with averaged returns 36.510060860558795 ...
[2] Finished: 23616/80000 Evaluate learned policies with averaged returns 33.35041605717201 ...
[1] Finished: 27648/80000 Evaluate learned policies with averaged returns 36.510060860558795 ...
[8] Finished: 27648/80000 Evaluate learned policies with averaged returns 36.510060860558795 ...
[4] Finished: 26400/80000 Evaluate learned policies with averaged returns 29.053538077302875 ...
[9] Finished: 27648/80000 Evaluate learned policies with averaged returns 36.510060860558795 ...
[1] Finished: 27744/80000 Evaluate learned policies with averaged returns 36.510060860558795 ...
[8] Finished: 27744/80000 Evaluate learned policies with averaged returns 36.510060860558795 ...
[2] Finished: 23712/80000 Evaluate learned policies with averaged returns 33.35041605717201 ...
[4] Finished: 26496/80000 Evaluate learned policies with averaged returns 30.917668773116855 ...
[9] Finished: 27744/80000 Evaluate learned policies with averaged returns 36.510060860558795 ...
[1] Finished: 27840/80000 Evaluate learned policies with averaged returns 29.053538077302875 ...
[2] Finished: 23808/80000 Evaluate learned policies with averaged returns 33.35041605717201 ...
[4] Finished: 26592/80000 Evaluate learned policies with averaged returns 30.917668773116855 ...
[8] Finished: 27840/80000 Evaluate learned policies with averaged returns 36.510060860558795 ...
[9] Finished: 27840/80000 Evaluate learned policies with averaged returns 36.510060860558795 ...
[1] Finished: 27936/80000 Evaluate learned policies with averaged returns 34.64593016474481 ...
[4] Finished: 26688/80000 Evaluate learned policies with averaged returns 32.78179946893083 ...
[8] Finished: 27936/80000 Evaluate learned policies with averaged returns 36.510060860558795 ...
[2] Finished: 23904/80000 Evaluate learned policies with averaged returns 33.35041605717201 ...
[9] Finished: 27936/80000 Evaluate learned policies with averaged returns 36.510060860558795 ...
[4] Finished: 26784/80000 Evaluate learned policies with averaged returns 27.189407381488895 ...
[1] Finished: 28032/80000 Evaluate learned policies with averaged returns 29.053538077302875 ...
[8] Finished: 28032/80000 Evaluate learned policies with averaged returns 36.510060860558795 ...
[9] Finished: 28032/80000 Evaluate learned policies with averaged returns 36.510060860558795 ...
[4] Finished: 26880/80000 Evaluate learned policies with averaged returns 32.781799468930835 ...
[2] Finished: 24000/80000 Evaluate learned policies with averaged returns 33.35041605717201 ...
[1] Finished: 28128/80000 Evaluate learned policies with averaged returns 34.64593016474481 ...
[4] Finished: 26976/80000 Evaluate learned policies with averaged returns 34.64593016474481 ...
[8] Finished: 28128/80000 Evaluate learned policies with averaged returns 36.510060860558795 ...
[9] Finished: 28128/80000 Evaluate learned policies with averaged returns 36.510060860558795 ...
[1] Finished: 28224/80000 Evaluate learned policies with averaged returns 30.917668773116855 ...
[2] Finished: 24096/80000 Evaluate learned policies with averaged returns 33.35041605717201 ...
[4] Finished: 27072/80000 Evaluate learned policies with averaged returns 32.781799468930835 ...
[8] Finished: 28224/80000 Evaluate learned policies with averaged returns 36.510060860558795 ...
[9] Finished: 28224/80000 Evaluate learned policies with averaged returns 36.510060860558795 ...
[1] Finished: 28320/80000 Evaluate learned policies with averaged returns 30.917668773116855 ...
[2] Finished: 24192/80000 Evaluate learned policies with averaged returns 33.35041605717201 ...
[4] Finished: 27168/80000 Evaluate learned policies with averaged returns 29.053538077302875 ...
[8] Finished: 28320/80000 Evaluate learned policies with averaged returns 36.510060860558795 ...
[9] Finished: 28320/80000 Evaluate learned policies with averaged returns 36.510060860558795 ...
[1] Finished: 28416/80000 Evaluate learned policies with averaged returns 32.781799468930835 ...
[4] Finished: 27264/80000 Evaluate learned policies with averaged returns 34.64593016474481 ...
[2] Finished: 24288/80000 Evaluate learned policies with averaged returns 33.35041605717201 ...
[8] Finished: 28416/80000 Evaluate learned policies with averaged returns 36.510060860558795 ...
[9] Finished: 28416/80000 Evaluate learned policies with averaged returns 36.510060860558795 ...
[1] Finished: 28512/80000 Evaluate learned policies with averaged returns 32.781799468930835 ...
[4] Finished: 27360/80000 Evaluate learned policies with averaged returns 34.64593016474481 ...
[8] Finished: 28512/80000 Evaluate learned policies with averaged returns 36.510060860558795 ...
[2] Finished: 24384/80000 Evaluate learned policies with averaged returns 33.35041605717201 ...
[9] Finished: 28512/80000 Evaluate learned policies with averaged returns 36.510060860558795 ...
[1] Finished: 28608/80000 Evaluate learned policies with averaged returns 30.917668773116855 ...
[4] Finished: 27456/80000 Evaluate learned policies with averaged returns 30.917668773116855 ...
[8] Finished: 28608/80000 Evaluate learned policies with averaged returns 36.510060860558795 ...
[2] Finished: 24480/80000 Evaluate learned policies with averaged returns 33.35041605717201 ...
[9] Finished: 28608/80000 Evaluate learned policies with averaged returns 36.510060860558795 ...
[1] Finished: 28704/80000 Evaluate learned policies with averaged returns 34.64593016474481 ...
[4] Finished: 27552/80000 Evaluate learned policies with averaged returns 29.053538077302882 ...
[8] Finished: 28704/80000 Evaluate learned policies with averaged returns 36.510060860558795 ...
[9] Finished: 28704/80000 Evaluate learned policies with averaged returns 36.510060860558795 ...
[2] Finished: 24576/80000 Evaluate learned policies with averaged returns 33.35041605717201 ...
[1] Finished: 28800/80000 Evaluate learned policies with averaged returns 32.78179946893083 ...
[4] Finished: 27648/80000 Evaluate learned policies with averaged returns 30.917668773116855 ...
[8] Finished: 28800/80000 Evaluate learned policies with averaged returns 36.510060860558795 ...
[9] Finished: 28800/80000 Evaluate learned policies with averaged returns 36.510060860558795 ...
[2] Finished: 24672/80000 Evaluate learned policies with averaged returns 33.35041605717201 ...
[1] Finished: 28896/80000 Evaluate learned policies with averaged returns 34.64593016474481 ...
[4] Finished: 27744/80000 Evaluate learned policies with averaged returns 32.78179946893083 ...
[8] Finished: 28896/80000 Evaluate learned policies with averaged returns 36.510060860558795 ...
[9] Finished: 28896/80000 Evaluate learned policies with averaged returns 36.510060860558795 ...
[2] Finished: 24768/80000 Evaluate learned policies with averaged returns 33.35041605717201 ...
[1] Finished: 28992/80000 Evaluate learned policies with averaged returns 34.64593016474481 ...
[4] Finished: 27840/80000 Evaluate learned policies with averaged returns 36.510060860558795 ...
[8] Finished: 28992/80000 Evaluate learned policies with averaged returns 36.510060860558795 ...
[9] Finished: 28992/80000 Evaluate learned policies with averaged returns 36.510060860558795 ...
[1] Finished: 29088/80000 Evaluate learned policies with averaged returns 34.64593016474481 ...
[4] Finished: 27936/80000 Evaluate learned policies with averaged returns 29.053538077302875 ...
[8] Finished: 29088/80000 Evaluate learned policies with averaged returns 36.510060860558795 ...
[2] Finished: 24864/80000 Evaluate learned policies with averaged returns 33.35041605717201 ...
[9] Finished: 29088/80000 Evaluate learned policies with averaged returns 36.510060860558795 ...
[4] Finished: 28032/80000 Evaluate learned policies with averaged returns 25.32527668567492 ...
[1] Finished: 29184/80000 Evaluate learned policies with averaged returns 32.78179946893083 ...
[8] Finished: 29184/80000 Evaluate learned policies with averaged returns 36.510060860558795 ...
[2] Finished: 24960/80000 Evaluate learned policies with averaged returns 33.35041605717201 ...
[9] Finished: 29184/80000 Evaluate learned policies with averaged returns 36.510060860558795 ...
[1] Finished: 29280/80000 Evaluate learned policies with averaged returns 34.64593016474481 ...
[4] Finished: 28128/80000 Evaluate learned policies with averaged returns 30.917668773116855 ...
[8] Finished: 29280/80000 Evaluate learned policies with averaged returns 36.510060860558795 ...
[2] Finished: 25056/80000 Evaluate learned policies with averaged returns 33.35041605717201 ...
[9] Finished: 29280/80000 Evaluate learned policies with averaged returns 36.510060860558795 ...
[1] Finished: 29376/80000 Evaluate learned policies with averaged returns 30.917668773116855 ...
[4] Finished: 28224/80000 Evaluate learned policies with averaged returns 32.781799468930835 ...
[8] Finished: 29376/80000 Evaluate learned policies with averaged returns 36.510060860558795 ...
[2] Finished: 25152/80000 Evaluate learned policies with averaged returns 33.35041605717201 ...
[9] Finished: 29376/80000 Evaluate learned policies with averaged returns 36.510060860558795 ...
[4] Finished: 28320/80000 Evaluate learned policies with averaged returns 30.917668773116855 ...
[1] Finished: 29472/80000 Evaluate learned policies with averaged returns 32.78179946893083 ...
[8] Finished: 29472/80000 Evaluate learned policies with averaged returns 36.510060860558795 ...
[9] Finished: 29472/80000 Evaluate learned policies with averaged returns 36.510060860558795 ...
[2] Finished: 25248/80000 Evaluate learned policies with averaged returns 33.35041605717201 ...
[4] Finished: 28416/80000 Evaluate learned policies with averaged returns 30.91766877311685 ...
[1] Finished: 29568/80000 Evaluate learned policies with averaged returns 36.510060860558795 ...
[8] Finished: 29568/80000 Evaluate learned policies with averaged returns 36.510060860558795 ...
[9] Finished: 29568/80000 Evaluate learned policies with averaged returns 36.510060860558795 ...
[2] Finished: 25344/80000 Evaluate learned policies with averaged returns 33.35041605717201 ...
[4] Finished: 28512/80000 Evaluate learned policies with averaged returns 34.64593016474481 ...
[1] Finished: 29664/80000 Evaluate learned policies with averaged returns 34.64593016474481 ...
[8] Finished: 29664/80000 Evaluate learned policies with averaged returns 36.510060860558795 ...
[9] Finished: 29664/80000 Evaluate learned policies with averaged returns 36.510060860558795 ...
[2] Finished: 25440/80000 Evaluate learned policies with averaged returns 33.35041605717201 ...
[4] Finished: 28608/80000 Evaluate learned policies with averaged returns 36.510060860558795 ...
[1] Finished: 29760/80000 Evaluate learned policies with averaged returns 36.510060860558795 ...
[8] Finished: 29760/80000 Evaluate learned policies with averaged returns 36.510060860558795 ...
[9] Finished: 29760/80000 Evaluate learned policies with averaged returns 36.510060860558795 ...
[1] Finished: 29856/80000 Evaluate learned policies with averaged returns 36.510060860558795 ...
[2] Finished: 25536/80000 Evaluate learned policies with averaged returns 33.35041605717201 ...
[4] Finished: 28704/80000 Evaluate learned policies with averaged returns 34.64593016474481 ...
[8] Finished: 29856/80000 Evaluate learned policies with averaged returns 36.510060860558795 ...
[9] Finished: 29856/80000 Evaluate learned policies with averaged returns 36.510060860558795 ...
[1] Finished: 29952/80000 Evaluate learned policies with averaged returns 36.510060860558795 ...
[4] Finished: 28800/80000 Evaluate learned policies with averaged returns 30.917668773116855 ...
[8] Finished: 29952/80000 Evaluate learned policies with averaged returns 36.510060860558795 ...
[2] Finished: 25632/80000 Evaluate learned policies with averaged returns 33.35041605717201 ...
[9] Finished: 29952/80000 Evaluate learned policies with averaged returns 36.510060860558795 ...
[1] Finished: 30048/80000 Evaluate learned policies with averaged returns 36.510060860558795 ...
[4] Finished: 28896/80000 Evaluate learned policies with averaged returns 32.78179946893083 ...
[8] Finished: 30048/80000 Evaluate learned policies with averaged returns 36.510060860558795 ...
[2] Finished: 25728/80000 Evaluate learned policies with averaged returns 33.35041605717201 ...
[9] Finished: 30048/80000 Evaluate learned policies with averaged returns 36.510060860558795 ...
[1] Finished: 30144/80000 Evaluate learned policies with averaged returns 36.510060860558795 ...
[4] Finished: 28992/80000 Evaluate learned policies with averaged returns 32.781799468930835 ...
[8] Finished: 30144/80000 Evaluate learned policies with averaged returns 36.510060860558795 ...
[2] Finished: 25824/80000 Evaluate learned policies with averaged returns 33.35041605717201 ...
[9] Finished: 30144/80000 Evaluate learned policies with averaged returns 36.510060860558795 ...
[1] Finished: 30240/80000 Evaluate learned policies with averaged returns 36.510060860558795 ...
[4] Finished: 29088/80000 Evaluate learned policies with averaged returns 36.510060860558795 ...
[8] Finished: 30240/80000 Evaluate learned policies with averaged returns 34.64593016474481 ...
[2] Finished: 25920/80000 Evaluate learned policies with averaged returns 33.35041605717201 ...
[9] Finished: 30240/80000 Evaluate learned policies with averaged returns 36.510060860558795 ...
[1] Finished: 30336/80000 Evaluate learned policies with averaged returns 36.510060860558795 ...
[4] Finished: 29184/80000 Evaluate learned policies with averaged returns 34.64593016474481 ...
[8] Finished: 30336/80000 Evaluate learned policies with averaged returns 36.510060860558795 ...
[9] Finished: 30336/80000 Evaluate learned policies with averaged returns 36.510060860558795 ...
[2] Finished: 26016/80000 Evaluate learned policies with averaged returns 33.35041605717201 ...
[1] Finished: 30432/80000 Evaluate learned policies with averaged returns 36.510060860558795 ...
[4] Finished: 29280/80000 Evaluate learned policies with averaged returns 36.510060860558795 ...
[8] Finished: 30432/80000 Evaluate learned policies with averaged returns 36.510060860558795 ...
[9] Finished: 30432/80000 Evaluate learned policies with averaged returns 36.510060860558795 ...
[1] Finished: 30528/80000 Evaluate learned policies with averaged returns 36.510060860558795 ...
[2] Finished: 26112/80000 Evaluate learned policies with averaged returns 33.35041605717201 ...
[4] Finished: 29376/80000 Evaluate learned policies with averaged returns 36.510060860558795 ...
[8] Finished: 30528/80000 Evaluate learned policies with averaged returns 36.510060860558795 ...
[9] Finished: 30528/80000 Evaluate learned policies with averaged returns 36.510060860558795 ...
[1] Finished: 30624/80000 Evaluate learned policies with averaged returns 36.510060860558795 ...
[8] Finished: 30624/80000 Evaluate learned policies with averaged returns 36.510060860558795 ...
[4] Finished: 29472/80000 Evaluate learned policies with averaged returns 32.78179946893083 ...
[2] Finished: 26208/80000 Evaluate learned policies with averaged returns 33.35041605717201 ...
[9] Finished: 30624/80000 Evaluate learned policies with averaged returns 36.510060860558795 ...
[1] Finished: 30720/80000 Evaluate learned policies with averaged returns 36.510060860558795 ...
[8] Finished: 30720/80000 Evaluate learned policies with averaged returns 36.510060860558795 ...
[4] Finished: 29568/80000 Evaluate learned policies with averaged returns 34.64593016474481 ...
[2] Finished: 26304/80000 Evaluate learned policies with averaged returns 33.35041605717201 ...
[9] Finished: 30720/80000 Evaluate learned policies with averaged returns 36.510060860558795 ...
[1] Finished: 30816/80000 Evaluate learned policies with averaged returns 34.64593016474481 ...
[8] Finished: 30816/80000 Evaluate learned policies with averaged returns 36.510060860558795 ...
[4] Finished: 29664/80000 Evaluate learned policies with averaged returns 32.781799468930835 ...
[2] Finished: 26400/80000 Evaluate learned policies with averaged returns 33.35041605717201 ...
[9] Finished: 30816/80000 Evaluate learned policies with averaged returns 36.510060860558795 ...
[1] Finished: 30912/80000 Evaluate learned policies with averaged returns 36.510060860558795 ...
[4] Finished: 29760/80000 Evaluate learned policies with averaged returns 34.64593016474481 ...
[8] Finished: 30912/80000 Evaluate learned policies with averaged returns 36.510060860558795 ...
[2] Finished: 26496/80000 Evaluate learned policies with averaged returns 31.61292443163406 ...
[9] Finished: 30912/80000 Evaluate learned policies with averaged returns 36.510060860558795 ...
[1] Finished: 31008/80000 Evaluate learned policies with averaged returns 36.510060860558795 ...
[4] Finished: 29856/80000 Evaluate learned policies with averaged returns 30.917668773116855 ...
[8] Finished: 31008/80000 Evaluate learned policies with averaged returns 36.510060860558795 ...
[2] Finished: 26592/80000 Evaluate learned policies with averaged returns 33.35041605717201 ...
[1] Finished: 31104/80000 Evaluate learned policies with averaged returns 36.510060860558795 ...
[9] Finished: 31008/80000 Evaluate learned policies with averaged returns 36.510060860558795 ...
[4] Finished: 29952/80000 Evaluate learned policies with averaged returns 30.917668773116855 ...
[8] Finished: 31104/80000 Evaluate learned policies with averaged returns 36.510060860558795 ...
[1] Finished: 31200/80000 Evaluate learned policies with averaged returns 36.510060860558795 ...
[9] Finished: 31104/80000 Evaluate learned policies with averaged returns 36.510060860558795 ...
[2] Finished: 26688/80000 Evaluate learned policies with averaged returns 33.35041605717201 ...
[4] Finished: 30048/80000 Evaluate learned policies with averaged returns 30.917668773116855 ...
[8] Finished: 31200/80000 Evaluate learned policies with averaged returns 36.510060860558795 ...
[1] Finished: 31296/80000 Evaluate learned policies with averaged returns 36.510060860558795 ...
[9] Finished: 31200/80000 Evaluate learned policies with averaged returns 36.510060860558795 ...
[2] Finished: 26784/80000 Evaluate learned policies with averaged returns 33.35041605717201 ...
[8] Finished: 31296/80000 Evaluate learned policies with averaged returns 36.510060860558795 ...
[4] Finished: 30144/80000 Evaluate learned policies with averaged returns 34.64593016474481 ...
[1] Finished: 31392/80000 Evaluate learned policies with averaged returns 36.510060860558795 ...
[9] Finished: 31296/80000 Evaluate learned policies with averaged returns 36.510060860558795 ...
[2] Finished: 26880/80000 Evaluate learned policies with averaged returns 33.35041605717201 ...
[4] Finished: 30240/80000 Evaluate learned policies with averaged returns 34.64593016474481 ...
[8] Finished: 31392/80000 Evaluate learned policies with averaged returns 36.510060860558795 ...
[1] Finished: 31488/80000 Evaluate learned policies with averaged returns 36.510060860558795 ...
[9] Finished: 31392/80000 Evaluate learned policies with averaged returns 36.510060860558795 ...
[4] Finished: 30336/80000 Evaluate learned policies with averaged returns 32.78179946893083 ...
[8] Finished: 31488/80000 Evaluate learned policies with averaged returns 36.510060860558795 ...
[2] Finished: 26976/80000 Evaluate learned policies with averaged returns 33.35041605717201 ...
[1] Finished: 31584/80000 Evaluate learned policies with averaged returns 36.510060860558795 ...
[9] Finished: 31488/80000 Evaluate learned policies with averaged returns 36.510060860558795 ...
[4] Finished: 30432/80000 Evaluate learned policies with averaged returns 36.510060860558795 ...
[8] Finished: 31584/80000 Evaluate learned policies with averaged returns 36.510060860558795 ...
[2] Finished: 27072/80000 Evaluate learned policies with averaged returns 33.35041605717201 ...
[1] Finished: 31680/80000 Evaluate learned policies with averaged returns 36.510060860558795 ...
[9] Finished: 31584/80000 Evaluate learned policies with averaged returns 36.510060860558795 ...
[4] Finished: 30528/80000 Evaluate learned policies with averaged returns 36.510060860558795 ...
[8] Finished: 31680/80000 Evaluate learned policies with averaged returns 36.510060860558795 ...
[1] Finished: 31776/80000 Evaluate learned policies with averaged returns 36.510060860558795 ...
[2] Finished: 27168/80000 Evaluate learned policies with averaged returns 33.35041605717201 ...
[9] Finished: 31680/80000 Evaluate learned policies with averaged returns 36.510060860558795 ...
[4] Finished: 30624/80000 Evaluate learned policies with averaged returns 32.781799468930835 ...
[8] Finished: 31776/80000 Evaluate learned policies with averaged returns 36.510060860558795 ...
[1] Finished: 31872/80000 Evaluate learned policies with averaged returns 34.64593016474481 ...
[2] Finished: 27264/80000 Evaluate learned policies with averaged returns 33.35041605717201 ...
[9] Finished: 31776/80000 Evaluate learned policies with averaged returns 36.510060860558795 ...
[4] Finished: 30720/80000 Evaluate learned policies with averaged returns 36.510060860558795 ...
[8] Finished: 31872/80000 Evaluate learned policies with averaged returns 36.510060860558795 ...
[1] Finished: 31968/80000 Evaluate learned policies with averaged returns 36.510060860558795 ...
[9] Finished: 31872/80000 Evaluate learned policies with averaged returns 36.510060860558795 ...
[2] Finished: 27360/80000 Evaluate learned policies with averaged returns 33.35041605717201 ...
[4] Finished: 30816/80000 Evaluate learned policies with averaged returns 32.78179946893083 ...
[8] Finished: 31968/80000 Evaluate learned policies with averaged returns 36.510060860558795 ...
[1] Finished: 32064/80000 Evaluate learned policies with averaged returns 34.64593016474481 ...
[9] Finished: 31968/80000 Evaluate learned policies with averaged returns 36.510060860558795 ...
[2] Finished: 27456/80000 Evaluate learned policies with averaged returns 33.35041605717201 ...
[4] Finished: 30912/80000 Evaluate learned policies with averaged returns 30.917668773116855 ...
[8] Finished: 32064/80000 Evaluate learned policies with averaged returns 36.510060860558795 ...
[1] Finished: 32160/80000 Evaluate learned policies with averaged returns 36.510060860558795 ...
[9] Finished: 32064/80000 Evaluate learned policies with averaged returns 36.510060860558795 ...
[2] Finished: 27552/80000 Evaluate learned policies with averaged returns 33.35041605717201 ...
[4] Finished: 31008/80000 Evaluate learned policies with averaged returns 32.781799468930835 ...
[8] Finished: 32160/80000 Evaluate learned policies with averaged returns 36.510060860558795 ...
[1] Finished: 32256/80000 Evaluate learned policies with averaged returns 36.510060860558795 ...
[9] Finished: 32160/80000 Evaluate learned policies with averaged returns 36.510060860558795 ...
[4] Finished: 31104/80000 Evaluate learned policies with averaged returns 32.781799468930835 ...
[2] Finished: 27648/80000 Evaluate learned policies with averaged returns 33.35041605717201 ...
[8] Finished: 32256/80000 Evaluate learned policies with averaged returns 36.510060860558795 ...
[1] Finished: 32352/80000 Evaluate learned policies with averaged returns 34.64593016474481 ...
[9] Finished: 32256/80000 Evaluate learned policies with averaged returns 36.510060860558795 ...
[4] Finished: 31200/80000 Evaluate learned policies with averaged returns 27.189407381488895 ...
[8] Finished: 32352/80000 Evaluate learned policies with averaged returns 36.510060860558795 ...
[2] Finished: 27744/80000 Evaluate learned policies with averaged returns 33.35041605717201 ...
[1] Finished: 32448/80000 Evaluate learned policies with averaged returns 36.510060860558795 ...
[9] Finished: 32352/80000 Evaluate learned policies with averaged returns 36.510060860558795 ...
[4] Finished: 31296/80000 Evaluate learned policies with averaged returns 30.917668773116855 ...
[8] Finished: 32448/80000 Evaluate learned policies with averaged returns 36.510060860558795 ...
[1] Finished: 32544/80000 Evaluate learned policies with averaged returns 36.510060860558795 ...
[2] Finished: 27840/80000 Evaluate learned policies with averaged returns 33.35041605717201 ...
[9] Finished: 32448/80000 Evaluate learned policies with averaged returns 36.510060860558795 ...
[4] Finished: 31392/80000 Evaluate learned policies with averaged returns 25.325276685674915 ...
[8] Finished: 32544/80000 Evaluate learned policies with averaged returns 36.510060860558795 ...
[1] Finished: 32640/80000 Evaluate learned policies with averaged returns 36.510060860558795 ...
[2] Finished: 27936/80000 Evaluate learned policies with averaged returns 33.35041605717201 ...
[9] Finished: 32544/80000 Evaluate learned policies with averaged returns 36.510060860558795 ...
[4] Finished: 31488/80000 Evaluate learned policies with averaged returns 27.189407381488895 ...
[8] Finished: 32640/80000 Evaluate learned policies with averaged returns 36.510060860558795 ...
[1] Finished: 32736/80000 Evaluate learned policies with averaged returns 34.64593016474481 ...
[2] Finished: 28032/80000 Evaluate learned policies with averaged returns 33.35041605717201 ...
[9] Finished: 32640/80000 Evaluate learned policies with averaged returns 36.510060860558795 ...
[4] Finished: 31584/80000 Evaluate learned policies with averaged returns 36.510060860558795 ...
[8] Finished: 32736/80000 Evaluate learned policies with averaged returns 36.510060860558795 ...
[1] Finished: 32832/80000 Evaluate learned policies with averaged returns 36.510060860558795 ...
[9] Finished: 32736/80000 Evaluate learned policies with averaged returns 36.510060860558795 ...
[2] Finished: 28128/80000 Evaluate learned policies with averaged returns 33.35041605717201 ...
[4] Finished: 31680/80000 Evaluate learned policies with averaged returns 29.053538077302875 ...
[8] Finished: 32832/80000 Evaluate learned policies with averaged returns 36.510060860558795 ...
[1] Finished: 32928/80000 Evaluate learned policies with averaged returns 34.64593016474481 ...
[9] Finished: 32832/80000 Evaluate learned policies with averaged returns 36.510060860558795 ...
[2] Finished: 28224/80000 Evaluate learned policies with averaged returns 33.35041605717201 ...
[4] Finished: 31776/80000 Evaluate learned policies with averaged returns 30.917668773116855 ...
[8] Finished: 32928/80000 Evaluate learned policies with averaged returns 36.510060860558795 ...
[1] Finished: 33024/80000 Evaluate learned policies with averaged returns 36.510060860558795 ...
[9] Finished: 32928/80000 Evaluate learned policies with averaged returns 36.510060860558795 ...
[4] Finished: 31872/80000 Evaluate learned policies with averaged returns 27.189407381488895 ...
[2] Finished: 28320/80000 Evaluate learned policies with averaged returns 33.35041605717201 ...
[8] Finished: 33024/80000 Evaluate learned policies with averaged returns 34.64593016474481 ...
[1] Finished: 33120/80000 Evaluate learned policies with averaged returns 36.510060860558795 ...
[9] Finished: 33024/80000 Evaluate learned policies with averaged returns 36.510060860558795 ...
[4] Finished: 31968/80000 Evaluate learned policies with averaged returns 29.053538077302875 ...
[8] Finished: 33120/80000 Evaluate learned policies with averaged returns 34.64593016474481 ...
[1] Finished: 33216/80000 Evaluate learned policies with averaged returns 36.510060860558795 ...
[2] Finished: 28416/80000 Evaluate learned policies with averaged returns 31.61292443163406 ...
[9] Finished: 33120/80000 Evaluate learned policies with averaged returns 36.510060860558795 ...
[4] Finished: 32064/80000 Evaluate learned policies with averaged returns 29.053538077302875 ...
[1] Finished: 33312/80000 Evaluate learned policies with averaged returns 36.510060860558795 ...
[8] Finished: 33216/80000 Evaluate learned policies with averaged returns 36.510060860558795 ...
[2] Finished: 28512/80000 Evaluate learned policies with averaged returns 33.35041605717201 ...
[9] Finished: 33216/80000 Evaluate learned policies with averaged returns 36.510060860558795 ...
[4] Finished: 32160/80000 Evaluate learned policies with averaged returns 34.64593016474481 ...
[1] Finished: 33408/80000 Evaluate learned policies with averaged returns 36.510060860558795 ...
[8] Finished: 33312/80000 Evaluate learned policies with averaged returns 36.510060860558795 ...
[2] Finished: 28608/80000 Evaluate learned policies with averaged returns 33.35041605717201 ...
[9] Finished: 33312/80000 Evaluate learned policies with averaged returns 36.510060860558795 ...
[4] Finished: 32256/80000 Evaluate learned policies with averaged returns 32.78179946893083 ...
[1] Finished: 33504/80000 Evaluate learned policies with averaged returns 34.64593016474481 ...
[8] Finished: 33408/80000 Evaluate learned policies with averaged returns 34.64593016474481 ...
[2] Finished: 28704/80000 Evaluate learned policies with averaged returns 33.35041605717201 ...
[9] Finished: 33408/80000 Evaluate learned policies with averaged returns 36.510060860558795 ...
[4] Finished: 32352/80000 Evaluate learned policies with averaged returns 32.781799468930835 ...
[1] Finished: 33600/80000 Evaluate learned policies with averaged returns 36.510060860558795 ...
[8] Finished: 33504/80000 Evaluate learned policies with averaged returns 36.510060860558795 ...
[9] Finished: 33504/80000 Evaluate learned policies with averaged returns 36.510060860558795 ...
[4] Finished: 32448/80000 Evaluate learned policies with averaged returns 29.053538077302875 ...
[2] Finished: 28800/80000 Evaluate learned policies with averaged returns 33.35041605717201 ...
[1] Finished: 33696/80000 Evaluate learned policies with averaged returns 34.64593016474481 ...
[8] Finished: 33600/80000 Evaluate learned policies with averaged returns 36.510060860558795 ...
[9] Finished: 33600/80000 Evaluate learned policies with averaged returns 36.510060860558795 ...
[4] Finished: 32544/80000 Evaluate learned policies with averaged returns 34.64593016474481 ...
[8] Finished: 33696/80000 Evaluate learned policies with averaged returns 36.510060860558795 ...
[1] Finished: 33792/80000 Evaluate learned policies with averaged returns 36.510060860558795 ...
[2] Finished: 28896/80000 Evaluate learned policies with averaged returns 33.35041605717201 ...
[9] Finished: 33696/80000 Evaluate learned policies with averaged returns 36.510060860558795 ...
[4] Finished: 32640/80000 Evaluate learned policies with averaged returns 29.053538077302875 ...
[8] Finished: 33792/80000 Evaluate learned policies with averaged returns 36.510060860558795 ...
[1] Finished: 33888/80000 Evaluate learned policies with averaged returns 36.510060860558795 ...
[2] Finished: 28992/80000 Evaluate learned policies with averaged returns 33.35041605717201 ...
[9] Finished: 33792/80000 Evaluate learned policies with averaged returns 36.510060860558795 ...
[4] Finished: 32736/80000 Evaluate learned policies with averaged returns 27.189407381488895 ...
[8] Finished: 33888/80000 Evaluate learned policies with averaged returns 36.510060860558795 ...
[1] Finished: 33984/80000 Evaluate learned policies with averaged returns 36.510060860558795 ...
[2] Finished: 29088/80000 Evaluate learned policies with averaged returns 33.35041605717201 ...
[9] Finished: 33888/80000 Evaluate learned policies with averaged returns 36.510060860558795 ...
[4] Finished: 32832/80000 Evaluate learned policies with averaged returns 30.917668773116855 ...
[8] Finished: 33984/80000 Evaluate learned policies with averaged returns 36.510060860558795 ...
[1] Finished: 34080/80000 Evaluate learned policies with averaged returns 36.510060860558795 ...
[9] Finished: 33984/80000 Evaluate learned policies with averaged returns 36.510060860558795 ...
[2] Finished: 29184/80000 Evaluate learned policies with averaged returns 33.35041605717201 ...
[4] Finished: 32928/80000 Evaluate learned policies with averaged returns 32.781799468930835 ...
[8] Finished: 34080/80000 Evaluate learned policies with averaged returns 36.510060860558795 ...
[1] Finished: 34176/80000 Evaluate learned policies with averaged returns 36.510060860558795 ...
[9] Finished: 34080/80000 Evaluate learned policies with averaged returns 36.510060860558795 ...
[8] Finished: 34176/80000 Evaluate learned policies with averaged returns 36.510060860558795 ...
[2] Finished: 29280/80000 Evaluate learned policies with averaged returns 33.35041605717201 ...
[4] Finished: 33024/80000 Evaluate learned policies with averaged returns 34.64593016474481 ...
[1] Finished: 34272/80000 Evaluate learned policies with averaged returns 36.510060860558795 ...
[9] Finished: 34176/80000 Evaluate learned policies with averaged returns 36.510060860558795 ...
[8] Finished: 34272/80000 Evaluate learned policies with averaged returns 34.64593016474481 ...
[4] Finished: 33120/80000 Evaluate learned policies with averaged returns 30.91766877311685 ...
[2] Finished: 29376/80000 Evaluate learned policies with averaged returns 33.35041605717201 ...
[1] Finished: 34368/80000 Evaluate learned policies with averaged returns 36.510060860558795 ...
[9] Finished: 34272/80000 Evaluate learned policies with averaged returns 36.510060860558795 ...
[8] Finished: 34368/80000 Evaluate learned policies with averaged returns 36.510060860558795 ...
[4] Finished: 33216/80000 Evaluate learned policies with averaged returns 29.053538077302875 ...
[1] Finished: 34464/80000 Evaluate learned policies with averaged returns 36.510060860558795 ...
[2] Finished: 29472/80000 Evaluate learned policies with averaged returns 33.35041605717201 ...
[9] Finished: 34368/80000 Evaluate learned policies with averaged returns 36.510060860558795 ...
[8] Finished: 34464/80000 Evaluate learned policies with averaged returns 36.510060860558795 ...
[1] Finished: 34560/80000 Evaluate learned policies with averaged returns 36.510060860558795 ...
[4] Finished: 33312/80000 Evaluate learned policies with averaged returns 32.781799468930835 ...
[9] Finished: 34464/80000 Evaluate learned policies with averaged returns 36.510060860558795 ...
[2] Finished: 29568/80000 Evaluate learned policies with averaged returns 33.35041605717201 ...
[8] Finished: 34560/80000 Evaluate learned policies with averaged returns 36.510060860558795 ...
[1] Finished: 34656/80000 Evaluate learned policies with averaged returns 36.510060860558795 ...
[4] Finished: 33408/80000 Evaluate learned policies with averaged returns 29.053538077302875 ...
[9] Finished: 34560/80000 Evaluate learned policies with averaged returns 36.510060860558795 ...
[8] Finished: 34656/80000 Evaluate learned policies with averaged returns 36.510060860558795 ...
[2] Finished: 29664/80000 Evaluate learned policies with averaged returns 33.35041605717201 ...
[1] Finished: 34752/80000 Evaluate learned policies with averaged returns 34.64593016474481 ...
[9] Finished: 34656/80000 Evaluate learned policies with averaged returns 36.510060860558795 ...
[8] Finished: 34752/80000 Evaluate learned policies with averaged returns 36.510060860558795 ...
[4] Finished: 33504/80000 Evaluate learned policies with averaged returns 34.64593016474481 ...
[2] Finished: 29760/80000 Evaluate learned policies with averaged returns 33.35041605717201 ...
[9] Finished: 34752/80000 Evaluate learned policies with averaged returns 36.510060860558795 ...
[1] Finished: 34848/80000 Evaluate learned policies with averaged returns 34.64593016474481 ...
[8] Finished: 34848/80000 Evaluate learned policies with averaged returns 25.325276685674915 ...
[4] Finished: 33600/80000 Evaluate learned policies with averaged returns 34.64593016474481 ...
[2] Finished: 29856/80000 Evaluate learned policies with averaged returns 33.35041605717201 ...
[9] Finished: 34848/80000 Evaluate learned policies with averaged returns 36.510060860558795 ...
[1] Finished: 34944/80000 Evaluate learned policies with averaged returns 36.510060860558795 ...
[8] Finished: 34944/80000 Evaluate learned policies with averaged returns 36.510060860558795 ...
[4] Finished: 33696/80000 Evaluate learned policies with averaged returns 29.053538077302875 ...
[2] Finished: 29952/80000 Evaluate learned policies with averaged returns 33.35041605717201 ...
[9] Finished: 34944/80000 Evaluate learned policies with averaged returns 36.510060860558795 ...
[1] Finished: 35040/80000 Evaluate learned policies with averaged returns 36.510060860558795 ...
[8] Finished: 35040/80000 Evaluate learned policies with averaged returns 30.917668773116855 ...
[4] Finished: 33792/80000 Evaluate learned policies with averaged returns 34.64593016474481 ...
[9] Finished: 35040/80000 Evaluate learned policies with averaged returns 36.510060860558795 ...
[2] Finished: 30048/80000 Evaluate learned policies with averaged returns 33.35041605717201 ...
[1] Finished: 35136/80000 Evaluate learned policies with averaged returns 36.510060860558795 ...
[8] Finished: 35136/80000 Evaluate learned policies with averaged returns 34.64593016474481 ...
[4] Finished: 33888/80000 Evaluate learned policies with averaged returns 32.78179946893083 ...
[9] Finished: 35136/80000 Evaluate learned policies with averaged returns 36.510060860558795 ...
[1] Finished: 35232/80000 Evaluate learned policies with averaged returns 34.64593016474481 ...
[2] Finished: 30144/80000 Evaluate learned policies with averaged returns 33.35041605717201 ...
[8] Finished: 35232/80000 Evaluate learned policies with averaged returns 36.510060860558795 ...
[4] Finished: 33984/80000 Evaluate learned policies with averaged returns 30.917668773116855 ...
[9] Finished: 35232/80000 Evaluate learned policies with averaged returns 36.510060860558795 ...
[1] Finished: 35328/80000 Evaluate learned policies with averaged returns 34.64593016474481 ...
[8] Finished: 35328/80000 Evaluate learned policies with averaged returns 36.510060860558795 ...
[2] Finished: 30240/80000 Evaluate learned policies with averaged returns 33.35041605717201 ...
[4] Finished: 34080/80000 Evaluate learned policies with averaged returns 30.917668773116855 ...
[9] Finished: 35328/80000 Evaluate learned policies with averaged returns 36.510060860558795 ...
[1] Finished: 35424/80000 Evaluate learned policies with averaged returns 34.64593016474481 ...
[8] Finished: 35424/80000 Evaluate learned policies with averaged returns 34.64593016474481 ...
[2] Finished: 30336/80000 Evaluate learned policies with averaged returns 33.35041605717201 ...
[4] Finished: 34176/80000 Evaluate learned policies with averaged returns 34.64593016474481 ...
[9] Finished: 35424/80000 Evaluate learned policies with averaged returns 36.510060860558795 ...
[1] Finished: 35520/80000 Evaluate learned policies with averaged returns 36.510060860558795 ...
[8] Finished: 35520/80000 Evaluate learned policies with averaged returns 36.510060860558795 ...
[2] Finished: 30432/80000 Evaluate learned policies with averaged returns 33.35041605717201 ...
[4] Finished: 34272/80000 Evaluate learned policies with averaged returns 30.917668773116855 ...
[9] Finished: 35520/80000 Evaluate learned policies with averaged returns 36.510060860558795 ...
[1] Finished: 35616/80000 Evaluate learned policies with averaged returns 36.510060860558795 ...
[8] Finished: 35616/80000 Evaluate learned policies with averaged returns 36.510060860558795 ...
[4] Finished: 34368/80000 Evaluate learned policies with averaged returns 32.78179946893083 ...
[2] Finished: 30528/80000 Evaluate learned policies with averaged returns 33.35041605717201 ...
[9] Finished: 35616/80000 Evaluate learned policies with averaged returns 36.510060860558795 ...
[1] Finished: 35712/80000 Evaluate learned policies with averaged returns 36.510060860558795 ...
[8] Finished: 35712/80000 Evaluate learned policies with averaged returns 36.510060860558795 ...
[4] Finished: 34464/80000 Evaluate learned policies with averaged returns 29.053538077302875 ...
[2] Finished: 30624/80000 Evaluate learned policies with averaged returns 33.35041605717201 ...
[9] Finished: 35712/80000 Evaluate learned policies with averaged returns 36.510060860558795 ...
[1] Finished: 35808/80000 Evaluate learned policies with averaged returns 34.64593016474481 ...
[8] Finished: 35808/80000 Evaluate learned policies with averaged returns 36.510060860558795 ...
[4] Finished: 34560/80000 Evaluate learned policies with averaged returns 23.46114598986094 ...
[9] Finished: 35808/80000 Evaluate learned policies with averaged returns 36.510060860558795 ...
[2] Finished: 30720/80000 Evaluate learned policies with averaged returns 33.35041605717201 ...
[1] Finished: 35904/80000 Evaluate learned policies with averaged returns 34.64593016474481 ...
[8] Finished: 35904/80000 Evaluate learned policies with averaged returns 36.510060860558795 ...
[4] Finished: 34656/80000 Evaluate learned policies with averaged returns 32.78179946893083 ...
[9] Finished: 35904/80000 Evaluate learned policies with averaged returns 36.510060860558795 ...
[1] Finished: 36000/80000 Evaluate learned policies with averaged returns 36.510060860558795 ...
[2] Finished: 30816/80000 Evaluate learned policies with averaged returns 33.35041605717201 ...
[8] Finished: 36000/80000 Evaluate learned policies with averaged returns 36.510060860558795 ...
[4] Finished: 34752/80000 Evaluate learned policies with averaged returns 32.781799468930835 ...
[9] Finished: 36000/80000 Evaluate learned policies with averaged returns 36.510060860558795 ...
[1] Finished: 36096/80000 Evaluate learned policies with averaged returns 36.510060860558795 ...
[8] Finished: 36096/80000 Evaluate learned policies with averaged returns 36.510060860558795 ...
[2] Finished: 30912/80000 Evaluate learned policies with averaged returns 33.35041605717201 ...
[4] Finished: 34848/80000 Evaluate learned policies with averaged returns 30.917668773116855 ...
[9] Finished: 36096/80000 Evaluate learned policies with averaged returns 36.510060860558795 ...
[1] Finished: 36192/80000 Evaluate learned policies with averaged returns 30.91766877311685 ...
[8] Finished: 36192/80000 Evaluate learned policies with averaged returns 36.510060860558795 ...
[2] Finished: 31008/80000 Evaluate learned policies with averaged returns 33.35041605717201 ...
[4] Finished: 34944/80000 Evaluate learned policies with averaged returns 30.917668773116855 ...
[9] Finished: 36192/80000 Evaluate learned policies with averaged returns 36.510060860558795 ...
[1] Finished: 36288/80000 Evaluate learned policies with averaged returns 36.510060860558795 ...
[8] Finished: 36288/80000 Evaluate learned policies with averaged returns 36.510060860558795 ...
[2] Finished: 31104/80000 Evaluate learned policies with averaged returns 33.35041605717201 ...
[4] Finished: 35040/80000 Evaluate learned policies with averaged returns 29.053538077302875 ...
[9] Finished: 36288/80000 Evaluate learned policies with averaged returns 36.510060860558795 ...
[1] Finished: 36384/80000 Evaluate learned policies with averaged returns 36.510060860558795 ...
[8] Finished: 36384/80000 Evaluate learned policies with averaged returns 36.510060860558795 ...
[4] Finished: 35136/80000 Evaluate learned policies with averaged returns 34.64593016474481 ...
[2] Finished: 31200/80000 Evaluate learned policies with averaged returns 33.35041605717201 ...
[9] Finished: 36384/80000 Evaluate learned policies with averaged returns 36.510060860558795 ...
[1] Finished: 36480/80000 Evaluate learned policies with averaged returns 34.64593016474481 ...
[8] Finished: 36480/80000 Evaluate learned policies with averaged returns 36.510060860558795 ...
[4] Finished: 35232/80000 Evaluate learned policies with averaged returns 32.781799468930835 ...
[9] Finished: 36480/80000 Evaluate learned policies with averaged returns 36.510060860558795 ...
[2] Finished: 31296/80000 Evaluate learned policies with averaged returns 33.35041605717201 ...
[1] Finished: 36576/80000 Evaluate learned policies with averaged returns 34.64593016474481 ...
[8] Finished: 36576/80000 Evaluate learned policies with averaged returns 36.510060860558795 ...
[4] Finished: 35328/80000 Evaluate learned policies with averaged returns 32.78179946893083 ...
[9] Finished: 36576/80000 Evaluate learned policies with averaged returns 36.510060860558795 ...
[2] Finished: 31392/80000 Evaluate learned policies with averaged returns 33.35041605717201 ...
[1] Finished: 36672/80000 Evaluate learned policies with averaged returns 36.510060860558795 ...
[8] Finished: 36672/80000 Evaluate learned policies with averaged returns 36.510060860558795 ...
[4] Finished: 35424/80000 Evaluate learned policies with averaged returns 30.917668773116855 ...
[9] Finished: 36672/80000 Evaluate learned policies with averaged returns 36.510060860558795 ...
[1] Finished: 36768/80000 Evaluate learned policies with averaged returns 36.510060860558795 ...
[8] Finished: 36768/80000 Evaluate learned policies with averaged returns 36.510060860558795 ...
[2] Finished: 31488/80000 Evaluate learned policies with averaged returns 33.35041605717201 ...
[9] Finished: 36768/80000 Evaluate learned policies with averaged returns 36.510060860558795 ...
[4] Finished: 35520/80000 Evaluate learned policies with averaged returns 34.64593016474481 ...
[1] Finished: 36864/80000 Evaluate learned policies with averaged returns 34.64593016474481 ...
[8] Finished: 36864/80000 Evaluate learned policies with averaged returns 36.510060860558795 ...
[2] Finished: 31584/80000 Evaluate learned policies with averaged returns 33.35041605717201 ...
[9] Finished: 36864/80000 Evaluate learned policies with averaged returns 36.510060860558795 ...
[4] Finished: 35616/80000 Evaluate learned policies with averaged returns 32.78179946893083 ...
[1] Finished: 36960/80000 Evaluate learned policies with averaged returns 30.917668773116855 ...
[8] Finished: 36960/80000 Evaluate learned policies with averaged returns 36.510060860558795 ...
[2] Finished: 31680/80000 Evaluate learned policies with averaged returns 33.35041605717201 ...
[9] Finished: 36960/80000 Evaluate learned policies with averaged returns 36.510060860558795 ...
[4] Finished: 35712/80000 Evaluate learned policies with averaged returns 29.053538077302882 ...
[1] Finished: 37056/80000 Evaluate learned policies with averaged returns 32.781799468930835 ...
[8] Finished: 37056/80000 Evaluate learned policies with averaged returns 34.64593016474481 ...
[2] Finished: 31776/80000 Evaluate learned policies with averaged returns 33.35041605717201 ...
[4] Finished: 35808/80000 Evaluate learned policies with averaged returns 29.053538077302882 ...
[9] Finished: 37056/80000 Evaluate learned policies with averaged returns 36.510060860558795 ...
[1] Finished: 37152/80000 Evaluate learned policies with averaged returns 34.64593016474481 ...
[8] Finished: 37152/80000 Evaluate learned policies with averaged returns 34.64593016474481 ...
[9] Finished: 37152/80000 Evaluate learned policies with averaged returns 36.510060860558795 ...
[4] Finished: 35904/80000 Evaluate learned policies with averaged returns 34.64593016474481 ...
[2] Finished: 31872/80000 Evaluate learned policies with averaged returns 24.66295792948223 ...
[1] Finished: 37248/80000 Evaluate learned policies with averaged returns 34.64593016474481 ...
[8] Finished: 37248/80000 Evaluate learned policies with averaged returns 36.510060860558795 ...
[4] Finished: 36000/80000 Evaluate learned policies with averaged returns 30.917668773116855 ...
[9] Finished: 37248/80000 Evaluate learned policies with averaged returns 36.510060860558795 ...
[1] Finished: 37344/80000 Evaluate learned policies with averaged returns 30.917668773116855 ...
[8] Finished: 37344/80000 Evaluate learned policies with averaged returns 36.510060860558795 ...
[2] Finished: 31968/80000 Evaluate learned policies with averaged returns 33.35041605717201 ...
[4] Finished: 36096/80000 Evaluate learned policies with averaged returns 32.78179946893083 ...
[9] Finished: 37344/80000 Evaluate learned policies with averaged returns 36.510060860558795 ...
[1] Finished: 37440/80000 Evaluate learned policies with averaged returns 34.64593016474481 ...
[8] Finished: 37440/80000 Evaluate learned policies with averaged returns 36.510060860558795 ...
[2] Finished: 32064/80000 Evaluate learned policies with averaged returns 33.35041605717201 ...
[4] Finished: 36192/80000 Evaluate learned policies with averaged returns 32.781799468930835 ...
[9] Finished: 37440/80000 Evaluate learned policies with averaged returns 36.510060860558795 ...
[1] Finished: 37536/80000 Evaluate learned policies with averaged returns 34.64593016474481 ...
[8] Finished: 37536/80000 Evaluate learned policies with averaged returns 36.510060860558795 ...
[2] Finished: 32160/80000 Evaluate learned policies with averaged returns 33.35041605717201 ...
[4] Finished: 36288/80000 Evaluate learned policies with averaged returns 30.917668773116855 ...
[9] Finished: 37536/80000 Evaluate learned policies with averaged returns 36.510060860558795 ...
[1] Finished: 37632/80000 Evaluate learned policies with averaged returns 30.917668773116855 ...
[8] Finished: 37632/80000 Evaluate learned policies with averaged returns 34.64593016474481 ...
[2] Finished: 32256/80000 Evaluate learned policies with averaged returns 33.35041605717201 ...
[4] Finished: 36384/80000 Evaluate learned policies with averaged returns 30.917668773116855 ...
[9] Finished: 37632/80000 Evaluate learned policies with averaged returns 36.510060860558795 ...
[1] Finished: 37728/80000 Evaluate learned policies with averaged returns 32.78179946893083 ...
[8] Finished: 37728/80000 Evaluate learned policies with averaged returns 36.510060860558795 ...
[2] Finished: 32352/80000 Evaluate learned policies with averaged returns 31.61292443163406 ...
[4] Finished: 36480/80000 Evaluate learned policies with averaged returns 27.1894073814889 ...
[1] Finished: 37824/80000 Evaluate learned policies with averaged returns 30.917668773116855 ...
[9] Finished: 37728/80000 Evaluate learned policies with averaged returns 36.510060860558795 ...
[8] Finished: 37824/80000 Evaluate learned policies with averaged returns 36.510060860558795 ...
[2] Finished: 32448/80000 Evaluate learned policies with averaged returns 33.35041605717201 ...
[9] Finished: 37824/80000 Evaluate learned policies with averaged returns 36.510060860558795 ...
[4] Finished: 36576/80000 Evaluate learned policies with averaged returns 32.78179946893083 ...
[1] Finished: 37920/80000 Evaluate learned policies with averaged returns 30.917668773116855 ...
[8] Finished: 37920/80000 Evaluate learned policies with averaged returns 36.510060860558795 ...
[9] Finished: 37920/80000 Evaluate learned policies with averaged returns 36.510060860558795 ...
[4] Finished: 36672/80000 Evaluate learned policies with averaged returns 30.917668773116855 ...
[1] Finished: 38016/80000 Evaluate learned policies with averaged returns 32.781799468930835 ...
[2] Finished: 32544/80000 Evaluate learned policies with averaged returns 33.35041605717201 ...
[8] Finished: 38016/80000 Evaluate learned policies with averaged returns 36.510060860558795 ...
[9] Finished: 38016/80000 Evaluate learned policies with averaged returns 36.510060860558795 ...
[4] Finished: 36768/80000 Evaluate learned policies with averaged returns 30.917668773116855 ...
[1] Finished: 38112/80000 Evaluate learned policies with averaged returns 32.78179946893083 ...
[2] Finished: 32640/80000 Evaluate learned policies with averaged returns 33.35041605717201 ...
[8] Finished: 38112/80000 Evaluate learned policies with averaged returns 36.510060860558795 ...
[9] Finished: 38112/80000 Evaluate learned policies with averaged returns 36.510060860558795 ...
[4] Finished: 36864/80000 Evaluate learned policies with averaged returns 30.917668773116855 ...
[1] Finished: 38208/80000 Evaluate learned policies with averaged returns 36.510060860558795 ...
[2] Finished: 32736/80000 Evaluate learned policies with averaged returns 33.35041605717201 ...
[8] Finished: 38208/80000 Evaluate learned policies with averaged returns 36.510060860558795 ...
[9] Finished: 38208/80000 Evaluate learned policies with averaged returns 36.510060860558795 ...
[4] Finished: 36960/80000 Evaluate learned policies with averaged returns 29.053538077302875 ...
[1] Finished: 38304/80000 Evaluate learned policies with averaged returns 36.510060860558795 ...
[2] Finished: 32832/80000 Evaluate learned policies with averaged returns 33.35041605717201 ...
[8] Finished: 38304/80000 Evaluate learned policies with averaged returns 34.64593016474481 ...
[9] Finished: 38304/80000 Evaluate learned policies with averaged returns 36.510060860558795 ...
[4] Finished: 37056/80000 Evaluate learned policies with averaged returns 30.917668773116855 ...
[1] Finished: 38400/80000 Evaluate learned policies with averaged returns 32.78179946893083 ...
[2] Finished: 32928/80000 Evaluate learned policies with averaged returns 33.35041605717201 ...
[8] Finished: 38400/80000 Evaluate learned policies with averaged returns 36.510060860558795 ...
[9] Finished: 38400/80000 Evaluate learned policies with averaged returns 36.510060860558795 ...
[4] Finished: 37152/80000 Evaluate learned policies with averaged returns 34.64593016474481 ...
[1] Finished: 38496/80000 Evaluate learned policies with averaged returns 36.510060860558795 ...
[8] Finished: 38496/80000 Evaluate learned policies with averaged returns 36.510060860558795 ...
[2] Finished: 33024/80000 Evaluate learned policies with averaged returns 33.35041605717201 ...
[9] Finished: 38496/80000 Evaluate learned policies with averaged returns 36.510060860558795 ...
[4] Finished: 37248/80000 Evaluate learned policies with averaged returns 29.053538077302875 ...
[1] Finished: 38592/80000 Evaluate learned policies with averaged returns 36.510060860558795 ...
[8] Finished: 38592/80000 Evaluate learned policies with averaged returns 36.510060860558795 ...
[2] Finished: 33120/80000 Evaluate learned policies with averaged returns 33.35041605717201 ...
[9] Finished: 38592/80000 Evaluate learned policies with averaged returns 36.510060860558795 ...
[4] Finished: 37344/80000 Evaluate learned policies with averaged returns 32.781799468930835 ...
[1] Finished: 38688/80000 Evaluate learned policies with averaged returns 36.510060860558795 ...
[8] Finished: 38688/80000 Evaluate learned policies with averaged returns 36.510060860558795 ...
[9] Finished: 38688/80000 Evaluate learned policies with averaged returns 36.510060860558795 ...
[2] Finished: 33216/80000 Evaluate learned policies with averaged returns 33.35041605717201 ...
[4] Finished: 37440/80000 Evaluate learned policies with averaged returns 32.781799468930835 ...
[1] Finished: 38784/80000 Evaluate learned policies with averaged returns 36.510060860558795 ...
[8] Finished: 38784/80000 Evaluate learned policies with averaged returns 36.510060860558795 ...
[9] Finished: 38784/80000 Evaluate learned policies with averaged returns 36.510060860558795 ...
[4] Finished: 37536/80000 Evaluate learned policies with averaged returns 30.917668773116855 ...
[2] Finished: 33312/80000 Evaluate learned policies with averaged returns 33.35041605717201 ...
[1] Finished: 38880/80000 Evaluate learned policies with averaged returns 34.64593016474481 ...
[8] Finished: 38880/80000 Evaluate learned policies with averaged returns 36.510060860558795 ...
[9] Finished: 38880/80000 Evaluate learned policies with averaged returns 36.510060860558795 ...
[4] Finished: 37632/80000 Evaluate learned policies with averaged returns 36.510060860558795 ...
[2] Finished: 33408/80000 Evaluate learned policies with averaged returns 33.35041605717201 ...
[1] Finished: 38976/80000 Evaluate learned policies with averaged returns 32.78179946893083 ...
[8] Finished: 38976/80000 Evaluate learned policies with averaged returns 36.510060860558795 ...
[9] Finished: 38976/80000 Evaluate learned policies with averaged returns 36.510060860558795 ...
[4] Finished: 37728/80000 Evaluate learned policies with averaged returns 30.917668773116855 ...
[2] Finished: 33504/80000 Evaluate learned policies with averaged returns 33.35041605717201 ...
[1] Finished: 39072/80000 Evaluate learned policies with averaged returns 34.64593016474481 ...
[8] Finished: 39072/80000 Evaluate learned policies with averaged returns 32.781799468930835 ...
[9] Finished: 39072/80000 Evaluate learned policies with averaged returns 36.510060860558795 ...
[4] Finished: 37824/80000 Evaluate learned policies with averaged returns 27.1894073814889 ...
[2] Finished: 33600/80000 Evaluate learned policies with averaged returns 33.35041605717201 ...
[1] Finished: 39168/80000 Evaluate learned policies with averaged returns 32.781799468930835 ...
[8] Finished: 39168/80000 Evaluate learned policies with averaged returns 36.510060860558795 ...
[9] Finished: 39168/80000 Evaluate learned policies with averaged returns 36.510060860558795 ...
[4] Finished: 37920/80000 Evaluate learned policies with averaged returns 30.917668773116855 ...
[1] Finished: 39264/80000 Evaluate learned policies with averaged returns 30.917668773116855 ...
[2] Finished: 33696/80000 Evaluate learned policies with averaged returns 33.35041605717201 ...
[8] Finished: 39264/80000 Evaluate learned policies with averaged returns 36.510060860558795 ...
[9] Finished: 39264/80000 Evaluate learned policies with averaged returns 36.510060860558795 ...
[4] Finished: 38016/80000 Evaluate learned policies with averaged returns 32.781799468930835 ...
[1] Finished: 39360/80000 Evaluate learned policies with averaged returns 34.64593016474481 ...
[8] Finished: 39360/80000 Evaluate learned policies with averaged returns 36.510060860558795 ...
[2] Finished: 33792/80000 Evaluate learned policies with averaged returns 33.35041605717201 ...
[9] Finished: 39360/80000 Evaluate learned policies with averaged returns 36.510060860558795 ...
[4] Finished: 38112/80000 Evaluate learned policies with averaged returns 25.32527668567492 ...
[1] Finished: 39456/80000 Evaluate learned policies with averaged returns 36.510060860558795 ...
[8] Finished: 39456/80000 Evaluate learned policies with averaged returns 34.64593016474481 ...
[2] Finished: 33888/80000 Evaluate learned policies with averaged returns 33.35041605717201 ...
[9] Finished: 39456/80000 Evaluate learned policies with averaged returns 36.510060860558795 ...
[4] Finished: 38208/80000 Evaluate learned policies with averaged returns 32.781799468930835 ...
[1] Finished: 39552/80000 Evaluate learned policies with averaged returns 34.64593016474481 ...
[8] Finished: 39552/80000 Evaluate learned policies with averaged returns 34.64593016474481 ...
[9] Finished: 39552/80000 Evaluate learned policies with averaged returns 36.510060860558795 ...
[2] Finished: 33984/80000 Evaluate learned policies with averaged returns 33.35041605717201 ...
[4] Finished: 38304/80000 Evaluate learned policies with averaged returns 34.64593016474481 ...
[1] Finished: 39648/80000 Evaluate learned policies with averaged returns 34.64593016474481 ...
[8] Finished: 39648/80000 Evaluate learned policies with averaged returns 36.510060860558795 ...
[9] Finished: 39648/80000 Evaluate learned policies with averaged returns 36.510060860558795 ...
[4] Finished: 38400/80000 Evaluate learned policies with averaged returns 25.32527668567492 ...
[2] Finished: 34080/80000 Evaluate learned policies with averaged returns 33.35041605717201 ...
[1] Finished: 39744/80000 Evaluate learned policies with averaged returns 36.510060860558795 ...
[8] Finished: 39744/80000 Evaluate learned policies with averaged returns 36.510060860558795 ...
[9] Finished: 39744/80000 Evaluate learned policies with averaged returns 36.510060860558795 ...
[4] Finished: 38496/80000 Evaluate learned policies with averaged returns 30.917668773116855 ...
[2] Finished: 34176/80000 Evaluate learned policies with averaged returns 33.35041605717201 ...
[1] Finished: 39840/80000 Evaluate learned policies with averaged returns 36.510060860558795 ...
[8] Finished: 39840/80000 Evaluate learned policies with averaged returns 29.053538077302875 ...
[9] Finished: 39840/80000 Evaluate learned policies with averaged returns 36.510060860558795 ...
[4] Finished: 38592/80000 Evaluate learned policies with averaged returns 29.053538077302875 ...
[2] Finished: 34272/80000 Evaluate learned policies with averaged returns 33.35041605717201 ...
[1] Finished: 39936/80000 Evaluate learned policies with averaged returns 36.510060860558795 ...
[8] Finished: 39936/80000 Evaluate learned policies with averaged returns 29.053538077302875 ...
[9] Finished: 39936/80000 Evaluate learned policies with averaged returns 36.510060860558795 ...
[4] Finished: 38688/80000 Evaluate learned policies with averaged returns 29.053538077302875 ...
[2] Finished: 34368/80000 Evaluate learned policies with averaged returns 33.35041605717201 ...
[1] Finished: 40032/80000 Evaluate learned policies with averaged returns 32.781799468930835 ...
[8] Finished: 40032/80000 Evaluate learned policies with averaged returns 23.46114598986094 ...
[9] Finished: 40032/80000 Evaluate learned policies with averaged returns 36.510060860558795 ...
[4] Finished: 38784/80000 Evaluate learned policies with averaged returns 32.781799468930835 ...
[1] Finished: 40128/80000 Evaluate learned policies with averaged returns 36.510060860558795 ...
[2] Finished: 34464/80000 Evaluate learned policies with averaged returns 33.35041605717201 ...
[9] Finished: 40128/80000 Evaluate learned policies with averaged returns 36.510060860558795 ...
[8] Finished: 40128/80000 Evaluate learned policies with averaged returns 27.1894073814889 ...
[4] Finished: 38880/80000 Evaluate learned policies with averaged returns 32.781799468930835 ...
[1] Finished: 40224/80000 Evaluate learned policies with averaged returns 34.64593016474481 ...
[9] Finished: 40224/80000 Evaluate learned policies with averaged returns 36.510060860558795 ...
[2] Finished: 34560/80000 Evaluate learned policies with averaged returns 33.35041605717201 ...
[8] Finished: 40224/80000 Evaluate learned policies with averaged returns 29.053538077302875 ...
[4] Finished: 38976/80000 Evaluate learned policies with averaged returns 30.917668773116855 ...
[1] Finished: 40320/80000 Evaluate learned policies with averaged returns 30.917668773116855 ...
[9] Finished: 40320/80000 Evaluate learned policies with averaged returns 36.510060860558795 ...
[2] Finished: 34656/80000 Evaluate learned policies with averaged returns 33.35041605717201 ...
[8] Finished: 40320/80000 Evaluate learned policies with averaged returns 27.189407381488895 ...
[4] Finished: 39072/80000 Evaluate learned policies with averaged returns 32.78179946893083 ...
[1] Finished: 40416/80000 Evaluate learned policies with averaged returns 36.510060860558795 ...
[9] Finished: 40416/80000 Evaluate learned policies with averaged returns 36.510060860558795 ...
[8] Finished: 40416/80000 Evaluate learned policies with averaged returns 32.781799468930835 ...
[2] Finished: 34752/80000 Evaluate learned policies with averaged returns 33.35041605717201 ...
[4] Finished: 39168/80000 Evaluate learned policies with averaged returns 34.64593016474481 ...
[1] Finished: 40512/80000 Evaluate learned policies with averaged returns 34.64593016474481 ...
[9] Finished: 40512/80000 Evaluate learned policies with averaged returns 36.510060860558795 ...
[8] Finished: 40512/80000 Evaluate learned policies with averaged returns 34.64593016474481 ...
[2] Finished: 34848/80000 Evaluate learned policies with averaged returns 33.35041605717201 ...
[4] Finished: 39264/80000 Evaluate learned policies with averaged returns 34.64593016474481 ...
[1] Finished: 40608/80000 Evaluate learned policies with averaged returns 34.64593016474481 ...
[9] Finished: 40608/80000 Evaluate learned policies with averaged returns 36.510060860558795 ...
[8] Finished: 40608/80000 Evaluate learned policies with averaged returns 34.64593016474481 ...
[4] Finished: 39360/80000 Evaluate learned policies with averaged returns 32.78179946893083 ...
[2] Finished: 34944/80000 Evaluate learned policies with averaged returns 33.35041605717201 ...
[1] Finished: 40704/80000 Evaluate learned policies with averaged returns 34.64593016474481 ...
[9] Finished: 40704/80000 Evaluate learned policies with averaged returns 36.510060860558795 ...
[8] Finished: 40704/80000 Evaluate learned policies with averaged returns 36.510060860558795 ...
[4] Finished: 39456/80000 Evaluate learned policies with averaged returns 30.917668773116855 ...
[2] Finished: 35040/80000 Evaluate learned policies with averaged returns 33.35041605717201 ...
[1] Finished: 40800/80000 Evaluate learned policies with averaged returns 27.189407381488895 ...
[9] Finished: 40800/80000 Evaluate learned policies with averaged returns 36.510060860558795 ...
[8] Finished: 40800/80000 Evaluate learned policies with averaged returns 34.64593016474481 ...
[4] Finished: 39552/80000 Evaluate learned policies with averaged returns 34.64593016474481 ...
[1] Finished: 40896/80000 Evaluate learned policies with averaged returns 30.917668773116855 ...
[2] Finished: 35136/80000 Evaluate learned policies with averaged returns 33.35041605717201 ...
[9] Finished: 40896/80000 Evaluate learned policies with averaged returns 36.510060860558795 ...
[8] Finished: 40896/80000 Evaluate learned policies with averaged returns 23.46114598986094 ...
[4] Finished: 39648/80000 Evaluate learned policies with averaged returns 30.917668773116855 ...
[1] Finished: 40992/80000 Evaluate learned policies with averaged returns 29.053538077302875 ...
[9] Finished: 40992/80000 Evaluate learned policies with averaged returns 36.510060860558795 ...
[2] Finished: 35232/80000 Evaluate learned policies with averaged returns 33.35041605717201 ...
[8] Finished: 40992/80000 Evaluate learned policies with averaged returns 30.917668773116855 ...
[4] Finished: 39744/80000 Evaluate learned policies with averaged returns 32.781799468930835 ...
[9] Finished: 41088/80000 Evaluate learned policies with averaged returns 36.510060860558795 ...
[1] Finished: 41088/80000 Evaluate learned policies with averaged returns 34.64593016474481 ...
[2] Finished: 35328/80000 Evaluate learned policies with averaged returns 31.61292443163406 ...
[8] Finished: 41088/80000 Evaluate learned policies with averaged returns 29.053538077302882 ...
[4] Finished: 39840/80000 Evaluate learned policies with averaged returns 29.053538077302875 ...
[9] Finished: 41184/80000 Evaluate learned policies with averaged returns 36.510060860558795 ...
[1] Finished: 41184/80000 Evaluate learned policies with averaged returns 32.78179946893083 ...
[2] Finished: 35424/80000 Evaluate learned policies with averaged returns 33.35041605717201 ...
[4] Finished: 39936/80000 Evaluate learned policies with averaged returns 27.189407381488895 ...
[8] Finished: 41184/80000 Evaluate learned policies with averaged returns 32.781799468930835 ...
[9] Finished: 41280/80000 Evaluate learned policies with averaged returns 36.510060860558795 ...
[1] Finished: 41280/80000 Evaluate learned policies with averaged returns 32.781799468930835 ...
[4] Finished: 40032/80000 Evaluate learned policies with averaged returns 32.78179946893083 ...
[2] Finished: 35520/80000 Evaluate learned policies with averaged returns 33.35041605717201 ...
[8] Finished: 41280/80000 Evaluate learned policies with averaged returns 29.053538077302882 ...
[9] Finished: 41376/80000 Evaluate learned policies with averaged returns 36.510060860558795 ...
[1] Finished: 41376/80000 Evaluate learned policies with averaged returns 30.917668773116855 ...
[4] Finished: 40128/80000 Evaluate learned policies with averaged returns 32.78179946893083 ...
[2] Finished: 35616/80000 Evaluate learned policies with averaged returns 33.35041605717201 ...
[8] Finished: 41376/80000 Evaluate learned policies with averaged returns 30.91766877311685 ...
[9] Finished: 41472/80000 Evaluate learned policies with averaged returns 36.510060860558795 ...
[1] Finished: 41472/80000 Evaluate learned policies with averaged returns 32.78179946893083 ...
[4] Finished: 40224/80000 Evaluate learned policies with averaged returns 32.781799468930835 ...
[8] Finished: 41472/80000 Evaluate learned policies with averaged returns 32.78179946893083 ...
[2] Finished: 35712/80000 Evaluate learned policies with averaged returns 33.35041605717201 ...
[9] Finished: 41568/80000 Evaluate learned policies with averaged returns 36.510060860558795 ...
[1] Finished: 41568/80000 Evaluate learned policies with averaged returns 30.917668773116855 ...
[4] Finished: 40320/80000 Evaluate learned policies with averaged returns 29.053538077302882 ...
[8] Finished: 41568/80000 Evaluate learned policies with averaged returns 27.1894073814889 ...
[2] Finished: 35808/80000 Evaluate learned policies with averaged returns 33.35041605717201 ...
[9] Finished: 41664/80000 Evaluate learned policies with averaged returns 36.510060860558795 ...
[1] Finished: 41664/80000 Evaluate learned policies with averaged returns 30.91766877311685 ...
[4] Finished: 40416/80000 Evaluate learned policies with averaged returns 29.053538077302882 ...
[8] Finished: 41664/80000 Evaluate learned policies with averaged returns 29.053538077302875 ...
[9] Finished: 41760/80000 Evaluate learned policies with averaged returns 36.510060860558795 ...
[2] Finished: 35904/80000 Evaluate learned policies with averaged returns 33.35041605717201 ...
[1] Finished: 41760/80000 Evaluate learned policies with averaged returns 29.053538077302875 ...
[4] Finished: 40512/80000 Evaluate learned policies with averaged returns 30.917668773116855 ...
[9] Finished: 41856/80000 Evaluate learned policies with averaged returns 36.510060860558795 ...
[8] Finished: 41760/80000 Evaluate learned policies with averaged returns 30.917668773116855 ...
[2] Finished: 36000/80000 Evaluate learned policies with averaged returns 33.35041605717201 ...
[1] Finished: 41856/80000 Evaluate learned policies with averaged returns 30.917668773116855 ...
[4] Finished: 40608/80000 Evaluate learned policies with averaged returns 32.78179946893083 ...
[9] Finished: 41952/80000 Evaluate learned policies with averaged returns 36.510060860558795 ...
[8] Finished: 41856/80000 Evaluate learned policies with averaged returns 30.91766877311685 ...
[1] Finished: 41952/80000 Evaluate learned policies with averaged returns 32.781799468930835 ...
[2] Finished: 36096/80000 Evaluate learned policies with averaged returns 33.35041605717201 ...
[4] Finished: 40704/80000 Evaluate learned policies with averaged returns 29.053538077302875 ...
[9] Finished: 42048/80000 Evaluate learned policies with averaged returns 36.510060860558795 ...
[8] Finished: 41952/80000 Evaluate learned policies with averaged returns 32.78179946893083 ...
[1] Finished: 42048/80000 Evaluate learned policies with averaged returns 29.053538077302875 ...
[2] Finished: 36192/80000 Evaluate learned policies with averaged returns 33.35041605717201 ...
[4] Finished: 40800/80000 Evaluate learned policies with averaged returns 32.78179946893083 ...
[9] Finished: 42144/80000 Evaluate learned policies with averaged returns 36.510060860558795 ...
[8] Finished: 42048/80000 Evaluate learned policies with averaged returns 36.510060860558795 ...
[1] Finished: 42144/80000 Evaluate learned policies with averaged returns 32.78179946893083 ...
[2] Finished: 36288/80000 Evaluate learned policies with averaged returns 33.35041605717201 ...
[4] Finished: 40896/80000 Evaluate learned policies with averaged returns 32.78179946893083 ...
[9] Finished: 42240/80000 Evaluate learned policies with averaged returns 36.510060860558795 ...
[8] Finished: 42144/80000 Evaluate learned policies with averaged returns 32.78179946893083 ...
[1] Finished: 42240/80000 Evaluate learned policies with averaged returns 36.510060860558795 ...
[4] Finished: 40992/80000 Evaluate learned policies with averaged returns 29.053538077302875 ...
[2] Finished: 36384/80000 Evaluate learned policies with averaged returns 33.35041605717201 ...
[9] Finished: 42336/80000 Evaluate learned policies with averaged returns 36.510060860558795 ...
[8] Finished: 42240/80000 Evaluate learned policies with averaged returns 29.053538077302882 ...
[1] Finished: 42336/80000 Evaluate learned policies with averaged returns 30.917668773116855 ...
[4] Finished: 41088/80000 Evaluate learned policies with averaged returns 32.78179946893083 ...
[2] Finished: 36480/80000 Evaluate learned policies with averaged returns 33.35041605717201 ...
[9] Finished: 42432/80000 Evaluate learned policies with averaged returns 36.510060860558795 ...
[8] Finished: 42336/80000 Evaluate learned policies with averaged returns 36.510060860558795 ...
[1] Finished: 42432/80000 Evaluate learned policies with averaged returns 30.917668773116855 ...
[4] Finished: 41184/80000 Evaluate learned policies with averaged returns 36.510060860558795 ...
[2] Finished: 36576/80000 Evaluate learned policies with averaged returns 33.35041605717201 ...
[9] Finished: 42528/80000 Evaluate learned policies with averaged returns 36.510060860558795 ...
[8] Finished: 42432/80000 Evaluate learned policies with averaged returns 36.510060860558795 ...
[1] Finished: 42528/80000 Evaluate learned policies with averaged returns 36.510060860558795 ...
[4] Finished: 41280/80000 Evaluate learned policies with averaged returns 32.781799468930835 ...
[9] Finished: 42624/80000 Evaluate learned policies with averaged returns 36.510060860558795 ...
[2] Finished: 36672/80000 Evaluate learned policies with averaged returns 33.35041605717201 ...
[8] Finished: 42528/80000 Evaluate learned policies with averaged returns 34.64593016474481 ...
[1] Finished: 42624/80000 Evaluate learned policies with averaged returns 34.64593016474481 ...
[4] Finished: 41376/80000 Evaluate learned policies with averaged returns 34.64593016474481 ...
[9] Finished: 42720/80000 Evaluate learned policies with averaged returns 36.510060860558795 ...
[2] Finished: 36768/80000 Evaluate learned policies with averaged returns 33.35041605717201 ...
[8] Finished: 42624/80000 Evaluate learned policies with averaged returns 32.781799468930835 ...
[1] Finished: 42720/80000 Evaluate learned policies with averaged returns 32.781799468930835 ...
[4] Finished: 41472/80000 Evaluate learned policies with averaged returns 34.64593016474481 ...
[9] Finished: 42816/80000 Evaluate learned policies with averaged returns 36.510060860558795 ...
[8] Finished: 42720/80000 Evaluate learned policies with averaged returns 34.64593016474481 ...
[1] Finished: 42816/80000 Evaluate learned policies with averaged returns 36.510060860558795 ...
[2] Finished: 36864/80000 Evaluate learned policies with averaged returns 33.35041605717201 ...
[4] Finished: 41568/80000 Evaluate learned policies with averaged returns 32.781799468930835 ...
[9] Finished: 42912/80000 Evaluate learned policies with averaged returns 36.510060860558795 ...
[8] Finished: 42816/80000 Evaluate learned policies with averaged returns 34.64593016474481 ...
[1] Finished: 42912/80000 Evaluate learned policies with averaged returns 34.64593016474481 ...
[2] Finished: 36960/80000 Evaluate learned policies with averaged returns 33.35041605717201 ...
[4] Finished: 41664/80000 Evaluate learned policies with averaged returns 34.64593016474481 ...
[9] Finished: 43008/80000 Evaluate learned policies with averaged returns 36.510060860558795 ...
[8] Finished: 42912/80000 Evaluate learned policies with averaged returns 32.781799468930835 ...
[1] Finished: 43008/80000 Evaluate learned policies with averaged returns 32.781799468930835 ...
[2] Finished: 37056/80000 Evaluate learned policies with averaged returns 31.61292443163406 ...
[4] Finished: 41760/80000 Evaluate learned policies with averaged returns 34.64593016474481 ...
[9] Finished: 43104/80000 Evaluate learned policies with averaged returns 36.510060860558795 ...
[8] Finished: 43008/80000 Evaluate learned policies with averaged returns 34.64593016474481 ...
[1] Finished: 43104/80000 Evaluate learned policies with averaged returns 29.053538077302882 ...
[4] Finished: 41856/80000 Evaluate learned policies with averaged returns 32.781799468930835 ...
[2] Finished: 37152/80000 Evaluate learned policies with averaged returns 33.35041605717201 ...
[9] Finished: 43200/80000 Evaluate learned policies with averaged returns 36.510060860558795 ...
[1] Finished: 43200/80000 Evaluate learned policies with averaged returns 30.917668773116855 ...
[8] Finished: 43104/80000 Evaluate learned policies with averaged returns 36.510060860558795 ...
[4] Finished: 41952/80000 Evaluate learned policies with averaged returns 32.781799468930835 ...
[2] Finished: 37248/80000 Evaluate learned policies with averaged returns 33.35041605717201 ...
[9] Finished: 43296/80000 Evaluate learned policies with averaged returns 36.510060860558795 ...
[1] Finished: 43296/80000 Evaluate learned policies with averaged returns 34.64593016474481 ...
[8] Finished: 43200/80000 Evaluate learned policies with averaged returns 36.510060860558795 ...
[4] Finished: 42048/80000 Evaluate learned policies with averaged returns 27.189407381488895 ...
[9] Finished: 43392/80000 Evaluate learned policies with averaged returns 36.510060860558795 ...
[2] Finished: 37344/80000 Evaluate learned policies with averaged returns 33.35041605717201 ...
[1] Finished: 43392/80000 Evaluate learned policies with averaged returns 34.64593016474481 ...
[8] Finished: 43296/80000 Evaluate learned policies with averaged returns 36.510060860558795 ...
[4] Finished: 42144/80000 Evaluate learned policies with averaged returns 27.1894073814889 ...
[9] Finished: 43488/80000 Evaluate learned policies with averaged returns 36.510060860558795 ...
[2] Finished: 37440/80000 Evaluate learned policies with averaged returns 33.35041605717201 ...
[1] Finished: 43488/80000 Evaluate learned policies with averaged returns 30.917668773116855 ...
[8] Finished: 43392/80000 Evaluate learned policies with averaged returns 36.510060860558795 ...
[4] Finished: 42240/80000 Evaluate learned policies with averaged returns 34.64593016474481 ...
[9] Finished: 43584/80000 Evaluate learned policies with averaged returns 36.510060860558795 ...
[2] Finished: 37536/80000 Evaluate learned policies with averaged returns 33.35041605717201 ...
[1] Finished: 43584/80000 Evaluate learned policies with averaged returns 29.053538077302875 ...
[8] Finished: 43488/80000 Evaluate learned policies with averaged returns 34.64593016474481 ...
[4] Finished: 42336/80000 Evaluate learned policies with averaged returns 34.64593016474481 ...
[9] Finished: 43680/80000 Evaluate learned policies with averaged returns 36.510060860558795 ...
[1] Finished: 43680/80000 Evaluate learned policies with averaged returns 34.64593016474481 ...
[2] Finished: 37632/80000 Evaluate learned policies with averaged returns 33.35041605717201 ...
[8] Finished: 43584/80000 Evaluate learned policies with averaged returns 36.510060860558795 ...
[4] Finished: 42432/80000 Evaluate learned policies with averaged returns 32.781799468930835 ...
[9] Finished: 43776/80000 Evaluate learned policies with averaged returns 36.510060860558795 ...
[1] Finished: 43776/80000 Evaluate learned policies with averaged returns 34.64593016474481 ...
[8] Finished: 43680/80000 Evaluate learned policies with averaged returns 36.510060860558795 ...
[2] Finished: 37728/80000 Evaluate learned policies with averaged returns 33.35041605717201 ...
[4] Finished: 42528/80000 Evaluate learned policies with averaged returns 34.64593016474481 ...
[9] Finished: 43872/80000 Evaluate learned policies with averaged returns 36.510060860558795 ...
[1] Finished: 43872/80000 Evaluate learned policies with averaged returns 27.189407381488895 ...
[8] Finished: 43776/80000 Evaluate learned policies with averaged returns 34.64593016474481 ...
[2] Finished: 37824/80000 Evaluate learned policies with averaged returns 33.35041605717201 ...
[4] Finished: 42624/80000 Evaluate learned policies with averaged returns 30.917668773116855 ...
[9] Finished: 43968/80000 Evaluate learned policies with averaged returns 36.510060860558795 ...
[1] Finished: 43968/80000 Evaluate learned policies with averaged returns 30.917668773116855 ...
[8] Finished: 43872/80000 Evaluate learned policies with averaged returns 36.510060860558795 ...
[4] Finished: 42720/80000 Evaluate learned policies with averaged returns 32.781799468930835 ...
[2] Finished: 37920/80000 Evaluate learned policies with averaged returns 33.35041605717201 ...
[9] Finished: 44064/80000 Evaluate learned policies with averaged returns 36.510060860558795 ...
[1] Finished: 44064/80000 Evaluate learned policies with averaged returns 34.64593016474481 ...
[8] Finished: 43968/80000 Evaluate learned policies with averaged returns 36.510060860558795 ...
[4] Finished: 42816/80000 Evaluate learned policies with averaged returns 30.917668773116855 ...
[9] Finished: 44160/80000 Evaluate learned policies with averaged returns 36.510060860558795 ...
[2] Finished: 38016/80000 Evaluate learned policies with averaged returns 33.35041605717201 ...
[1] Finished: 44160/80000 Evaluate learned policies with averaged returns 32.781799468930835 ...
[8] Finished: 44064/80000 Evaluate learned policies with averaged returns 34.64593016474481 ...
[4] Finished: 42912/80000 Evaluate learned policies with averaged returns 36.510060860558795 ...
[9] Finished: 44256/80000 Evaluate learned policies with averaged returns 36.510060860558795 ...
[2] Finished: 38112/80000 Evaluate learned policies with averaged returns 33.35041605717201 ...
[1] Finished: 44256/80000 Evaluate learned policies with averaged returns 32.781799468930835 ...
[8] Finished: 44160/80000 Evaluate learned policies with averaged returns 32.78179946893083 ...
[9] Finished: 44352/80000 Evaluate learned policies with averaged returns 36.510060860558795 ...
[4] Finished: 43008/80000 Evaluate learned policies with averaged returns 36.510060860558795 ...
[2] Finished: 38208/80000 Evaluate learned policies with averaged returns 33.35041605717201 ...
[8] Finished: 44256/80000 Evaluate learned policies with averaged returns 34.64593016474481 ...
[1] Finished: 44352/80000 Evaluate learned policies with averaged returns 32.78179946893083 ...
[4] Finished: 43104/80000 Evaluate learned policies with averaged returns 32.78179946893083 ...
[9] Finished: 44448/80000 Evaluate learned policies with averaged returns 36.510060860558795 ...
[8] Finished: 44352/80000 Evaluate learned policies with averaged returns 36.510060860558795 ...
[2] Finished: 38304/80000 Evaluate learned policies with averaged returns 33.35041605717201 ...
[1] Finished: 44448/80000 Evaluate learned policies with averaged returns 27.189407381488895 ...
[9] Finished: 44544/80000 Evaluate learned policies with averaged returns 36.510060860558795 ...
[4] Finished: 43200/80000 Evaluate learned policies with averaged returns 34.64593016474481 ...
[8] Finished: 44448/80000 Evaluate learned policies with averaged returns 36.510060860558795 ...
[1] Finished: 44544/80000 Evaluate learned policies with averaged returns 34.64593016474481 ...
[2] Finished: 38400/80000 Evaluate learned policies with averaged returns 33.35041605717201 ...
[4] Finished: 43296/80000 Evaluate learned policies with averaged returns 30.917668773116855 ...
[9] Finished: 44640/80000 Evaluate learned policies with averaged returns 36.510060860558795 ...
[8] Finished: 44544/80000 Evaluate learned policies with averaged returns 32.78179946893083 ...
[1] Finished: 44640/80000 Evaluate learned policies with averaged returns 29.053538077302875 ...
[2] Finished: 38496/80000 Evaluate learned policies with averaged returns 33.35041605717201 ...
[4] Finished: 43392/80000 Evaluate learned policies with averaged returns 30.917668773116855 ...
[9] Finished: 44736/80000 Evaluate learned policies with averaged returns 36.510060860558795 ...
[8] Finished: 44640/80000 Evaluate learned policies with averaged returns 30.917668773116855 ...
[1] Finished: 44736/80000 Evaluate learned policies with averaged returns 32.781799468930835 ...
[2] Finished: 38592/80000 Evaluate learned policies with averaged returns 33.35041605717201 ...
[4] Finished: 43488/80000 Evaluate learned policies with averaged returns 29.053538077302875 ...
[9] Finished: 44832/80000 Evaluate learned policies with averaged returns 36.510060860558795 ...
[8] Finished: 44736/80000 Evaluate learned policies with averaged returns 32.781799468930835 ...
[1] Finished: 44832/80000 Evaluate learned policies with averaged returns 30.917668773116855 ...
[2] Finished: 38688/80000 Evaluate learned policies with averaged returns 33.35041605717201 ...
[4] Finished: 43584/80000 Evaluate learned policies with averaged returns 32.781799468930835 ...
[9] Finished: 44928/80000 Evaluate learned policies with averaged returns 36.510060860558795 ...
[1] Finished: 44928/80000 Evaluate learned policies with averaged returns 32.781799468930835 ...
[8] Finished: 44832/80000 Evaluate learned policies with averaged returns 32.78179946893083 ...
[9] Finished: 45024/80000 Evaluate learned policies with averaged returns 36.510060860558795 ...
[2] Finished: 38784/80000 Evaluate learned policies with averaged returns 33.35041605717201 ...
[4] Finished: 43680/80000 Evaluate learned policies with averaged returns 29.053538077302875 ...
[8] Finished: 44928/80000 Evaluate learned policies with averaged returns 34.64593016474481 ...
[1] Finished: 45024/80000 Evaluate learned policies with averaged returns 30.917668773116855 ...
[9] Finished: 45120/80000 Evaluate learned policies with averaged returns 36.510060860558795 ...
[4] Finished: 43776/80000 Evaluate learned policies with averaged returns 34.64593016474481 ...
[2] Finished: 38880/80000 Evaluate learned policies with averaged returns 33.35041605717201 ...
[1] Finished: 45120/80000 Evaluate learned policies with averaged returns 30.917668773116855 ...
[8] Finished: 45024/80000 Evaluate learned policies with averaged returns 36.510060860558795 ...
[4] Finished: 43872/80000 Evaluate learned policies with averaged returns 29.053538077302882 ...
[9] Finished: 45216/80000 Evaluate learned policies with averaged returns 36.510060860558795 ...
[2] Finished: 38976/80000 Evaluate learned policies with averaged returns 33.35041605717201 ...
[1] Finished: 45216/80000 Evaluate learned policies with averaged returns 29.053538077302875 ...
[8] Finished: 45120/80000 Evaluate learned policies with averaged returns 30.917668773116855 ...
[4] Finished: 43968/80000 Evaluate learned policies with averaged returns 32.781799468930835 ...
[9] Finished: 45312/80000 Evaluate learned policies with averaged returns 36.510060860558795 ...
[2] Finished: 39072/80000 Evaluate learned policies with averaged returns 33.35041605717201 ...
[1] Finished: 45312/80000 Evaluate learned policies with averaged returns 27.189407381488895 ...
[8] Finished: 45216/80000 Evaluate learned policies with averaged returns 30.917668773116855 ...
[4] Finished: 44064/80000 Evaluate learned policies with averaged returns 32.78179946893083 ...
[9] Finished: 45408/80000 Evaluate learned policies with averaged returns 36.510060860558795 ...
[2] Finished: 39168/80000 Evaluate learned policies with averaged returns 33.35041605717201 ...
[1] Finished: 45408/80000 Evaluate learned policies with averaged returns 32.781799468930835 ...
[8] Finished: 45312/80000 Evaluate learned policies with averaged returns 34.64593016474481 ...
[4] Finished: 44160/80000 Evaluate learned policies with averaged returns 30.917668773116855 ...
[9] Finished: 45504/80000 Evaluate learned policies with averaged returns 36.510060860558795 ...
[1] Finished: 45504/80000 Evaluate learned policies with averaged returns 30.917668773116855 ...
[8] Finished: 45408/80000 Evaluate learned policies with averaged returns 30.917668773116855 ...
[2] Finished: 39264/80000 Evaluate learned policies with averaged returns 33.35041605717201 ...
[9] Finished: 45600/80000 Evaluate learned policies with averaged returns 36.510060860558795 ...
[4] Finished: 44256/80000 Evaluate learned policies with averaged returns 27.1894073814889 ...
[1] Finished: 45600/80000 Evaluate learned policies with averaged returns 30.917668773116855 ...
[8] Finished: 45504/80000 Evaluate learned policies with averaged returns 32.78179946893083 ...
[2] Finished: 39360/80000 Evaluate learned policies with averaged returns 33.35041605717201 ...
[4] Finished: 44352/80000 Evaluate learned policies with averaged returns 30.917668773116855 ...
[9] Finished: 45696/80000 Evaluate learned policies with averaged returns 36.510060860558795 ...
[8] Finished: 45600/80000 Evaluate learned policies with averaged returns 34.64593016474481 ...
[1] Finished: 45696/80000 Evaluate learned policies with averaged returns 32.78179946893083 ...
[4] Finished: 44448/80000 Evaluate learned policies with averaged returns 36.510060860558795 ...
[2] Finished: 39456/80000 Evaluate learned policies with averaged returns 33.35041605717201 ...
[9] Finished: 45792/80000 Evaluate learned policies with averaged returns 36.510060860558795 ...
[8] Finished: 45696/80000 Evaluate learned policies with averaged returns 32.781799468930835 ...
[1] Finished: 45792/80000 Evaluate learned policies with averaged returns 30.917668773116855 ...
[4] Finished: 44544/80000 Evaluate learned policies with averaged returns 36.510060860558795 ...
[9] Finished: 45888/80000 Evaluate learned policies with averaged returns 36.510060860558795 ...
[2] Finished: 39552/80000 Evaluate learned policies with averaged returns 33.35041605717201 ...
[8] Finished: 45792/80000 Evaluate learned policies with averaged returns 27.189407381488895 ...
[1] Finished: 45888/80000 Evaluate learned policies with averaged returns 29.053538077302882 ...
[4] Finished: 44640/80000 Evaluate learned policies with averaged returns 34.64593016474481 ...
[9] Finished: 45984/80000 Evaluate learned policies with averaged returns 36.510060860558795 ...
[2] Finished: 39648/80000 Evaluate learned policies with averaged returns 33.35041605717201 ...
[8] Finished: 45888/80000 Evaluate learned policies with averaged returns 27.1894073814889 ...
[4] Finished: 44736/80000 Evaluate learned policies with averaged returns 36.510060860558795 ...
[1] Finished: 45984/80000 Evaluate learned policies with averaged returns 30.917668773116855 ...
[9] Finished: 46080/80000 Evaluate learned policies with averaged returns 36.510060860558795 ...
[2] Finished: 39744/80000 Evaluate learned policies with averaged returns 33.35041605717201 ...
[8] Finished: 45984/80000 Evaluate learned policies with averaged returns 34.64593016474481 ...
[4] Finished: 44832/80000 Evaluate learned policies with averaged returns 36.510060860558795 ...
[1] Finished: 46080/80000 Evaluate learned policies with averaged returns 36.510060860558795 ...
[9] Finished: 46176/80000 Evaluate learned policies with averaged returns 36.510060860558795 ...
[2] Finished: 39840/80000 Evaluate learned policies with averaged returns 33.35041605717201 ...
[8] Finished: 46080/80000 Evaluate learned policies with averaged returns 27.189407381488895 ...
[4] Finished: 44928/80000 Evaluate learned policies with averaged returns 29.053538077302875 ...
[1] Finished: 46176/80000 Evaluate learned policies with averaged returns 23.46114598986094 ...
[9] Finished: 46272/80000 Evaluate learned policies with averaged returns 36.510060860558795 ...
[2] Finished: 39936/80000 Evaluate learned policies with averaged returns 33.35041605717201 ...
[8] Finished: 46176/80000 Evaluate learned policies with averaged returns 23.46114598986094 ...
[1] Finished: 46272/80000 Evaluate learned policies with averaged returns 30.917668773116855 ...
[4] Finished: 45024/80000 Evaluate learned policies with averaged returns 29.053538077302875 ...
[9] Finished: 46368/80000 Evaluate learned policies with averaged returns 36.510060860558795 ...
[2] Finished: 40032/80000 Evaluate learned policies with averaged returns 33.35041605717201 ...
[8] Finished: 46272/80000 Evaluate learned policies with averaged returns 29.053538077302875 ...
[4] Finished: 45120/80000 Evaluate learned policies with averaged returns 29.053538077302875 ...
[9] Finished: 46464/80000 Evaluate learned policies with averaged returns 36.510060860558795 ...
[1] Finished: 46368/80000 Evaluate learned policies with averaged returns 27.189407381488895 ...
[8] Finished: 46368/80000 Evaluate learned policies with averaged returns 29.053538077302875 ...
[2] Finished: 40128/80000 Evaluate learned policies with averaged returns 31.61292443163406 ...
[4] Finished: 45216/80000 Evaluate learned policies with averaged returns 29.053538077302875 ...
[9] Finished: 46560/80000 Evaluate learned policies with averaged returns 36.510060860558795 ...
[1] Finished: 46464/80000 Evaluate learned policies with averaged returns 30.917668773116855 ...
[8] Finished: 46464/80000 Evaluate learned policies with averaged returns 30.917668773116855 ...
[2] Finished: 40224/80000 Evaluate learned policies with averaged returns 33.35041605717201 ...
[4] Finished: 45312/80000 Evaluate learned policies with averaged returns 29.053538077302875 ...
[9] Finished: 46656/80000 Evaluate learned policies with averaged returns 36.510060860558795 ...
[1] Finished: 46560/80000 Evaluate learned policies with averaged returns 30.917668773116855 ...
[8] Finished: 46560/80000 Evaluate learned policies with averaged returns 29.053538077302875 ...
[4] Finished: 45408/80000 Evaluate learned policies with averaged returns 32.781799468930835 ...
[2] Finished: 40320/80000 Evaluate learned policies with averaged returns 33.35041605717201 ...
[1] Finished: 46656/80000 Evaluate learned policies with averaged returns 36.510060860558795 ...
[9] Finished: 46752/80000 Evaluate learned policies with averaged returns 36.510060860558795 ...
[8] Finished: 46656/80000 Evaluate learned policies with averaged returns 34.64593016474481 ...
[4] Finished: 45504/80000 Evaluate learned policies with averaged returns 30.917668773116855 ...
[1] Finished: 46752/80000 Evaluate learned policies with averaged returns 34.64593016474481 ...
[9] Finished: 46848/80000 Evaluate learned policies with averaged returns 36.510060860558795 ...
[2] Finished: 40416/80000 Evaluate learned policies with averaged returns 33.35041605717201 ...
[4] Finished: 45600/80000 Evaluate learned policies with averaged returns 32.781799468930835 ...
[8] Finished: 46752/80000 Evaluate learned policies with averaged returns 25.325276685674915 ...
[9] Finished: 46944/80000 Evaluate learned policies with averaged returns 36.510060860558795 ...
[1] Finished: 46848/80000 Evaluate learned policies with averaged returns 34.64593016474481 ...
[2] Finished: 40512/80000 Evaluate learned policies with averaged returns 33.35041605717201 ...
[4] Finished: 45696/80000 Evaluate learned policies with averaged returns 32.781799468930835 ...
[8] Finished: 46848/80000 Evaluate learned policies with averaged returns 29.053538077302875 ...
[9] Finished: 47040/80000 Evaluate learned policies with averaged returns 36.510060860558795 ...
[1] Finished: 46944/80000 Evaluate learned policies with averaged returns 30.917668773116855 ...
[2] Finished: 40608/80000 Evaluate learned policies with averaged returns 33.35041605717201 ...
[4] Finished: 45792/80000 Evaluate learned policies with averaged returns 29.053538077302875 ...
[8] Finished: 46944/80000 Evaluate learned policies with averaged returns 30.917668773116855 ...
[1] Finished: 47040/80000 Evaluate learned policies with averaged returns 27.1894073814889 ...
[9] Finished: 47136/80000 Evaluate learned policies with averaged returns 36.510060860558795 ...
[2] Finished: 40704/80000 Evaluate learned policies with averaged returns 33.35041605717201 ...
[4] Finished: 45888/80000 Evaluate learned policies with averaged returns 32.781799468930835 ...
[8] Finished: 47040/80000 Evaluate learned policies with averaged returns 30.917668773116855 ...
[1] Finished: 47136/80000 Evaluate learned policies with averaged returns 32.781799468930835 ...
[9] Finished: 47232/80000 Evaluate learned policies with averaged returns 36.510060860558795 ...
[2] Finished: 40800/80000 Evaluate learned policies with averaged returns 33.35041605717201 ...
[4] Finished: 45984/80000 Evaluate learned policies with averaged returns 34.64593016474481 ...
[8] Finished: 47136/80000 Evaluate learned policies with averaged returns 29.053538077302875 ...
[1] Finished: 47232/80000 Evaluate learned policies with averaged returns 36.510060860558795 ...
[9] Finished: 47328/80000 Evaluate learned policies with averaged returns 36.510060860558795 ...
[2] Finished: 40896/80000 Evaluate learned policies with averaged returns 33.35041605717201 ...
[4] Finished: 46080/80000 Evaluate learned policies with averaged returns 34.64593016474481 ...
[8] Finished: 47232/80000 Evaluate learned policies with averaged returns 34.64593016474481 ...
[9] Finished: 47424/80000 Evaluate learned policies with averaged returns 36.510060860558795 ...
[1] Finished: 47328/80000 Evaluate learned policies with averaged returns 34.64593016474481 ...
[2] Finished: 40992/80000 Evaluate learned policies with averaged returns 33.35041605717201 ...
[4] Finished: 46176/80000 Evaluate learned policies with averaged returns 36.510060860558795 ...
[8] Finished: 47328/80000 Evaluate learned policies with averaged returns 29.053538077302875 ...
[9] Finished: 47520/80000 Evaluate learned policies with averaged returns 36.510060860558795 ...
[1] Finished: 47424/80000 Evaluate learned policies with averaged returns 34.64593016474481 ...
[4] Finished: 46272/80000 Evaluate learned policies with averaged returns 29.053538077302882 ...
[2] Finished: 41088/80000 Evaluate learned policies with averaged returns 33.35041605717201 ...
[8] Finished: 47424/80000 Evaluate learned policies with averaged returns 25.325276685674915 ...
[9] Finished: 47616/80000 Evaluate learned policies with averaged returns 36.510060860558795 ...
[1] Finished: 47520/80000 Evaluate learned policies with averaged returns 32.78179946893083 ...
[4] Finished: 46368/80000 Evaluate learned policies with averaged returns 34.64593016474481 ...
[2] Finished: 41184/80000 Evaluate learned policies with averaged returns 33.35041605717201 ...
[8] Finished: 47520/80000 Evaluate learned policies with averaged returns 32.78179946893083 ...
[9] Finished: 47712/80000 Evaluate learned policies with averaged returns 36.510060860558795 ...
[1] Finished: 47616/80000 Evaluate learned policies with averaged returns 36.510060860558795 ...
[4] Finished: 46464/80000 Evaluate learned policies with averaged returns 27.1894073814889 ...
[8] Finished: 47616/80000 Evaluate learned policies with averaged returns 32.781799468930835 ...
[2] Finished: 41280/80000 Evaluate learned policies with averaged returns 33.35041605717201 ...
[9] Finished: 47808/80000 Evaluate learned policies with averaged returns 36.510060860558795 ...
[1] Finished: 47712/80000 Evaluate learned policies with averaged returns 32.781799468930835 ...
[4] Finished: 46560/80000 Evaluate learned policies with averaged returns 36.510060860558795 ...
[8] Finished: 47712/80000 Evaluate learned policies with averaged returns 29.053538077302875 ...
[9] Finished: 47904/80000 Evaluate learned policies with averaged returns 36.510060860558795 ...
[2] Finished: 41376/80000 Evaluate learned policies with averaged returns 33.35041605717201 ...
[1] Finished: 47808/80000 Evaluate learned policies with averaged returns 36.510060860558795 ...
[4] Finished: 46656/80000 Evaluate learned policies with averaged returns 36.510060860558795 ...
[8] Finished: 47808/80000 Evaluate learned policies with averaged returns 32.781799468930835 ...
[9] Finished: 48000/80000 Evaluate learned policies with averaged returns 36.510060860558795 ...
[2] Finished: 41472/80000 Evaluate learned policies with averaged returns 33.35041605717201 ...
[1] Finished: 47904/80000 Evaluate learned policies with averaged returns 30.917668773116855 ...
[4] Finished: 46752/80000 Evaluate learned policies with averaged returns 25.32527668567492 ...
[8] Finished: 47904/80000 Evaluate learned policies with averaged returns 34.64593016474481 ...
[9] Finished: 48096/80000 Evaluate learned policies with averaged returns 36.510060860558795 ...
[1] Finished: 48000/80000 Evaluate learned policies with averaged returns 32.78179946893083 ...
[2] Finished: 41568/80000 Evaluate learned policies with averaged returns 33.35041605717201 ...
[4] Finished: 46848/80000 Evaluate learned policies with averaged returns 27.189407381488895 ...
[9] Finished: 48192/80000 Evaluate learned policies with averaged returns 36.510060860558795 ...
[8] Finished: 48000/80000 Evaluate learned policies with averaged returns 29.053538077302882 ...
[2] Finished: 41664/80000 Evaluate learned policies with averaged returns 33.35041605717201 ...
[1] Finished: 48096/80000 Evaluate learned policies with averaged returns 34.64593016474481 ...
[4] Finished: 46944/80000 Evaluate learned policies with averaged returns 32.78179946893083 ...
[9] Finished: 48288/80000 Evaluate learned policies with averaged returns 36.510060860558795 ...
[8] Finished: 48096/80000 Evaluate learned policies with averaged returns 30.917668773116855 ...
[1] Finished: 48192/80000 Evaluate learned policies with averaged returns 32.781799468930835 ...
[2] Finished: 41760/80000 Evaluate learned policies with averaged returns 33.35041605717201 ...
[4] Finished: 47040/80000 Evaluate learned policies with averaged returns 34.64593016474481 ...
[9] Finished: 48384/80000 Evaluate learned policies with averaged returns 36.510060860558795 ...
[8] Finished: 48192/80000 Evaluate learned policies with averaged returns 32.781799468930835 ...
[1] Finished: 48288/80000 Evaluate learned policies with averaged returns 36.510060860558795 ...
[2] Finished: 41856/80000 Evaluate learned policies with averaged returns 33.35041605717201 ...
[4] Finished: 47136/80000 Evaluate learned policies with averaged returns 36.510060860558795 ...
[9] Finished: 48480/80000 Evaluate learned policies with averaged returns 36.510060860558795 ...
[8] Finished: 48288/80000 Evaluate learned policies with averaged returns 32.781799468930835 ...
[1] Finished: 48384/80000 Evaluate learned policies with averaged returns 29.053538077302875 ...
[2] Finished: 41952/80000 Evaluate learned policies with averaged returns 33.35041605717201 ...
[4] Finished: 47232/80000 Evaluate learned policies with averaged returns 27.189407381488895 ...
[9] Finished: 48576/80000 Evaluate learned policies with averaged returns 36.510060860558795 ...
[8] Finished: 48384/80000 Evaluate learned policies with averaged returns 32.781799468930835 ...
[1] Finished: 48480/80000 Evaluate learned policies with averaged returns 34.64593016474481 ...
[2] Finished: 42048/80000 Evaluate learned policies with averaged returns 33.35041605717201 ...
[4] Finished: 47328/80000 Evaluate learned policies with averaged returns 29.053538077302882 ...
[9] Finished: 48672/80000 Evaluate learned policies with averaged returns 36.510060860558795 ...
[1] Finished: 48576/80000 Evaluate learned policies with averaged returns 36.510060860558795 ...
[8] Finished: 48480/80000 Evaluate learned policies with averaged returns 34.64593016474481 ...
[4] Finished: 47424/80000 Evaluate learned policies with averaged returns 32.781799468930835 ...
[9] Finished: 48768/80000 Evaluate learned policies with averaged returns 36.510060860558795 ...
[2] Finished: 42144/80000 Evaluate learned policies with averaged returns 33.35041605717201 ...
[1] Finished: 48672/80000 Evaluate learned policies with averaged returns 34.64593016474481 ...
[8] Finished: 48576/80000 Evaluate learned policies with averaged returns 36.510060860558795 ...
[4] Finished: 47520/80000 Evaluate learned policies with averaged returns 32.78179946893083 ...
[9] Finished: 48864/80000 Evaluate learned policies with averaged returns 36.510060860558795 ...
[2] Finished: 42240/80000 Evaluate learned policies with averaged returns 33.35041605717201 ...
[1] Finished: 48768/80000 Evaluate learned policies with averaged returns 32.781799468930835 ...
[8] Finished: 48672/80000 Evaluate learned policies with averaged returns 36.510060860558795 ...
[4] Finished: 47616/80000 Evaluate learned policies with averaged returns 32.78179946893083 ...
[9] Finished: 48960/80000 Evaluate learned policies with averaged returns 36.510060860558795 ...
[2] Finished: 42336/80000 Evaluate learned policies with averaged returns 33.35041605717201 ...
[1] Finished: 48864/80000 Evaluate learned policies with averaged returns 34.64593016474481 ...
[8] Finished: 48768/80000 Evaluate learned policies with averaged returns 34.64593016474481 ...
[4] Finished: 47712/80000 Evaluate learned policies with averaged returns 32.781799468930835 ...
[9] Finished: 49056/80000 Evaluate learned policies with averaged returns 36.510060860558795 ...
[1] Finished: 48960/80000 Evaluate learned policies with averaged returns 27.1894073814889 ...
[2] Finished: 42432/80000 Evaluate learned policies with averaged returns 33.35041605717201 ...
[8] Finished: 48864/80000 Evaluate learned policies with averaged returns 36.510060860558795 ...
[4] Finished: 47808/80000 Evaluate learned policies with averaged returns 25.32527668567492 ...
[9] Finished: 49152/80000 Evaluate learned policies with averaged returns 36.510060860558795 ...
[1] Finished: 49056/80000 Evaluate learned policies with averaged returns 29.053538077302875 ...
[8] Finished: 48960/80000 Evaluate learned policies with averaged returns 29.053538077302875 ...
[2] Finished: 42528/80000 Evaluate learned policies with averaged returns 33.35041605717201 ...
[4] Finished: 47904/80000 Evaluate learned policies with averaged returns 23.46114598986094 ...
[9] Finished: 49248/80000 Evaluate learned policies with averaged returns 36.510060860558795 ...
[1] Finished: 49152/80000 Evaluate learned policies with averaged returns 32.781799468930835 ...
[8] Finished: 49056/80000 Evaluate learned policies with averaged returns 30.91766877311685 ...
[2] Finished: 42624/80000 Evaluate learned policies with averaged returns 33.35041605717201 ...
[4] Finished: 48000/80000 Evaluate learned policies with averaged returns 23.46114598986094 ...
[9] Finished: 49344/80000 Evaluate learned policies with averaged returns 36.510060860558795 ...
[1] Finished: 49248/80000 Evaluate learned policies with averaged returns 34.64593016474481 ...
[8] Finished: 49152/80000 Evaluate learned policies with averaged returns 29.053538077302882 ...
[2] Finished: 42720/80000 Evaluate learned policies with averaged returns 33.35041605717201 ...
[4] Finished: 48096/80000 Evaluate learned policies with averaged returns 30.917668773116855 ...
[9] Finished: 49440/80000 Evaluate learned policies with averaged returns 36.510060860558795 ...
[1] Finished: 49344/80000 Evaluate learned policies with averaged returns 32.78179946893083 ...
[8] Finished: 49248/80000 Evaluate learned policies with averaged returns 30.917668773116855 ...
[4] Finished: 48192/80000 Evaluate learned policies with averaged returns 27.189407381488895 ...
[9] Finished: 49536/80000 Evaluate learned policies with averaged returns 36.510060860558795 ...
[2] Finished: 42816/80000 Evaluate learned policies with averaged returns 33.35041605717201 ...
[1] Finished: 49440/80000 Evaluate learned policies with averaged returns 30.917668773116855 ...
[8] Finished: 49344/80000 Evaluate learned policies with averaged returns 30.917668773116855 ...
[9] Finished: 49632/80000 Evaluate learned policies with averaged returns 36.510060860558795 ...
[4] Finished: 48288/80000 Evaluate learned policies with averaged returns 34.64593016474481 ...
[2] Finished: 42912/80000 Evaluate learned policies with averaged returns 33.35041605717201 ...
[1] Finished: 49536/80000 Evaluate learned policies with averaged returns 30.917668773116855 ...
[8] Finished: 49440/80000 Evaluate learned policies with averaged returns 36.510060860558795 ...
[9] Finished: 49728/80000 Evaluate learned policies with averaged returns 36.510060860558795 ...
[4] Finished: 48384/80000 Evaluate learned policies with averaged returns 36.510060860558795 ...
[2] Finished: 43008/80000 Evaluate learned policies with averaged returns 33.35041605717201 ...
[1] Finished: 49632/80000 Evaluate learned policies with averaged returns 32.78179946893083 ...
[8] Finished: 49536/80000 Evaluate learned policies with averaged returns 32.781799468930835 ...
[4] Finished: 48480/80000 Evaluate learned policies with averaged returns 30.917668773116855 ...
[9] Finished: 49824/80000 Evaluate learned policies with averaged returns 36.510060860558795 ...
[2] Finished: 43104/80000 Evaluate learned policies with averaged returns 33.35041605717201 ...
[1] Finished: 49728/80000 Evaluate learned policies with averaged returns 27.1894073814889 ...
[8] Finished: 49632/80000 Evaluate learned policies with averaged returns 30.917668773116855 ...
[4] Finished: 48576/80000 Evaluate learned policies with averaged returns 34.64593016474481 ...
[9] Finished: 49920/80000 Evaluate learned policies with averaged returns 36.510060860558795 ...
[1] Finished: 49824/80000 Evaluate learned policies with averaged returns 29.053538077302875 ...
[2] Finished: 43200/80000 Evaluate learned policies with averaged returns 33.35041605717201 ...
[8] Finished: 49728/80000 Evaluate learned policies with averaged returns 29.053538077302875 ...
[4] Finished: 48672/80000 Evaluate learned policies with averaged returns 34.64593016474481 ...
[9] Finished: 50016/80000 Evaluate learned policies with averaged returns 36.510060860558795 ...
[1] Finished: 49920/80000 Evaluate learned policies with averaged returns 30.917668773116855 ...
[4] Finished: 48768/80000 Evaluate learned policies with averaged returns 34.64593016474481 ...
[2] Finished: 43296/80000 Evaluate learned policies with averaged returns 33.35041605717201 ...
[8] Finished: 49824/80000 Evaluate learned policies with averaged returns 29.053538077302882 ...
[1] Finished: 50016/80000 Evaluate learned policies with averaged returns 32.781799468930835 ...
[9] Finished: 50112/80000 Evaluate learned policies with averaged returns 36.510060860558795 ...
[4] Finished: 48864/80000 Evaluate learned policies with averaged returns 32.781799468930835 ...
[8] Finished: 49920/80000 Evaluate learned policies with averaged returns 29.053538077302882 ...
[2] Finished: 43392/80000 Evaluate learned policies with averaged returns 33.35041605717201 ...
[1] Finished: 50112/80000 Evaluate learned policies with averaged returns 29.053538077302875 ...
[9] Finished: 50208/80000 Evaluate learned policies with averaged returns 36.510060860558795 ...
[4] Finished: 48960/80000 Evaluate learned policies with averaged returns 32.781799468930835 ...
[1] Finished: 50208/80000 Evaluate learned policies with averaged returns 32.78179946893083 ...
[8] Finished: 50016/80000 Evaluate learned policies with averaged returns 32.78179946893083 ...
[2] Finished: 43488/80000 Evaluate learned policies with averaged returns 33.35041605717201 ...
[4] Finished: 49056/80000 Evaluate learned policies with averaged returns 34.64593016474481 ...
[9] Finished: 50304/80000 Evaluate learned policies with averaged returns 36.510060860558795 ...
[1] Finished: 50304/80000 Evaluate learned policies with averaged returns 29.053538077302875 ...
[4] Finished: 49152/80000 Evaluate learned policies with averaged returns 32.781799468930835 ...
[8] Finished: 50112/80000 Evaluate learned policies with averaged returns 30.917668773116855 ...
[9] Finished: 50400/80000 Evaluate learned policies with averaged returns 36.510060860558795 ...
[2] Finished: 43584/80000 Evaluate learned policies with averaged returns 33.35041605717201 ...
[1] Finished: 50400/80000 Evaluate learned policies with averaged returns 30.917668773116855 ...
[4] Finished: 49248/80000 Evaluate learned policies with averaged returns 32.781799468930835 ...
[8] Finished: 50208/80000 Evaluate learned policies with averaged returns 32.78179946893083 ...
[9] Finished: 50496/80000 Evaluate learned policies with averaged returns 36.510060860558795 ...
[1] Finished: 50496/80000 Evaluate learned policies with averaged returns 32.781799468930835 ...
[2] Finished: 43680/80000 Evaluate learned policies with averaged returns 33.35041605717201 ...
[4] Finished: 49344/80000 Evaluate learned policies with averaged returns 36.510060860558795 ...
[8] Finished: 50304/80000 Evaluate learned policies with averaged returns 34.64593016474481 ...
[9] Finished: 50592/80000 Evaluate learned policies with averaged returns 36.510060860558795 ...
[1] Finished: 50592/80000 Evaluate learned policies with averaged returns 30.917668773116855 ...
[4] Finished: 49440/80000 Evaluate learned policies with averaged returns 36.510060860558795 ...
[2] Finished: 43776/80000 Evaluate learned policies with averaged returns 31.61292443163406 ...
[8] Finished: 50400/80000 Evaluate learned policies with averaged returns 27.189407381488895 ...
[9] Finished: 50688/80000 Evaluate learned policies with averaged returns 32.781799468930835 ...
[1] Finished: 50688/80000 Evaluate learned policies with averaged returns 30.917668773116855 ...
[4] Finished: 49536/80000 Evaluate learned policies with averaged returns 30.91766877311685 ...
[2] Finished: 43872/80000 Evaluate learned policies with averaged returns 33.35041605717201 ...
[8] Finished: 50496/80000 Evaluate learned policies with averaged returns 30.917668773116855 ...
[9] Finished: 50784/80000 Evaluate learned policies with averaged returns 36.510060860558795 ...
[4] Finished: 49632/80000 Evaluate learned policies with averaged returns 36.510060860558795 ...
[1] Finished: 50784/80000 Evaluate learned policies with averaged returns 32.78179946893083 ...
[2] Finished: 43968/80000 Evaluate learned policies with averaged returns 33.35041605717201 ...
[8] Finished: 50592/80000 Evaluate learned policies with averaged returns 30.917668773116855 ...
[9] Finished: 50880/80000 Evaluate learned policies with averaged returns 36.510060860558795 ...
[4] Finished: 49728/80000 Evaluate learned policies with averaged returns 34.64593016474481 ...
[1] Finished: 50880/80000 Evaluate learned policies with averaged returns 30.917668773116855 ...
[2] Finished: 44064/80000 Evaluate learned policies with averaged returns 33.35041605717201 ...
[9] Finished: 50976/80000 Evaluate learned policies with averaged returns 36.510060860558795 ...
[8] Finished: 50688/80000 Evaluate learned policies with averaged returns 36.510060860558795 ...
[4] Finished: 49824/80000 Evaluate learned policies with averaged returns 36.510060860558795 ...
[1] Finished: 50976/80000 Evaluate learned policies with averaged returns 32.781799468930835 ...
[9] Finished: 51072/80000 Evaluate learned policies with averaged returns 36.510060860558795 ...
[2] Finished: 44160/80000 Evaluate learned policies with averaged returns 31.61292443163406 ...
[8] Finished: 50784/80000 Evaluate learned policies with averaged returns 36.510060860558795 ...
[4] Finished: 49920/80000 Evaluate learned policies with averaged returns 32.78179946893083 ...
[1] Finished: 51072/80000 Evaluate learned policies with averaged returns 34.64593016474481 ...
[9] Finished: 51168/80000 Evaluate learned policies with averaged returns 36.510060860558795 ...
[8] Finished: 50880/80000 Evaluate learned policies with averaged returns 32.781799468930835 ...
[2] Finished: 44256/80000 Evaluate learned policies with averaged returns 31.61292443163406 ...
[4] Finished: 50016/80000 Evaluate learned policies with averaged returns 32.781799468930835 ...
[1] Finished: 51168/80000 Evaluate learned policies with averaged returns 34.64593016474481 ...
[9] Finished: 51264/80000 Evaluate learned policies with averaged returns 36.510060860558795 ...
[8] Finished: 50976/80000 Evaluate learned policies with averaged returns 34.64593016474481 ...
[4] Finished: 50112/80000 Evaluate learned policies with averaged returns 30.917668773116855 ...
[2] Finished: 44352/80000 Evaluate learned policies with averaged returns 31.61292443163406 ...
[1] Finished: 51264/80000 Evaluate learned policies with averaged returns 30.917668773116855 ...
[9] Finished: 51360/80000 Evaluate learned policies with averaged returns 36.510060860558795 ...
[8] Finished: 51072/80000 Evaluate learned policies with averaged returns 30.917668773116855 ...
[4] Finished: 50208/80000 Evaluate learned policies with averaged returns 25.325276685674915 ...
[2] Finished: 44448/80000 Evaluate learned policies with averaged returns 33.35041605717201 ...
[1] Finished: 51360/80000 Evaluate learned policies with averaged returns 34.64593016474481 ...
[9] Finished: 51456/80000 Evaluate learned policies with averaged returns 36.510060860558795 ...
[4] Finished: 50304/80000 Evaluate learned policies with averaged returns 23.46114598986094 ...
[8] Finished: 51168/80000 Evaluate learned policies with averaged returns 32.78179946893083 ...
[1] Finished: 51456/80000 Evaluate learned policies with averaged returns 36.510060860558795 ...
[2] Finished: 44544/80000 Evaluate learned policies with averaged returns 33.35041605717201 ...
[9] Finished: 51552/80000 Evaluate learned policies with averaged returns 36.510060860558795 ...
[8] Finished: 51264/80000 Evaluate learned policies with averaged returns 34.64593016474481 ...
[4] Finished: 50400/80000 Evaluate learned policies with averaged returns 17.868753902418998 ...
[1] Finished: 51552/80000 Evaluate learned policies with averaged returns 32.781799468930835 ...
[2] Finished: 44640/80000 Evaluate learned policies with averaged returns 31.61292443163406 ...
[9] Finished: 51648/80000 Evaluate learned policies with averaged returns 36.510060860558795 ...
[4] Finished: 50496/80000 Evaluate learned policies with averaged returns 19.732884598232978 ...
[8] Finished: 51360/80000 Evaluate learned policies with averaged returns 34.64593016474481 ...
[1] Finished: 51648/80000 Evaluate learned policies with averaged returns 32.781799468930835 ...
[2] Finished: 44736/80000 Evaluate learned policies with averaged returns 26.40044955502019 ...
[9] Finished: 51744/80000 Evaluate learned policies with averaged returns 36.510060860558795 ...
[8] Finished: 51456/80000 Evaluate learned policies with averaged returns 32.781799468930835 ...
[4] Finished: 50592/80000 Evaluate learned policies with averaged returns 32.781799468930835 ...
[1] Finished: 51744/80000 Evaluate learned policies with averaged returns 29.053538077302875 ...
[9] Finished: 51840/80000 Evaluate learned policies with averaged returns 36.510060860558795 ...
[2] Finished: 44832/80000 Evaluate learned policies with averaged returns 31.61292443163406 ...
[4] Finished: 50688/80000 Evaluate learned policies with averaged returns 34.64593016474481 ...
[8] Finished: 51552/80000 Evaluate learned policies with averaged returns 34.64593016474481 ...
[1] Finished: 51840/80000 Evaluate learned policies with averaged returns 29.053538077302875 ...
[9] Finished: 51936/80000 Evaluate learned policies with averaged returns 36.510060860558795 ...
[2] Finished: 44928/80000 Evaluate learned policies with averaged returns 28.137941180558148 ...
[4] Finished: 50784/80000 Evaluate learned policies with averaged returns 34.64593016474481 ...
[8] Finished: 51648/80000 Evaluate learned policies with averaged returns 30.917668773116855 ...
[1] Finished: 51936/80000 Evaluate learned policies with averaged returns 29.053538077302875 ...
[9] Finished: 52032/80000 Evaluate learned policies with averaged returns 36.510060860558795 ...
[2] Finished: 45024/80000 Evaluate learned policies with averaged returns 33.35041605717201 ...
[4] Finished: 50880/80000 Evaluate learned policies with averaged returns 34.64593016474481 ...
[8] Finished: 51744/80000 Evaluate learned policies with averaged returns 29.053538077302875 ...
[1] Finished: 52032/80000 Evaluate learned policies with averaged returns 27.1894073814889 ...
[9] Finished: 52128/80000 Evaluate learned policies with averaged returns 36.510060860558795 ...
[2] Finished: 45120/80000 Evaluate learned policies with averaged returns 33.35041605717201 ...
[4] Finished: 50976/80000 Evaluate learned policies with averaged returns 34.64593016474481 ...
[8] Finished: 51840/80000 Evaluate learned policies with averaged returns 34.64593016474481 ...
[1] Finished: 52128/80000 Evaluate learned policies with averaged returns 30.917668773116855 ...
[9] Finished: 52224/80000 Evaluate learned policies with averaged returns 36.510060860558795 ...
[4] Finished: 51072/80000 Evaluate learned policies with averaged returns 34.64593016474481 ...
[8] Finished: 51936/80000 Evaluate learned policies with averaged returns 34.64593016474481 ...
[2] Finished: 45216/80000 Evaluate learned policies with averaged returns 33.35041605717201 ...
[1] Finished: 52224/80000 Evaluate learned policies with averaged returns 34.64593016474481 ...
[9] Finished: 52320/80000 Evaluate learned policies with averaged returns 36.510060860558795 ...
[8] Finished: 52032/80000 Evaluate learned policies with averaged returns 34.64593016474481 ...
[4] Finished: 51168/80000 Evaluate learned policies with averaged returns 36.510060860558795 ...
[2] Finished: 45312/80000 Evaluate learned policies with averaged returns 33.35041605717201 ...
[1] Finished: 52320/80000 Evaluate learned policies with averaged returns 36.510060860558795 ...
[9] Finished: 52416/80000 Evaluate learned policies with averaged returns 36.510060860558795 ...
[8] Finished: 52128/80000 Evaluate learned policies with averaged returns 29.053538077302875 ...
[4] Finished: 51264/80000 Evaluate learned policies with averaged returns 34.64593016474481 ...
[1] Finished: 52416/80000 Evaluate learned policies with averaged returns 36.510060860558795 ...
[2] Finished: 45408/80000 Evaluate learned policies with averaged returns 33.35041605717201 ...
[9] Finished: 52512/80000 Evaluate learned policies with averaged returns 36.510060860558795 ...
[4] Finished: 51360/80000 Evaluate learned policies with averaged returns 32.781799468930835 ...
[8] Finished: 52224/80000 Evaluate learned policies with averaged returns 29.053538077302875 ...
[1] Finished: 52512/80000 Evaluate learned policies with averaged returns 30.917668773116855 ...
[9] Finished: 52608/80000 Evaluate learned policies with averaged returns 36.510060860558795 ...
[2] Finished: 45504/80000 Evaluate learned policies with averaged returns 31.61292443163406 ...
[4] Finished: 51456/80000 Evaluate learned policies with averaged returns 34.64593016474481 ...
[8] Finished: 52320/80000 Evaluate learned policies with averaged returns 32.78179946893083 ...
[1] Finished: 52608/80000 Evaluate learned policies with averaged returns 30.917668773116855 ...
[9] Finished: 52704/80000 Evaluate learned policies with averaged returns 36.510060860558795 ...
[2] Finished: 45600/80000 Evaluate learned policies with averaged returns 33.35041605717201 ...
[4] Finished: 51552/80000 Evaluate learned policies with averaged returns 36.510060860558795 ...
[8] Finished: 52416/80000 Evaluate learned policies with averaged returns 25.325276685674915 ...
[1] Finished: 52704/80000 Evaluate learned policies with averaged returns 34.64593016474481 ...
[9] Finished: 52800/80000 Evaluate learned policies with averaged returns 36.510060860558795 ...
[2] Finished: 45696/80000 Evaluate learned policies with averaged returns 29.875432806096104 ...
[4] Finished: 51648/80000 Evaluate learned policies with averaged returns 34.64593016474481 ...
[8] Finished: 52512/80000 Evaluate learned policies with averaged returns 32.781799468930835 ...
[1] Finished: 52800/80000 Evaluate learned policies with averaged returns 32.781799468930835 ...
[9] Finished: 52896/80000 Evaluate learned policies with averaged returns 36.510060860558795 ...
[2] Finished: 45792/80000 Evaluate learned policies with averaged returns 33.35041605717201 ...
[4] Finished: 51744/80000 Evaluate learned policies with averaged returns 30.917668773116855 ...
[1] Finished: 52896/80000 Evaluate learned policies with averaged returns 30.917668773116855 ...
[8] Finished: 52608/80000 Evaluate learned policies with averaged returns 34.64593016474481 ...
[9] Finished: 52992/80000 Evaluate learned policies with averaged returns 36.510060860558795 ...
[2] Finished: 45888/80000 Evaluate learned policies with averaged returns 29.875432806096104 ...
[4] Finished: 51840/80000 Evaluate learned policies with averaged returns 30.917668773116855 ...
[8] Finished: 52704/80000 Evaluate learned policies with averaged returns 30.917668773116855 ...
[1] Finished: 52992/80000 Evaluate learned policies with averaged returns 34.64593016474481 ...
[9] Finished: 53088/80000 Evaluate learned policies with averaged returns 36.510060860558795 ...
[4] Finished: 51936/80000 Evaluate learned policies with averaged returns 32.781799468930835 ...
[2] Finished: 45984/80000 Evaluate learned policies with averaged returns 31.61292443163406 ...
[8] Finished: 52800/80000 Evaluate learned policies with averaged returns 25.32527668567492 ...
[1] Finished: 53088/80000 Evaluate learned policies with averaged returns 32.78179946893083 ...
[9] Finished: 53184/80000 Evaluate learned policies with averaged returns 36.510060860558795 ...
[4] Finished: 52032/80000 Evaluate learned policies with averaged returns 32.78179946893083 ...
[2] Finished: 46080/80000 Evaluate learned policies with averaged returns 31.61292443163406 ...
[1] Finished: 53184/80000 Evaluate learned policies with averaged returns 27.189407381488895 ...
[8] Finished: 52896/80000 Evaluate learned policies with averaged returns 32.781799468930835 ...
[9] Finished: 53280/80000 Evaluate learned policies with averaged returns 36.510060860558795 ...
[4] Finished: 52128/80000 Evaluate learned policies with averaged returns 34.64593016474481 ...
[2] Finished: 46176/80000 Evaluate learned policies with averaged returns 28.13794118055814 ...
[8] Finished: 52992/80000 Evaluate learned policies with averaged returns 30.917668773116855 ...
[1] Finished: 53280/80000 Evaluate learned policies with averaged returns 32.781799468930835 ...
[9] Finished: 53376/80000 Evaluate learned policies with averaged returns 36.510060860558795 ...
[4] Finished: 52224/80000 Evaluate learned policies with averaged returns 36.510060860558795 ...
[2] Finished: 46272/80000 Evaluate learned policies with averaged returns 29.875432806096104 ...
[1] Finished: 53376/80000 Evaluate learned policies with averaged returns 36.510060860558795 ...
[8] Finished: 53088/80000 Evaluate learned policies with averaged returns 29.053538077302875 ...
[9] Finished: 53472/80000 Evaluate learned policies with averaged returns 36.510060860558795 ...
[4] Finished: 52320/80000 Evaluate learned policies with averaged returns 34.64593016474481 ...
[2] Finished: 46368/80000 Evaluate learned policies with averaged returns 31.61292443163406 ...
[1] Finished: 53472/80000 Evaluate learned policies with averaged returns 32.781799468930835 ...
[8] Finished: 53184/80000 Evaluate learned policies with averaged returns 34.64593016474481 ...
[9] Finished: 53568/80000 Evaluate learned policies with averaged returns 36.510060860558795 ...
[4] Finished: 52416/80000 Evaluate learned policies with averaged returns 32.78179946893083 ...
[1] Finished: 53568/80000 Evaluate learned policies with averaged returns 34.64593016474481 ...
[8] Finished: 53280/80000 Evaluate learned policies with averaged returns 30.917668773116855 ...
[2] Finished: 46464/80000 Evaluate learned policies with averaged returns 31.61292443163406 ...
[9] Finished: 53664/80000 Evaluate learned policies with averaged returns 36.510060860558795 ...
[4] Finished: 52512/80000 Evaluate learned policies with averaged returns 34.64593016474481 ...
[1] Finished: 53664/80000 Evaluate learned policies with averaged returns 34.64593016474481 ...
[8] Finished: 53376/80000 Evaluate learned policies with averaged returns 27.189407381488895 ...
[9] Finished: 53760/80000 Evaluate learned policies with averaged returns 36.510060860558795 ...
[2] Finished: 46560/80000 Evaluate learned policies with averaged returns 31.61292443163406 ...
[4] Finished: 52608/80000 Evaluate learned policies with averaged returns 30.917668773116855 ...
[1] Finished: 53760/80000 Evaluate learned policies with averaged returns 30.917668773116855 ...
[8] Finished: 53472/80000 Evaluate learned policies with averaged returns 29.053538077302875 ...
[9] Finished: 53856/80000 Evaluate learned policies with averaged returns 36.510060860558795 ...
[4] Finished: 52704/80000 Evaluate learned policies with averaged returns 29.053538077302875 ...
[2] Finished: 46656/80000 Evaluate learned policies with averaged returns 33.35041605717201 ...
[1] Finished: 53856/80000 Evaluate learned policies with averaged returns 36.510060860558795 ...
[8] Finished: 53568/80000 Evaluate learned policies with averaged returns 34.64593016474481 ...
[9] Finished: 53952/80000 Evaluate learned policies with averaged returns 36.510060860558795 ...
[4] Finished: 52800/80000 Evaluate learned policies with averaged returns 32.781799468930835 ...
[2] Finished: 46752/80000 Evaluate learned policies with averaged returns 31.61292443163406 ...
[1] Finished: 53952/80000 Evaluate learned policies with averaged returns 34.64593016474481 ...
[9] Finished: 54048/80000 Evaluate learned policies with averaged returns 36.510060860558795 ...
[8] Finished: 53664/80000 Evaluate learned policies with averaged returns 32.78179946893083 ...
[4] Finished: 52896/80000 Evaluate learned policies with averaged returns 30.917668773116855 ...
[2] Finished: 46848/80000 Evaluate learned policies with averaged returns 29.875432806096104 ...
[1] Finished: 54048/80000 Evaluate learned policies with averaged returns 36.510060860558795 ...
[9] Finished: 54144/80000 Evaluate learned policies with averaged returns 36.510060860558795 ...
[8] Finished: 53760/80000 Evaluate learned policies with averaged returns 34.64593016474481 ...
[4] Finished: 52992/80000 Evaluate learned policies with averaged returns 32.781799468930835 ...
[2] Finished: 46944/80000 Evaluate learned policies with averaged returns 33.35041605717201 ...
[1] Finished: 54144/80000 Evaluate learned policies with averaged returns 32.781799468930835 ...
[9] Finished: 54240/80000 Evaluate learned policies with averaged returns 36.510060860558795 ...
[8] Finished: 53856/80000 Evaluate learned policies with averaged returns 30.91766877311685 ...
[4] Finished: 53088/80000 Evaluate learned policies with averaged returns 32.781799468930835 ...
[1] Finished: 54240/80000 Evaluate learned policies with averaged returns 36.510060860558795 ...
[9] Finished: 54336/80000 Evaluate learned policies with averaged returns 36.510060860558795 ...
[2] Finished: 47040/80000 Evaluate learned policies with averaged returns 31.61292443163406 ...
[4] Finished: 53184/80000 Evaluate learned policies with averaged returns 34.64593016474481 ...
[8] Finished: 53952/80000 Evaluate learned policies with averaged returns 32.78179946893083 ...
[1] Finished: 54336/80000 Evaluate learned policies with averaged returns 34.64593016474481 ...
[9] Finished: 54432/80000 Evaluate learned policies with averaged returns 36.510060860558795 ...
[2] Finished: 47136/80000 Evaluate learned policies with averaged returns 33.35041605717201 ...
[4] Finished: 53280/80000 Evaluate learned policies with averaged returns 32.781799468930835 ...
[8] Finished: 54048/80000 Evaluate learned policies with averaged returns 32.781799468930835 ...
[9] Finished: 54528/80000 Evaluate learned policies with averaged returns 36.510060860558795 ...
[1] Finished: 54432/80000 Evaluate learned policies with averaged returns 29.053538077302875 ...
[4] Finished: 53376/80000 Evaluate learned policies with averaged returns 30.917668773116855 ...
[8] Finished: 54144/80000 Evaluate learned policies with averaged returns 34.64593016474481 ...
[2] Finished: 47232/80000 Evaluate learned policies with averaged returns 33.35041605717201 ...
[1] Finished: 54528/80000 Evaluate learned policies with averaged returns 30.91766877311685 ...
[9] Finished: 54624/80000 Evaluate learned policies with averaged returns 36.510060860558795 ...
[4] Finished: 53472/80000 Evaluate learned policies with averaged returns 32.781799468930835 ...
[8] Finished: 54240/80000 Evaluate learned policies with averaged returns 29.053538077302882 ...
[2] Finished: 47328/80000 Evaluate learned policies with averaged returns 33.35041605717201 ...
[1] Finished: 54624/80000 Evaluate learned policies with averaged returns 27.189407381488895 ...
[9] Finished: 54720/80000 Evaluate learned policies with averaged returns 36.510060860558795 ...
[4] Finished: 53568/80000 Evaluate learned policies with averaged returns 34.64593016474481 ...
[8] Finished: 54336/80000 Evaluate learned policies with averaged returns 27.1894073814889 ...
[2] Finished: 47424/80000 Evaluate learned policies with averaged returns 33.35041605717201 ...
[1] Finished: 54720/80000 Evaluate learned policies with averaged returns 30.917668773116855 ...
[9] Finished: 54816/80000 Evaluate learned policies with averaged returns 36.510060860558795 ...
[4] Finished: 53664/80000 Evaluate learned policies with averaged returns 30.917668773116855 ...
[8] Finished: 54432/80000 Evaluate learned policies with averaged returns 32.781799468930835 ...
[1] Finished: 54816/80000 Evaluate learned policies with averaged returns 29.053538077302875 ...
[2] Finished: 47520/80000 Evaluate learned policies with averaged returns 33.35041605717201 ...
[4] Finished: 53760/80000 Evaluate learned policies with averaged returns 34.64593016474481 ...
[9] Finished: 54912/80000 Evaluate learned policies with averaged returns 36.510060860558795 ...
[8] Finished: 54528/80000 Evaluate learned policies with averaged returns 30.917668773116855 ...
[1] Finished: 54912/80000 Evaluate learned policies with averaged returns 27.189407381488895 ...
[9] Finished: 55008/80000 Evaluate learned policies with averaged returns 36.510060860558795 ...
[2] Finished: 47616/80000 Evaluate learned policies with averaged returns 33.35041605717201 ...
[4] Finished: 53856/80000 Evaluate learned policies with averaged returns 34.64593016474481 ...
[8] Finished: 54624/80000 Evaluate learned policies with averaged returns 30.917668773116855 ...
[1] Finished: 55008/80000 Evaluate learned policies with averaged returns 32.78179946893083 ...
[9] Finished: 55104/80000 Evaluate learned policies with averaged returns 36.510060860558795 ...
[4] Finished: 53952/80000 Evaluate learned policies with averaged returns 30.917668773116855 ...
[2] Finished: 47712/80000 Evaluate learned policies with averaged returns 33.35041605717201 ...
[8] Finished: 54720/80000 Evaluate learned policies with averaged returns 32.781799468930835 ...
[1] Finished: 55104/80000 Evaluate learned policies with averaged returns 34.64593016474481 ...
[4] Finished: 54048/80000 Evaluate learned policies with averaged returns 29.053538077302875 ...
[9] Finished: 55200/80000 Evaluate learned policies with averaged returns 36.510060860558795 ...
[2] Finished: 47808/80000 Evaluate learned policies with averaged returns 33.35041605717201 ...
[8] Finished: 54816/80000 Evaluate learned policies with averaged returns 29.053538077302882 ...
[1] Finished: 55200/80000 Evaluate learned policies with averaged returns 30.917668773116855 ...
[4] Finished: 54144/80000 Evaluate learned policies with averaged returns 32.78179946893083 ...
[9] Finished: 55296/80000 Evaluate learned policies with averaged returns 36.510060860558795 ...
[2] Finished: 47904/80000 Evaluate learned policies with averaged returns 33.35041605717201 ...
[8] Finished: 54912/80000 Evaluate learned policies with averaged returns 34.64593016474481 ...
[1] Finished: 55296/80000 Evaluate learned policies with averaged returns 34.64593016474481 ...
[4] Finished: 54240/80000 Evaluate learned policies with averaged returns 32.781799468930835 ...
[9] Finished: 55392/80000 Evaluate learned policies with averaged returns 36.510060860558795 ...
[2] Finished: 48000/80000 Evaluate learned policies with averaged returns 31.61292443163406 ...
[8] Finished: 55008/80000 Evaluate learned policies with averaged returns 30.917668773116855 ...
[1] Finished: 55392/80000 Evaluate learned policies with averaged returns 30.917668773116855 ...
[4] Finished: 54336/80000 Evaluate learned policies with averaged returns 32.781799468930835 ...
[9] Finished: 55488/80000 Evaluate learned policies with averaged returns 36.510060860558795 ...
[2] Finished: 48096/80000 Evaluate learned policies with averaged returns 31.61292443163406 ...
[8] Finished: 55104/80000 Evaluate learned policies with averaged returns 32.781799468930835 ...
[1] Finished: 55488/80000 Evaluate learned policies with averaged returns 30.917668773116855 ...
[4] Finished: 54432/80000 Evaluate learned policies with averaged returns 30.917668773116855 ...
[9] Finished: 55584/80000 Evaluate learned policies with averaged returns 36.510060860558795 ...
[8] Finished: 55200/80000 Evaluate learned policies with averaged returns 32.78179946893083 ...
[2] Finished: 48192/80000 Evaluate learned policies with averaged returns 29.875432806096104 ...
[1] Finished: 55584/80000 Evaluate learned policies with averaged returns 34.64593016474481 ...
[4] Finished: 54528/80000 Evaluate learned policies with averaged returns 32.781799468930835 ...
[9] Finished: 55680/80000 Evaluate learned policies with averaged returns 36.510060860558795 ...
[8] Finished: 55296/80000 Evaluate learned policies with averaged returns 36.510060860558795 ...
[2] Finished: 48288/80000 Evaluate learned policies with averaged returns 31.61292443163406 ...
[1] Finished: 55680/80000 Evaluate learned policies with averaged returns 32.781799468930835 ...
[4] Finished: 54624/80000 Evaluate learned policies with averaged returns 30.917668773116855 ...
[9] Finished: 55776/80000 Evaluate learned policies with averaged returns 36.510060860558795 ...
[8] Finished: 55392/80000 Evaluate learned policies with averaged returns 27.189407381488895 ...
[2] Finished: 48384/80000 Evaluate learned policies with averaged returns 33.35041605717201 ...
[1] Finished: 55776/80000 Evaluate learned policies with averaged returns 32.781799468930835 ...
[4] Finished: 54720/80000 Evaluate learned policies with averaged returns 29.053538077302875 ...
[9] Finished: 55872/80000 Evaluate learned policies with averaged returns 36.510060860558795 ...
[8] Finished: 55488/80000 Evaluate learned policies with averaged returns 23.46114598986094 ...
[1] Finished: 55872/80000 Evaluate learned policies with averaged returns 25.325276685674915 ...
[2] Finished: 48480/80000 Evaluate learned policies with averaged returns 29.875432806096104 ...
[4] Finished: 54816/80000 Evaluate learned policies with averaged returns 34.64593016474481 ...
[9] Finished: 55968/80000 Evaluate learned policies with averaged returns 36.510060860558795 ...
[8] Finished: 55584/80000 Evaluate learned policies with averaged returns 21.597015294046958 ...
[1] Finished: 55968/80000 Evaluate learned policies with averaged returns 30.917668773116855 ...
[4] Finished: 54912/80000 Evaluate learned policies with averaged returns 36.510060860558795 ...
[2] Finished: 48576/80000 Evaluate learned policies with averaged returns 29.875432806096104 ...
[9] Finished: 56064/80000 Evaluate learned policies with averaged returns 36.510060860558795 ...
[1] Finished: 56064/80000 Evaluate learned policies with averaged returns 29.053538077302875 ...
[8] Finished: 55680/80000 Evaluate learned policies with averaged returns 17.868753902418998 ...
[4] Finished: 55008/80000 Evaluate learned policies with averaged returns 32.78179946893083 ...
[2] Finished: 48672/80000 Evaluate learned policies with averaged returns 28.137941180558148 ...
[9] Finished: 56160/80000 Evaluate learned policies with averaged returns 36.510060860558795 ...
[1] Finished: 56160/80000 Evaluate learned policies with averaged returns 29.053538077302882 ...
[8] Finished: 55776/80000 Evaluate learned policies with averaged returns 19.732884598232978 ...
[4] Finished: 55104/80000 Evaluate learned policies with averaged returns 27.1894073814889 ...
[9] Finished: 56256/80000 Evaluate learned policies with averaged returns 36.510060860558795 ...
[2] Finished: 48768/80000 Evaluate learned policies with averaged returns 26.40044955502019 ...
[1] Finished: 56256/80000 Evaluate learned policies with averaged returns 27.1894073814889 ...
[4] Finished: 55200/80000 Evaluate learned policies with averaged returns 29.053538077302875 ...
[8] Finished: 55872/80000 Evaluate learned policies with averaged returns 34.64593016474481 ...
[9] Finished: 56352/80000 Evaluate learned policies with averaged returns 36.510060860558795 ...
[2] Finished: 48864/80000 Evaluate learned policies with averaged returns 31.61292443163406 ...
[1] Finished: 56352/80000 Evaluate learned policies with averaged returns 32.781799468930835 ...
[4] Finished: 55296/80000 Evaluate learned policies with averaged returns 25.32527668567492 ...
[8] Finished: 55968/80000 Evaluate learned policies with averaged returns 25.32527668567492 ...
[9] Finished: 56448/80000 Evaluate learned policies with averaged returns 36.510060860558795 ...
[2] Finished: 48960/80000 Evaluate learned policies with averaged returns 33.35041605717201 ...
[4] Finished: 55392/80000 Evaluate learned policies with averaged returns 30.917668773116855 ...
[1] Finished: 56448/80000 Evaluate learned policies with averaged returns 32.781799468930835 ...
[8] Finished: 56064/80000 Evaluate learned policies with averaged returns 34.64593016474481 ...
[9] Finished: 56544/80000 Evaluate learned policies with averaged returns 36.510060860558795 ...
[2] Finished: 49056/80000 Evaluate learned policies with averaged returns 31.61292443163406 ...
[1] Finished: 56544/80000 Evaluate learned policies with averaged returns 36.510060860558795 ...
[4] Finished: 55488/80000 Evaluate learned policies with averaged returns 34.64593016474481 ...
[8] Finished: 56160/80000 Evaluate learned policies with averaged returns 29.053538077302875 ...
[9] Finished: 56640/80000 Evaluate learned policies with averaged returns 36.510060860558795 ...
[2] Finished: 49152/80000 Evaluate learned policies with averaged returns 33.35041605717201 ...
[1] Finished: 56640/80000 Evaluate learned policies with averaged returns 32.781799468930835 ...
[4] Finished: 55584/80000 Evaluate learned policies with averaged returns 29.053538077302875 ...
[8] Finished: 56256/80000 Evaluate learned policies with averaged returns 34.64593016474481 ...
[9] Finished: 56736/80000 Evaluate learned policies with averaged returns 36.510060860558795 ...
[1] Finished: 56736/80000 Evaluate learned policies with averaged returns 29.053538077302875 ...
[4] Finished: 55680/80000 Evaluate learned policies with averaged returns 32.781799468930835 ...
[8] Finished: 56352/80000 Evaluate learned policies with averaged returns 32.781799468930835 ...
[2] Finished: 49248/80000 Evaluate learned policies with averaged returns 33.35041605717201 ...
[9] Finished: 56832/80000 Evaluate learned policies with averaged returns 36.510060860558795 ...
[4] Finished: 55776/80000 Evaluate learned policies with averaged returns 30.91766877311685 ...
[8] Finished: 56448/80000 Evaluate learned policies with averaged returns 32.781799468930835 ...
[1] Finished: 56832/80000 Evaluate learned policies with averaged returns 34.64593016474481 ...
[9] Finished: 56928/80000 Evaluate learned policies with averaged returns 36.510060860558795 ...
[2] Finished: 49344/80000 Evaluate learned policies with averaged returns 33.35041605717201 ...
[4] Finished: 55872/80000 Evaluate learned policies with averaged returns 32.781799468930835 ...
[8] Finished: 56544/80000 Evaluate learned policies with averaged returns 34.64593016474481 ...
[1] Finished: 56928/80000 Evaluate learned policies with averaged returns 32.781799468930835 ...
[9] Finished: 57024/80000 Evaluate learned policies with averaged returns 36.510060860558795 ...
[2] Finished: 49440/80000 Evaluate learned policies with averaged returns 31.61292443163406 ...
[4] Finished: 55968/80000 Evaluate learned policies with averaged returns 32.78179946893083 ...
[1] Finished: 57024/80000 Evaluate learned policies with averaged returns 29.053538077302875 ...
[8] Finished: 56640/80000 Evaluate learned policies with averaged returns 36.510060860558795 ...
[9] Finished: 57120/80000 Evaluate learned policies with averaged returns 36.510060860558795 ...
[2] Finished: 49536/80000 Evaluate learned policies with averaged returns 33.35041605717201 ...
[4] Finished: 56064/80000 Evaluate learned policies with averaged returns 34.64593016474481 ...
[8] Finished: 56736/80000 Evaluate learned policies with averaged returns 27.1894073814889 ...
[1] Finished: 57120/80000 Evaluate learned policies with averaged returns 30.917668773116855 ...
[9] Finished: 57216/80000 Evaluate learned policies with averaged returns 36.510060860558795 ...
[2] Finished: 49632/80000 Evaluate learned policies with averaged returns 33.35041605717201 ...
[4] Finished: 56160/80000 Evaluate learned policies with averaged returns 36.510060860558795 ...
[1] Finished: 57216/80000 Evaluate learned policies with averaged returns 32.781799468930835 ...
[8] Finished: 56832/80000 Evaluate learned policies with averaged returns 30.917668773116855 ...
[9] Finished: 57312/80000 Evaluate learned policies with averaged returns 36.510060860558795 ...
[2] Finished: 49728/80000 Evaluate learned policies with averaged returns 31.61292443163406 ...
[4] Finished: 56256/80000 Evaluate learned policies with averaged returns 36.510060860558795 ...
[1] Finished: 57312/80000 Evaluate learned policies with averaged returns 36.510060860558795 ...
[8] Finished: 56928/80000 Evaluate learned policies with averaged returns 32.781799468930835 ...
[9] Finished: 57408/80000 Evaluate learned policies with averaged returns 36.510060860558795 ...
[4] Finished: 56352/80000 Evaluate learned policies with averaged returns 34.64593016474481 ...
[2] Finished: 49824/80000 Evaluate learned policies with averaged returns 33.35041605717201 ...
[1] Finished: 57408/80000 Evaluate learned policies with averaged returns 29.053538077302882 ...
[8] Finished: 57024/80000 Evaluate learned policies with averaged returns 34.64593016474481 ...
[9] Finished: 57504/80000 Evaluate learned policies with averaged returns 36.510060860558795 ...
[4] Finished: 56448/80000 Evaluate learned policies with averaged returns 30.917668773116855 ...
[2] Finished: 49920/80000 Evaluate learned policies with averaged returns 31.61292443163406 ...
[1] Finished: 57504/80000 Evaluate learned policies with averaged returns 30.917668773116855 ...
[8] Finished: 57120/80000 Evaluate learned policies with averaged returns 29.053538077302875 ...
[9] Finished: 57600/80000 Evaluate learned policies with averaged returns 32.78179946893083 ...
[4] Finished: 56544/80000 Evaluate learned policies with averaged returns 34.64593016474481 ...
[1] Finished: 57600/80000 Evaluate learned policies with averaged returns 29.053538077302875 ...
[2] Finished: 50016/80000 Evaluate learned policies with averaged returns 33.35041605717201 ...
[8] Finished: 57216/80000 Evaluate learned policies with averaged returns 29.053538077302875 ...
[9] Finished: 57696/80000 Evaluate learned policies with averaged returns 36.510060860558795 ...
[4] Finished: 56640/80000 Evaluate learned policies with averaged returns 36.510060860558795 ...
[8] Finished: 57312/80000 Evaluate learned policies with averaged returns 30.917668773116855 ...
[1] Finished: 57696/80000 Evaluate learned policies with averaged returns 32.781799468930835 ...
[9] Finished: 57792/80000 Evaluate learned policies with averaged returns 36.510060860558795 ...
[2] Finished: 50112/80000 Evaluate learned policies with averaged returns 33.35041605717201 ...
[4] Finished: 56736/80000 Evaluate learned policies with averaged returns 32.781799468930835 ...
[8] Finished: 57408/80000 Evaluate learned policies with averaged returns 32.78179946893083 ...
[1] Finished: 57792/80000 Evaluate learned policies with averaged returns 29.053538077302875 ...
[9] Finished: 57888/80000 Evaluate learned policies with averaged returns 36.510060860558795 ...
[2] Finished: 50208/80000 Evaluate learned policies with averaged returns 31.61292443163406 ...
[4] Finished: 56832/80000 Evaluate learned policies with averaged returns 32.781799468930835 ...
[8] Finished: 57504/80000 Evaluate learned policies with averaged returns 29.053538077302875 ...
[1] Finished: 57888/80000 Evaluate learned policies with averaged returns 34.64593016474481 ...
[9] Finished: 57984/80000 Evaluate learned policies with averaged returns 36.510060860558795 ...
[2] Finished: 50304/80000 Evaluate learned policies with averaged returns 31.61292443163406 ...
[4] Finished: 56928/80000 Evaluate learned policies with averaged returns 34.64593016474481 ...
[8] Finished: 57600/80000 Evaluate learned policies with averaged returns 30.917668773116855 ...
[1] Finished: 57984/80000 Evaluate learned policies with averaged returns 30.917668773116855 ...
[9] Finished: 58080/80000 Evaluate learned policies with averaged returns 36.510060860558795 ...
[2] Finished: 50400/80000 Evaluate learned policies with averaged returns 33.35041605717201 ...
[4] Finished: 57024/80000 Evaluate learned policies with averaged returns 36.510060860558795 ...
[8] Finished: 57696/80000 Evaluate learned policies with averaged returns 34.64593016474481 ...
[1] Finished: 58080/80000 Evaluate learned policies with averaged returns 36.510060860558795 ...
[9] Finished: 58176/80000 Evaluate learned policies with averaged returns 36.510060860558795 ...
[2] Finished: 50496/80000 Evaluate learned policies with averaged returns 28.13794118055814 ...
[8] Finished: 57792/80000 Evaluate learned policies with averaged returns 29.053538077302875 ...
[4] Finished: 57120/80000 Evaluate learned policies with averaged returns 30.91766877311685 ...
[1] Finished: 58176/80000 Evaluate learned policies with averaged returns 32.78179946893083 ...
[9] Finished: 58272/80000 Evaluate learned policies with averaged returns 36.510060860558795 ...
[2] Finished: 50592/80000 Evaluate learned policies with averaged returns 33.35041605717201 ...
[8] Finished: 57888/80000 Evaluate learned policies with averaged returns 34.64593016474481 ...
[4] Finished: 57216/80000 Evaluate learned policies with averaged returns 34.64593016474481 ...
[1] Finished: 58272/80000 Evaluate learned policies with averaged returns 27.189407381488895 ...
[9] Finished: 58368/80000 Evaluate learned policies with averaged returns 36.510060860558795 ...
[8] Finished: 57984/80000 Evaluate learned policies with averaged returns 32.78179946893083 ...
[2] Finished: 50688/80000 Evaluate learned policies with averaged returns 33.35041605717201 ...
[4] Finished: 57312/80000 Evaluate learned policies with averaged returns 34.64593016474481 ...
[1] Finished: 58368/80000 Evaluate learned policies with averaged returns 32.78179946893083 ...
[9] Finished: 58464/80000 Evaluate learned policies with averaged returns 36.510060860558795 ...
[8] Finished: 58080/80000 Evaluate learned policies with averaged returns 30.91766877311685 ...
[2] Finished: 50784/80000 Evaluate learned policies with averaged returns 33.35041605717201 ...
[4] Finished: 57408/80000 Evaluate learned policies with averaged returns 30.917668773116855 ...
[1] Finished: 58464/80000 Evaluate learned policies with averaged returns 30.917668773116855 ...
[9] Finished: 58560/80000 Evaluate learned policies with averaged returns 36.510060860558795 ...
[8] Finished: 58176/80000 Evaluate learned policies with averaged returns 29.053538077302875 ...
[4] Finished: 57504/80000 Evaluate learned policies with averaged returns 30.917668773116855 ...
[2] Finished: 50880/80000 Evaluate learned policies with averaged returns 31.61292443163406 ...
[1] Finished: 58560/80000 Evaluate learned policies with averaged returns 30.917668773116855 ...
[9] Finished: 58656/80000 Evaluate learned policies with averaged returns 36.510060860558795 ...
[8] Finished: 58272/80000 Evaluate learned policies with averaged returns 32.781799468930835 ...
[4] Finished: 57600/80000 Evaluate learned policies with averaged returns 34.64593016474481 ...
[2] Finished: 50976/80000 Evaluate learned policies with averaged returns 33.35041605717201 ...
[9] Finished: 58752/80000 Evaluate learned policies with averaged returns 36.510060860558795 ...
[1] Finished: 58656/80000 Evaluate learned policies with averaged returns 32.781799468930835 ...
[8] Finished: 58368/80000 Evaluate learned policies with averaged returns 32.781799468930835 ...
[4] Finished: 57696/80000 Evaluate learned policies with averaged returns 32.781799468930835 ...
[2] Finished: 51072/80000 Evaluate learned policies with averaged returns 33.35041605717201 ...
[9] Finished: 58848/80000 Evaluate learned policies with averaged returns 36.510060860558795 ...
[8] Finished: 58464/80000 Evaluate learned policies with averaged returns 36.510060860558795 ...
[1] Finished: 58752/80000 Evaluate learned policies with averaged returns 32.781799468930835 ...
[4] Finished: 57792/80000 Evaluate learned policies with averaged returns 32.78179946893083 ...
[9] Finished: 58944/80000 Evaluate learned policies with averaged returns 36.510060860558795 ...
[2] Finished: 51168/80000 Evaluate learned policies with averaged returns 33.35041605717201 ...
[8] Finished: 58560/80000 Evaluate learned policies with averaged returns 25.32527668567492 ...
[1] Finished: 58848/80000 Evaluate learned policies with averaged returns 32.78179946893083 ...
[4] Finished: 57888/80000 Evaluate learned policies with averaged returns 34.64593016474481 ...
[9] Finished: 59040/80000 Evaluate learned policies with averaged returns 36.510060860558795 ...
[1] Finished: 58944/80000 Evaluate learned policies with averaged returns 32.781799468930835 ...
[8] Finished: 58656/80000 Evaluate learned policies with averaged returns 30.917668773116855 ...
[2] Finished: 51264/80000 Evaluate learned policies with averaged returns 31.61292443163406 ...
[4] Finished: 57984/80000 Evaluate learned policies with averaged returns 32.78179946893083 ...
[9] Finished: 59136/80000 Evaluate learned policies with averaged returns 36.510060860558795 ...
[1] Finished: 59040/80000 Evaluate learned policies with averaged returns 29.053538077302875 ...
[8] Finished: 58752/80000 Evaluate learned policies with averaged returns 30.917668773116855 ...
[2] Finished: 51360/80000 Evaluate learned policies with averaged returns 33.35041605717201 ...
[4] Finished: 58080/80000 Evaluate learned policies with averaged returns 36.510060860558795 ...
[9] Finished: 59232/80000 Evaluate learned policies with averaged returns 36.510060860558795 ...
[8] Finished: 58848/80000 Evaluate learned policies with averaged returns 27.1894073814889 ...
[1] Finished: 59136/80000 Evaluate learned policies with averaged returns 29.053538077302875 ...
[2] Finished: 51456/80000 Evaluate learned policies with averaged returns 31.61292443163406 ...
[4] Finished: 58176/80000 Evaluate learned policies with averaged returns 34.64593016474481 ...
[9] Finished: 59328/80000 Evaluate learned policies with averaged returns 36.510060860558795 ...
[8] Finished: 58944/80000 Evaluate learned policies with averaged returns 29.053538077302875 ...
[1] Finished: 59232/80000 Evaluate learned policies with averaged returns 29.053538077302882 ...
[2] Finished: 51552/80000 Evaluate learned policies with averaged returns 29.875432806096104 ...
[4] Finished: 58272/80000 Evaluate learned policies with averaged returns 30.917668773116855 ...
[9] Finished: 59424/80000 Evaluate learned policies with averaged returns 36.510060860558795 ...
[8] Finished: 59040/80000 Evaluate learned policies with averaged returns 25.32527668567492 ...
[1] Finished: 59328/80000 Evaluate learned policies with averaged returns 25.32527668567492 ...
[2] Finished: 51648/80000 Evaluate learned policies with averaged returns 33.35041605717201 ...
[4] Finished: 58368/80000 Evaluate learned policies with averaged returns 32.78179946893083 ...
[9] Finished: 59520/80000 Evaluate learned policies with averaged returns 36.510060860558795 ...
[8] Finished: 59136/80000 Evaluate learned policies with averaged returns 32.78179946893083 ...
[1] Finished: 59424/80000 Evaluate learned policies with averaged returns 27.189407381488895 ...
[2] Finished: 51744/80000 Evaluate learned policies with averaged returns 31.61292443163406 ...
[4] Finished: 58464/80000 Evaluate learned policies with averaged returns 32.78179946893083 ...
[9] Finished: 59616/80000 Evaluate learned policies with averaged returns 36.510060860558795 ...
[8] Finished: 59232/80000 Evaluate learned policies with averaged returns 30.917668773116855 ...
[1] Finished: 59520/80000 Evaluate learned policies with averaged returns 27.189407381488895 ...
[2] Finished: 51840/80000 Evaluate learned policies with averaged returns 33.35041605717201 ...
[4] Finished: 58560/80000 Evaluate learned policies with averaged returns 32.781799468930835 ...
[8] Finished: 59328/80000 Evaluate learned policies with averaged returns 32.781799468930835 ...
[9] Finished: 59712/80000 Evaluate learned policies with averaged returns 36.510060860558795 ...
[1] Finished: 59616/80000 Evaluate learned policies with averaged returns 29.053538077302875 ...
[2] Finished: 51936/80000 Evaluate learned policies with averaged returns 31.61292443163406 ...
[4] Finished: 58656/80000 Evaluate learned policies with averaged returns 30.917668773116855 ...
[8] Finished: 59424/80000 Evaluate learned policies with averaged returns 34.64593016474481 ...
[9] Finished: 59808/80000 Evaluate learned policies with averaged returns 36.510060860558795 ...
[1] Finished: 59712/80000 Evaluate learned policies with averaged returns 25.325276685674915 ...
[2] Finished: 52032/80000 Evaluate learned policies with averaged returns 31.61292443163406 ...
[4] Finished: 58752/80000 Evaluate learned policies with averaged returns 27.1894073814889 ...
[8] Finished: 59520/80000 Evaluate learned policies with averaged returns 32.781799468930835 ...
[9] Finished: 59904/80000 Evaluate learned policies with averaged returns 32.78179946893083 ...
[1] Finished: 59808/80000 Evaluate learned policies with averaged returns 27.1894073814889 ...
[4] Finished: 58848/80000 Evaluate learned policies with averaged returns 30.917668773116855 ...
[2] Finished: 52128/80000 Evaluate learned policies with averaged returns 33.35041605717201 ...
[8] Finished: 59616/80000 Evaluate learned policies with averaged returns 30.917668773116855 ...
[9] Finished: 60000/80000 Evaluate learned policies with averaged returns 34.64593016474481 ...
[1] Finished: 59904/80000 Evaluate learned policies with averaged returns 27.1894073814889 ...
[4] Finished: 58944/80000 Evaluate learned policies with averaged returns 32.78179946893083 ...
[8] Finished: 59712/80000 Evaluate learned policies with averaged returns 30.917668773116855 ...
[2] Finished: 52224/80000 Evaluate learned policies with averaged returns 33.35041605717201 ...
[9] Finished: 60096/80000 Evaluate learned policies with averaged returns 29.053538077302882 ...
[4] Finished: 59040/80000 Evaluate learned policies with averaged returns 32.78179946893083 ...
[8] Finished: 59808/80000 Evaluate learned policies with averaged returns 29.053538077302875 ...
[2] Finished: 52320/80000 Evaluate learned policies with averaged returns 31.61292443163406 ...
[1] Finished: 60000/80000 Evaluate learned policies with averaged returns 21.597015294046958 ...
[9] Finished: 60192/80000 Evaluate learned policies with averaged returns 34.64593016474481 ...
[8] Finished: 59904/80000 Evaluate learned policies with averaged returns 32.781799468930835 ...
[4] Finished: 59136/80000 Evaluate learned policies with averaged returns 29.053538077302875 ...
[2] Finished: 52416/80000 Evaluate learned policies with averaged returns 26.400449555020185 ...
[1] Finished: 60096/80000 Evaluate learned policies with averaged returns 19.732884598232978 ...
[9] Finished: 60288/80000 Evaluate learned policies with averaged returns 36.510060860558795 ...
[8] Finished: 60000/80000 Evaluate learned policies with averaged returns 29.053538077302882 ...
[4] Finished: 59232/80000 Evaluate learned policies with averaged returns 27.189407381488895 ...
[2] Finished: 52512/80000 Evaluate learned policies with averaged returns 31.61292443163406 ...
[9] Finished: 60384/80000 Evaluate learned policies with averaged returns 36.510060860558795 ...
[1] Finished: 60192/80000 Evaluate learned policies with averaged returns 30.917668773116855 ...
[8] Finished: 60096/80000 Evaluate learned policies with averaged returns 29.053538077302882 ...
[4] Finished: 59328/80000 Evaluate learned policies with averaged returns 29.053538077302875 ...
[9] Finished: 60480/80000 Evaluate learned policies with averaged returns 30.917668773116855 ...
[2] Finished: 52608/80000 Evaluate learned policies with averaged returns 31.61292443163406 ...
[1] Finished: 60288/80000 Evaluate learned policies with averaged returns 32.781799468930835 ...
[8] Finished: 60192/80000 Evaluate learned policies with averaged returns 25.325276685674915 ...
[4] Finished: 59424/80000 Evaluate learned policies with averaged returns 30.917668773116855 ...
[9] Finished: 60576/80000 Evaluate learned policies with averaged returns 34.64593016474481 ...
[1] Finished: 60384/80000 Evaluate learned policies with averaged returns 30.917668773116855 ...
[2] Finished: 52704/80000 Evaluate learned policies with averaged returns 29.875432806096104 ...
[8] Finished: 60288/80000 Evaluate learned policies with averaged returns 30.917668773116855 ...
[4] Finished: 59520/80000 Evaluate learned policies with averaged returns 30.917668773116855 ...
[9] Finished: 60672/80000 Evaluate learned policies with averaged returns 29.053538077302875 ...
[1] Finished: 60480/80000 Evaluate learned policies with averaged returns 32.781799468930835 ...
[2] Finished: 52800/80000 Evaluate learned policies with averaged returns 31.61292443163406 ...
[8] Finished: 60384/80000 Evaluate learned policies with averaged returns 30.917668773116855 ...
[4] Finished: 59616/80000 Evaluate learned policies with averaged returns 27.1894073814889 ...
[1] Finished: 60576/80000 Evaluate learned policies with averaged returns 32.78179946893083 ...
[9] Finished: 60768/80000 Evaluate learned policies with averaged returns 25.32527668567492 ...
[8] Finished: 60480/80000 Evaluate learned policies with averaged returns 30.917668773116855 ...
[2] Finished: 52896/80000 Evaluate learned policies with averaged returns 28.137941180558148 ...
[4] Finished: 59712/80000 Evaluate learned policies with averaged returns 32.78179946893083 ...
[1] Finished: 60672/80000 Evaluate learned policies with averaged returns 32.781799468930835 ...
[8] Finished: 60576/80000 Evaluate learned policies with averaged returns 27.189407381488895 ...
[9] Finished: 60864/80000 Evaluate learned policies with averaged returns 30.917668773116855 ...
[2] Finished: 52992/80000 Evaluate learned policies with averaged returns 29.875432806096104 ...
[4] Finished: 59808/80000 Evaluate learned policies with averaged returns 32.781799468930835 ...
[1] Finished: 60768/80000 Evaluate learned policies with averaged returns 32.781799468930835 ...
[9] Finished: 60960/80000 Evaluate learned policies with averaged returns 32.781799468930835 ...
[8] Finished: 60672/80000 Evaluate learned policies with averaged returns 32.781799468930835 ...
[2] Finished: 53088/80000 Evaluate learned policies with averaged returns 33.35041605717201 ...
[4] Finished: 59904/80000 Evaluate learned policies with averaged returns 32.78179946893083 ...
[9] Finished: 61056/80000 Evaluate learned policies with averaged returns 36.510060860558795 ...
[8] Finished: 60768/80000 Evaluate learned policies with averaged returns 27.189407381488895 ...
[1] Finished: 60864/80000 Evaluate learned policies with averaged returns 29.053538077302875 ...
[2] Finished: 53184/80000 Evaluate learned policies with averaged returns 31.61292443163406 ...
[4] Finished: 60000/80000 Evaluate learned policies with averaged returns 30.917668773116855 ...
[8] Finished: 60864/80000 Evaluate learned policies with averaged returns 32.781799468930835 ...
[9] Finished: 61152/80000 Evaluate learned policies with averaged returns 34.64593016474481 ...
[1] Finished: 60960/80000 Evaluate learned policies with averaged returns 29.053538077302875 ...
[2] Finished: 53280/80000 Evaluate learned policies with averaged returns 29.875432806096104 ...
[4] Finished: 60096/80000 Evaluate learned policies with averaged returns 34.64593016474481 ...
[8] Finished: 60960/80000 Evaluate learned policies with averaged returns 30.917668773116855 ...
[9] Finished: 61248/80000 Evaluate learned policies with averaged returns 29.053538077302882 ...
[1] Finished: 61056/80000 Evaluate learned policies with averaged returns 29.053538077302882 ...
[2] Finished: 53376/80000 Evaluate learned policies with averaged returns 29.875432806096104 ...
[4] Finished: 60192/80000 Evaluate learned policies with averaged returns 30.917668773116855 ...
[8] Finished: 61056/80000 Evaluate learned policies with averaged returns 27.189407381488895 ...
[9] Finished: 61344/80000 Evaluate learned policies with averaged returns 34.64593016474481 ...
[2] Finished: 53472/80000 Evaluate learned policies with averaged returns 31.61292443163406 ...
[1] Finished: 61152/80000 Evaluate learned policies with averaged returns 29.053538077302875 ...
[4] Finished: 60288/80000 Evaluate learned policies with averaged returns 29.053538077302875 ...
[8] Finished: 61152/80000 Evaluate learned policies with averaged returns 25.32527668567492 ...
[9] Finished: 61440/80000 Evaluate learned policies with averaged returns 32.78179946893083 ...
[2] Finished: 53568/80000 Evaluate learned policies with averaged returns 31.61292443163406 ...
[1] Finished: 61248/80000 Evaluate learned policies with averaged returns 25.32527668567492 ...
[4] Finished: 60384/80000 Evaluate learned policies with averaged returns 32.781799468930835 ...
[8] Finished: 61248/80000 Evaluate learned policies with averaged returns 25.32527668567492 ...
[9] Finished: 61536/80000 Evaluate learned policies with averaged returns 34.64593016474481 ...
[1] Finished: 61344/80000 Evaluate learned policies with averaged returns 30.917668773116855 ...
[2] Finished: 53664/80000 Evaluate learned policies with averaged returns 33.35041605717201 ...
[4] Finished: 60480/80000 Evaluate learned policies with averaged returns 32.781799468930835 ...
[9] Finished: 61632/80000 Evaluate learned policies with averaged returns 34.64593016474481 ...
[8] Finished: 61344/80000 Evaluate learned policies with averaged returns 27.189407381488895 ...
[1] Finished: 61440/80000 Evaluate learned policies with averaged returns 29.053538077302875 ...
[4] Finished: 60576/80000 Evaluate learned policies with averaged returns 30.917668773116855 ...
[2] Finished: 53760/80000 Evaluate learned policies with averaged returns 33.35041605717201 ...
[8] Finished: 61440/80000 Evaluate learned policies with averaged returns 32.78179946893083 ...
[9] Finished: 61728/80000 Evaluate learned policies with averaged returns 34.64593016474481 ...
[1] Finished: 61536/80000 Evaluate learned policies with averaged returns 27.1894073814889 ...
[4] Finished: 60672/80000 Evaluate learned policies with averaged returns 29.053538077302875 ...
[2] Finished: 53856/80000 Evaluate learned policies with averaged returns 33.35041605717201 ...
[8] Finished: 61536/80000 Evaluate learned policies with averaged returns 32.78179946893083 ...
[9] Finished: 61824/80000 Evaluate learned policies with averaged returns 30.91766877311685 ...
[1] Finished: 61632/80000 Evaluate learned policies with averaged returns 29.053538077302882 ...
[4] Finished: 60768/80000 Evaluate learned policies with averaged returns 30.917668773116855 ...
[2] Finished: 53952/80000 Evaluate learned policies with averaged returns 33.35041605717201 ...
[8] Finished: 61632/80000 Evaluate learned policies with averaged returns 32.781799468930835 ...
[9] Finished: 61920/80000 Evaluate learned policies with averaged returns 23.461145989860935 ...
[1] Finished: 61728/80000 Evaluate learned policies with averaged returns 34.64593016474481 ...
[4] Finished: 60864/80000 Evaluate learned policies with averaged returns 34.64593016474481 ...
[2] Finished: 54048/80000 Evaluate learned policies with averaged returns 31.61292443163406 ...
[9] Finished: 62016/80000 Evaluate learned policies with averaged returns 32.781799468930835 ...
[8] Finished: 61728/80000 Evaluate learned policies with averaged returns 30.91766877311685 ...
[1] Finished: 61824/80000 Evaluate learned policies with averaged returns 29.053538077302875 ...
[4] Finished: 60960/80000 Evaluate learned policies with averaged returns 32.781799468930835 ...
[8] Finished: 61824/80000 Evaluate learned policies with averaged returns 25.32527668567492 ...
[9] Finished: 62112/80000 Evaluate learned policies with averaged returns 34.64593016474481 ...
[2] Finished: 54144/80000 Evaluate learned policies with averaged returns 31.61292443163406 ...
[1] Finished: 61920/80000 Evaluate learned policies with averaged returns 25.325276685674915 ...
[8] Finished: 61920/80000 Evaluate learned policies with averaged returns 34.64593016474481 ...
[4] Finished: 61056/80000 Evaluate learned policies with averaged returns 36.510060860558795 ...
[9] Finished: 62208/80000 Evaluate learned policies with averaged returns 32.78179946893083 ...
[2] Finished: 54240/80000 Evaluate learned policies with averaged returns 31.61292443163406 ...
[1] Finished: 62016/80000 Evaluate learned policies with averaged returns 32.781799468930835 ...
[8] Finished: 62016/80000 Evaluate learned policies with averaged returns 32.781799468930835 ...
[4] Finished: 61152/80000 Evaluate learned policies with averaged returns 30.917668773116855 ...
[9] Finished: 62304/80000 Evaluate learned policies with averaged returns 30.917668773116855 ...
[2] Finished: 54336/80000 Evaluate learned policies with averaged returns 28.13794118055814 ...
[8] Finished: 62112/80000 Evaluate learned policies with averaged returns 30.917668773116855 ...
[4] Finished: 61248/80000 Evaluate learned policies with averaged returns 32.78179946893083 ...
[9] Finished: 62400/80000 Evaluate learned policies with averaged returns 25.32527668567492 ...
[1] Finished: 62112/80000 Evaluate learned policies with averaged returns 32.78179946893083 ...
[2] Finished: 54432/80000 Evaluate learned policies with averaged returns 31.61292443163406 ...
[4] Finished: 61344/80000 Evaluate learned policies with averaged returns 34.64593016474481 ...
[9] Finished: 62496/80000 Evaluate learned policies with averaged returns 34.64593016474481 ...
[1] Finished: 62208/80000 Evaluate learned policies with averaged returns 29.053538077302882 ...
[8] Finished: 62208/80000 Evaluate learned policies with averaged returns 32.78179946893083 ...
[2] Finished: 54528/80000 Evaluate learned policies with averaged returns 33.35041605717201 ...
[4] Finished: 61440/80000 Evaluate learned policies with averaged returns 34.64593016474481 ...
[9] Finished: 62592/80000 Evaluate learned policies with averaged returns 34.64593016474481 ...
[8] Finished: 62304/80000 Evaluate learned policies with averaged returns 29.053538077302882 ...
[1] Finished: 62304/80000 Evaluate learned policies with averaged returns 29.053538077302875 ...
[2] Finished: 54624/80000 Evaluate learned policies with averaged returns 31.61292443163406 ...
[4] Finished: 61536/80000 Evaluate learned policies with averaged returns 30.917668773116855 ...
[8] Finished: 62400/80000 Evaluate learned policies with averaged returns 29.053538077302882 ...
[9] Finished: 62688/80000 Evaluate learned policies with averaged returns 34.64593016474481 ...
[1] Finished: 62400/80000 Evaluate learned policies with averaged returns 27.189407381488895 ...
[2] Finished: 54720/80000 Evaluate learned policies with averaged returns 29.875432806096104 ...
[4] Finished: 61632/80000 Evaluate learned policies with averaged returns 27.189407381488895 ...
[8] Finished: 62496/80000 Evaluate learned policies with averaged returns 32.781799468930835 ...
[9] Finished: 62784/80000 Evaluate learned policies with averaged returns 27.189407381488895 ...
[1] Finished: 62496/80000 Evaluate learned policies with averaged returns 30.917668773116855 ...
[2] Finished: 54816/80000 Evaluate learned policies with averaged returns 31.61292443163406 ...
[4] Finished: 61728/80000 Evaluate learned policies with averaged returns 34.64593016474481 ...
[8] Finished: 62592/80000 Evaluate learned policies with averaged returns 30.917668773116855 ...
[1] Finished: 62592/80000 Evaluate learned policies with averaged returns 34.64593016474481 ...
[9] Finished: 62880/80000 Evaluate learned policies with averaged returns 30.91766877311685 ...
[4] Finished: 61824/80000 Evaluate learned policies with averaged returns 30.917668773116855 ...
[2] Finished: 54912/80000 Evaluate learned policies with averaged returns 33.35041605717201 ...
[8] Finished: 62688/80000 Evaluate learned policies with averaged returns 32.781799468930835 ...
[1] Finished: 62688/80000 Evaluate learned policies with averaged returns 27.189407381488895 ...
[9] Finished: 62976/80000 Evaluate learned policies with averaged returns 34.64593016474481 ...
[4] Finished: 61920/80000 Evaluate learned policies with averaged returns 32.78179946893083 ...
[8] Finished: 62784/80000 Evaluate learned policies with averaged returns 34.64593016474481 ...
[2] Finished: 55008/80000 Evaluate learned policies with averaged returns 33.35041605717201 ...
[1] Finished: 62784/80000 Evaluate learned policies with averaged returns 23.461145989860935 ...
[9] Finished: 63072/80000 Evaluate learned policies with averaged returns 36.510060860558795 ...
[4] Finished: 62016/80000 Evaluate learned policies with averaged returns 25.32527668567492 ...
[8] Finished: 62880/80000 Evaluate learned policies with averaged returns 30.917668773116855 ...
[1] Finished: 62880/80000 Evaluate learned policies with averaged returns 30.917668773116855 ...
[2] Finished: 55104/80000 Evaluate learned policies with averaged returns 29.875432806096104 ...
[9] Finished: 63168/80000 Evaluate learned policies with averaged returns 36.510060860558795 ...
[4] Finished: 62112/80000 Evaluate learned policies with averaged returns 32.78179946893083 ...
[8] Finished: 62976/80000 Evaluate learned policies with averaged returns 32.781799468930835 ...
[1] Finished: 62976/80000 Evaluate learned policies with averaged returns 32.78179946893083 ...
[2] Finished: 55200/80000 Evaluate learned policies with averaged returns 31.61292443163406 ...
[9] Finished: 63264/80000 Evaluate learned policies with averaged returns 36.510060860558795 ...
[4] Finished: 62208/80000 Evaluate learned policies with averaged returns 27.1894073814889 ...
[8] Finished: 63072/80000 Evaluate learned policies with averaged returns 30.917668773116855 ...
[1] Finished: 63072/80000 Evaluate learned policies with averaged returns 30.917668773116855 ...
[2] Finished: 55296/80000 Evaluate learned policies with averaged returns 31.61292443163406 ...
[9] Finished: 63360/80000 Evaluate learned policies with averaged returns 36.510060860558795 ...
[4] Finished: 62304/80000 Evaluate learned policies with averaged returns 32.781799468930835 ...
[8] Finished: 63168/80000 Evaluate learned policies with averaged returns 34.64593016474481 ...
[1] Finished: 63168/80000 Evaluate learned policies with averaged returns 30.917668773116855 ...
[2] Finished: 55392/80000 Evaluate learned policies with averaged returns 33.35041605717201 ...
[9] Finished: 63456/80000 Evaluate learned policies with averaged returns 34.64593016474481 ...
[4] Finished: 62400/80000 Evaluate learned policies with averaged returns 30.917668773116855 ...
[8] Finished: 63264/80000 Evaluate learned policies with averaged returns 36.510060860558795 ...
[1] Finished: 63264/80000 Evaluate learned policies with averaged returns 30.917668773116855 ...
[9] Finished: 63552/80000 Evaluate learned policies with averaged returns 34.64593016474481 ...
[2] Finished: 55488/80000 Evaluate learned policies with averaged returns 31.61292443163406 ...
[4] Finished: 62496/80000 Evaluate learned policies with averaged returns 32.781799468930835 ...
[8] Finished: 63360/80000 Evaluate learned policies with averaged returns 25.32527668567492 ...
[1] Finished: 63360/80000 Evaluate learned policies with averaged returns 30.917668773116855 ...
[9] Finished: 63648/80000 Evaluate learned policies with averaged returns 34.64593016474481 ...
[2] Finished: 55584/80000 Evaluate learned policies with averaged returns 31.61292443163406 ...
[4] Finished: 62592/80000 Evaluate learned policies with averaged returns 34.64593016474481 ...
[8] Finished: 63456/80000 Evaluate learned policies with averaged returns 34.64593016474481 ...
[1] Finished: 63456/80000 Evaluate learned policies with averaged returns 32.78179946893083 ...
[9] Finished: 63744/80000 Evaluate learned policies with averaged returns 36.510060860558795 ...
[4] Finished: 62688/80000 Evaluate learned policies with averaged returns 34.64593016474481 ...
[2] Finished: 55680/80000 Evaluate learned policies with averaged returns 31.61292443163406 ...
[9] Finished: 63840/80000 Evaluate learned policies with averaged returns 25.32527668567492 ...
[1] Finished: 63552/80000 Evaluate learned policies with averaged returns 30.917668773116855 ...
[8] Finished: 63552/80000 Evaluate learned policies with averaged returns 29.053538077302882 ...
[4] Finished: 62784/80000 Evaluate learned policies with averaged returns 34.64593016474481 ...
[2] Finished: 55776/80000 Evaluate learned policies with averaged returns 31.61292443163406 ...
[1] Finished: 63648/80000 Evaluate learned policies with averaged returns 32.781799468930835 ...
[8] Finished: 63648/80000 Evaluate learned policies with averaged returns 30.917668773116855 ...
[9] Finished: 63936/80000 Evaluate learned policies with averaged returns 34.64593016474481 ...
[4] Finished: 62880/80000 Evaluate learned policies with averaged returns 32.781799468930835 ...
[1] Finished: 63744/80000 Evaluate learned policies with averaged returns 32.78179946893083 ...
[9] Finished: 64032/80000 Evaluate learned policies with averaged returns 34.64593016474481 ...
[2] Finished: 55872/80000 Evaluate learned policies with averaged returns 31.61292443163406 ...
[8] Finished: 63744/80000 Evaluate learned policies with averaged returns 27.189407381488895 ...
[4] Finished: 62976/80000 Evaluate learned policies with averaged returns 34.64593016474481 ...
[1] Finished: 63840/80000 Evaluate learned policies with averaged returns 34.64593016474481 ...
[9] Finished: 64128/80000 Evaluate learned policies with averaged returns 34.64593016474481 ...
[8] Finished: 63840/80000 Evaluate learned policies with averaged returns 34.64593016474481 ...
[2] Finished: 55968/80000 Evaluate learned policies with averaged returns 33.35041605717201 ...
[4] Finished: 63072/80000 Evaluate learned policies with averaged returns 34.64593016474481 ...
[1] Finished: 63936/80000 Evaluate learned policies with averaged returns 32.781799468930835 ...
[9] Finished: 64224/80000 Evaluate learned policies with averaged returns 32.78179946893083 ...
[8] Finished: 63936/80000 Evaluate learned policies with averaged returns 34.64593016474481 ...
[2] Finished: 56064/80000 Evaluate learned policies with averaged returns 33.35041605717201 ...
[4] Finished: 63168/80000 Evaluate learned policies with averaged returns 30.917668773116855 ...
[1] Finished: 64032/80000 Evaluate learned policies with averaged returns 32.781799468930835 ...
[9] Finished: 64320/80000 Evaluate learned policies with averaged returns 32.781799468930835 ...
[8] Finished: 64032/80000 Evaluate learned policies with averaged returns 34.64593016474481 ...
[2] Finished: 56160/80000 Evaluate learned policies with averaged returns 33.35041605717201 ...
[4] Finished: 63264/80000 Evaluate learned policies with averaged returns 32.78179946893083 ...
[1] Finished: 64128/80000 Evaluate learned policies with averaged returns 32.78179946893083 ...
[9] Finished: 64416/80000 Evaluate learned policies with averaged returns 30.917668773116855 ...
[8] Finished: 64128/80000 Evaluate learned policies with averaged returns 34.64593016474481 ...
[2] Finished: 56256/80000 Evaluate learned policies with averaged returns 33.35041605717201 ...
[4] Finished: 63360/80000 Evaluate learned policies with averaged returns 34.64593016474481 ...
[1] Finished: 64224/80000 Evaluate learned policies with averaged returns 30.917668773116855 ...
[9] Finished: 64512/80000 Evaluate learned policies with averaged returns 32.781799468930835 ...
[8] Finished: 64224/80000 Evaluate learned policies with averaged returns 34.64593016474481 ...
[4] Finished: 63456/80000 Evaluate learned policies with averaged returns 30.917668773116855 ...
[2] Finished: 56352/80000 Evaluate learned policies with averaged returns 31.61292443163406 ...
[1] Finished: 64320/80000 Evaluate learned policies with averaged returns 29.053538077302875 ...
[9] Finished: 64608/80000 Evaluate learned policies with averaged returns 32.781799468930835 ...
[8] Finished: 64320/80000 Evaluate learned policies with averaged returns 32.78179946893083 ...
[4] Finished: 63552/80000 Evaluate learned policies with averaged returns 34.64593016474481 ...
[2] Finished: 56448/80000 Evaluate learned policies with averaged returns 29.875432806096104 ...
[1] Finished: 64416/80000 Evaluate learned policies with averaged returns 30.917668773116855 ...
[9] Finished: 64704/80000 Evaluate learned policies with averaged returns 34.64593016474481 ...
[8] Finished: 64416/80000 Evaluate learned policies with averaged returns 29.053538077302875 ...
[4] Finished: 63648/80000 Evaluate learned policies with averaged returns 30.917668773116855 ...
[1] Finished: 64512/80000 Evaluate learned policies with averaged returns 32.781799468930835 ...
[2] Finished: 56544/80000 Evaluate learned policies with averaged returns 31.61292443163406 ...
[9] Finished: 64800/80000 Evaluate learned policies with averaged returns 34.64593016474481 ...
[8] Finished: 64512/80000 Evaluate learned policies with averaged returns 34.64593016474481 ...
[4] Finished: 63744/80000 Evaluate learned policies with averaged returns 30.917668773116855 ...
[1] Finished: 64608/80000 Evaluate learned policies with averaged returns 32.781799468930835 ...
[9] Finished: 64896/80000 Evaluate learned policies with averaged returns 32.78179946893083 ...
[2] Finished: 56640/80000 Evaluate learned policies with averaged returns 33.35041605717201 ...
[8] Finished: 64608/80000 Evaluate learned policies with averaged returns 29.053538077302875 ...
[4] Finished: 63840/80000 Evaluate learned policies with averaged returns 30.917668773116855 ...
[1] Finished: 64704/80000 Evaluate learned policies with averaged returns 32.78179946893083 ...
[9] Finished: 64992/80000 Evaluate learned policies with averaged returns 30.917668773116855 ...
[2] Finished: 56736/80000 Evaluate learned policies with averaged returns 28.137941180558148 ...
[8] Finished: 64704/80000 Evaluate learned policies with averaged returns 32.78179946893083 ...
[4] Finished: 63936/80000 Evaluate learned policies with averaged returns 29.053538077302875 ...
[1] Finished: 64800/80000 Evaluate learned policies with averaged returns 34.64593016474481 ...
[9] Finished: 65088/80000 Evaluate learned policies with averaged returns 36.510060860558795 ...
[8] Finished: 64800/80000 Evaluate learned policies with averaged returns 29.053538077302875 ...
[4] Finished: 64032/80000 Evaluate learned policies with averaged returns 30.917668773116855 ...
[2] Finished: 56832/80000 Evaluate learned policies with averaged returns 29.875432806096104 ...
[1] Finished: 64896/80000 Evaluate learned policies with averaged returns 29.053538077302882 ...
[8] Finished: 64896/80000 Evaluate learned policies with averaged returns 30.917668773116855 ...
[9] Finished: 65184/80000 Evaluate learned policies with averaged returns 34.64593016474481 ...
[4] Finished: 64128/80000 Evaluate learned policies with averaged returns 32.78179946893083 ...
[2] Finished: 56928/80000 Evaluate learned policies with averaged returns 31.61292443163406 ...
[1] Finished: 64992/80000 Evaluate learned policies with averaged returns 32.78179946893083 ...
[4] Finished: 64224/80000 Evaluate learned policies with averaged returns 32.78179946893083 ...
[8] Finished: 64992/80000 Evaluate learned policies with averaged returns 30.917668773116855 ...
[9] Finished: 65280/80000 Evaluate learned policies with averaged returns 34.64593016474481 ...
[2] Finished: 57024/80000 Evaluate learned policies with averaged returns 26.400449555020185 ...
[1] Finished: 65088/80000 Evaluate learned policies with averaged returns 32.78179946893083 ...
[4] Finished: 64320/80000 Evaluate learned policies with averaged returns 27.1894073814889 ...
[8] Finished: 65088/80000 Evaluate learned policies with averaged returns 32.78179946893083 ...
[9] Finished: 65376/80000 Evaluate learned policies with averaged returns 36.510060860558795 ...
[2] Finished: 57120/80000 Evaluate learned policies with averaged returns 28.13794118055814 ...
[4] Finished: 64416/80000 Evaluate learned policies with averaged returns 32.781799468930835 ...
[1] Finished: 65184/80000 Evaluate learned policies with averaged returns 30.917668773116855 ...
[9] Finished: 65472/80000 Evaluate learned policies with averaged returns 34.64593016474481 ...
[8] Finished: 65184/80000 Evaluate learned policies with averaged returns 27.1894073814889 ...
[2] Finished: 57216/80000 Evaluate learned policies with averaged returns 28.137941180558148 ...
[4] Finished: 64512/80000 Evaluate learned policies with averaged returns 32.781799468930835 ...
[1] Finished: 65280/80000 Evaluate learned policies with averaged returns 29.053538077302875 ...
[9] Finished: 65568/80000 Evaluate learned policies with averaged returns 34.64593016474481 ...
[8] Finished: 65280/80000 Evaluate learned policies with averaged returns 32.781799468930835 ...
[2] Finished: 57312/80000 Evaluate learned policies with averaged returns 31.61292443163406 ...
[4] Finished: 64608/80000 Evaluate learned policies with averaged returns 30.917668773116855 ...
[1] Finished: 65376/80000 Evaluate learned policies with averaged returns 27.189407381488895 ...
[9] Finished: 65664/80000 Evaluate learned policies with averaged returns 30.917668773116855 ...
[8] Finished: 65376/80000 Evaluate learned policies with averaged returns 30.917668773116855 ...
[4] Finished: 64704/80000 Evaluate learned policies with averaged returns 32.781799468930835 ...
[2] Finished: 57408/80000 Evaluate learned policies with averaged returns 33.35041605717201 ...
[1] Finished: 65472/80000 Evaluate learned policies with averaged returns 30.917668773116855 ...
[9] Finished: 65760/80000 Evaluate learned policies with averaged returns 36.510060860558795 ...
[8] Finished: 65472/80000 Evaluate learned policies with averaged returns 34.64593016474481 ...
[4] Finished: 64800/80000 Evaluate learned policies with averaged returns 30.917668773116855 ...
[1] Finished: 65568/80000 Evaluate learned policies with averaged returns 32.78179946893083 ...
[9] Finished: 65856/80000 Evaluate learned policies with averaged returns 32.78179946893083 ...
[2] Finished: 57504/80000 Evaluate learned policies with averaged returns 33.35041605717201 ...
[8] Finished: 65568/80000 Evaluate learned policies with averaged returns 34.64593016474481 ...
[4] Finished: 64896/80000 Evaluate learned policies with averaged returns 32.78179946893083 ...
[9] Finished: 65952/80000 Evaluate learned policies with averaged returns 36.510060860558795 ...
[1] Finished: 65664/80000 Evaluate learned policies with averaged returns 34.64593016474481 ...
[2] Finished: 57600/80000 Evaluate learned policies with averaged returns 31.61292443163406 ...
[8] Finished: 65664/80000 Evaluate learned policies with averaged returns 34.64593016474481 ...
[4] Finished: 64992/80000 Evaluate learned policies with averaged returns 34.64593016474481 ...
[9] Finished: 66048/80000 Evaluate learned policies with averaged returns 36.510060860558795 ...
[1] Finished: 65760/80000 Evaluate learned policies with averaged returns 27.189407381488895 ...
[2] Finished: 57696/80000 Evaluate learned policies with averaged returns 31.61292443163406 ...
[8] Finished: 65760/80000 Evaluate learned policies with averaged returns 34.64593016474481 ...
[4] Finished: 65088/80000 Evaluate learned policies with averaged returns 34.64593016474481 ...
[9] Finished: 66144/80000 Evaluate learned policies with averaged returns 30.917668773116855 ...
[1] Finished: 65856/80000 Evaluate learned policies with averaged returns 23.46114598986094 ...
[2] Finished: 57792/80000 Evaluate learned policies with averaged returns 31.61292443163406 ...
[8] Finished: 65856/80000 Evaluate learned policies with averaged returns 32.781799468930835 ...
[9] Finished: 66240/80000 Evaluate learned policies with averaged returns 34.64593016474481 ...
[4] Finished: 65184/80000 Evaluate learned policies with averaged returns 29.053538077302875 ...
[8] Finished: 65952/80000 Evaluate learned policies with averaged returns 32.781799468930835 ...
[1] Finished: 65952/80000 Evaluate learned policies with averaged returns 32.781799468930835 ...
[2] Finished: 57888/80000 Evaluate learned policies with averaged returns 33.35041605717201 ...
[9] Finished: 66336/80000 Evaluate learned policies with averaged returns 34.64593016474481 ...
[4] Finished: 65280/80000 Evaluate learned policies with averaged returns 29.053538077302882 ...
[8] Finished: 66048/80000 Evaluate learned policies with averaged returns 32.78179946893083 ...
[1] Finished: 66048/80000 Evaluate learned policies with averaged returns 32.781799468930835 ...
[2] Finished: 57984/80000 Evaluate learned policies with averaged returns 33.35041605717201 ...
[9] Finished: 66432/80000 Evaluate learned policies with averaged returns 34.64593016474481 ...
[4] Finished: 65376/80000 Evaluate learned policies with averaged returns 32.781799468930835 ...
[8] Finished: 66144/80000 Evaluate learned policies with averaged returns 29.053538077302875 ...
[1] Finished: 66144/80000 Evaluate learned policies with averaged returns 32.781799468930835 ...
[2] Finished: 58080/80000 Evaluate learned policies with averaged returns 33.35041605717201 ...
[9] Finished: 66528/80000 Evaluate learned policies with averaged returns 34.64593016474481 ...
[8] Finished: 66240/80000 Evaluate learned policies with averaged returns 32.781799468930835 ...
[4] Finished: 65472/80000 Evaluate learned policies with averaged returns 34.64593016474481 ...
[1] Finished: 66240/80000 Evaluate learned policies with averaged returns 30.917668773116855 ...
[2] Finished: 58176/80000 Evaluate learned policies with averaged returns 29.875432806096104 ...
[9] Finished: 66624/80000 Evaluate learned policies with averaged returns 30.917668773116855 ...
[8] Finished: 66336/80000 Evaluate learned policies with averaged returns 34.64593016474481 ...
[4] Finished: 65568/80000 Evaluate learned policies with averaged returns 34.64593016474481 ...
[9] Finished: 66720/80000 Evaluate learned policies with averaged returns 36.510060860558795 ...
[1] Finished: 66336/80000 Evaluate learned policies with averaged returns 34.64593016474481 ...
[2] Finished: 58272/80000 Evaluate learned policies with averaged returns 33.35041605717201 ...
[8] Finished: 66432/80000 Evaluate learned policies with averaged returns 34.64593016474481 ...
[4] Finished: 65664/80000 Evaluate learned policies with averaged returns 29.053538077302875 ...
[9] Finished: 66816/80000 Evaluate learned policies with averaged returns 34.64593016474481 ...
[1] Finished: 66432/80000 Evaluate learned policies with averaged returns 32.78179946893083 ...
[2] Finished: 58368/80000 Evaluate learned policies with averaged returns 28.137941180558148 ...
[8] Finished: 66528/80000 Evaluate learned policies with averaged returns 32.781799468930835 ...
[4] Finished: 65760/80000 Evaluate learned policies with averaged returns 32.781799468930835 ...
[9] Finished: 66912/80000 Evaluate learned policies with averaged returns 34.64593016474481 ...
[1] Finished: 66528/80000 Evaluate learned policies with averaged returns 34.64593016474481 ...
[2] Finished: 58464/80000 Evaluate learned policies with averaged returns 31.61292443163406 ...
[8] Finished: 66624/80000 Evaluate learned policies with averaged returns 27.189407381488895 ...
[4] Finished: 65856/80000 Evaluate learned policies with averaged returns 29.053538077302875 ...
[1] Finished: 66624/80000 Evaluate learned policies with averaged returns 32.781799468930835 ...
[9] Finished: 67008/80000 Evaluate learned policies with averaged returns 27.1894073814889 ...
[2] Finished: 58560/80000 Evaluate learned policies with averaged returns 26.400449555020185 ...
[8] Finished: 66720/80000 Evaluate learned policies with averaged returns 32.781799468930835 ...
[4] Finished: 65952/80000 Evaluate learned policies with averaged returns 27.189407381488895 ...
[9] Finished: 67104/80000 Evaluate learned policies with averaged returns 30.917668773116855 ...
[1] Finished: 66720/80000 Evaluate learned policies with averaged returns 29.053538077302882 ...
[2] Finished: 58656/80000 Evaluate learned policies with averaged returns 29.875432806096104 ...
[8] Finished: 66816/80000 Evaluate learned policies with averaged returns 30.917668773116855 ...
[4] Finished: 66048/80000 Evaluate learned policies with averaged returns 32.78179946893083 ...
[9] Finished: 67200/80000 Evaluate learned policies with averaged returns 30.917668773116855 ...
[1] Finished: 66816/80000 Evaluate learned policies with averaged returns 32.78179946893083 ...
[8] Finished: 66912/80000 Evaluate learned policies with averaged returns 29.053538077302875 ...
[2] Finished: 58752/80000 Evaluate learned policies with averaged returns 31.61292443163406 ...
[4] Finished: 66144/80000 Evaluate learned policies with averaged returns 25.325276685674915 ...
[9] Finished: 67296/80000 Evaluate learned policies with averaged returns 32.78179946893083 ...
[1] Finished: 66912/80000 Evaluate learned policies with averaged returns 34.64593016474481 ...
[8] Finished: 67008/80000 Evaluate learned policies with averaged returns 32.781799468930835 ...
[2] Finished: 58848/80000 Evaluate learned policies with averaged returns 28.137941180558148 ...
[4] Finished: 66240/80000 Evaluate learned policies with averaged returns 29.053538077302882 ...
[9] Finished: 67392/80000 Evaluate learned policies with averaged returns 32.781799468930835 ...
[1] Finished: 67008/80000 Evaluate learned policies with averaged returns 27.1894073814889 ...
[8] Finished: 67104/80000 Evaluate learned policies with averaged returns 30.917668773116855 ...
[2] Finished: 58944/80000 Evaluate learned policies with averaged returns 31.61292443163406 ...
[9] Finished: 67488/80000 Evaluate learned policies with averaged returns 32.781799468930835 ...
[4] Finished: 66336/80000 Evaluate learned policies with averaged returns 34.64593016474481 ...
[8] Finished: 67200/80000 Evaluate learned policies with averaged returns 27.1894073814889 ...
[1] Finished: 67104/80000 Evaluate learned policies with averaged returns 34.64593016474481 ...
[2] Finished: 59040/80000 Evaluate learned policies with averaged returns 33.35041605717201 ...
[9] Finished: 67584/80000 Evaluate learned policies with averaged returns 29.053538077302875 ...
[4] Finished: 66432/80000 Evaluate learned policies with averaged returns 29.053538077302875 ...
[8] Finished: 67296/80000 Evaluate learned policies with averaged returns 32.78179946893083 ...
[1] Finished: 67200/80000 Evaluate learned policies with averaged returns 29.053538077302875 ...
[2] Finished: 59136/80000 Evaluate learned policies with averaged returns 29.875432806096104 ...
[9] Finished: 67680/80000 Evaluate learned policies with averaged returns 30.917668773116855 ...
[4] Finished: 66528/80000 Evaluate learned policies with averaged returns 27.189407381488895 ...
[8] Finished: 67392/80000 Evaluate learned policies with averaged returns 27.189407381488895 ...
[1] Finished: 67296/80000 Evaluate learned policies with averaged returns 29.053538077302875 ...
[9] Finished: 67776/80000 Evaluate learned policies with averaged returns 34.64593016474481 ...
[2] Finished: 59232/80000 Evaluate learned policies with averaged returns 29.875432806096104 ...
[4] Finished: 66624/80000 Evaluate learned policies with averaged returns 29.053538077302875 ...
[8] Finished: 67488/80000 Evaluate learned policies with averaged returns 32.78179946893083 ...
[1] Finished: 67392/80000 Evaluate learned policies with averaged returns 25.325276685674915 ...
[9] Finished: 67872/80000 Evaluate learned policies with averaged returns 30.917668773116855 ...
[2] Finished: 59328/80000 Evaluate learned policies with averaged returns 33.35041605717201 ...
[8] Finished: 67584/80000 Evaluate learned policies with averaged returns 32.781799468930835 ...
[4] Finished: 66720/80000 Evaluate learned policies with averaged returns 30.917668773116855 ...
[9] Finished: 67968/80000 Evaluate learned policies with averaged returns 32.781799468930835 ...
[1] Finished: 67488/80000 Evaluate learned policies with averaged returns 29.053538077302875 ...
[2] Finished: 59424/80000 Evaluate learned policies with averaged returns 33.35041605717201 ...
[8] Finished: 67680/80000 Evaluate learned policies with averaged returns 36.510060860558795 ...
[4] Finished: 66816/80000 Evaluate learned policies with averaged returns 34.64593016474481 ...
[9] Finished: 68064/80000 Evaluate learned policies with averaged returns 30.917668773116855 ...
[1] Finished: 67584/80000 Evaluate learned policies with averaged returns 30.917668773116855 ...
[8] Finished: 67776/80000 Evaluate learned policies with averaged returns 29.053538077302875 ...
[2] Finished: 59520/80000 Evaluate learned policies with averaged returns 31.61292443163406 ...
[4] Finished: 66912/80000 Evaluate learned policies with averaged returns 29.053538077302875 ...
[9] Finished: 68160/80000 Evaluate learned policies with averaged returns 32.781799468930835 ...
[8] Finished: 67872/80000 Evaluate learned policies with averaged returns 29.053538077302875 ...
[1] Finished: 67680/80000 Evaluate learned policies with averaged returns 32.78179946893083 ...
[2] Finished: 59616/80000 Evaluate learned policies with averaged returns 31.61292443163406 ...
[4] Finished: 67008/80000 Evaluate learned policies with averaged returns 27.189407381488895 ...
[9] Finished: 68256/80000 Evaluate learned policies with averaged returns 34.64593016474481 ...
[8] Finished: 67968/80000 Evaluate learned policies with averaged returns 29.053538077302875 ...
[1] Finished: 67776/80000 Evaluate learned policies with averaged returns 27.189407381488895 ...
[2] Finished: 59712/80000 Evaluate learned policies with averaged returns 28.137941180558148 ...
[4] Finished: 67104/80000 Evaluate learned policies with averaged returns 27.1894073814889 ...
[9] Finished: 68352/80000 Evaluate learned policies with averaged returns 29.053538077302875 ...
[8] Finished: 68064/80000 Evaluate learned policies with averaged returns 30.917668773116855 ...
[1] Finished: 67872/80000 Evaluate learned policies with averaged returns 32.781799468930835 ...
[2] Finished: 59808/80000 Evaluate learned policies with averaged returns 33.35041605717201 ...
[4] Finished: 67200/80000 Evaluate learned policies with averaged returns 30.917668773116855 ...
[8] Finished: 68160/80000 Evaluate learned policies with averaged returns 30.917668773116855 ...
[9] Finished: 68448/80000 Evaluate learned policies with averaged returns 32.781799468930835 ...
[2] Finished: 59904/80000 Evaluate learned policies with averaged returns 33.35041605717201 ...
[4] Finished: 67296/80000 Evaluate learned policies with averaged returns 27.189407381488895 ...
[1] Finished: 67968/80000 Evaluate learned policies with averaged returns 30.917668773116855 ...
[8] Finished: 68256/80000 Evaluate learned policies with averaged returns 34.64593016474481 ...
[9] Finished: 68544/80000 Evaluate learned policies with averaged returns 32.78179946893083 ...
[2] Finished: 60000/80000 Evaluate learned policies with averaged returns 26.40044955502019 ...
[8] Finished: 68352/80000 Evaluate learned policies with averaged returns 32.781799468930835 ...
[4] Finished: 67392/80000 Evaluate learned policies with averaged returns 29.053538077302875 ...
[1] Finished: 68064/80000 Evaluate learned policies with averaged returns 32.781799468930835 ...
[9] Finished: 68640/80000 Evaluate learned policies with averaged returns 32.78179946893083 ...
[8] Finished: 68448/80000 Evaluate learned policies with averaged returns 29.053538077302875 ...
[2] Finished: 60096/80000 Evaluate learned policies with averaged returns 33.35041605717201 ...
[9] Finished: 68736/80000 Evaluate learned policies with averaged returns 34.64593016474481 ...
[4] Finished: 67488/80000 Evaluate learned policies with averaged returns 30.917668773116855 ...
[1] Finished: 68160/80000 Evaluate learned policies with averaged returns 34.64593016474481 ...
[8] Finished: 68544/80000 Evaluate learned policies with averaged returns 29.053538077302875 ...
[2] Finished: 60192/80000 Evaluate learned policies with averaged returns 29.875432806096104 ...
[4] Finished: 67584/80000 Evaluate learned policies with averaged returns 27.189407381488895 ...
[9] Finished: 68832/80000 Evaluate learned policies with averaged returns 32.78179946893083 ...
[1] Finished: 68256/80000 Evaluate learned policies with averaged returns 34.64593016474481 ...
[8] Finished: 68640/80000 Evaluate learned policies with averaged returns 32.781799468930835 ...
[9] Finished: 68928/80000 Evaluate learned policies with averaged returns 29.053538077302875 ...
[2] Finished: 60288/80000 Evaluate learned policies with averaged returns 33.35041605717201 ...
[1] Finished: 68352/80000 Evaluate learned policies with averaged returns 27.189407381488895 ...
[4] Finished: 67680/80000 Evaluate learned policies with averaged returns 34.64593016474481 ...
[8] Finished: 68736/80000 Evaluate learned policies with averaged returns 29.053538077302875 ...
[9] Finished: 69024/80000 Evaluate learned policies with averaged returns 30.917668773116855 ...
[2] Finished: 60384/80000 Evaluate learned policies with averaged returns 33.35041605717201 ...
[4] Finished: 67776/80000 Evaluate learned policies with averaged returns 27.189407381488895 ...
[1] Finished: 68448/80000 Evaluate learned policies with averaged returns 29.053538077302875 ...
[8] Finished: 68832/80000 Evaluate learned policies with averaged returns 29.053538077302875 ...
[9] Finished: 69120/80000 Evaluate learned policies with averaged returns 29.053538077302882 ...
[2] Finished: 60480/80000 Evaluate learned policies with averaged returns 33.35041605717201 ...
[4] Finished: 67872/80000 Evaluate learned policies with averaged returns 32.781799468930835 ...
[8] Finished: 68928/80000 Evaluate learned policies with averaged returns 32.78179946893083 ...
[1] Finished: 68544/80000 Evaluate learned policies with averaged returns 27.189407381488895 ...
[9] Finished: 69216/80000 Evaluate learned policies with averaged returns 34.64593016474481 ...
[8] Finished: 69024/80000 Evaluate learned policies with averaged returns 30.917668773116855 ...
[2] Finished: 60576/80000 Evaluate learned policies with averaged returns 33.35041605717201 ...
[1] Finished: 68640/80000 Evaluate learned policies with averaged returns 27.189407381488895 ...
[4] Finished: 67968/80000 Evaluate learned policies with averaged returns 29.053538077302875 ...
[9] Finished: 69312/80000 Evaluate learned policies with averaged returns 32.781799468930835 ...
[8] Finished: 69120/80000 Evaluate learned policies with averaged returns 30.917668773116855 ...
[2] Finished: 60672/80000 Evaluate learned policies with averaged returns 33.35041605717201 ...
[4] Finished: 68064/80000 Evaluate learned policies with averaged returns 32.781799468930835 ...
[1] Finished: 68736/80000 Evaluate learned policies with averaged returns 23.461145989860935 ...
[9] Finished: 69408/80000 Evaluate learned policies with averaged returns 32.781799468930835 ...
[8] Finished: 69216/80000 Evaluate learned policies with averaged returns 29.053538077302882 ...
[2] Finished: 60768/80000 Evaluate learned policies with averaged returns 33.35041605717201 ...
[4] Finished: 68160/80000 Evaluate learned policies with averaged returns 30.917668773116855 ...
[1] Finished: 68832/80000 Evaluate learned policies with averaged returns 25.325276685674915 ...
[9] Finished: 69504/80000 Evaluate learned policies with averaged returns 32.78179946893083 ...
[8] Finished: 69312/80000 Evaluate learned policies with averaged returns 30.917668773116855 ...
[2] Finished: 60864/80000 Evaluate learned policies with averaged returns 33.35041605717201 ...
[4] Finished: 68256/80000 Evaluate learned policies with averaged returns 29.053538077302882 ...
[9] Finished: 69600/80000 Evaluate learned policies with averaged returns 32.78179946893083 ...
[1] Finished: 68928/80000 Evaluate learned policies with averaged returns 29.053538077302875 ...
[8] Finished: 69408/80000 Evaluate learned policies with averaged returns 30.91766877311685 ...
[2] Finished: 60960/80000 Evaluate learned policies with averaged returns 33.35041605717201 ...
[4] Finished: 68352/80000 Evaluate learned policies with averaged returns 30.917668773116855 ...
[9] Finished: 69696/80000 Evaluate learned policies with averaged returns 34.64593016474481 ...
[1] Finished: 69024/80000 Evaluate learned policies with averaged returns 30.917668773116855 ...
[8] Finished: 69504/80000 Evaluate learned policies with averaged returns 32.78179946893083 ...
[2] Finished: 61056/80000 Evaluate learned policies with averaged returns 31.61292443163406 ...
[4] Finished: 68448/80000 Evaluate learned policies with averaged returns 34.64593016474481 ...
[9] Finished: 69792/80000 Evaluate learned policies with averaged returns 34.64593016474481 ...
[1] Finished: 69120/80000 Evaluate learned policies with averaged returns 36.510060860558795 ...
[8] Finished: 69600/80000 Evaluate learned policies with averaged returns 25.325276685674915 ...
[2] Finished: 61152/80000 Evaluate learned policies with averaged returns 31.61292443163406 ...
[9] Finished: 69888/80000 Evaluate learned policies with averaged returns 36.510060860558795 ...
[4] Finished: 68544/80000 Evaluate learned policies with averaged returns 32.781799468930835 ...
[8] Finished: 69696/80000 Evaluate learned policies with averaged returns 30.917668773116855 ...
[1] Finished: 69216/80000 Evaluate learned policies with averaged returns 32.781799468930835 ...
[9] Finished: 69984/80000 Evaluate learned policies with averaged returns 29.053538077302875 ...
[2] Finished: 61248/80000 Evaluate learned policies with averaged returns 31.61292443163406 ...
[4] Finished: 68640/80000 Evaluate learned policies with averaged returns 30.917668773116855 ...
[8] Finished: 69792/80000 Evaluate learned policies with averaged returns 30.917668773116855 ...
[1] Finished: 69312/80000 Evaluate learned policies with averaged returns 34.64593016474481 ...
[9] Finished: 70080/80000 Evaluate learned policies with averaged returns 30.917668773116855 ...
[2] Finished: 61344/80000 Evaluate learned policies with averaged returns 33.35041605717201 ...
[4] Finished: 68736/80000 Evaluate learned policies with averaged returns 32.781799468930835 ...
[8] Finished: 69888/80000 Evaluate learned policies with averaged returns 29.053538077302875 ...
[1] Finished: 69408/80000 Evaluate learned policies with averaged returns 32.781799468930835 ...
[9] Finished: 70176/80000 Evaluate learned policies with averaged returns 30.917668773116855 ...
[2] Finished: 61440/80000 Evaluate learned policies with averaged returns 31.61292443163406 ...
[4] Finished: 68832/80000 Evaluate learned policies with averaged returns 32.781799468930835 ...
[8] Finished: 69984/80000 Evaluate learned policies with averaged returns 29.053538077302875 ...
[1] Finished: 69504/80000 Evaluate learned policies with averaged returns 36.510060860558795 ...
[9] Finished: 70272/80000 Evaluate learned policies with averaged returns 30.917668773116855 ...
[2] Finished: 61536/80000 Evaluate learned policies with averaged returns 29.875432806096104 ...
[8] Finished: 70080/80000 Evaluate learned policies with averaged returns 34.64593016474481 ...
[4] Finished: 68928/80000 Evaluate learned policies with averaged returns 32.781799468930835 ...
[1] Finished: 69600/80000 Evaluate learned policies with averaged returns 32.781799468930835 ...
[9] Finished: 70368/80000 Evaluate learned policies with averaged returns 32.781799468930835 ...
[2] Finished: 61632/80000 Evaluate learned policies with averaged returns 33.35041605717201 ...
[8] Finished: 70176/80000 Evaluate learned policies with averaged returns 30.917668773116855 ...
[4] Finished: 69024/80000 Evaluate learned policies with averaged returns 36.510060860558795 ...
[1] Finished: 69696/80000 Evaluate learned policies with averaged returns 29.053538077302875 ...
[9] Finished: 70464/80000 Evaluate learned policies with averaged returns 32.781799468930835 ...
[2] Finished: 61728/80000 Evaluate learned policies with averaged returns 33.35041605717201 ...
[8] Finished: 70272/80000 Evaluate learned policies with averaged returns 30.917668773116855 ...
[4] Finished: 69120/80000 Evaluate learned policies with averaged returns 29.053538077302882 ...
[9] Finished: 70560/80000 Evaluate learned policies with averaged returns 30.917668773116855 ...
[2] Finished: 61824/80000 Evaluate learned policies with averaged returns 31.61292443163406 ...
[1] Finished: 69792/80000 Evaluate learned policies with averaged returns 30.917668773116855 ...
[8] Finished: 70368/80000 Evaluate learned policies with averaged returns 27.189407381488895 ...
[4] Finished: 69216/80000 Evaluate learned policies with averaged returns 30.917668773116855 ...
[9] Finished: 70656/80000 Evaluate learned policies with averaged returns 34.64593016474481 ...
[2] Finished: 61920/80000 Evaluate learned policies with averaged returns 33.35041605717201 ...
[1] Finished: 69888/80000 Evaluate learned policies with averaged returns 32.78179946893083 ...
[8] Finished: 70464/80000 Evaluate learned policies with averaged returns 32.781799468930835 ...
[4] Finished: 69312/80000 Evaluate learned policies with averaged returns 32.781799468930835 ...
[9] Finished: 70752/80000 Evaluate learned policies with averaged returns 34.64593016474481 ...
[8] Finished: 70560/80000 Evaluate learned policies with averaged returns 34.64593016474481 ...
[2] Finished: 62016/80000 Evaluate learned policies with averaged returns 33.35041605717201 ...
[1] Finished: 69984/80000 Evaluate learned policies with averaged returns 27.1894073814889 ...
[4] Finished: 69408/80000 Evaluate learned policies with averaged returns 29.053538077302875 ...
[9] Finished: 70848/80000 Evaluate learned policies with averaged returns 34.64593016474481 ...
[8] Finished: 70656/80000 Evaluate learned policies with averaged returns 34.64593016474481 ...
[2] Finished: 62112/80000 Evaluate learned policies with averaged returns 33.35041605717201 ...
[1] Finished: 70080/80000 Evaluate learned policies with averaged returns 34.64593016474481 ...
[4] Finished: 69504/80000 Evaluate learned policies with averaged returns 30.917668773116855 ...
[8] Finished: 70752/80000 Evaluate learned policies with averaged returns 36.510060860558795 ...
[9] Finished: 70944/80000 Evaluate learned policies with averaged returns 34.64593016474481 ...
[2] Finished: 62208/80000 Evaluate learned policies with averaged returns 33.35041605717201 ...
[1] Finished: 70176/80000 Evaluate learned policies with averaged returns 32.78179946893083 ...
[4] Finished: 69600/80000 Evaluate learned policies with averaged returns 25.32527668567492 ...
[8] Finished: 70848/80000 Evaluate learned policies with averaged returns 32.781799468930835 ...
[9] Finished: 71040/80000 Evaluate learned policies with averaged returns 30.917668773116855 ...
[2] Finished: 62304/80000 Evaluate learned policies with averaged returns 31.61292443163406 ...
[1] Finished: 70272/80000 Evaluate learned policies with averaged returns 34.64593016474481 ...
[8] Finished: 70944/80000 Evaluate learned policies with averaged returns 29.053538077302882 ...
[4] Finished: 69696/80000 Evaluate learned policies with averaged returns 30.917668773116855 ...
[2] Finished: 62400/80000 Evaluate learned policies with averaged returns 26.400449555020185 ...
[9] Finished: 71136/80000 Evaluate learned policies with averaged returns 32.781799468930835 ...
[8] Finished: 71040/80000 Evaluate learned policies with averaged returns 30.917668773116855 ...
[1] Finished: 70368/80000 Evaluate learned policies with averaged returns 29.053538077302882 ...
[4] Finished: 69792/80000 Evaluate learned policies with averaged returns 25.325276685674915 ...
[2] Finished: 62496/80000 Evaluate learned policies with averaged returns 31.61292443163406 ...
[9] Finished: 71232/80000 Evaluate learned policies with averaged returns 34.64593016474481 ...
[8] Finished: 71136/80000 Evaluate learned policies with averaged returns 27.1894073814889 ...
[1] Finished: 70464/80000 Evaluate learned policies with averaged returns 36.510060860558795 ...
[4] Finished: 69888/80000 Evaluate learned policies with averaged returns 32.781799468930835 ...
[2] Finished: 62592/80000 Evaluate learned policies with averaged returns 33.35041605717201 ...
[9] Finished: 71328/80000 Evaluate learned policies with averaged returns 34.64593016474481 ...
[8] Finished: 71232/80000 Evaluate learned policies with averaged returns 34.64593016474481 ...
[1] Finished: 70560/80000 Evaluate learned policies with averaged returns 36.510060860558795 ...
[4] Finished: 69984/80000 Evaluate learned policies with averaged returns 32.781799468930835 ...
[2] Finished: 62688/80000 Evaluate learned policies with averaged returns 33.35041605717201 ...
[8] Finished: 71328/80000 Evaluate learned policies with averaged returns 27.189407381488895 ...
[9] Finished: 71424/80000 Evaluate learned policies with averaged returns 32.781799468930835 ...
[1] Finished: 70656/80000 Evaluate learned policies with averaged returns 36.510060860558795 ...
[4] Finished: 70080/80000 Evaluate learned policies with averaged returns 32.781799468930835 ...
[8] Finished: 71424/80000 Evaluate learned policies with averaged returns 30.917668773116855 ...
[2] Finished: 62784/80000 Evaluate learned policies with averaged returns 33.35041605717201 ...
[9] Finished: 71520/80000 Evaluate learned policies with averaged returns 32.781799468930835 ...
[1] Finished: 70752/80000 Evaluate learned policies with averaged returns 32.781799468930835 ...
[8] Finished: 71520/80000 Evaluate learned policies with averaged returns 34.64593016474481 ...
[2] Finished: 62880/80000 Evaluate learned policies with averaged returns 33.35041605717201 ...
[4] Finished: 70176/80000 Evaluate learned policies with averaged returns 36.510060860558795 ...
[9] Finished: 71616/80000 Evaluate learned policies with averaged returns 29.053538077302875 ...
[1] Finished: 70848/80000 Evaluate learned policies with averaged returns 36.510060860558795 ...
[8] Finished: 71616/80000 Evaluate learned policies with averaged returns 29.053538077302875 ...
[2] Finished: 62976/80000 Evaluate learned policies with averaged returns 31.61292443163406 ...
[4] Finished: 70272/80000 Evaluate learned policies with averaged returns 30.917668773116855 ...
[9] Finished: 71712/80000 Evaluate learned policies with averaged returns 30.917668773116855 ...
[8] Finished: 71712/80000 Evaluate learned policies with averaged returns 30.917668773116855 ...
[1] Finished: 70944/80000 Evaluate learned policies with averaged returns 36.510060860558795 ...
[2] Finished: 63072/80000 Evaluate learned policies with averaged returns 33.35041605717201 ...
[4] Finished: 70368/80000 Evaluate learned policies with averaged returns 29.053538077302875 ...
[9] Finished: 71808/80000 Evaluate learned policies with averaged returns 30.917668773116855 ...
[8] Finished: 71808/80000 Evaluate learned policies with averaged returns 29.053538077302882 ...
[1] Finished: 71040/80000 Evaluate learned policies with averaged returns 34.64593016474481 ...
[2] Finished: 63168/80000 Evaluate learned policies with averaged returns 33.35041605717201 ...
[4] Finished: 70464/80000 Evaluate learned policies with averaged returns 32.781799468930835 ...
[9] Finished: 71904/80000 Evaluate learned policies with averaged returns 29.053538077302875 ...
[8] Finished: 71904/80000 Evaluate learned policies with averaged returns 34.64593016474481 ...
[1] Finished: 71136/80000 Evaluate learned policies with averaged returns 34.64593016474481 ...
[2] Finished: 63264/80000 Evaluate learned policies with averaged returns 31.61292443163406 ...
[4] Finished: 70560/80000 Evaluate learned policies with averaged returns 27.1894073814889 ...
[9] Finished: 72000/80000 Evaluate learned policies with averaged returns 32.781799468930835 ...
[8] Finished: 72000/80000 Evaluate learned policies with averaged returns 27.1894073814889 ...
[1] Finished: 71232/80000 Evaluate learned policies with averaged returns 32.78179946893083 ...
[2] Finished: 63360/80000 Evaluate learned policies with averaged returns 29.875432806096104 ...
[4] Finished: 70656/80000 Evaluate learned policies with averaged returns 30.91766877311685 ...
[9] Finished: 72096/80000 Evaluate learned policies with averaged returns 36.510060860558795 ...
[8] Finished: 72096/80000 Evaluate learned policies with averaged returns 29.053538077302875 ...
[1] Finished: 71328/80000 Evaluate learned policies with averaged returns 34.64593016474481 ...
[2] Finished: 63456/80000 Evaluate learned policies with averaged returns 31.61292443163406 ...
[8] Finished: 72192/80000 Evaluate learned policies with averaged returns 29.053538077302875 ...
[4] Finished: 70752/80000 Evaluate learned policies with averaged returns 27.189407381488895 ...
[9] Finished: 72192/80000 Evaluate learned policies with averaged returns 29.053538077302875 ...
[1] Finished: 71424/80000 Evaluate learned policies with averaged returns 36.510060860558795 ...
[2] Finished: 63552/80000 Evaluate learned policies with averaged returns 33.35041605717201 ...
[8] Finished: 72288/80000 Evaluate learned policies with averaged returns 34.64593016474481 ...
[9] Finished: 72288/80000 Evaluate learned policies with averaged returns 29.053538077302875 ...
[4] Finished: 70848/80000 Evaluate learned policies with averaged returns 30.917668773116855 ...
[2] Finished: 63648/80000 Evaluate learned policies with averaged returns 31.61292443163406 ...
[8] Finished: 72384/80000 Evaluate learned policies with averaged returns 32.781799468930835 ...
[1] Finished: 71520/80000 Evaluate learned policies with averaged returns 32.781799468930835 ...
[9] Finished: 72384/80000 Evaluate learned policies with averaged returns 34.64593016474481 ...
[4] Finished: 70944/80000 Evaluate learned policies with averaged returns 32.781799468930835 ...
[8] Finished: 72480/80000 Evaluate learned policies with averaged returns 34.64593016474481 ...
[2] Finished: 63744/80000 Evaluate learned policies with averaged returns 29.875432806096104 ...
[1] Finished: 71616/80000 Evaluate learned policies with averaged returns 34.64593016474481 ...
[9] Finished: 72480/80000 Evaluate learned policies with averaged returns 32.78179946893083 ...
[4] Finished: 71040/80000 Evaluate learned policies with averaged returns 30.917668773116855 ...
[8] Finished: 72576/80000 Evaluate learned policies with averaged returns 29.053538077302875 ...
[1] Finished: 71712/80000 Evaluate learned policies with averaged returns 34.64593016474481 ...
[2] Finished: 63840/80000 Evaluate learned policies with averaged returns 28.137941180558148 ...
[9] Finished: 72576/80000 Evaluate learned policies with averaged returns 29.053538077302875 ...
[4] Finished: 71136/80000 Evaluate learned policies with averaged returns 29.053538077302882 ...
[8] Finished: 72672/80000 Evaluate learned policies with averaged returns 29.053538077302875 ...
[1] Finished: 71808/80000 Evaluate learned policies with averaged returns 32.781799468930835 ...
[2] Finished: 63936/80000 Evaluate learned policies with averaged returns 28.137941180558148 ...
[8] Finished: 72768/80000 Evaluate learned policies with averaged returns 32.781799468930835 ...
[4] Finished: 71232/80000 Evaluate learned policies with averaged returns 32.781799468930835 ...
[9] Finished: 72672/80000 Evaluate learned policies with averaged returns 32.781799468930835 ...
[1] Finished: 71904/80000 Evaluate learned policies with averaged returns 32.78179946893083 ...
[2] Finished: 64032/80000 Evaluate learned policies with averaged returns 31.61292443163406 ...
[8] Finished: 72864/80000 Evaluate learned policies with averaged returns 32.78179946893083 ...
[4] Finished: 71328/80000 Evaluate learned policies with averaged returns 32.781799468930835 ...
[9] Finished: 72768/80000 Evaluate learned policies with averaged returns 32.781799468930835 ...
[2] Finished: 64128/80000 Evaluate learned policies with averaged returns 29.875432806096104 ...
[1] Finished: 72000/80000 Evaluate learned policies with averaged returns 34.64593016474481 ...
[8] Finished: 72960/80000 Evaluate learned policies with averaged returns 27.1894073814889 ...
[4] Finished: 71424/80000 Evaluate learned policies with averaged returns 29.053538077302875 ...
[9] Finished: 72864/80000 Evaluate learned policies with averaged returns 29.053538077302875 ...
[2] Finished: 64224/80000 Evaluate learned policies with averaged returns 29.875432806096104 ...
[8] Finished: 73056/80000 Evaluate learned policies with averaged returns 30.917668773116855 ...
[1] Finished: 72096/80000 Evaluate learned policies with averaged returns 30.917668773116855 ...
[4] Finished: 71520/80000 Evaluate learned policies with averaged returns 32.78179946893083 ...
[9] Finished: 72960/80000 Evaluate learned policies with averaged returns 30.917668773116855 ...
[8] Finished: 73152/80000 Evaluate learned policies with averaged returns 32.781799468930835 ...
[2] Finished: 64320/80000 Evaluate learned policies with averaged returns 31.61292443163406 ...
[1] Finished: 72192/80000 Evaluate learned policies with averaged returns 34.64593016474481 ...
[4] Finished: 71616/80000 Evaluate learned policies with averaged returns 32.781799468930835 ...
[8] Finished: 73248/80000 Evaluate learned policies with averaged returns 32.781799468930835 ...
[9] Finished: 73056/80000 Evaluate learned policies with averaged returns 25.325276685674915 ...
[2] Finished: 64416/80000 Evaluate learned policies with averaged returns 28.137941180558148 ...
[1] Finished: 72288/80000 Evaluate learned policies with averaged returns 32.78179946893083 ...
[8] Finished: 73344/80000 Evaluate learned policies with averaged returns 32.781799468930835 ...
[4] Finished: 71712/80000 Evaluate learned policies with averaged returns 29.053538077302882 ...
[2] Finished: 64512/80000 Evaluate learned policies with averaged returns 29.875432806096104 ...
[9] Finished: 73152/80000 Evaluate learned policies with averaged returns 29.053538077302875 ...
[1] Finished: 72384/80000 Evaluate learned policies with averaged returns 36.510060860558795 ...
[8] Finished: 73440/80000 Evaluate learned policies with averaged returns 25.32527668567492 ...
[4] Finished: 71808/80000 Evaluate learned policies with averaged returns 29.053538077302882 ...
[2] Finished: 64608/80000 Evaluate learned policies with averaged returns 29.875432806096104 ...
[9] Finished: 73248/80000 Evaluate learned policies with averaged returns 32.78179946893083 ...
[1] Finished: 72480/80000 Evaluate learned policies with averaged returns 30.917668773116855 ...
[8] Finished: 73536/80000 Evaluate learned policies with averaged returns 34.64593016474481 ...
[4] Finished: 71904/80000 Evaluate learned policies with averaged returns 30.917668773116855 ...
[2] Finished: 64704/80000 Evaluate learned policies with averaged returns 29.875432806096104 ...
[9] Finished: 73344/80000 Evaluate learned policies with averaged returns 29.053538077302875 ...
[8] Finished: 73632/80000 Evaluate learned policies with averaged returns 30.917668773116855 ...
[1] Finished: 72576/80000 Evaluate learned policies with averaged returns 29.053538077302882 ...
[2] Finished: 64800/80000 Evaluate learned policies with averaged returns 33.35041605717201 ...
[4] Finished: 72000/80000 Evaluate learned policies with averaged returns 32.781799468930835 ...
[9] Finished: 73440/80000 Evaluate learned policies with averaged returns 32.781799468930835 ...
[8] Finished: 73728/80000 Evaluate learned policies with averaged returns 32.781799468930835 ...
[1] Finished: 72672/80000 Evaluate learned policies with averaged returns 32.78179946893083 ...
[2] Finished: 64896/80000 Evaluate learned policies with averaged returns 29.875432806096104 ...
[4] Finished: 72096/80000 Evaluate learned policies with averaged returns 30.917668773116855 ...
[9] Finished: 73536/80000 Evaluate learned policies with averaged returns 21.597015294046958 ...
[8] Finished: 73824/80000 Evaluate learned policies with averaged returns 34.64593016474481 ...
[1] Finished: 72768/80000 Evaluate learned policies with averaged returns 34.64593016474481 ...
[2] Finished: 64992/80000 Evaluate learned policies with averaged returns 29.875432806096104 ...
[4] Finished: 72192/80000 Evaluate learned policies with averaged returns 34.64593016474481 ...
[8] Finished: 73920/80000 Evaluate learned policies with averaged returns 32.781799468930835 ...
[9] Finished: 73632/80000 Evaluate learned policies with averaged returns 30.917668773116855 ...
[2] Finished: 65088/80000 Evaluate learned policies with averaged returns 31.61292443163406 ...
[1] Finished: 72864/80000 Evaluate learned policies with averaged returns 34.64593016474481 ...
[8] Finished: 74016/80000 Evaluate learned policies with averaged returns 34.64593016474481 ...
[4] Finished: 72288/80000 Evaluate learned policies with averaged returns 21.597015294046958 ...
[9] Finished: 73728/80000 Evaluate learned policies with averaged returns 34.64593016474481 ...
[2] Finished: 65184/80000 Evaluate learned policies with averaged returns 31.61292443163406 ...
[8] Finished: 74112/80000 Evaluate learned policies with averaged returns 29.053538077302875 ...
[1] Finished: 72960/80000 Evaluate learned policies with averaged returns 32.78179946893083 ...
[4] Finished: 72384/80000 Evaluate learned policies with averaged returns 23.461145989860935 ...
[9] Finished: 73824/80000 Evaluate learned policies with averaged returns 32.781799468930835 ...
[2] Finished: 65280/80000 Evaluate learned policies with averaged returns 28.137941180558148 ...
[8] Finished: 74208/80000 Evaluate learned policies with averaged returns 30.917668773116855 ...
[1] Finished: 73056/80000 Evaluate learned policies with averaged returns 32.781799468930835 ...
[4] Finished: 72480/80000 Evaluate learned policies with averaged returns 23.46114598986094 ...
[9] Finished: 73920/80000 Evaluate learned policies with averaged returns 32.781799468930835 ...
[8] Finished: 74304/80000 Evaluate learned policies with averaged returns 36.510060860558795 ...
[2] Finished: 65376/80000 Evaluate learned policies with averaged returns 31.61292443163406 ...
[1] Finished: 73152/80000 Evaluate learned policies with averaged returns 32.78179946893083 ...
[4] Finished: 72576/80000 Evaluate learned policies with averaged returns 29.053538077302882 ...
[9] Finished: 74016/80000 Evaluate learned policies with averaged returns 36.510060860558795 ...
[8] Finished: 74400/80000 Evaluate learned policies with averaged returns 34.64593016474481 ...
[2] Finished: 65472/80000 Evaluate learned policies with averaged returns 31.61292443163406 ...
[1] Finished: 73248/80000 Evaluate learned policies with averaged returns 32.781799468930835 ...
[4] Finished: 72672/80000 Evaluate learned policies with averaged returns 25.32527668567492 ...
[9] Finished: 74112/80000 Evaluate learned policies with averaged returns 30.917668773116855 ...
[8] Finished: 74496/80000 Evaluate learned policies with averaged returns 30.917668773116855 ...
[2] Finished: 65568/80000 Evaluate learned policies with averaged returns 26.400449555020185 ...
[1] Finished: 73344/80000 Evaluate learned policies with averaged returns 27.189407381488895 ...
[4] Finished: 72768/80000 Evaluate learned policies with averaged returns 32.781799468930835 ...
[9] Finished: 74208/80000 Evaluate learned policies with averaged returns 30.917668773116855 ...
[2] Finished: 65664/80000 Evaluate learned policies with averaged returns 31.61292443163406 ...
[8] Finished: 74592/80000 Evaluate learned policies with averaged returns 30.917668773116855 ...
[1] Finished: 73440/80000 Evaluate learned policies with averaged returns 29.053538077302875 ...
[4] Finished: 72864/80000 Evaluate learned policies with averaged returns 32.78179946893083 ...
[8] Finished: 74688/80000 Evaluate learned policies with averaged returns 30.917668773116855 ...
[2] Finished: 65760/80000 Evaluate learned policies with averaged returns 29.875432806096104 ...
[9] Finished: 74304/80000 Evaluate learned policies with averaged returns 30.917668773116855 ...
[8] Finished: 74784/80000 Evaluate learned policies with averaged returns 32.781799468930835 ...
[1] Finished: 73536/80000 Evaluate learned policies with averaged returns 27.1894073814889 ...
[4] Finished: 72960/80000 Evaluate learned policies with averaged returns 30.917668773116855 ...
[2] Finished: 65856/80000 Evaluate learned policies with averaged returns 33.35041605717201 ...
[9] Finished: 74400/80000 Evaluate learned policies with averaged returns 32.781799468930835 ...
[8] Finished: 74880/80000 Evaluate learned policies with averaged returns 34.64593016474481 ...
[4] Finished: 73056/80000 Evaluate learned policies with averaged returns 34.64593016474481 ...
[1] Finished: 73632/80000 Evaluate learned policies with averaged returns 27.1894073814889 ...
[2] Finished: 65952/80000 Evaluate learned policies with averaged returns 29.875432806096104 ...
[9] Finished: 74496/80000 Evaluate learned policies with averaged returns 29.053538077302875 ...
[8] Finished: 74976/80000 Evaluate learned policies with averaged returns 30.917668773116855 ...
[2] Finished: 66048/80000 Evaluate learned policies with averaged returns 33.35041605717201 ...
[1] Finished: 73728/80000 Evaluate learned policies with averaged returns 23.461145989860935 ...
[4] Finished: 73152/80000 Evaluate learned policies with averaged returns 29.053538077302875 ...
[9] Finished: 74592/80000 Evaluate learned policies with averaged returns 32.781799468930835 ...
[8] Finished: 75072/80000 Evaluate learned policies with averaged returns 32.78179946893083 ...
[2] Finished: 66144/80000 Evaluate learned policies with averaged returns 31.61292443163406 ...
[4] Finished: 73248/80000 Evaluate learned policies with averaged returns 29.053538077302875 ...
[1] Finished: 73824/80000 Evaluate learned policies with averaged returns 30.917668773116855 ...
[8] Finished: 75168/80000 Evaluate learned policies with averaged returns 30.917668773116855 ...
[9] Finished: 74688/80000 Evaluate learned policies with averaged returns 29.053538077302875 ...
[2] Finished: 66240/80000 Evaluate learned policies with averaged returns 28.137941180558148 ...
[4] Finished: 73344/80000 Evaluate learned policies with averaged returns 30.917668773116855 ...
[8] Finished: 75264/80000 Evaluate learned policies with averaged returns 32.781799468930835 ...
[1] Finished: 73920/80000 Evaluate learned policies with averaged returns 27.1894073814889 ...
[9] Finished: 74784/80000 Evaluate learned policies with averaged returns 29.053538077302875 ...
[2] Finished: 66336/80000 Evaluate learned policies with averaged returns 31.61292443163406 ...
[8] Finished: 75360/80000 Evaluate learned policies with averaged returns 30.917668773116855 ...
[4] Finished: 73440/80000 Evaluate learned policies with averaged returns 30.917668773116855 ...
[1] Finished: 74016/80000 Evaluate learned policies with averaged returns 32.781799468930835 ...
[9] Finished: 74880/80000 Evaluate learned policies with averaged returns 32.78179946893083 ...
[2] Finished: 66432/80000 Evaluate learned policies with averaged returns 31.61292443163406 ...
[8] Finished: 75456/80000 Evaluate learned policies with averaged returns 34.64593016474481 ...
[4] Finished: 73536/80000 Evaluate learned policies with averaged returns 29.053538077302875 ...
[9] Finished: 74976/80000 Evaluate learned policies with averaged returns 27.189407381488895 ...
[1] Finished: 74112/80000 Evaluate learned policies with averaged returns 29.053538077302875 ...
[8] Finished: 75552/80000 Evaluate learned policies with averaged returns 30.917668773116855 ...
[2] Finished: 66528/80000 Evaluate learned policies with averaged returns 33.35041605717201 ...
[4] Finished: 73632/80000 Evaluate learned policies with averaged returns 29.053538077302875 ...
[9] Finished: 75072/80000 Evaluate learned policies with averaged returns 29.053538077302875 ...
[8] Finished: 75648/80000 Evaluate learned policies with averaged returns 30.917668773116855 ...
[2] Finished: 66624/80000 Evaluate learned policies with averaged returns 31.61292443163406 ...
[1] Finished: 74208/80000 Evaluate learned policies with averaged returns 29.053538077302875 ...
[4] Finished: 73728/80000 Evaluate learned policies with averaged returns 32.781799468930835 ...
[8] Finished: 75744/80000 Evaluate learned policies with averaged returns 30.917668773116855 ...
[9] Finished: 75168/80000 Evaluate learned policies with averaged returns 30.917668773116855 ...
[2] Finished: 66720/80000 Evaluate learned policies with averaged returns 31.61292443163406 ...
[1] Finished: 74304/80000 Evaluate learned policies with averaged returns 30.917668773116855 ...
[4] Finished: 73824/80000 Evaluate learned policies with averaged returns 29.053538077302875 ...
[8] Finished: 75840/80000 Evaluate learned policies with averaged returns 29.053538077302875 ...
[9] Finished: 75264/80000 Evaluate learned policies with averaged returns 27.1894073814889 ...
[2] Finished: 66816/80000 Evaluate learned policies with averaged returns 33.35041605717201 ...
[1] Finished: 74400/80000 Evaluate learned policies with averaged returns 30.917668773116855 ...
[8] Finished: 75936/80000 Evaluate learned policies with averaged returns 27.1894073814889 ...
[4] Finished: 73920/80000 Evaluate learned policies with averaged returns 27.1894073814889 ...
[9] Finished: 75360/80000 Evaluate learned policies with averaged returns 32.78179946893083 ...
[2] Finished: 66912/80000 Evaluate learned policies with averaged returns 31.61292443163406 ...
[1] Finished: 74496/80000 Evaluate learned policies with averaged returns 34.64593016474481 ...
[8] Finished: 76032/80000 Evaluate learned policies with averaged returns 32.781799468930835 ...
[4] Finished: 74016/80000 Evaluate learned policies with averaged returns 32.78179946893083 ...
[9] Finished: 75456/80000 Evaluate learned policies with averaged returns 30.917668773116855 ...
[2] Finished: 67008/80000 Evaluate learned policies with averaged returns 31.61292443163406 ...
[8] Finished: 76128/80000 Evaluate learned policies with averaged returns 34.64593016474481 ...
[1] Finished: 74592/80000 Evaluate learned policies with averaged returns 27.1894073814889 ...
[4] Finished: 74112/80000 Evaluate learned policies with averaged returns 34.64593016474481 ...
[9] Finished: 75552/80000 Evaluate learned policies with averaged returns 23.46114598986094 ...
[2] Finished: 67104/80000 Evaluate learned policies with averaged returns 31.61292443163406 ...
[8] Finished: 76224/80000 Evaluate learned policies with averaged returns 34.64593016474481 ...
[1] Finished: 74688/80000 Evaluate learned policies with averaged returns 27.1894073814889 ...
[2] Finished: 67200/80000 Evaluate learned policies with averaged returns 33.35041605717201 ...
[9] Finished: 75648/80000 Evaluate learned policies with averaged returns 32.78179946893083 ...
[4] Finished: 74208/80000 Evaluate learned policies with averaged returns 30.917668773116855 ...
[8] Finished: 76320/80000 Evaluate learned policies with averaged returns 34.64593016474481 ...
[1] Finished: 74784/80000 Evaluate learned policies with averaged returns 27.1894073814889 ...
[2] Finished: 67296/80000 Evaluate learned policies with averaged returns 33.35041605717201 ...
[9] Finished: 75744/80000 Evaluate learned policies with averaged returns 23.46114598986094 ...
[8] Finished: 76416/80000 Evaluate learned policies with averaged returns 30.917668773116855 ...
[4] Finished: 74304/80000 Evaluate learned policies with averaged returns 30.917668773116855 ...
[1] Finished: 74880/80000 Evaluate learned policies with averaged returns 29.053538077302882 ...
[8] Finished: 76512/80000 Evaluate learned policies with averaged returns 27.1894073814889 ...
[2] Finished: 67392/80000 Evaluate learned policies with averaged returns 29.875432806096104 ...
[9] Finished: 75840/80000 Evaluate learned policies with averaged returns 30.917668773116855 ...
[4] Finished: 74400/80000 Evaluate learned policies with averaged returns 30.917668773116855 ...
[1] Finished: 74976/80000 Evaluate learned policies with averaged returns 34.64593016474481 ...
[8] Finished: 76608/80000 Evaluate learned policies with averaged returns 32.78179946893083 ...
[2] Finished: 67488/80000 Evaluate learned policies with averaged returns 31.61292443163406 ...
[9] Finished: 75936/80000 Evaluate learned policies with averaged returns 30.917668773116855 ...
[4] Finished: 74496/80000 Evaluate learned policies with averaged returns 29.053538077302875 ...
[8] Finished: 76704/80000 Evaluate learned policies with averaged returns 32.781799468930835 ...
[1] Finished: 75072/80000 Evaluate learned policies with averaged returns 32.78179946893083 ...
[2] Finished: 67584/80000 Evaluate learned policies with averaged returns 33.35041605717201 ...
[4] Finished: 74592/80000 Evaluate learned policies with averaged returns 30.917668773116855 ...
[9] Finished: 76032/80000 Evaluate learned policies with averaged returns 29.053538077302875 ...
[8] Finished: 76800/80000 Evaluate learned policies with averaged returns 34.64593016474481 ...
[2] Finished: 67680/80000 Evaluate learned policies with averaged returns 28.137941180558148 ...
[1] Finished: 75168/80000 Evaluate learned policies with averaged returns 29.053538077302875 ...
[4] Finished: 74688/80000 Evaluate learned policies with averaged returns 32.78179946893083 ...
[9] Finished: 76128/80000 Evaluate learned policies with averaged returns 32.781799468930835 ...
[8] Finished: 76896/80000 Evaluate learned policies with averaged returns 29.053538077302875 ...
[2] Finished: 67776/80000 Evaluate learned policies with averaged returns 29.875432806096104 ...
[1] Finished: 75264/80000 Evaluate learned policies with averaged returns 30.917668773116855 ...
[9] Finished: 76224/80000 Evaluate learned policies with averaged returns 29.053538077302875 ...
[4] Finished: 74784/80000 Evaluate learned policies with averaged returns 32.781799468930835 ...
[8] Finished: 76992/80000 Evaluate learned policies with averaged returns 27.1894073814889 ...
[2] Finished: 67872/80000 Evaluate learned policies with averaged returns 26.40044955502019 ...
[1] Finished: 75360/80000 Evaluate learned policies with averaged returns 32.78179946893083 ...
[9] Finished: 76320/80000 Evaluate learned policies with averaged returns 27.189407381488895 ...
[4] Finished: 74880/80000 Evaluate learned policies with averaged returns 32.781799468930835 ...
[8] Finished: 77088/80000 Evaluate learned policies with averaged returns 32.78179946893083 ...
[2] Finished: 67968/80000 Evaluate learned policies with averaged returns 33.35041605717201 ...
[1] Finished: 75456/80000 Evaluate learned policies with averaged returns 29.053538077302875 ...
[8] Finished: 77184/80000 Evaluate learned policies with averaged returns 29.053538077302875 ...
[4] Finished: 74976/80000 Evaluate learned policies with averaged returns 34.64593016474481 ...
[9] Finished: 76416/80000 Evaluate learned policies with averaged returns 32.78179946893083 ...
[2] Finished: 68064/80000 Evaluate learned policies with averaged returns 31.61292443163406 ...
[8] Finished: 77280/80000 Evaluate learned policies with averaged returns 36.510060860558795 ...
[4] Finished: 75072/80000 Evaluate learned policies with averaged returns 34.64593016474481 ...
[1] Finished: 75552/80000 Evaluate learned policies with averaged returns 36.510060860558795 ...
[9] Finished: 76512/80000 Evaluate learned policies with averaged returns 32.781799468930835 ...
[2] Finished: 68160/80000 Evaluate learned policies with averaged returns 31.61292443163406 ...
[8] Finished: 77376/80000 Evaluate learned policies with averaged returns 32.781799468930835 ...
[4] Finished: 75168/80000 Evaluate learned policies with averaged returns 30.917668773116855 ...
[1] Finished: 75648/80000 Evaluate learned policies with averaged returns 23.46114598986094 ...
[9] Finished: 76608/80000 Evaluate learned policies with averaged returns 32.781799468930835 ...
[2] Finished: 68256/80000 Evaluate learned policies with averaged returns 31.61292443163406 ...
[8] Finished: 77472/80000 Evaluate learned policies with averaged returns 29.053538077302882 ...
[4] Finished: 75264/80000 Evaluate learned policies with averaged returns 32.78179946893083 ...
[1] Finished: 75744/80000 Evaluate learned policies with averaged returns 30.917668773116855 ...
[9] Finished: 76704/80000 Evaluate learned policies with averaged returns 29.053538077302875 ...
[2] Finished: 68352/80000 Evaluate learned policies with averaged returns 29.875432806096104 ...
[8] Finished: 77568/80000 Evaluate learned policies with averaged returns 32.781799468930835 ...
[4] Finished: 75360/80000 Evaluate learned policies with averaged returns 32.78179946893083 ...
[1] Finished: 75840/80000 Evaluate learned policies with averaged returns 25.32527668567492 ...
[9] Finished: 76800/80000 Evaluate learned policies with averaged returns 36.510060860558795 ...
[2] Finished: 68448/80000 Evaluate learned policies with averaged returns 33.35041605717201 ...
[8] Finished: 77664/80000 Evaluate learned policies with averaged returns 32.781799468930835 ...
[4] Finished: 75456/80000 Evaluate learned policies with averaged returns 30.917668773116855 ...
[9] Finished: 76896/80000 Evaluate learned policies with averaged returns 29.053538077302882 ...
[1] Finished: 75936/80000 Evaluate learned policies with averaged returns 25.325276685674915 ...
[2] Finished: 68544/80000 Evaluate learned policies with averaged returns 33.35041605717201 ...
[8] Finished: 77760/80000 Evaluate learned policies with averaged returns 30.917668773116855 ...
[4] Finished: 75552/80000 Evaluate learned policies with averaged returns 32.78179946893083 ...
[9] Finished: 76992/80000 Evaluate learned policies with averaged returns 32.781799468930835 ...
[2] Finished: 68640/80000 Evaluate learned policies with averaged returns 29.875432806096104 ...
[8] Finished: 77856/80000 Evaluate learned policies with averaged returns 30.917668773116855 ...
[1] Finished: 76032/80000 Evaluate learned policies with averaged returns 30.917668773116855 ...
[4] Finished: 75648/80000 Evaluate learned policies with averaged returns 32.78179946893083 ...
[2] Finished: 68736/80000 Evaluate learned policies with averaged returns 33.35041605717201 ...
[9] Finished: 77088/80000 Evaluate learned policies with averaged returns 30.917668773116855 ...
[8] Finished: 77952/80000 Evaluate learned policies with averaged returns 32.781799468930835 ...
[1] Finished: 76128/80000 Evaluate learned policies with averaged returns 29.053538077302875 ...
[8] Finished: 78048/80000 Evaluate learned policies with averaged returns 30.917668773116855 ...
[2] Finished: 68832/80000 Evaluate learned policies with averaged returns 31.61292443163406 ...
[4] Finished: 75744/80000 Evaluate learned policies with averaged returns 29.053538077302875 ...
[9] Finished: 77184/80000 Evaluate learned policies with averaged returns 30.917668773116855 ...
[1] Finished: 76224/80000 Evaluate learned policies with averaged returns 30.91766877311685 ...
[8] Finished: 78144/80000 Evaluate learned policies with averaged returns 32.78179946893083 ...
[2] Finished: 68928/80000 Evaluate learned policies with averaged returns 31.61292443163406 ...
[4] Finished: 75840/80000 Evaluate learned policies with averaged returns 29.053538077302875 ...
[9] Finished: 77280/80000 Evaluate learned policies with averaged returns 30.917668773116855 ...
[8] Finished: 78240/80000 Evaluate learned policies with averaged returns 30.917668773116855 ...
[1] Finished: 76320/80000 Evaluate learned policies with averaged returns 30.917668773116855 ...
[2] Finished: 69024/80000 Evaluate learned policies with averaged returns 33.35041605717201 ...
[9] Finished: 77376/80000 Evaluate learned policies with averaged returns 32.78179946893083 ...
[4] Finished: 75936/80000 Evaluate learned policies with averaged returns 30.917668773116855 ...
[8] Finished: 78336/80000 Evaluate learned policies with averaged returns 36.510060860558795 ...
[1] Finished: 76416/80000 Evaluate learned policies with averaged returns 30.917668773116855 ...
[2] Finished: 69120/80000 Evaluate learned policies with averaged returns 33.35041605717201 ...
[9] Finished: 77472/80000 Evaluate learned policies with averaged returns 34.64593016474481 ...
[4] Finished: 76032/80000 Evaluate learned policies with averaged returns 34.64593016474481 ...
[8] Finished: 78432/80000 Evaluate learned policies with averaged returns 32.78179946893083 ...
[1] Finished: 76512/80000 Evaluate learned policies with averaged returns 29.053538077302882 ...
[2] Finished: 69216/80000 Evaluate learned policies with averaged returns 31.61292443163406 ...
[9] Finished: 77568/80000 Evaluate learned policies with averaged returns 36.510060860558795 ...
[8] Finished: 78528/80000 Evaluate learned policies with averaged returns 30.917668773116855 ...
[4] Finished: 76128/80000 Evaluate learned policies with averaged returns 32.781799468930835 ...
[2] Finished: 69312/80000 Evaluate learned policies with averaged returns 29.875432806096104 ...
[1] Finished: 76608/80000 Evaluate learned policies with averaged returns 34.64593016474481 ...
[8] Finished: 78624/80000 Evaluate learned policies with averaged returns 30.917668773116855 ...
[9] Finished: 77664/80000 Evaluate learned policies with averaged returns 32.781799468930835 ...
[4] Finished: 76224/80000 Evaluate learned policies with averaged returns 27.189407381488895 ...
[2] Finished: 69408/80000 Evaluate learned policies with averaged returns 31.61292443163406 ...
[1] Finished: 76704/80000 Evaluate learned policies with averaged returns 32.781799468930835 ...
[8] Finished: 78720/80000 Evaluate learned policies with averaged returns 23.46114598986094 ...
[4] Finished: 76320/80000 Evaluate learned policies with averaged returns 30.917668773116855 ...
[9] Finished: 77760/80000 Evaluate learned policies with averaged returns 29.053538077302882 ...
[1] Finished: 76800/80000 Evaluate learned policies with averaged returns 30.917668773116855 ...
[2] Finished: 69504/80000 Evaluate learned policies with averaged returns 31.61292443163406 ...
[8] Finished: 78816/80000 Evaluate learned policies with averaged returns 21.597015294046958 ...
[4] Finished: 76416/80000 Evaluate learned policies with averaged returns 32.78179946893083 ...
[9] Finished: 77856/80000 Evaluate learned policies with averaged returns 32.78179946893083 ...
[2] Finished: 69600/80000 Evaluate learned policies with averaged returns 29.875432806096104 ...
[8] Finished: 78912/80000 Evaluate learned policies with averaged returns 30.917668773116855 ...
[1] Finished: 76896/80000 Evaluate learned policies with averaged returns 27.1894073814889 ...
[4] Finished: 76512/80000 Evaluate learned policies with averaged returns 29.053538077302875 ...
[9] Finished: 77952/80000 Evaluate learned policies with averaged returns 32.78179946893083 ...
[8] Finished: 79008/80000 Evaluate learned policies with averaged returns 30.917668773116855 ...
[2] Finished: 69696/80000 Evaluate learned policies with averaged returns 33.35041605717201 ...
[1] Finished: 76992/80000 Evaluate learned policies with averaged returns 34.64593016474481 ...
[4] Finished: 76608/80000 Evaluate learned policies with averaged returns 30.917668773116855 ...
[8] Finished: 79104/80000 Evaluate learned policies with averaged returns 29.053538077302875 ...
[9] Finished: 78048/80000 Evaluate learned policies with averaged returns 30.917668773116855 ...
[2] Finished: 69792/80000 Evaluate learned policies with averaged returns 33.35041605717201 ...
[1] Finished: 77088/80000 Evaluate learned policies with averaged returns 30.917668773116855 ...
[8] Finished: 79200/80000 Evaluate learned policies with averaged returns 30.917668773116855 ...
[4] Finished: 76704/80000 Evaluate learned policies with averaged returns 32.78179946893083 ...
[9] Finished: 78144/80000 Evaluate learned policies with averaged returns 32.781799468930835 ...
[2] Finished: 69888/80000 Evaluate learned policies with averaged returns 33.35041605717201 ...
[1] Finished: 77184/80000 Evaluate learned policies with averaged returns 23.461145989860935 ...
[8] Finished: 79296/80000 Evaluate learned policies with averaged returns 30.917668773116855 ...
[4] Finished: 76800/80000 Evaluate learned policies with averaged returns 30.917668773116855 ...
[9] Finished: 78240/80000 Evaluate learned policies with averaged returns 30.917668773116855 ...
[2] Finished: 69984/80000 Evaluate learned policies with averaged returns 31.61292443163406 ...
[8] Finished: 79392/80000 Evaluate learned policies with averaged returns 36.510060860558795 ...
[1] Finished: 77280/80000 Evaluate learned policies with averaged returns 29.053538077302875 ...
[4] Finished: 76896/80000 Evaluate learned policies with averaged returns 32.781799468930835 ...
[2] Finished: 70080/80000 Evaluate learned policies with averaged returns 33.35041605717201 ...
[9] Finished: 78336/80000 Evaluate learned policies with averaged returns 30.917668773116855 ...
[8] Finished: 79488/80000 Evaluate learned policies with averaged returns 36.510060860558795 ...
[1] Finished: 77376/80000 Evaluate learned policies with averaged returns 32.78179946893083 ...
[2] Finished: 70176/80000 Evaluate learned policies with averaged returns 33.35041605717201 ...
[4] Finished: 76992/80000 Evaluate learned policies with averaged returns 32.781799468930835 ...
[9] Finished: 78432/80000 Evaluate learned policies with averaged returns 30.917668773116855 ...
[8] Finished: 79584/80000 Evaluate learned policies with averaged returns 32.781799468930835 ...
[1] Finished: 77472/80000 Evaluate learned policies with averaged returns 29.053538077302875 ...
[2] Finished: 70272/80000 Evaluate learned policies with averaged returns 31.61292443163406 ...
[4] Finished: 77088/80000 Evaluate learned policies with averaged returns 34.64593016474481 ...
[9] Finished: 78528/80000 Evaluate learned policies with averaged returns 32.781799468930835 ...
[8] Finished: 79680/80000 Evaluate learned policies with averaged returns 30.917668773116855 ...
[2] Finished: 70368/80000 Evaluate learned policies with averaged returns 33.35041605717201 ...
[1] Finished: 77568/80000 Evaluate learned policies with averaged returns 30.917668773116855 ...
[4] Finished: 77184/80000 Evaluate learned policies with averaged returns 30.917668773116855 ...
[8] Finished: 79776/80000 Evaluate learned policies with averaged returns 30.917668773116855 ...
[9] Finished: 78624/80000 Evaluate learned policies with averaged returns 29.053538077302875 ...
[2] Finished: 70464/80000 Evaluate learned policies with averaged returns 33.35041605717201 ...
[1] Finished: 77664/80000 Evaluate learned policies with averaged returns 29.053538077302875 ...
[8] Finished: 79872/80000 Evaluate learned policies with averaged returns 36.510060860558795 ...
[4] Finished: 77280/80000 Evaluate learned policies with averaged returns 34.64593016474481 ...
[9] Finished: 78720/80000 Evaluate learned policies with averaged returns 27.1894073814889 ...
[2] Finished: 70560/80000 Evaluate learned policies with averaged returns 33.35041605717201 ...
[1] Finished: 77760/80000 Evaluate learned policies with averaged returns 32.781799468930835 ...
[8] Finished: 79968/80000 Evaluate learned policies with averaged returns 34.64593016474481 ...
[4] Finished: 77376/80000 Evaluate learned policies with averaged returns 27.189407381488895 ...
[9] Finished: 78816/80000 Evaluate learned policies with averaged returns 29.053538077302875 ...
[2] Finished: 70656/80000 Evaluate learned policies with averaged returns 31.61292443163406 ...
[1] Finished: 77856/80000 Evaluate learned policies with averaged returns 34.64593016474481 ...
/home/lin.wo/macro_marl_ppo/src/macro_marl/cores/pg_based/mac_ippov2/models.py:40: RuntimeWarning: divide by zero encountered in log
  logits_1 = action_logits + np.log(1-eps)
wandb: - 0.005 MB of 0.005 MB uploadedwandb: \ 0.005 MB of 0.084 MB uploadedwandb: | 0.005 MB of 0.084 MB uploadedwandb: / 0.084 MB of 0.084 MB uploadedwandb:                                                                                
[4] Finished: 77472/80000 Evaluate learned policies with averaged returns 25.325276685674915 ...
wandb: 
wandb: Run history:
wandb:    episodes ▁▁▁▁▂▂▂▂▂▃▃▃▃▃▃▄▄▄▄▄▅▅▅▅▅▅▆▆▆▆▆▇▇▇▇▇▇███
wandb: mean_return ▁▆█▇███████████████▇▇▇▆▄▆▇▇▇▅▄▅▆▅▇▆▅▆▆▆▆
wandb: 
wandb: Run summary:
wandb:    episodes 79968
wandb: mean_return 34.64593
wandb: 
[9] Finished: 78912/80000 Evaluate learned policies with averaged returns 32.781799468930835 ...
wandb: 🚀 View run worldly-darkness-3 at: https://wandb.ai/wwlin1198/ma_ippo_bp10_discovery/runs/l9zfycqd
wandb: ⭐️ View project at: https://wandb.ai/wwlin1198/ma_ippo_bp10_discovery
wandb: Synced 5 W&B file(s), 0 media file(s), 0 artifact file(s) and 0 other file(s)
wandb: Find logs at: ./wandb/run-20240912_131103-l9zfycqd/logs
[8] Finish Training ... 
[2] Finished: 70752/80000 Evaluate learned policies with averaged returns 29.875432806096104 ...
[1] Finished: 77952/80000 Evaluate learned policies with averaged returns 34.64593016474481 ...
[4] Finished: 77568/80000 Evaluate learned policies with averaged returns 34.64593016474481 ...
[9] Finished: 79008/80000 Evaluate learned policies with averaged returns 32.781799468930835 ...
[2] Finished: 70848/80000 Evaluate learned policies with averaged returns 29.875432806096104 ...
[1] Finished: 78048/80000 Evaluate learned policies with averaged returns 30.917668773116855 ...
[4] Finished: 77664/80000 Evaluate learned policies with averaged returns 30.917668773116855 ...
[9] Finished: 79104/80000 Evaluate learned policies with averaged returns 30.917668773116855 ...
[2] Finished: 70944/80000 Evaluate learned policies with averaged returns 31.61292443163406 ...
[1] Finished: 78144/80000 Evaluate learned policies with averaged returns 30.917668773116855 ...
[4] Finished: 77760/80000 Evaluate learned policies with averaged returns 29.053538077302875 ...
[9] Finished: 79200/80000 Evaluate learned policies with averaged returns 34.64593016474481 ...
[2] Finished: 71040/80000 Evaluate learned policies with averaged returns 28.137941180558148 ...
[4] Finished: 77856/80000 Evaluate learned policies with averaged returns 29.053538077302875 ...
[1] Finished: 78240/80000 Evaluate learned policies with averaged returns 30.917668773116855 ...
[9] Finished: 79296/80000 Evaluate learned policies with averaged returns 30.917668773116855 ...
[2] Finished: 71136/80000 Evaluate learned policies with averaged returns 31.61292443163406 ...
[4] Finished: 77952/80000 Evaluate learned policies with averaged returns 25.32527668567492 ...
[1] Finished: 78336/80000 Evaluate learned policies with averaged returns 34.64593016474481 ...
[9] Finished: 79392/80000 Evaluate learned policies with averaged returns 29.053538077302875 ...
[2] Finished: 71232/80000 Evaluate learned policies with averaged returns 26.400449555020185 ...
[4] Finished: 78048/80000 Evaluate learned policies with averaged returns 29.053538077302875 ...
[1] Finished: 78432/80000 Evaluate learned policies with averaged returns 32.781799468930835 ...
[9] Finished: 79488/80000 Evaluate learned policies with averaged returns 29.053538077302875 ...
[2] Finished: 71328/80000 Evaluate learned policies with averaged returns 29.875432806096104 ...
[4] Finished: 78144/80000 Evaluate learned policies with averaged returns 34.64593016474481 ...
[9] Finished: 79584/80000 Evaluate learned policies with averaged returns 29.053538077302875 ...
[1] Finished: 78528/80000 Evaluate learned policies with averaged returns 34.64593016474481 ...
[2] Finished: 71424/80000 Evaluate learned policies with averaged returns 31.61292443163406 ...
[4] Finished: 78240/80000 Evaluate learned policies with averaged returns 29.053538077302875 ...
[9] Finished: 79680/80000 Evaluate learned policies with averaged returns 29.053538077302875 ...
[1] Finished: 78624/80000 Evaluate learned policies with averaged returns 30.917668773116855 ...
[2] Finished: 71520/80000 Evaluate learned policies with averaged returns 31.61292443163406 ...
[4] Finished: 78336/80000 Evaluate learned policies with averaged returns 30.917668773116855 ...
[1] Finished: 78720/80000 Evaluate learned policies with averaged returns 34.64593016474481 ...
[9] Finished: 79776/80000 Evaluate learned policies with averaged returns 29.053538077302875 ...
[2] Finished: 71616/80000 Evaluate learned policies with averaged returns 31.61292443163406 ...
[4] Finished: 78432/80000 Evaluate learned policies with averaged returns 27.189407381488895 ...
[2] Finished: 71712/80000 Evaluate learned policies with averaged returns 31.61292443163406 ...
[9] Finished: 79872/80000 Evaluate learned policies with averaged returns 30.917668773116855 ...
[1] Finished: 78816/80000 Evaluate learned policies with averaged returns 32.78179946893083 ...
[4] Finished: 78528/80000 Evaluate learned policies with averaged returns 23.46114598986094 ...
[9] Finished: 79968/80000 Evaluate learned policies with averaged returns 29.053538077302882 ...
[2] Finished: 71808/80000 Evaluate learned policies with averaged returns 31.61292443163406 ...
[1] Finished: 78912/80000 Evaluate learned policies with averaged returns 29.053538077302875 ...
[4] Finished: 78624/80000 Evaluate learned policies with averaged returns 21.597015294046955 ...
[2] Finished: 71904/80000 Evaluate learned policies with averaged returns 29.875432806096104 ...
[1] Finished: 79008/80000 Evaluate learned policies with averaged returns 32.78179946893083 ...
[4] Finished: 78720/80000 Evaluate learned policies with averaged returns 25.32527668567492 ...
/home/lin.wo/macro_marl_ppo/src/macro_marl/cores/pg_based/mac_ippov2/models.py:40: RuntimeWarning: divide by zero encountered in log
  logits_1 = action_logits + np.log(1-eps)
wandb: - 0.005 MB of 0.005 MB uploadedwandb: \ 0.005 MB of 0.005 MB uploadedwandb: | 0.005 MB of 0.005 MB uploadedwandb: / 0.084 MB of 0.084 MB uploadedwandb:                                                                                
wandb: 
wandb: Run history:
wandb:    episodes ▁▁▁▁▂▂▂▂▂▃▃▃▃▃▃▄▄▄▄▄▅▅▅▅▅▅▆▆▆▆▆▇▇▇▇▇▇███
wandb: mean_return ▁█████████████████████████████▇▆▇▆▆▇▆▆▇▅
wandb: 
wandb: Run summary:
wandb:    episodes 79968
wandb: mean_return 29.05354
wandb: 
wandb: 🚀 View run proud-music-6 at: https://wandb.ai/wwlin1198/ma_ippo_bp10_discovery/runs/gv9q2pr5
wandb: ⭐️ View project at: https://wandb.ai/wwlin1198/ma_ippo_bp10_discovery
wandb: Synced 5 W&B file(s), 0 media file(s), 0 artifact file(s) and 0 other file(s)
wandb: Find logs at: ./wandb/run-20240912_131103-gv9q2pr5/logs
[9] Finish Training ... 
[1] Finished: 79104/80000 Evaluate learned policies with averaged returns 30.917668773116855 ...
[2] Finished: 72000/80000 Evaluate learned policies with averaged returns 31.61292443163406 ...
[4] Finished: 78816/80000 Evaluate learned policies with averaged returns 30.917668773116855 ...
[1] Finished: 79200/80000 Evaluate learned policies with averaged returns 30.917668773116855 ...
[2] Finished: 72096/80000 Evaluate learned policies with averaged returns 31.61292443163406 ...
[4] Finished: 78912/80000 Evaluate learned policies with averaged returns 32.781799468930835 ...
[1] Finished: 79296/80000 Evaluate learned policies with averaged returns 30.917668773116855 ...
[4] Finished: 79008/80000 Evaluate learned policies with averaged returns 30.917668773116855 ...
[2] Finished: 72192/80000 Evaluate learned policies with averaged returns 31.61292443163406 ...
[1] Finished: 79392/80000 Evaluate learned policies with averaged returns 30.917668773116855 ...
[4] Finished: 79104/80000 Evaluate learned policies with averaged returns 34.64593016474481 ...
[2] Finished: 72288/80000 Evaluate learned policies with averaged returns 33.35041605717201 ...
[1] Finished: 79488/80000 Evaluate learned policies with averaged returns 27.189407381488895 ...
[4] Finished: 79200/80000 Evaluate learned policies with averaged returns 34.64593016474481 ...
[2] Finished: 72384/80000 Evaluate learned policies with averaged returns 31.61292443163406 ...
[1] Finished: 79584/80000 Evaluate learned policies with averaged returns 34.64593016474481 ...
[4] Finished: 79296/80000 Evaluate learned policies with averaged returns 36.510060860558795 ...
[2] Finished: 72480/80000 Evaluate learned policies with averaged returns 31.61292443163406 ...
[4] Finished: 79392/80000 Evaluate learned policies with averaged returns 32.781799468930835 ...
[1] Finished: 79680/80000 Evaluate learned policies with averaged returns 32.781799468930835 ...
[2] Finished: 72576/80000 Evaluate learned policies with averaged returns 31.61292443163406 ...
[1] Finished: 79776/80000 Evaluate learned policies with averaged returns 32.781799468930835 ...
[4] Finished: 79488/80000 Evaluate learned policies with averaged returns 34.64593016474481 ...
[2] Finished: 72672/80000 Evaluate learned policies with averaged returns 29.875432806096104 ...
[4] Finished: 79584/80000 Evaluate learned policies with averaged returns 29.053538077302875 ...
[1] Finished: 79872/80000 Evaluate learned policies with averaged returns 27.1894073814889 ...
[2] Finished: 72768/80000 Evaluate learned policies with averaged returns 33.35041605717201 ...
[4] Finished: 79680/80000 Evaluate learned policies with averaged returns 34.64593016474481 ...
[1] Finished: 79968/80000 Evaluate learned policies with averaged returns 25.325276685674915 ...
[2] Finished: 72864/80000 Evaluate learned policies with averaged returns 33.35041605717201 ...
[4] Finished: 79776/80000 Evaluate learned policies with averaged returns 30.917668773116855 ...
[4] Finished: 79872/80000 Evaluate learned policies with averaged returns 30.917668773116855 ...
[2] Finished: 72960/80000 Evaluate learned policies with averaged returns 31.61292443163406 ...
/home/lin.wo/macro_marl_ppo/src/macro_marl/cores/pg_based/mac_ippov2/models.py:40: RuntimeWarning: divide by zero encountered in log
  logits_1 = action_logits + np.log(1-eps)
wandb: - 0.005 MB of 0.005 MB uploadedwandb: \ 0.005 MB of 0.084 MB uploadedwandb: | 0.005 MB of 0.084 MB uploadedwandb: / 0.084 MB of 0.084 MB uploadedwandb:                                                                                
[4] Finished: 79968/80000 Evaluate learned policies with averaged returns 29.053538077302875 ...
wandb: 
wandb: Run history:
wandb:    episodes ▁▁▁▁▂▂▂▂▂▃▃▃▃▃▃▄▄▄▄▄▅▅▅▅▅▅▆▆▆▆▆▇▇▇▇▇▇███
wandb: mean_return ▁█████████████▆█▇██▇▇▇▅▇▅▇▆▆▅▅▆▆▆▅▆▇▄▅▅▆
wandb: 
wandb: Run summary:
wandb:    episodes 79968
wandb: mean_return 25.32528
wandb: 
wandb: 🚀 View run honest-blaze-11 at: https://wandb.ai/wwlin1198/ma_ippo_bp10_discovery/runs/dqpyuz7t
wandb: ⭐️ View project at: https://wandb.ai/wwlin1198/ma_ippo_bp10_discovery
wandb: Synced 5 W&B file(s), 0 media file(s), 0 artifact file(s) and 0 other file(s)
wandb: Find logs at: ./wandb/run-20240912_131102-dqpyuz7t/logs
[1] Finish Training ... 
[2] Finished: 73056/80000 Evaluate learned policies with averaged returns 29.875432806096104 ...
[2] Finished: 73152/80000 Evaluate learned policies with averaged returns 33.35041605717201 ...
/home/lin.wo/macro_marl_ppo/src/macro_marl/cores/pg_based/mac_ippov2/models.py:40: RuntimeWarning: divide by zero encountered in log
  logits_1 = action_logits + np.log(1-eps)
wandb: - 0.005 MB of 0.005 MB uploadedwandb: \ 0.005 MB of 0.005 MB uploaded[2] Finished: 73248/80000 Evaluate learned policies with averaged returns 33.35041605717201 ...
wandb: | 0.005 MB of 0.083 MB uploadedwandb: / 0.005 MB of 0.083 MB uploadedwandb: - 0.084 MB of 0.084 MB uploadedwandb:                                                                                
wandb: 
wandb: Run history:
wandb:    episodes ▁▁▁▁▂▂▂▂▂▃▃▃▃▃▃▄▄▄▄▄▅▅▅▅▅▅▆▆▆▆▆▇▇▇▇▇▇███
wandb: mean_return ▁██████▇█▇█▇▇▆▇▇▇▆▇▇▇█▆▆█▇▇▆▇▇█▇▆▇█▇▆▇▆▇
wandb: 
wandb: Run summary:
wandb:    episodes 79968
wandb: mean_return 29.05354
wandb: 
wandb: 🚀 View run legendary-firefly-9 at: https://wandb.ai/wwlin1198/ma_ippo_bp10_discovery/runs/tqbyyka7
wandb: ⭐️ View project at: https://wandb.ai/wwlin1198/ma_ippo_bp10_discovery
wandb: Synced 5 W&B file(s), 0 media file(s), 0 artifact file(s) and 0 other file(s)
wandb: Find logs at: ./wandb/run-20240912_131103-tqbyyka7/logs
[4] Finish Training ... 
[2] Finished: 73344/80000 Evaluate learned policies with averaged returns 33.35041605717201 ...
[2] Finished: 73440/80000 Evaluate learned policies with averaged returns 31.61292443163406 ...
[2] Finished: 73536/80000 Evaluate learned policies with averaged returns 29.875432806096104 ...
[2] Finished: 73632/80000 Evaluate learned policies with averaged returns 31.61292443163406 ...
[2] Finished: 73728/80000 Evaluate learned policies with averaged returns 31.61292443163406 ...
[2] Finished: 73824/80000 Evaluate learned policies with averaged returns 33.35041605717201 ...
[2] Finished: 73920/80000 Evaluate learned policies with averaged returns 33.35041605717201 ...
[2] Finished: 74016/80000 Evaluate learned policies with averaged returns 31.61292443163406 ...
[2] Finished: 74112/80000 Evaluate learned policies with averaged returns 31.61292443163406 ...
[2] Finished: 74208/80000 Evaluate learned policies with averaged returns 33.35041605717201 ...
[2] Finished: 74304/80000 Evaluate learned policies with averaged returns 33.35041605717201 ...
[2] Finished: 74400/80000 Evaluate learned policies with averaged returns 31.61292443163406 ...
[2] Finished: 74496/80000 Evaluate learned policies with averaged returns 31.61292443163406 ...
[2] Finished: 74592/80000 Evaluate learned policies with averaged returns 31.61292443163406 ...
[2] Finished: 74688/80000 Evaluate learned policies with averaged returns 29.875432806096104 ...
[2] Finished: 74784/80000 Evaluate learned policies with averaged returns 33.35041605717201 ...
[2] Finished: 74880/80000 Evaluate learned policies with averaged returns 33.35041605717201 ...
[2] Finished: 74976/80000 Evaluate learned policies with averaged returns 31.61292443163406 ...
[2] Finished: 75072/80000 Evaluate learned policies with averaged returns 33.35041605717201 ...
[2] Finished: 75168/80000 Evaluate learned policies with averaged returns 31.61292443163406 ...
[2] Finished: 75264/80000 Evaluate learned policies with averaged returns 29.875432806096104 ...
[2] Finished: 75360/80000 Evaluate learned policies with averaged returns 29.875432806096104 ...
[2] Finished: 75456/80000 Evaluate learned policies with averaged returns 31.61292443163406 ...
[2] Finished: 75552/80000 Evaluate learned policies with averaged returns 33.35041605717201 ...
[2] Finished: 75648/80000 Evaluate learned policies with averaged returns 33.35041605717201 ...
[2] Finished: 75744/80000 Evaluate learned policies with averaged returns 31.61292443163406 ...
[2] Finished: 75840/80000 Evaluate learned policies with averaged returns 33.35041605717201 ...
[2] Finished: 75936/80000 Evaluate learned policies with averaged returns 29.875432806096104 ...
[2] Finished: 76032/80000 Evaluate learned policies with averaged returns 31.61292443163406 ...
[2] Finished: 76128/80000 Evaluate learned policies with averaged returns 33.35041605717201 ...
[2] Finished: 76224/80000 Evaluate learned policies with averaged returns 31.61292443163406 ...
[2] Finished: 76320/80000 Evaluate learned policies with averaged returns 33.35041605717201 ...
[2] Finished: 76416/80000 Evaluate learned policies with averaged returns 31.61292443163406 ...
[2] Finished: 76512/80000 Evaluate learned policies with averaged returns 31.61292443163406 ...
[2] Finished: 76608/80000 Evaluate learned policies with averaged returns 29.875432806096104 ...
[2] Finished: 76704/80000 Evaluate learned policies with averaged returns 31.61292443163406 ...
[2] Finished: 76800/80000 Evaluate learned policies with averaged returns 26.40044955502019 ...
[2] Finished: 76896/80000 Evaluate learned policies with averaged returns 31.61292443163406 ...
[2] Finished: 76992/80000 Evaluate learned policies with averaged returns 33.35041605717201 ...
[2] Finished: 77088/80000 Evaluate learned policies with averaged returns 31.61292443163406 ...
[2] Finished: 77184/80000 Evaluate learned policies with averaged returns 31.61292443163406 ...
[2] Finished: 77280/80000 Evaluate learned policies with averaged returns 33.35041605717201 ...
[2] Finished: 77376/80000 Evaluate learned policies with averaged returns 31.61292443163406 ...
[2] Finished: 77472/80000 Evaluate learned policies with averaged returns 29.875432806096104 ...
[2] Finished: 77568/80000 Evaluate learned policies with averaged returns 28.137941180558148 ...
[2] Finished: 77664/80000 Evaluate learned policies with averaged returns 33.35041605717201 ...
[2] Finished: 77760/80000 Evaluate learned policies with averaged returns 29.875432806096104 ...
[2] Finished: 77856/80000 Evaluate learned policies with averaged returns 33.35041605717201 ...
[2] Finished: 77952/80000 Evaluate learned policies with averaged returns 29.875432806096104 ...
[2] Finished: 78048/80000 Evaluate learned policies with averaged returns 31.61292443163406 ...
[2] Finished: 78144/80000 Evaluate learned policies with averaged returns 31.61292443163406 ...
[2] Finished: 78240/80000 Evaluate learned policies with averaged returns 33.35041605717201 ...
[2] Finished: 78336/80000 Evaluate learned policies with averaged returns 33.35041605717201 ...
[2] Finished: 78432/80000 Evaluate learned policies with averaged returns 28.137941180558148 ...
[2] Finished: 78528/80000 Evaluate learned policies with averaged returns 31.61292443163406 ...
[2] Finished: 78624/80000 Evaluate learned policies with averaged returns 28.137941180558148 ...
[2] Finished: 78720/80000 Evaluate learned policies with averaged returns 26.40044955502019 ...
[2] Finished: 78816/80000 Evaluate learned policies with averaged returns 31.61292443163406 ...
[2] Finished: 78912/80000 Evaluate learned policies with averaged returns 26.40044955502019 ...
[2] Finished: 79008/80000 Evaluate learned policies with averaged returns 26.40044955502019 ...
[2] Finished: 79104/80000 Evaluate learned policies with averaged returns 29.875432806096104 ...
[2] Finished: 79200/80000 Evaluate learned policies with averaged returns 33.35041605717201 ...
[2] Finished: 79296/80000 Evaluate learned policies with averaged returns 31.61292443163406 ...
[2] Finished: 79392/80000 Evaluate learned policies with averaged returns 33.35041605717201 ...
[2] Finished: 79488/80000 Evaluate learned policies with averaged returns 33.35041605717201 ...
[2] Finished: 79584/80000 Evaluate learned policies with averaged returns 33.35041605717201 ...
[2] Finished: 79680/80000 Evaluate learned policies with averaged returns 31.61292443163406 ...
[2] Finished: 79776/80000 Evaluate learned policies with averaged returns 33.35041605717201 ...
[2] Finished: 79872/80000 Evaluate learned policies with averaged returns 31.61292443163406 ...
[2] Finished: 79968/80000 Evaluate learned policies with averaged returns 31.61292443163406 ...
/home/lin.wo/macro_marl_ppo/src/macro_marl/cores/pg_based/mac_ippov2/models.py:40: RuntimeWarning: divide by zero encountered in log
  logits_1 = action_logits + np.log(1-eps)
wandb: - 0.005 MB of 0.005 MB uploadedwandb: \ 0.005 MB of 0.005 MB uploadedwandb: | 0.005 MB of 0.083 MB uploadedwandb: / 0.005 MB of 0.083 MB uploadedwandb: - 0.083 MB of 0.083 MB uploadedwandb:                                                                                
wandb: 
wandb: Run history:
wandb:    episodes ▁▁▁▁▂▂▂▂▂▃▃▃▃▃▃▄▄▄▄▄▅▅▅▅▅▅▆▆▆▆▆▇▇▇▇▇▇███
wandb: mean_return ▁▇█████████████████████▇▇█▆▇▆███▇▇█▇▇▇▇█
wandb: 
wandb: Run summary:
wandb:    episodes 79968
wandb: mean_return 31.61292
wandb: 
wandb: 🚀 View run dauntless-butterfly-4 at: https://wandb.ai/wwlin1198/ma_ippo_bp10_discovery/runs/c3j5v11z
wandb: ⭐️ View project at: https://wandb.ai/wwlin1198/ma_ippo_bp10_discovery
wandb: Synced 5 W&B file(s), 0 media file(s), 0 artifact file(s) and 0 other file(s)
wandb: Find logs at: ./wandb/run-20240912_131103-c3j5v11z/logs
[2] Finish Training ... 
Job ended at: 2024-09-12 15:08:21
