"Episode","Grouped runs - Returns_With_Instruction","Grouped runs - Returns_With_Instruction__MIN","Grouped runs - Returns_With_Instruction__MAX","Grouped runs - _step","Grouped runs - _step__MIN","Grouped runs - _step__MAX"
"0","-9.275190771932824","-12.570835936649976","-5.97954560721567","0","0","0"
"96","-11.65779537530457","-12.990602620186813","-10.324988130422328","1","1","1"
"192","-12.744211907093309","-15.058376149200143","-10.430047664986473","2","2","2"
"288","-10.626812776937365","-11.237396503615766","-10.016229050258964","3","3","3"
"384","-7.567170080233708","-9.459263619382218","-5.675076541085197","4","4","4"
"480","-10.747327696042293","-11.390601107985646","-10.10405428409894","5","5","5"
"576","-7.321916557625398","-8.905499684753863","-5.738333430496934","6","6","6"
"672","-6.964917644718713","-8.137472657937398","-5.792362631500028","7","7","7"
"768","-9.248750817185364","-10.6543203336612","-7.843181300709529","8","8","8"
"864","-7.429085203623178","-7.6403073044072105","-7.217863102839144","9","9","9"
"960","-7.681349833914635","-8.37865979105661","-6.984039876772661","10","10","10"
"1056","-5.510794324259701","-6.899110914522221","-4.12247773399718","11","11","11"
"1152","-4.3973371629194835","-5.094124859331162","-3.700549466507805","12","12","12"
"1248","-5.139202207160089","-6.063738680407478","-4.214665733912701","13","13","13"
"1344","-5.631481042128853","-6.667259918098545","-4.595702166159161","14","14","14"
"1440","-5.117727504151608","-6.059831852658397","-4.175623155644818","15","15","15"
"1536","-3.8540951859542627","-4.038350863871994","-3.6698395080365316","16","16","16"
"1632","-3.286611207716237","-3.554132225875232","-3.0190901895572413","17","17","17"
"1728","-5.542964922935196","-6.167731091233421","-4.918198754636973","18","18","18"
"1824","-4.562285763938238","-7.7816324121535905","-1.3429391157228858","19","19","19"
"1920","-4.286607570089951","-5.569460666093516","-3.0037544740863873","20","20","20"
"2016","-6.062506584113759","-7.193918395231821","-4.931094772995698","21","21","21"
"2112","-6.8467804125865905","-8.119460701648004","-5.574100123525177","22","22","22"
"2208","-6.775800688968982","-8.66020325142038","-4.891398126517582","23","23","23"
"2304","-7.755633610983101","-8.660203251420382","-6.85106397054582","24","24","24"
"2400","-6.81460461524325","-8.66020325142038","-4.96900597906612","25","25","25"
"2496","-7.819628785824493","-8.029301593697014","-7.609955977951973","26","26","26"
"2592","-6.85257167103161","-7.732926344246915","-5.972216997816304","27","27","27"
"2688","-6.581667903749226","-7.15659073737032","-6.006745070128133","28","28","28"
"2784","-4.565009186307512","-7.106055314636328","-2.0239630579786967","29","29","29"
"2880","-5.527436862000004","-5.783696631255944","-5.271177092744062","30","30","30"
"2976","-8.422858134757533","-8.66020325142038","-8.185513018094685","31","31","31"
"3072","-6.212466230912739","-7.6449967876764555","-4.779935674149023","32","32","32"
"3168","-8.309075062221588","-8.66020325142038","-7.957946873022796","33","33","33"
"3264","-7.485478554454849","-8.066221864449648","-6.90473524446005","34","34","34"
"3360","-6.602288760313032","-8.351302631145053","-4.85327488948101","35","35","35"
"3456","-7.4429959823447085","-7.919248517500683","-6.966743447188733","36","36","36"
"3552","-7.905175550438797","-8.182522027291935","-7.6278290735856595","37","37","37"
"3648","-7.005376363061389","-7.901766761484505","-6.108985964638274","38","38","38"
"3744","-7.0555528849577","-7.954020350449046","-6.157085419466354","39","39","39"
"3840","-6.865168733727365","-8.157932528902075","-5.572404938552655","40","40","40"
"3936","-7.5560174700641465","-8.164517609948096","-6.9475173301801965","41","41","41"
"4032","-7.063888636356287","-7.56330197267167","-6.564475300040903","42","42","42"
"4128","-5.625962361583769","-8.66020325142038","-2.5917214717471575","43","43","43"
"4224","-7.426635698974555","-8.66020325142038","-6.193068146528729","44","44","44"
"4320","-7.902752218922483","-8.66020325142038","-7.145301186424585","45","45","45"
"4416","-8.815813368276327","-8.971423485132272","-8.660203251420382","46","46","46"
"4512","-6.787175789086364","-7.529725657659374","-6.044625920513353","47","47","47"
"4608","-8.426115567536236","-8.66020325142038","-8.19202788365209","48","48","48"
"4704","-8.66020325142038","-8.66020325142038","-8.66020325142038","49","49","49"
"4800","-5.9256983657799385","-6.518164577804652","-5.333232153755225","50","50","50"
"4896","-7.219096530503667","-8.660203251420382","-5.777989809586952","51","51","51"
"4992","-7.958811556333025","-8.660203251420382","-7.257419861245667","52","52","52"
"5088","-8.106393274387665","-8.660203251420382","-7.552583297354948","53","53","53"
"5184","-7.906551522246377","-8.660203251420382","-7.152899793072372","54","54","54"
"5280","-7.957750590267109","-8.66020325142038","-7.255297929113836","55","55","55"
"5376","-6.726714680198299","-6.887433507988121","-6.565995852408476","56","56","56"
"5472","-8.660203251420382","-8.660203251420382","-8.660203251420382","57","57","57"
"5568","-8.66020325142038","-8.66020325142038","-8.66020325142038","58","58","58"
"5664","-7.455437130069365","-7.529725657659374","-7.381148602479357","59","59","59"
"5760","-8.66020325142038","-8.660203251420382","-8.66020325142038","60","60","60"
"5856","-8.02067592694987","-8.660203251420382","-7.381148602479357","61","61","61"
"5952","-8.66020325142038","-8.66020325142038","-8.66020325142038","62","62","62"
"6048","-8.079858903045736","-8.660203251420382","-7.49951455467109","63","63","63"
"6144","-8.236655789705026","-8.660203251420382","-7.813108327989667","64","64","64"
"6240","-8.66020325142038","-8.66020325142038","-8.66020325142038","65","65","65"
"6336","-8.660203251420382","-8.660203251420382","-8.660203251420382","66","66","66"
"6432","-8.66020325142038","-8.660203251420382","-8.66020325142038","67","67","67"
"6528","-8.660203251420382","-8.660203251420382","-8.660203251420382","68","68","68"
"6624","-8.66020325142038","-8.66020325142038","-8.66020325142038","69","69","69"
"6720","-8.66020325142038","-8.66020325142038","-8.66020325142038","70","70","70"
"6816","-8.66020325142038","-8.660203251420382","-8.66020325142038","71","71","71"
"6912","-7.2411069662622545","-8.66020325142038","-5.8220106811041274","72","72","72"
"7008","-8.66020325142038","-8.660203251420382","-8.66020325142038","73","73","73"
"7104","-7.283255545027735","-8.66020325142038","-5.906307838635089","74","74","74"
"7200","-8.66020325142038","-8.66020325142038","-8.66020325142038","75","75","75"
"7296","-8.66020325142038","-8.66020325142038","-8.66020325142038","76","76","76"
"7392","-8.66020325142038","-8.66020325142038","-8.66020325142038","77","77","77"
"7488","-8.660203251420382","-8.660203251420382","-8.660203251420382","78","78","78"
"7584","-8.66020325142038","-8.66020325142038","-8.66020325142038","79","79","79"
"7680","-8.23237753251598","-8.66020325142038","-7.80455181361158","80","80","80"
"7776","-8.660203251420382","-8.660203251420382","-8.660203251420382","81","81","81"
"7872","-7.755821176411575","-8.66020325142038","-6.85143910140277","82","82","82"
"7968","-8.329170163099366","-8.66020325142038","-7.998137074778353","83","83","83"
"8064","-8.66020325142038","-8.660203251420382","-8.66020325142038","84","84","84"
"8160","-8.66020325142038","-8.660203251420382","-8.66020325142038","85","85","85"
"8256","-8.66020325142038","-8.660203251420382","-8.66020325142038","86","86","86"
"8352","-8.66020325142038","-8.66020325142038","-8.66020325142038","87","87","87"
"8448","-8.660203251420382","-8.660203251420382","-8.660203251420382","88","88","88"
"8544","-8.54041580379236","-8.66020325142038","-8.420628356164341","89","89","89"
"8640","-8.66020325142038","-8.66020325142038","-8.66020325142038","90","90","90"
"8736","-8.66020325142038","-8.660203251420382","-8.66020325142038","91","91","91"
"8832","-8.660203251420382","-8.660203251420382","-8.660203251420382","92","92","92"
"8928","-8.66020325142038","-8.660203251420382","-8.66020325142038","93","93","93"
"9024","-8.133363755555427","-8.660203251420382","-7.606524259690471","94","94","94"
"9120","-8.660203251420382","-8.660203251420382","-8.660203251420382","95","95","95"
"9216","-8.66020325142038","-8.66020325142038","-8.66020325142038","96","96","96"
"9312","-8.66020325142038","-8.660203251420382","-8.66020325142038","97","97","97"
"9408","-7.359484270979504","-7.368228858550659","-7.350739683408349","98","98","98"
"9504","-8.66020325142038","-8.660203251420382","-8.66020325142038","99","99","99"
"9600","-8.249235572865432","-8.66020325142038","-7.838267894310483","100","100","100"
"9696","-8.66020325142038","-8.66020325142038","-8.66020325142038","101","101","101"
"9792","-8.66020325142038","-8.660203251420382","-8.66020325142038","102","102","102"
"9888","-8.66020325142038","-8.66020325142038","-8.66020325142038","103","103","103"
"9984","-8.66020325142038","-8.66020325142038","-8.66020325142038","104","104","104"
"10080","-8.66020325142038","-8.660203251420382","-8.66020325142038","105","105","105"
"10176","-8.660203251420382","-8.660203251420382","-8.660203251420382","106","106","106"
"10272","-8.66020325142038","-8.660203251420382","-8.66020325142038","107","107","107"
"10368","-8.660203251420382","-8.660203251420382","-8.660203251420382","108","108","108"
"10464","-8.66020325142038","-8.66020325142038","-8.66020325142038","109","109","109"
"10560","-8.66020325142038","-8.66020325142038","-8.66020325142038","110","110","110"
"10656","-8.66020325142038","-8.660203251420382","-8.66020325142038","111","111","111"
"10752","-8.66020325142038","-8.660203251420382","-8.66020325142038","112","112","112"
"10848","-8.46681818781347","-8.660203251420382","-8.273433124206555","113","113","113"
"10944","-7.914088039538116","-8.66020325142038","-7.167972827655852","114","114","114"
"11040","-8.66020325142038","-8.660203251420382","-8.66020325142038","115","115","115"
"11136","-8.660203251420382","-8.660203251420382","-8.660203251420382","116","116","116"
"11232","-8.66020325142038","-8.660203251420382","-8.66020325142038","117","117","117"
"11328","-8.66020325142038","-8.660203251420382","-8.66020325142038","118","118","118"
"11424","-7.906551522246376","-8.66020325142038","-7.152899793072372","119","119","119"
"11520","-8.01421605498552","-8.66020325142038","-7.368228858550659","120","120","120"
"11616","-8.481141211665314","-8.66020325142038","-8.302079171910249","121","121","121"
"11712","-8.386624930225","-8.66020325142038","-8.11304660902962","122","122","122"
"11808","-8.66020325142038","-8.660203251420382","-8.66020325142038","123","123","123"
"11904","-7.167897462482934","-8.66020325142038","-5.675591673545488","124","124","124"
"12000","-7.530041682307182","-8.052217360865159","-7.007866003749205","125","125","125"
"12096","-8.66020325142038","-8.660203251420382","-8.66020325142038","126","126","126"
"12192","-7.964775116878641","-8.660203251420382","-7.269346982336901","127","127","127"
"12288","-6.595760539744878","-8.660203251420382","-4.531317828069375","128","128","128"
"12384","-8.66020325142038","-8.660203251420382","-8.66020325142038","129","129","129"
"12480","-8.66020325142038","-8.660203251420382","-8.66020325142038","130","130","130"
"12576","-8.66020325142038","-8.660203251420382","-8.66020325142038","131","131","131"
"12672","-8.113820567608593","-8.66020325142038","-7.567437883796806","132","132","132"
"12768","-7.31065680438495","-8.66020325142038","-5.961110357349518","133","133","133"
"12864","-8.66020325142038","-8.66020325142038","-8.66020325142038","134","134","134"
"12960","-8.660203251420382","-8.660203251420382","-8.660203251420382","135","135","135"
"13056","-8.66020325142038","-8.660203251420382","-8.66020325142038","136","136","136"
"13152","-8.660203251420382","-8.660203251420382","-8.660203251420382","137","137","137"
"13248","-8.66020325142038","-8.66020325142038","-8.66020325142038","138","138","138"
"13344","-7.866588967776725","-8.660203251420382","-7.072974684133068","139","139","139"
"13440","-8.66020325142038","-8.660203251420382","-8.66020325142038","140","140","140"
"13536","-8.66020325142038","-8.660203251420382","-8.66020325142038","141","141","141"
"13632","-8.66020325142038","-8.660203251420382","-8.66020325142038","142","142","142"
"13728","-8.014216054985521","-8.66020325142038","-7.36822885855066","143","143","143"
"13824","-8.66020325142038","-8.660203251420382","-8.66020325142038","144","144","144"
"13920","-8.66020325142038","-8.66020325142038","-8.66020325142038","145","145","145"
"14016","-7.603915616535366","-8.66020325142038","-6.54762798165035","146","146","146"
"14112","-8.66020325142038","-8.660203251420382","-8.66020325142038","147","147","147"
"14208","-6.851439101402772","-8.660203251420382","-5.042674951385161","148","148","148"
"14304","-8.024917656131127","-8.66020325142038","-7.3896320608418735","149","149","149"
"14400","-8.66020325142038","-8.660203251420382","-8.66020325142038","150","150","150"
"14496","-6.3992480638983675","-8.66020325142038","-4.138292876376355","151","151","151"
"14592","-7.529725657659374","-8.66020325142038","-6.3992480638983675","152","152","152"
"14688","-6.076254465680938","-8.66020325142038","-3.492305679941494","153","153","153"
"14784","-6.860482922152859","-8.660203251420382","-5.060762592885336","154","154","154"
"14880","-7.660358624049535","-8.66020325142038","-6.66051399667869","155","155","155"
"14976","-7.665382968910696","-8.660203251420382","-6.670562686401009","156","156","156"
"15072","-5.660669369307844","-8.660203251420382","-2.661135487195306","157","157","157"
"15168","-5.313651561087267","-8.66020325142038","-1.9670998707541534","158","158","158"
"15264","-6.101900803366598","-8.66020325142038","-3.5435983553128154","159","159","159"
"15360","-5.653132852016103","-8.66020325142038","-2.6460624526118255","160","160","160"
"15456","-4.160789380492199","-8.66020325142038","0.33862449043598286","161","161","161"
"15552","-5.291380022012581","-8.66020325142038","-1.922556792604782","162","162","162"
"15648","-5.462437431628533","-8.660203251420382","-2.264671611836684","163","163","163"
"15744","-5.683203556010147","-8.660203251420382","-2.7062038605999112","164","164","164"
"15840","-3.2640568705345094","-6.85143910140277","0.3233253603337511","165","165","165"
"15936","-4.196173329176918","-8.66020325142038","0.2678565930665448","166","166","166"
"16032","-3.439650213830895","-6.076254465680939","-0.8030459619808514","167","167","167"
"16128","-5.956100847144054","-8.66020325142038","-3.251998442867726","168","168","168"
"16224","-5.983141871186817","-8.660203251420382","-3.3060804909532515","169","169","169"
"16320","-5.512953630389738","-8.66020325142038","-2.3657040093590966","170","170","170"
"16416","-5.277642099380578","-7.894148711565849","-2.6611354871953066","171","171","171"
"16512","-4.822974705877663","-8.66020325142038","-0.9857461603349463","172","172","172"
"16608","-3.6921561744296496","-7.6553342791883745","0.2710219303290756","173","173","173"
"16704","-5.518240229734098","-8.66020325142038","-2.376277208047816","174","174","174"
"16800","-3.7237090601577347","-7.755821176411575","0.3084030560961059","175","175","175"
"16896","-4.922090674717319","-8.66020325142038","-1.1839780980142574","176","176","176"
"16992","-5.042674951385161","-8.66020325142038","-1.42514665134994","177","177","177"
"17088","-4.168438945543315","-8.66020325142038","0.3233253603337511","178","178","178"
"17184","-4.274820042830126","-8.660203251420382","0.11056316576012969","179","179","179"
"17280","-4.147336697126444","-8.660203251420382","0.3655298571674946","180","180","180"
"17376","-3.0304248344905687","-6.399248063898368","0.3383983949172309","181","181","181"
"17472","-4.16290509617879","-7.511121441638584","-0.814688750718995","182","182","182"
"17568","-5.060762592885336","-6.851439101402771","-3.2700860843679016","183","183","183"
"17664","-4.0218713557223165","-8.247388177185552","0.20364546574092035","184","184","184"
"17760","-2.6649037458411766","-5.645596334724364","0.31578884304201116","185","185","185"
"17856","-3.640656639602759","-7.529725657659374","0.2484123784538559","186","186","186"
"17952","-4.748581205368234","-7.529725657659374","-1.9674367530770933","187","187","187"
"18048","-4.368694976438123","-6.076254465680939","-2.661135487195306","188","188","188"
"18144","-4.228166975557948","-8.66020325142038","0.20386930030448436","189","189","189"
"18240","-1.3907447052159454","-3.0749701622903514","0.29348075185846073","190","190","190"
"18336","-1.5391147702177064","-3.3417149534727484","0.2634854130373357","191","191","191"
"18432","-2.665377469785228","-3.0530343863657876","-2.2777205532046683","192","192","192"
"18528","-0.4377875209590758","-1.1839780980142576","0.3084030560961059","193","193","193"
"18624","-2.6984420014411485","-4.213056635213874","-1.1838273676684228","194","194","194"
"18720","-1.5588444681054072","-1.9338615685423914","-1.183827367668423","195","195","195"
"18816","0.2842259086242044","0.27527252608161723","0.2931792911667915","196","196","196"
"18912","-0.43216534422229125","-1.1576607099572085","0.29333002151262605","197","197","197"
"19008","-0.5592008145290082","-1.4794095758504668","0.36100794679245063","198","198","198"
"19104","-0.632702142121441","-1.53313167987014","0.26772739562725795","199","199","199"
"19200","-0.334785508474734","-0.9853598599914791","0.31578884304201116","200","200","200"
"19296","0.27090888256969964","0.2484123784538559","0.2934053866855434","201","201","201"
"19392","-2.013758700524558","-3.3060804909532515","-0.7214369100958647","202","202","202"
"19488","-0.41428842884009753","-1.1368291834304662","0.3082523257502712","203","203","203"
"19584","-0.2420907140953062","-0.7902804632861008","0.3060990350954884","204","204","204"
"19680","-1.2791848016921472","-2.6912815563622665","0.13291195297797187","205","205","205"
"19776","-2.9985302933119238","-3.3060804909532515","-2.6909800956705965","206","206","206"
"19872","0.2974720989526832","0.23393625111291574","0.36100794679245063","207","207","207"
"19968","-1.6226255832872725","-3.5565180992415124","0.31126693266696726","208","208","208"
"20064","-0.41286142030280704","-1.07413521905947","0.2484123784538559","209","209","209"
"20160","-0.4676517243793248","-1.228595787684817","0.29329233892616746","210","210","210"
"20256","-0.8259030884491043","-1.9451663444800016","0.293360167581793","211","211","211"
"20352","-1.4948486698452599","-3.270086084367901","0.2803887446773813","212","212","212"
"20448","0.26045681619125527","0.24265664545336424","0.2782569869291463","213","213","213"
"20544","-0.350094759043043","-1.0114564507530532","0.31126693266696726","214","214","214"
"20640","0.23620046207590795","0.21871699302094152","0.25368393113087434","215","215","215"
"20736","0.28579350422088623","0.2633346826915011","0.3082523257502713","216","216","216"
"20832","-1.4188182321276765","-3.0529213386064122","0.21528487435105897","217","217","217"
"20928","0.29788207795683697","0.25736576099644304","0.3383983949172309","218","218","218"
"21024","0.2699446390144877","0.21656391769522423","0.3233253603337511","219","219","219"
"21120","0.03071244136826383","-0.12484923019526448","0.18627411293179214","220","220","220"
"21216","-0.37833386459173246","-0.9961267250947338","0.2394589959112688","221","221","221"
"21312","0.27563337452954517","0.21286835414185945","0.3383983949172309","222","222","222"
"21408","-0.2854184850478073","-0.814575702959619","0.24373873286400435","223","223","223"
"21504","-0.6454846799301499","-1.5098355759236173","0.21886621606331755","224","224","224"
"21600","0.24019789415419157","0.18699040162283972","0.2934053866855434","225","225","225"
"21696","-0.8033086096084678","-1.9451663444800011","0.3385491252630655","226","226","226"
"21792","-1.1734262085069245","-1.52097193811662","-0.8258804788972289","227","227","227"
"21888","-0.11753336064556719","-0.5928447321014108","0.3577780108102764","228","228","228"
"21984","-0.8089609975772729","-1.9112520166671718","0.29333002151262605","229","229","229"
"22080","-1.0720069839655484","-1.1839780980142576","-0.9600358699168392","230","230","230"
"22176","-1.9494169402325432","-4.138292876376355","0.2394589959112688","231","231","231"
"22272","-1.0793281721918102","-1.1987496719060682","-0.9599066724775523","232","232","232"
"22368","-1.7455728290100376","-1.9225567926047815","-1.5685888654152937","233","233","233"
"22464","0.2822136585073095","0.2484123784538559","0.3160149385607631","234","234","234"
"22560","-0.4453240382508158","-1.183827367668423","0.2931792911667915","235","235","235"
"22656","-0.8032709270220092","-0.8257674311378529","-0.7807744229061655","236","236","236"
"22752","-0.45278519036963827","-1.1689050634307776","0.26333468269150107","237","237","237"
"22848","-0.6121724106238626","-1.4794095758504668","0.25506475460274153","238","238","238"
"22944","-1.5531920801366024","-1.9225567926047817","-1.1838273676684228","239","239","239"
"23040","-0.8591187811089906","-2.0120928789858405","0.2938553167678593","240","240","240"
"23136","-0.11235972553326115","-0.4796563002043701","0.2549368491378478","241","241","241"
"23232","-0.46306499995557193","-1.1836766373225884","0.25754663741144457","242","242","242"
"23328","-2.1032523311915403","-2.691281556362265","-1.5152231060208157","243","243","243"
"23424","-1.0846689790028683","-1.1839780980142576","-0.985359859991479","244","244","244"
"23520","-0.3228340993534926","-1.0111980558744798","0.36552985716749453","245","245","245"
"23616","-2.5556242451109457","-4.138292876376355","-0.9729556138455361","246","246","246"
"23712","-1.626333808189687","-3.492305679941494","0.23963806356212003","247","247","247"
"23808","-0.44509869638379324","-1.1387589942638183","0.24856160149623188","248","248","248"
"23904","-1.506089751445302","-3.23391080136755","0.22173129847694578","249","249","249"
"24000","0.30471016262315326","0.2822136585073095","0.327206666738997","250","250","250"
"24096","0.2636346360797117","0.20394391182567237","0.3233253603337511","251","251","251"
"24192","0.2677267496400614","0.254807651698561","0.2806458475815618","252","252","252"
"24288","-0.8536365243656585","-1.922556792604782","0.215283743873465","253","253","253"
"24384","-1.2436315165077028","-2.7358992460328255","0.2486362130174199","254","254","254"
"24480","-0.6199526804177238","-1.533310747520991","0.2934053866855434","255","255","255"
"24576","-1.0812553582840203","-2.366870662235858","0.20435994566781757","256","256","256"
"24672","-0.5385403762107586","-1.3320163095849717","0.2549355571634547","257","257","257"
"24768","-0.7678362234103712","-1.6863120972330372","0.1506396504122949","258","258","258"
"24864","-0.19021292792541541","-0.7414338026432814","0.3610079467924506","259","259","259"
"24960","0.27661779441819256","0.24863847397260785","0.3045971148637773","260","260","260"
"25056","-0.3766082699411984","-1.0109422449446925","0.25772570506229575","261","261","261"
"25152","0.2494782573279734","0.21856776997856553","0.2803887446773813","262","262","262"
"25248","0.23589855672971732","0.19278948940803248","0.27900762405140217","263","263","263"
"25344","-0.35581174573149166","-0.9600358699168392","0.24841237845385591","264","264","264"
"25440","-1.55402174302589","-2.3159642872080046","-0.7920791988437754","265","265","265"
"25536","0.26139607511499974","0.20377337120581407","0.31901877902418546","266","266","266"
"25632","-0.5657132698511471","-1.4969563968697888","0.3655298571674946","267","267","267"
"25728","-0.829310724742565","-2.0120928789858405","0.35347142950071064","268","268","268"
"25824","-0.9940369753430575","-2.3415453801868256","0.3534714295007107","269","269","269"
"25920","-1.834121145412849","-2.7211261648375555","-0.9471161259881422","270","270","270"
"26016","-0.7829963578008932","-1.8772596482687536","0.3112669326669672","271","271","271"
"26112","-0.3422912337101102","-0.9600358699168392","0.27545340249661876","272","272","272"
"26208","-0.8413034232121117","-0.9212766381307483","-0.761330208293475","273","273","273"
"26304","-1.2437434337894848","-2.691281556362266","0.20379468878329635","274","274","274"
"26400","-0.22885846596493434","-0.7512825234401275","0.2935655915102588","275","275","275"
"26496","0.26670169715675807","0.23999800762797277","0.2934053866855434","276","276","276"
"26592","-1.248742405709096","-2.7211261648375564","0.22364135341936459","277","277","277"
"26688","-0.33004029473139634","-0.9041117893406783","0.2440311998778856","278","278","278"
"26784","-0.6408823425886152","-1.5154039824358172","0.2336392972585867","279","279","279"
"26880","0.2383957817343364","0.23733256755740403","0.2394589959112688","280","280","280"
"26976","-0.17599110871314028","-0.5854722916424913","0.2334900742162107","281","281","281"
"27072","-0.9158456425305987","-1.02411909177757","-0.8075721932836276","282","282","282"
"27168","0.2614693946617955","0.2596041066320898","0.2633346826915011","283","283","283"
"27264","-1.3720700739864067","-2.7506723272280946","0.006532179255281249","284","284","284"
"27360","0.2839658987776392","0.2633346826915011","0.3045971148637773","285","285","285"
"27456","0.28780895735762946","0.25982907167324776","0.31578884304201116","286","286","286"
"27552","-0.46778285978020084","-1.1839780980142576","0.24841237845385591","287","287","287"
"27648","-0.29625172622019713","-0.8707604393695405","0.2782569869291463","288","288","288"
"27744","0.24868278869428306","0.22155223082609457","0.27581334656247153","289","289","289"
"27840","0.28206292816147494","0.2707958348103237","0.2933300215126261","290","290","290"
"27936","-0.603575828342773","-1.5154039824358172","0.3082523257502712","291","291","291"
"28032","-0.46039707283429554","-1.2139734368353825","0.2931792911667915","292","292","292"
"28128","-0.3749235999316155","-0.9984088013594629","0.24856160149623188","293","293","293"
"28224","0.22922655871974068","0.20364546574092035","0.254807651698561","294","294","294"
"28320","-0.6228693126096274","-1.4792286994354655","0.2334900742162107","295","295","295"
"28416","-0.19005646530452813","-0.6735183172945997","0.2934053866855434","296","296","296"
"28512","-0.37818508162188214","-1.0497001847563903","0.29333002151262605","297","297","297"
"28608","0.21759014426025616","0.15954781837304233","0.27563247014747","298","298","298"
"28704","-2.0181602274389236","-2.4004839766809445","-1.6358364781969024","299","299","299"
"28800","-0.6319131333597154","-1.4973163409356416","0.2334900742162107","300","300","300"
"28896","0.2696766619925003","0.257365760996443","0.2819875629885576","301","301","301"
"28992","-2.9593868243013186","-3.3417149534727484","-2.577058695129889","302","302","302"
"29088","-1.9450532967206253","-1.9451663444800011","-1.9449402489612495","303","303","303"
"29184","-0.4059093447894079","-1.0751533722703168","0.26333468269150107","304","304","304"
"29280","-0.389644672697699","-1.036655106391841","0.25736576099644304","305","305","305"
"29376","0.29176242591594426","0.27527252608161723","0.3082523257502713","306","306","306"
"29472","-0.9058213944560429","-0.9858753577742329","-0.8257674311378531","307","307","307"
"29568","0.26887725283691216","0.25736576099644304","0.2803887446773813","308","308","308"
"29664","0.2767647565053818","0.27527252608161723","0.2782569869291463","309","309","309"
"29760","-0.26618177587788416","-0.825993526656605","0.2936299749008367","310","310","310"
"29856","-1.6223058468563827","-2.04507418322987","-1.1995375104828951","311","311","311"
"29952","-0.8190976133346632","-1.9675498008364694","0.329354574167143","312","312","312"
"30048","0.28956176286675617","0.2633346826915011","0.31578884304201116","313","313","313"
"30144","-0.48604383364157","-1.287989558084527","0.31590189080138714","314","314","314"
"30240","0.27098898498205737","0.2484123784538559","0.2935655915102588","315","315","315"
"30336","-1.2221539437924993","-1.5152231060208154","-0.9290847815641834","316","316","316"
"30432","0.3114478090819688","0.257365760996443","0.36552985716749453","317","317","317"
"30528","-0.81989007812789","-2.0120928789858405","0.37231272273006044","318","318","318"
"30624","0.5725901878254728","0.303828892534505","0.8413514831164406","319","319","319"
"30720","-0.5637797205559039","-1.8773376888543425","0.7497782477425348","320","320","320"
"30816","-0.9473376255526826","-1.2401331489448664","-0.6545421021604988","321","321","321"
"30912","1.3012506105936588","0.294080658634882","2.3084205625524357","322","322","322"
"31008","0.8591640967170924","0.3323248232963497","1.386003370137835","323","323","323"
"31104","-0.008944024947765472","-1.1236859596803381","1.1057979097848072","324","324","324"
"31200","0.09757246749709848","-0.16586301179825366","0.36100794679245063","325","325","325"
"31296","1.37191045264916","0.9407452382147505","1.8030756670835693","326","326","326"
"31392","-0.40058731326403313","-1.6342722091734383","0.833097582645372","327","327","327"
"31488","2.208855929038819","1.208348598001348","3.2093632600762896","328","328","328"
"31584","0.21500706741799633","0.04639663616832235","0.3836174986676703","329","329","329"
"31680","0.7696819313702491","0.3836174986676703","1.1557463640728278","330","330","330"
"31776","0.5975805957942587","0.3452445672250467","0.8499166243634707","331","331","331"
"31872","0.37415060489588836","-0.5654446593310489","1.3137458691228256","332","332","332"
"31968","-0.5671436487064223","-1.5028317614970352","0.36854446408419056","333","333","333"
"32064","1.5952272634173377","-0.38393938189053184","3.5743939087252072","334","334","334"
"32160","-0.145863727268416","-1.42514665134994","1.133419196813108","335","335","335"
"32256","0.8679008051838769","0.3577780108102763","1.3780235995574774","336","336","336"
"32352","3.108976198959996","2.690130360004955","3.527822037915037","337","337","337"
"32448","3.567301185933051","3.175450184851064","3.9591521870150372","338","338","338"
"32544","-1.6179531831456928","-4.835829851086716","1.5999234847953305","339","339","339"
"32640","2.749452982112866","-0.06468207940250592","5.563588043628238","340","340","340"
"32736","1.036287463994672","-0.03792503635600043","2.1104999643453444","341","341","341"
"32832","3.7956362700979756","3.249553090382988","4.341719449812963","342","342","342"
"32928","2.472016676172882","1.4808158810953886","3.463217471250376","343","343","343"
"33024","1.9515585158300996","1.125770296705264","2.7773467349549352","344","344","344"
"33120","1.2179033437300681","1.1815182483200757","1.2542884391400608","345","345","345"
"33216","0.5568245815555499","-0.08671467489557798","1.200363838006678","346","346","346"
"33312","6.265467812325886","5.112062627669334","7.418872996982438","347","347","347"
"33408","3.99049074633313","0.1288234060449222","7.852158086621338","348","348","348"
"33504","4.694895761846386","4.570235072276159","4.819556451416614","349","349","349"
"33600","6.425222436013215","5.763256032311655","7.087188839714774","350","350","350"
"33696","3.3486626565214523","0.3233253603337511","6.373999952709154","351","351","351"
"33792","0.9013833728289325","0.3102590411204402","1.4925077045374249","352","352","352"
"33888","2.642079578955735","-0.025860869153741205","5.310020027065212","353","353","353"
"33984","1.9918343689181157","-0.2921279613389259","4.2757966991751575","354","354","354"
"34080","2.4403826429255715","0.7646298216256786","4.116135464225464","355","355","355"
"34176","2.8020863603802733","-2.691281556362266","8.295454277122813","356","356","356"
"34272","2.7090171160027348","0.11079853465568165","5.307235697349788","357","357","357"
"34368","2.4671763319922517","-1.2640125259858812","6.198365189970384","358","358","358"
"34464","2.9078832419032077","-1.9853062425373058","7.801072726343722","359","359","359"
"34560","1.2554587255827248","-0.06203615215409251","2.572953603319542","360","360","360"
"34656","4.833214682353333","1.4353387117890382","8.231090652917628","361","361","361"
"34752","1.9469803545473807","-0.15074939044231883","4.04471009953708","362","362","362"
"34848","2.9282458689829918","2.321521900589449","3.5349698373765346","363","363","363"
"34944","1.891299734873646","-1.177603984620471","4.960203454367763","364","364","364"
"35040","0.857308843969369","0.0462356912882577","1.6683819966504803","365","365","365"
"35136","3.0225353353288598","0.2931792911667915","5.751891379490928","366","366","366"
"35232","2.4902548760501655","-1.0071775805367844","5.987687332637115","367","367","367"
"35328","2.7349774958491233","-1.423539149044725","6.8934941407429715","368","368","368"
"35424","3.366321632343818","-0.9857461603349463","7.718389425022582","369","369","369"
"35520","2.2549009442834373","-1.464057163674447","5.9738590522413215","370","370","370"
"35616","5.336726230547339","0.06392889221635714","10.609523568878322","371","371","371"
"35712","7.286592750093284","3.0065704386618046","11.566615061524763","372","372","372"
"35808","7.354646739377085","0.29333002151262605","14.415963457241544","373","373","373"
"35904","4.806155403933201","-1.5505012239151181","11.16281203178152","374","374","374"
"36000","3.051977863944204","0.925882505938923","5.178073221949485","375","375","375"
"36096","5.44006518078319","1.700074681165931","9.180055680400448","376","376","376"
"36192","7.044129953732884","2.1015542589463188","11.986705648519449","377","377","377"
"36288","3.6706349747837375","-1.5062706278603037","8.847540577427779","378","378","378"
"36384","6.496789173277044","2.1101151745376994","10.88346317201639","379","379","379"
"36480","7.3347039881933815","0.009129865450159511","14.660278110936604","380","380","380"
"36576","3.33867350418608","0.27124576489263963","6.406101243479521","381","381","381"
"36672","5.0836841576503735","-2.7059039072117006","12.873272222512448","382","382","382"
"36768","8.023714436234496","2.2040824188095596","13.843346453659432","383","383","383"
"36864","3.350042571479837","-3.812272551212658","10.512357694172332","384","384","384"
"36960","1.5544643010922945","-4.228129669797354","7.337058271981943","385","385","385"
"37056","-0.33364231333142946","-7.552222161775218","6.884937535112359","386","386","386"
"37152","7.410672486353851","2.7064549056347227","12.11489006707298","387","387","387"
"37248","4.821449922263751","-0.8500302382371313","10.492930082764634","388","388","388"
"37344","3.0589112992013385","-1.4621363095319093","7.579958907934587","389","389","389"
"37440","3.2781818635587756","-2.691281556362265","9.247645283479816","390","390","390"
"37536","1.8742548798090866","-6.421857615773588","10.170367375391761","391","391","391"
"37632","5.5554157522586145","0.8441318742041739","10.266699630313056","392","392","392"
"37728","1.3722125167995638","-1.1732156555016076","3.917640689100735","393","393","393"
"37824","4.083751359702538","2.0503305694431586","6.1171721499619185","394","394","394"
"37920","2.6911530977296283","0.030423349939856664","5.3518828455194","395","395","395"
"38016","2.242815891097985","-4.183511980126795","8.669143762322765","396","396","396"
"38112","6.072345395287298","1.3257044596847736","10.818986330889823","397","397","397"
"38208","6.786894433341778","2.0695623593475223","11.504226507336034","398","398","398"
"38304","3.835309705682156","-2.6460624526118264","10.316681863976138","399","399","399"
"38400","4.6273701142068795","-5.5818016171738165","14.836541845587575","400","400","400"
"38496","1.8001828618823617","-3.8417619677352994","7.442127691500023","401","401","401"
"38592","5.291442944026138","-1.2600047281444433","11.84289061619672","402","402","402"
"38688","4.542037803480821","-0.1859978997873542","9.270073506748997","403","403","403"
"38784","5.410613555929175","1.3106672907300538","9.510559821128297","404","404","404"
"38880","5.318509765164543","0.053143748095607936","10.583875782233479","405","405","405"
"38976","8.889729338129198","3.6179842772504998","14.161474399007897","406","406","406"
"39072","2.541725009322613","-0.7251180291381258","5.808568047783352","407","407","407"
"39168","5.509233500105489","-1.4406298711046428","12.45909687131562","408","408","408"
"39264","4.355420370026129","-0.2039415951519512","8.91478233520421","409","409","409"
"39360","6.42795192613612","4.136192114884031","8.71971173738821","410","410","410"
"39456","7.175298959700384","-0.4532663875379774","14.803864306938745","411","411","411"
"39552","3.216677292258712","0.5113515635030321","5.922003021014392","412","412","412"
"39648","6.4696334469841625","0.027961866883840416","12.911305027084484","413","413","413"
"39744","4.88003624219536","-1.8773376888543425","11.637410173245064","414","414","414"
"39840","5.721334237746344","0.9552293292896877","10.487439146203","415","415","415"
"39936","5.0542417614448745","-2.960138385613559","13.068621908503308","416","416","416"
"40032","5.746265481005249","0.5487702045436236","10.943760757466874","417","417","417"
"40128","2.5123643313597563","-3.7534047415424943","8.778133404262007","418","418","418"
"40224","5.827812786720266","-2.5443639286914337","14.199989502131965","419","419","419"
"40320","4.548053498673557","0.0002772807728966357","9.095829716574217","420","420","420"
"40416","2.4834592402582754","-3.2519984428677255","8.218916923384276","421","421","421"
"40512","2.867927352361015","-0.13874198915795244","5.874596693879982","422","422","422"
"40608","2.17372892603411","-0.06106666122372525","4.408524513291945","423","423","423"
"40704","3.943946918574717","-1.967549800836469","9.855443637985903","424","424","424"
"40800","7.178626383910287","-0.14503278741329179","14.502285555233867","425","425","425"
"40896","6.495277859984997","1.1593606759637716","11.831195044006222","426","426","426"
"40992","5.246035479553366","-0.29800187549953766","10.790072834606269","427","427","427"
"41088","3.22414850279275","-4.8101195606686105","11.25841656625411","428","428","428"
"41184","4.960801866924747","-3.5462375783860214","13.467841312235516","429","429","429"
"41280","4.057861584987026","-3.288173725868077","11.403896895842129","430","430","430"
"41376","6.774768092713545","0.01698799005550633","13.532548195371584","431","431","431"
"41472","3.4170697980458584","-2.7875503872577423","9.621689983349459","432","432","432"
"41568","4.437306646312712","-2.6611354871953057","11.53574877982073","433","433","433"
"41664","1.9753959922883295","-8.66020325142038","12.61099523599704","434","434","434"
"41760","6.12397964615019","-2.8166040236748198","15.0645633159752","435","435","435"
"41856","4.84870426792703","-4.168438945543315","13.865847481397374","436","436","436"
"41952","4.84343994414622","-3.2700860843679016","12.956965972660342","437","437","437"
"42048","3.644590291175235","-4.149597652313965","11.438778234664435","438","438","438"
"42144","3.7694959054064143","-4.138292876376355","11.677284687189184","439","439","439"
"42240","5.489456238622162","-3.5181451677988886","14.497057645043212","440","440","440"
"42336","8.766902682761836","2.2063286307462233","15.327476734777449","441","441","441"
"42432","0.42237780342630593","-8.66020325142038","9.504958858272992","442","442","442"
"42528","9.139604405890111","1.8078971404573039","16.47131167132292","443","443","443"
"42624","7.141867943769109","2.2733649832988165","12.010370904239402","444","444","444"
"42720","4.719742792380257","-4.823039304597307","14.26252488935782","445","445","445"
"42816","2.4469810893314046","-2.518655323373032","7.412617502035841","446","446","446"
"42912","6.1689196291247494","-1.8201254124521928","14.157964670701691","447","447","447"
"43008","5.401853774770988","1.4799896704725064","9.32371787906947","448","448","448"
"43104","6.980437198349309","0.0861118010180153","13.874762595680602","449","449","449"
"43200","6.714680724392063","0.3112669326669672","13.118094516117159","450","450","450"
"43296","5.3363302686511185","-2.1057993677552176","12.778459905057455","451","451","451"
"43392","3.9064615870834167","-4.680821634484413","12.493744808651247","452","452","452"
"43488","6.654736362730111","2.538518548228805","10.770954177231417","453","453","453"
"43584","5.457169890290186","-2.056979829814877","12.971319610395248","454","454","454"
"43680","6.802267500736337","-1.4974972173506427","15.102032218823318","455","455","455"
"43776","2.9418359931325564","-5.096756999470686","10.980428985735799","456","456","456"
"43872","6.855835114208742","0.6879537281763758","13.023716500241107","457","457","457"
"43968","2.8162148056802354","-6.421857615773587","12.054287227134058","458","458","458"
"44064","2.5276760827171434","-1.8668863949084908","6.922238560342778","459","459","459"
"44160","6.472130574539349","-1.9252665527686577","14.869527701847357","460","460","460"
"44256","5.3590871404217815","-4.183511980126794","14.901686260970356","461","461","461"
"44352","6.936599088091611","-0.33869025141172115","14.211888427594943","462","462","462"
"44448","5.178405582244126","-2.6611354871953066","13.017946651683559","463","463","463"
"44544","7.66726141702675","-2.0721740714355783","17.406696905489078","464","464","464"
"44640","3.619414669391955","-2.439974757507984","9.678804096291895","465","465","465"
"44736","7.964807482337349","-0.13271550458536696","16.062330469260065","466","466","466"
"44832","1.9488434256856633","-0.24570816882122867","4.143395020192555","467","467","467"
"44928","8.58375321875572","3.9373832182780246","13.230123219233418","468","468","468"
"45024","8.350608333071275","4.029039762824775","12.672176903317775","469","469","469"
"45120","10.047257289615105","4.1822860881625274","15.912228491067683","470","470","470"
"45216","13.75563289090997","7.89656475242013","19.61470102939981","471","471","471"
"45312","11.819220409563414","2.4652846508634845","21.173156168263343","472","472","472"
"45408","7.997924355690493","4.619230247444576","11.37661846393641","473","473","473"
"45504","12.627883454461692","10.029850010326408","15.225916898596978","474","474","474"
"45600","14.302014460970238","8.701719808206029","19.902309113734447","475","475","475"
"45696","9.92645407932831","9.071403676344092","10.78150448231253","476","476","476"
"45792","12.294066969172603","7.288566411574895","17.29956752677031","477","477","477"
"45888","13.282174146180623","10.614625360445565","15.949722931915678","478","478","478"
"45984","11.481657162176933","9.75644938182426","13.206864942529608","479","479","479"
"46080","12.91074957777277","8.704055535502606","17.11744362004293","480","480","480"
"46176","14.146967566047207","8.778613411125814","19.5153217209686","481","481","481"
"46272","12.07466916957133","7.414256367682404","16.735081971460257","482","482","482"
"46368","16.719141262666117","11.236972613861221","22.20130991147101","483","483","483"
"46464","14.53916223565923","9.299076497647249","19.77924797367121","484","484","484"
"46560","11.388182679371372","8.994887377533468","13.781477981209278","485","485","485"
"46656","9.192181827265163","6.565818594317313","11.818545060213012","486","486","486"
"46752","9.002085145119612","3.524739272357198","14.479431017882026","487","487","487"
"46848","12.400664640070003","6.6297946059562705","18.171534674183736","488","488","488"
"46944","9.902490157575944","5.8220505565057925","13.982929758646094","489","489","489"
"47040","13.57701807428558","9.88327359942561","17.270762549145548","490","490","490"
"47136","11.06487886368768","5.903054439577725","16.226703287797633","491","491","491"
"47232","8.254070499622614","3.9615812429390327","12.546559756306197","492","492","492"
"47328","15.132124243631278","10.304886589283235","19.95936189797932","493","493","493"
"47424","14.103140531045751","8.672746738289007","19.533534323802495","494","494","494"
"47520","11.220310595768655","10.095799133062567","12.344822058474742","495","495","495"
"47616","12.91784230493797","9.059597624498526","16.776086985377415","496","496","496"
"47712","10.993825042833413","9.872094558838777","12.115555526828048","497","497","497"
"47808","11.03193474086302","6.836814449675169","15.227055032050872","498","498","498"
"47904","12.646755518501703","6.978429071746356","18.31508196525705","499","499","499"
"48000","11.721334786845592","6.598074121055933","16.84459545263525","500","500","500"
"48096","14.887495262884453","9.833456611298148","19.941533914470757","501","501","501"
"48192","14.2200732443019","7.6954141260442555","20.744732362559546","502","502","502"
"48288","12.901075901599215","6.829387436321194","18.972764366877236","503","503","503"
"48384","10.96891464857966","2.97567739758268","18.96215189957664","504","504","504"
"48480","12.830196653635884","8.106577232987572","17.553816074284196","505","505","505"
"48576","14.010407607235317","10.433697113409693","17.58711810106094","506","506","506"
"48672","15.838311145222177","10.43967657142342","21.236945719020934","507","507","507"
"48768","10.343362421878133","6.7844079574991385","13.902316886257129","508","508","508"
"48864","13.806239179543802","11.798665558733829","15.813812800353775","509","509","509"
"48960","13.290607769022344","9.517169114278927","17.064046423765763","510","510","510"
"49056","16.18407768306359","11.934586547227658","20.433568818899523","511","511","511"
"49152","14.648624336402477","10.682875673431969","18.614372999372986","512","512","512"
"49248","15.208148062623403","7.3985345097858355","23.01776161546097","513","513","513"
"49344","11.682008619879323","9.393302561148124","13.97071467861052","514","514","514"
"49440","15.410920866937325","10.467966528645794","20.353875205228857","515","515","515"
"49536","12.910652287360401","9.053892084207963","16.76741249051284","516","516","516"
"49632","13.309571523068016","10.552691181006344","16.066451865129686","517","517","517"
"49728","16.812108022840615","10.10331665858012","23.52089938710111","518","518","518"
"49824","16.515410484769426","12.392327940333235","20.638493029205616","519","519","519"
"49920","9.393412192715727","7.214788633141051","11.572035752290404","520","520","520"
"50016","13.532684615077304","4.781051083526984","22.284318146627626","521","521","521"
"50112","15.32830618195148","8.892267717905321","21.764344645997635","522","522","522"
"50208","11.96000857786943","7.8066669543133305","16.113350201425533","523","523","523"
"50304","16.224575666090107","12.320486157823686","20.12866517435653","524","524","524"
"50400","13.699095947851882","7.623609153439105","19.77458274226466","525","525","525"
"50496","11.561405188333593","7.862791481210906","15.260018895456279","526","526","526"
"50592","18.889807322777642","13.639486814505108","24.140127831050172","527","527","527"
"50688","14.348555822119689","9.268136726510464","19.428974917728915","528","528","528"
"50784","12.083112072679254","9.24738859164116","14.918835553717349","529","529","529"
"50880","13.058662603856286","5.935616552817737","20.181708654894834","530","530","530"
"50976","15.502285966813913","8.886612983651784","22.117958949976043","531","531","531"
"51072","16.103704919570724","13.57868185232767","18.628727986813782","532","532","532"
"51168","12.609952931218826","8.513516566387754","16.7063892960499","533","533","533"
"51264","13.159700503429931","10.328621937858484","15.990779069001379","534","534","534"
"51360","16.37002094343043","12.373906684518998","20.366135202341862","535","535","535"
"51456","16.82443228418246","10.192208783141504","23.456655785223415","536","536","536"
"51552","17.37988814042094","13.399254702888964","21.36052157795292","537","537","537"
"51648","17.532282282166506","11.789022365752084","23.27554219858093","538","538","538"
"51744","14.834684695650438","9.523921377149556","20.14544801415132","539","539","539"
"51840","12.94418029570525","7.15643778099934","18.73192281041116","540","540","540"
"51936","15.77643058168233","11.516952803968914","20.035908359395748","541","541","541"
"52032","14.689029573252348","12.258825932219066","17.119233214285632","542","542","542"
"52128","18.180028508033363","13.525143195000648","22.834913821066078","543","543","543"
"52224","12.194233294066859","9.469551757907817","14.918914830225901","544","544","544"
"52320","16.273767569953552","9.901877075224617","22.64565806468249","545","545","545"
"52416","16.730799491708687","14.09885347632779","19.362745507089585","546","546","546"
"52512","17.67309847635162","13.699555663702942","21.646641289000296","547","547","547"
"52608","18.662620724750575","12.48991160120207","24.835329848299082","548","548","548"
"52704","15.778469476304174","12.469731335644683","19.087207616963664","549","549","549"
"52800","13.594993165980451","4.962267546351123","22.227718785609778","550","550","550"
"52896","12.639952673186347","8.521329793979248","16.758575552393445","551","551","551"
"52992","15.970928017178586","9.841743366947396","22.100112667409775","552","552","552"
"53088","16.029844844068037","8.965226063470515","23.094463624665558","553","553","553"
"53184","12.146446041676976","9.905240732718617","14.387651350635334","554","554","554"
"53280","13.326824127269825","11.458798580981558","15.194849673558092","555","555","555"
"53376","17.688102978392752","11.189376986971748","24.186828969813757","556","556","556"
"53472","16.75320958768809","6.983694583664089","26.52272459171209","557","557","557"
"53568","17.5107829335254","17.059412043184036","17.962153823866768","558","558","558"
"53664","17.8308847128556","11.026436704635547","24.635332721075653","559","559","559"
"53760","17.092309807556965","14.545308352612828","19.639311262501103","560","560","560"
"53856","16.13781822596779","11.105593835362832","21.17004261657275","561","561","561"
"53952","14.22547312082596","9.56776850196337","18.883177739688552","562","562","562"
"54048","12.65756645368954","10.47533771668276","14.83979519069632","563","563","563"
"54144","12.25589917480699","9.247420071658862","15.264378277955117","564","564","564"
"54240","17.48962577671098","15.70757124230491","19.271680311117052","565","565","565"
"54336","18.545758083552116","10.815947550294615","26.27556861680962","566","566","566"
"54432","12.750715876321697","7.354856703453952","18.146575049189444","567","567","567"
"54528","16.186080641684683","9.004927686461139","23.36723359690823","568","568","568"
"54624","16.109276628446988","7.8337600965620595","24.384793160331917","569","569","569"
"54720","14.705480082608464","12.973545440108428","16.4374147251085","570","570","570"
"54816","11.113022298504443","8.496688147348486","13.7293564496604","571","571","571"
"54912","13.01491053127374","9.781792851602052","16.248028210945428","572","572","572"
"55008","15.499373948383164","6.617965798346696","24.380782098419633","573","573","573"
"55104","14.630134667469527","11.113287874691105","18.14698146024795","574","574","574"
"55200","16.79941848263582","15.862021249596365","17.736815715675274","575","575","575"
"55296","17.797333344972845","9.74161654217046","25.85305014777523","576","576","576"
"55392","21.04377142048206","17.969807786773025","24.117735054191098","577","577","577"
"55488","19.053735697154476","11.240200117696581","26.86727127661237","578","578","578"
"55584","14.701558457846538","9.052128050585788","20.350988865107286","579","579","579"
"55680","15.020190015246627","13.09488285962626","16.945497170866993","580","580","580"
"55776","16.12442229795447","13.141374018541184","19.10747057736776","581","581","581"
"55872","17.721539277347464","12.406874680684814","23.036203874010113","582","582","582"
"55968","19.55118176721968","13.232609901118028","25.86975363332133","583","583","583"
"56064","11.131899721486715","6.6526113114013175","15.611188131572112","584","584","584"
"56160","16.928759841909336","13.782725261544812","20.07479442227386","585","585","585"
"56256","14.934162638745644","10.020412999828753","19.847912277662534","586","586","586"
"56352","12.625922144478256","5.184909759417691","20.066934529538823","587","587","587"
"56448","14.159481795732486","12.21941907325015","16.09954451821482","588","588","588"
"56544","15.839076606896569","15.007925169754767","16.67022804403837","589","589","589"
"56640","16.23427601584154","12.164690629939292","20.303861401743788","590","590","590"
"56736","17.350692560661646","13.739199313824221","20.96218580749907","591","591","591"
"56832","15.519039297252824","7.827072609211962","23.21100598529369","592","592","592"
"56928","18.898898100116337","15.74771887223803","22.050077327994643","593","593","593"
"57024","13.345658979038344","11.652894460399128","15.038423497677561","594","594","594"
"57120","13.152949084010665","12.08466203269257","14.22123613532876","595","595","595"
"57216","13.221690790849145","9.675792902675374","16.767588679022918","596","596","596"
"57312","19.9650038687708","12.659900188760234","27.270107548781368","597","597","597"
"57408","13.784833742076696","8.3557426500711","19.21392483408229","598","598","598"
"57504","17.069733563718266","8.160040172696856","25.979426954739672","599","599","599"
"57600","16.405198577978346","14.616350251191347","18.194046904765344","600","600","600"
"57696","12.993214101966677","10.588048645050694","15.39837955888266","601","601","601"
"57792","19.004608548972925","12.00461420883422","26.00460288911163","602","602","602"
"57888","18.82298609227596","13.210427738879938","24.435544445671983","603","603","603"
"57984","16.879711447362354","11.917240022430759","21.842182872293947","604","604","604"
"58080","16.48299526109699","16.236895749287736","16.72909477290624","605","605","605"
"58176","10.677404290037394","9.129051650959434","12.225756929115352","606","606","606"
"58272","19.797844958462925","11.282225527573228","28.313464389352617","607","607","607"
"58368","11.434196428480496","5.539265374207363","17.329127482753627","608","608","608"
"58464","10.909617870929287","8.629833498760561","13.189402243098012","609","609","609"
"58560","18.369881256086636","12.978510543759612","23.761251968413656","610","610","610"
"58656","15.361925890750042","14.037719874194668","16.686131907305416","611","611","611"
"58752","15.134026049595242","12.396216829919494","17.87183526927099","612","612","612"
"58848","14.528392088109959","14.143248926540522","14.913535249679395","613","613","613"
"58944","19.91495553286978","14.73246673615462","25.09744432958494","614","614","614"
"59040","16.02323028940818","6.847296298466284","25.199164280350075","615","615","615"
"59136","15.241044848635113","10.104910359656447","20.37717933761378","616","616","616"
"59232","17.683326271688145","16.944652691761863","18.421999851614427","617","617","617"
"59328","17.463649157668478","15.6924084065314","19.23488990880556","618","618","618"
"59424","14.91041748296643","13.50984066520473","16.310994300728133","619","619","619"
"59520","12.676453339050422","12.10114708095664","13.251759597144204","620","620","620"
"59616","15.611320659004054","11.019954246477297","20.20268707153081","621","621","621"
"59712","12.960913894340823","9.247033859593744","16.6747939290879","622","622","622"
"59808","16.170421436151507","11.859903825127718","20.480939047175294","623","623","623"
"59904","15.391565927916261","9.746445267730802","21.03668658810172","624","624","624"
"60000","20.572805553917725","14.19518910366753","26.95042200416792","625","625","625"
"60096","14.861243460083793","9.414260267499717","20.30822665266787","626","626","626"
"60192","14.050277810083049","11.66890951909106","16.43164610107504","627","627","627"
"60288","12.630493804218624","9.729987658822353","15.530999949614896","628","628","628"
"60384","14.349613490290817","7.251303370309946","21.447923610271687","629","629","629"
"60480","21.823116600752847","17.93561431326029","25.710618888245403","630","630","630"
"60576","20.104814427373658","12.0204849105246","28.189143944222714","631","631","631"
"60672","16.23522151469716","11.745072074862774","20.725370954531545","632","632","632"
"60768","13.698015233906846","2.5427515539025505","24.85327891391114","633","633","633"
"60864","19.79936201049022","17.116906074217727","22.481817946762714","634","634","634"
"60960","19.071902414900862","14.176928530326217","23.966876299475505","635","635","635"
"61056","11.101285881537711","9.689137865957514","12.513433897117908","636","636","636"
"61152","18.334007673342107","14.557183854021188","22.110831492663024","637","637","637"
"61248","19.193099814677552","14.584408245618008","23.8017913837371","638","638","638"
"61344","15.78824303342897","15.223338235382405","16.353147831475532","639","639","639"
"61440","15.376498496677016","13.668614112001697","17.084382881352333","640","640","640"
"61536","18.25894972098423","14.723945821558935","21.793953620409525","641","641","641"
"61632","20.488146736731622","17.71198846295612","23.264305010507126","642","642","642"
"61728","11.068272597815454","10.763753700413632","11.372791495217275","643","643","643"
"61824","16.925352416109824","11.79766697013846","22.053037862081187","644","644","644"
"61920","14.940462220468735","13.324398696838099","16.55652574409937","645","645","645"
"62016","18.212487422709373","17.53755743483293","18.88741741058581","646","646","646"
"62112","16.189142333707984","14.085568030074606","18.292716637341364","647","647","647"
"62208","20.279057956622015","15.347784111485598","25.210331801758432","648","648","648"
"62304","19.21603050673501","15.19575545768723","23.23630555578279","649","649","649"
"62400","18.88948562849089","16.46393278895054","21.315038468031236","650","650","650"
"62496","15.794789909024452","11.821439400951602","19.768140417097303","651","651","651"
"62592","13.939037916110822","8.78473183311192","19.093343999109724","652","652","652"
"62688","20.06685381421729","15.4885759409173","24.645131687517278","653","653","653"
"62784","16.12617639967025","14.039896770937524","18.21245602840298","654","654","654"
"62880","18.64810406123337","10.257468077023713","27.038740045443024","655","655","655"
"62976","17.431801293795935","17.219172957409203","17.64442963018267","656","656","656"
"63072","12.905804162196343","10.32178903007559","15.489819294317094","657","657","657"
"63168","15.407582887123088","7.882763110824201","22.932402663421975","658","658","658"
"63264","15.811952122543019","12.577396258769861","19.046507986316175","659","659","659"
"63360","15.500450401662562","14.032841531620981","16.968059271704142","660","660","660"
"63456","18.969521448271927","15.318622579974658","22.6204203165692","661","661","661"
"63552","16.814618330996204","13.187132692492424","20.442103969499986","662","662","662"
"63648","16.142921550074355","8.414419724301746","23.871423375846963","663","663","663"
"63744","16.434006096273794","12.470844525816348","20.39716766673124","664","664","664"
"63840","15.646224346429696","14.943838018186913","16.34861067467248","665","665","665"
"63936","10.516001513761761","8.008786555211946","13.023216472311576","666","666","666"
"64032","19.786605223041676","15.421054523352932","24.152155922730415","667","667","667"
"64128","11.579903603337002","11.044373430382684","12.115433776291319","668","668","668"
"64224","17.97094610838361","12.669272249396716","23.272619967370506","669","669","669"
"64320","16.387610447973362","12.21194030422647","20.563280591720254","670","670","670"
"64416","24.501939485654745","20.540259679646468","28.463619291663022","671","671","671"
"64512","16.71854617951203","16.557350255095912","16.879742103928145","672","672","672"
"64608","16.566925377155616","12.137976748275515","20.995874006035717","673","673","673"
"64704","19.763616984113007","12.794199362525662","26.733034605700354","674","674","674"
"64800","18.057611461763162","12.991865109684388","23.123357813841935","675","675","675"
"64896","14.79667018560253","12.565813289153406","17.02752708205165","676","676","676"
"64992","17.360665503124945","11.009455450271163","23.71187555597873","677","677","677"
"65088","15.797170821010397","4.216741579745951","27.377600062274844","678","678","678"
"65184","19.014028341731642","17.113706897373238","20.914349786090046","679","679","679"
"65280","16.365659788913757","15.116561875650518","17.614757702176995","680","680","680"
"65376","15.03625201325913","6.554661594667223","23.517842431851037","681","681","681"
"65472","15.825089937740085","14.27707175140582","17.37310812407435","682","682","682"
"65568","15.547957687326214","9.504411935080933","21.591503439571493","683","683","683"
"65664","16.6785431119144","16.481877162084185","16.875209061744616","684","684","684"
"65760","13.297788133274034","7.287439944743151","19.308136321804916","685","685","685"
"65856","19.690473816373476","13.999189963458054","25.3817576692889","686","686","686"
"65952","15.204388760204495","9.353218442291233","21.055559078117756","687","687","687"
"66048","18.53601356434174","10.87998402813177","26.19204310055171","688","688","688"
"66144","20.336509002062137","12.661735505271686","28.011282498852584","689","689","689"
"66240","14.420497464732799","12.621710499010888","16.21928443045471","690","690","690"
"66336","12.68115183344564","9.851229723193352","15.511073943697927","691","691","691"
"66432","12.085169863436889","2.519671165817544","21.650668561056232","692","692","692"
"66528","14.924373091622806","11.858414904234237","17.990331279011375","693","693","693"
"66624","13.884604000330969","10.135157501299297","17.63405049936264","694","694","694"
"66720","13.980109218757772","9.672383096045381","18.287835341470164","695","695","695"
"66816","20.985473094711214","16.625261511683096","25.34568467773933","696","696","696"
"66912","19.233674478836832","17.025149093532065","21.4421998641416","697","697","697"
"67008","19.647732316677313","16.070076175969863","23.225388457384767","698","698","698"
"67104","21.353105962180614","14.97796889998434","27.72824302437689","699","699","699"
"67200","16.95984064760495","14.039240324760906","19.880440970448994","700","700","700"
"67296","22.094231286717893","19.821415229604195","24.367047343831587","701","701","701"
"67392","8.991621877086722","7.087169985766721","10.896073768406723","702","702","702"
"67488","15.774910830787285","9.8266523023961","21.72316935917847","703","703","703"
"67584","21.132456701874943","17.011031196293743","25.253882207456147","704","704","704"
"67680","18.269607580015897","14.07136869446787","22.467846465563923","705","705","705"
"67776","16.386339640775397","16.06425291688322","16.70842636466757","706","706","706"
"67872","16.195841356261802","13.777338988746138","18.61434372377747","707","707","707"
"67968","12.53176893755267","7.948324239859052","17.11521363524629","708","708","708"
"68064","10.848747382606415","4.185907088183746","17.511587677029084","709","709","709"
"68160","13.222200049946302","7.941058436568191","18.503341663324413","710","710","710"
"68256","13.634017657464295","9.148724577149395","18.119310737779195","711","711","711"
"68352","15.642552103916248","13.943594690155853","17.341509517676645","712","712","712"
"68448","16.257349690304366","15.84816832364595","16.666531056962786","713","713","713"
"68544","19.112640842584177","14.914755711890445","23.31052597327791","714","714","714"
"68640","16.6236222961613","14.938934175430902","18.3083104168917","715","715","715"
"68736","20.008449802553756","18.518276216637965","21.49862338846955","716","716","716"
"68832","20.73686049126914","16.22741074208756","25.246310240450722","717","717","717"
"68928","21.127055077175108","16.45673218401778","25.797377970332434","718","718","718"
"69024","15.976872530174546","7.73944904332032","24.214296017028772","719","719","719"
"69120","15.865821993551831","7.262329859353863","24.4693141277498","720","720","720"
"69216","12.82850308242408","7.726251276532949","17.93075488831521","721","721","721"
"69312","18.980714283949176","15.534082305991538","22.427346261906816","722","722","722"
"69408","11.80018210732242","7.960361750286874","15.640002464357966","723","723","723"
"69504","17.175963176563066","9.914729853123001","24.43719650000313","724","724","724"
"69600","13.136977439754673","7.540606752199376","18.73334812730997","725","725","725"
"69696","15.619560987892044","8.927682178247325","22.31143979753676","726","726","726"
"69792","20.46349897904834","13.191241014725346","27.735756943371335","727","727","727"
"69888","14.314297554009457","12.042856804699255","16.58573830331966","728","728","728"
"69984","18.9646534605806","13.9506299461924","23.978676974968803","729","729","729"
"70080","19.620805806866464","17.102179349965915","22.139432263767013","730","730","730"
"70176","19.543555992126148","15.47908752188287","23.60802446236943","731","731","731"
"70272","20.35069492811553","20.029368598207604","20.672021258023452","732","732","732"
"70368","16.661116374040766","14.224299057652267","19.09793369042927","733","733","733"
"70464","14.502905145174172","11.354050025440584","17.651760264907757","734","734","734"
"70560","15.675859386791803","11.86101522436022","19.490703549223387","735","735","735"
"70656","18.95420088472363","14.72200136534678","23.186400404100482","736","736","736"
"70752","21.558520192050814","19.82000441136809","23.297035972733543","737","737","737"
"70848","20.678714038593114","16.128335891780598","25.22909218540563","738","738","738"
"70944","17.992679910830187","13.43032522495181","22.555034596708566","739","739","739"
"71040","21.134465100742805","17.71496749376874","24.55396270771687","740","740","740"
"71136","18.507962118218305","9.674012598738136","27.341911637698477","741","741","741"
"71232","17.913889476912352","14.927554778109528","20.90022417571518","742","742","742"
"71328","16.7436524701665","13.14656478468795","20.340740155645047","743","743","743"
"71424","16.34570873516783","15.036268907992964","17.655148562342692","744","744","744"
"71520","15.888373761178677","14.263412320361534","17.513335201995822","745","745","745"
"71616","14.983707927159587","14.28623537921337","15.681180475105805","746","746","746"
"71712","13.373619594708694","10.733248592283555","16.013990597133834","747","747","747"
"71808","18.187413144092826","15.145993697033111","21.228832591152543","748","748","748"
"71904","23.60487110304824","20.052305771069562","27.15743643502692","749","749","749"
"72000","19.328250772417782","19.095959674943913","19.56054186989165","750","750","750"
"72096","18.653222326920705","12.46459522783691","24.8418494260045","751","751","751"
"72192","17.378418742460155","10.57804156403397","24.178795920886344","752","752","752"
"72288","22.566158896450606","21.958747937862892","23.17356985503832","753","753","753"
"72384","14.829314503686412","9.960230155199598","19.698398852173227","754","754","754"
"72480","18.45644013528721","14.663257145317404","22.249623125257017","755","755","755"
"72576","13.08182340202982","7.788990046994659","18.37465675706498","756","756","756"
"72672","15.328888049001229","11.199958148524484","19.457817949477974","757","757","757"
"72768","17.93335220649491","16.834493499930495","19.032210913059323","758","758","758"
"72864","24.668677360637446","23.040929976611984","26.296424744662904","759","759","759"
"72960","15.733729040177955","12.274229703021804","19.19322837733411","760","760","760"
"73056","15.06011759073781","7.735303874549037","22.384931306926585","761","761","761"
"73152","19.670387259988367","14.322290714957886","25.018483805018846","762","762","762"
"73248","17.53914732053163","17.27592122805417","17.80237341300909","763","763","763"
"73344","15.464512733876273","8.600074817127934","22.32895065062461","764","764","764"
"73440","20.557024943251754","20.409079401451585","20.70497048505192","765","765","765"
"73536","19.439976866813467","15.039498270688991","23.840455462937946","766","766","766"
"73632","16.674431538075368","16.506582926344404","16.842280149806335","767","767","767"
"73728","19.075268607094657","13.910930447191582","24.239606766997728","768","768","768"
"73824","17.65294873624658","15.18773321091699","20.11816426157617","769","769","769"
"73920","18.432577741480173","15.941236811842549","20.9239186711178","770","770","770"
"74016","20.949444623516236","20.643871149850177","21.25501809718229","771","771","771"
"74112","14.025064909281369","9.548557975794862","18.501571842767873","772","772","772"
"74208","11.93981679018475","11.005885265811196","12.873748314558306","773","773","773"
"74304","17.51709982667514","11.269141032296567","23.76505862105371","774","774","774"
"74400","18.02328879081938","9.277719611608106","26.76885797003065","775","775","775"
"74496","17.196448694211938","12.139112115289372","22.253785273134504","776","776","776"
"74592","13.403843917668869","10.587268142427048","16.22041969291069","777","777","777"
"74688","18.832319510852194","18.74199458851307","18.92264443319132","778","778","778"
"74784","19.823026725786736","12.828504737063541","26.81754871450993","779","779","779"
"74880","17.64318469990156","16.73949846649123","18.54687093331189","780","780","780"
"74976","19.90059781338375","19.532887264343582","20.26830836242392","781","781","781"
"75072","17.667451806466893","13.663323434433387","21.671580178500403","782","782","782"
"75168","17.369300726416242","16.012927541482433","18.72567391135005","783","783","783"
"75264","16.83689861927927","9.922062025971757","23.751735212586787","784","784","784"
"75360","22.52236999985113","21.70387811160449","23.340861888097766","785","785","785"
"75456","13.995817969674354","9.753719203541994","18.237916735806714","786","786","786"
"75552","13.892626401577196","9.483357882506192","18.301894920648202","787","787","787"
"75648","9.05343837618852","5.08330975481844","13.023566997558602","788","788","788"
"75744","18.924429115907365","18.189170381071918","19.65968785074281","789","789","789"
"75840","20.034610668961157","14.639885700732139","25.429335637190174","790","790","790"
"75936","17.29827136031456","17.067072189502625","17.52947053112649","791","791","791"
"76032","23.760272475396217","19.237960100262853","28.28258485052958","792","792","792"
"76128","17.820160071672724","13.518731415543161","22.121588727802287","793","793","793"
"76224","16.10365154841807","11.8400137012957","20.36728939554044","794","794","794"
"76320","19.703515047873335","16.518977096014453","22.888052999732217","795","795","795"
"76416","17.20832731783189","11.707162098529517","22.709492537134263","796","796","796"
"76512","17.00618888272757","11.782464034817151","22.229913730637993","797","797","797"
"76608","16.292899960846754","14.969425262604972","17.61637465908853","798","798","798"
"76704","16.736733991471162","10.41800728576968","23.055460697172645","799","799","799"
"76800","19.37236879792622","14.341759430012722","24.402978165839723","800","800","800"
"76896","17.095643693791306","15.230543737190546","18.960743650392068","801","801","801"
"76992","17.182632844053956","14.124688323401216","20.240577364706695","802","802","802"
"77088","16.883785157849886","12.820246201756541","20.94732411394323","803","803","803"
"77184","17.157178443853596","9.937031645205886","24.377325242501303","804","804","804"
"77280","21.137302373288804","18.498786048899717","23.775818697677895","805","805","805"
"77376","18.89170971420088","18.483136837959456","19.3002825904423","806","806","806"
"77472","16.233651755844654","15.004954174694177","17.46234933699513","807","807","807"
"77568","19.871957844998956","16.808291604857164","22.93562408514075","808","808","808"
"77664","18.717854299630925","17.11521363524629","20.320494964015563","809","809","809"
"77760","20.89683746991267","20.010708557143385","21.782966382681952","810","810","810"
"77856","20.783721271813782","16.679202302738087","24.88824024088948","811","811","811"
"77952","21.50065099285093","15.371097382910854","27.630204602791","812","812","812"
"78048","14.216037935310574","8.214281961799415","20.217793908821733","813","813","813"
"78144","20.209057394345074","18.645606919856423","21.772507868833724","814","814","814"
"78240","20.531904002644396","14.690302165809094","26.3735058394797","815","815","815"
"78336","13.521818573213796","9.684360051313417","17.359277095114177","816","816","816"
"78432","15.869498783242268","13.032907781238837","18.706089785245698","817","817","817"
"78528","17.59240603628475","13.462617504285642","21.722194568283857","818","818","818"
"78624","23.11716491870467","17.83814024869392","28.39618958871542","819","819","819"
"78720","13.864393613288904","12.03738938269817","15.691397843879637","820","820","820"
"78816","17.40087349087897","8.701476559039017","26.100270422718918","821","821","821"
"78912","15.030745460592346","5.507582778131915","24.553908143052777","822","822","822"
"79008","18.62220592884293","13.531641960297184","23.71276989738868","823","823","823"
"79104","15.712654859706037","12.662427292147505","18.762882427264568","824","824","824"
"79200","16.21446832446472","13.361195542888375","19.06774110604106","825","825","825"
"79296","17.746828203128857","17.094964319184616","18.398692087073098","826","826","826"
"79392","20.736153612083154","18.47084117225852","23.001466051907787","827","827","827"
"79488","17.234879907266258","16.740822121838605","17.72893769269391","828","828","828"
"79584","23.712637046445913","21.349330897488738","26.075943195403084","829","829","829"
"79680","17.995838950010814","12.17252629111595","23.81915160890568","830","830","830"
"79776","22.102301622469405","22.078981310305046","22.125621934633763","831","831","831"
"79872","23.270385853601603","20.130282692106462","26.41048901509674","832","832","832"
"79968","20.886578164925552","17.98859090014559","23.784565429705516","833","833","833"
"80064","16.309498672902997","13.822049658928407","18.796947686877584","834","834","834"
"80160","19.829487491218774","14.337238376413785","25.321736606023762","835","835","835"
"80256","9.204795147540487","6.740423626242447","11.669166668838526","836","836","836"
"80352","19.418560148545215","13.868170063049329","24.968950234041102","837","837","837"
"80448","18.076037573883085","17.683913201096612","18.46816194666956","838","838","838"
"80544","13.229346003924832","12.694599850250224","13.764092157599439","839","839","839"
"80640","14.1622452820743","9.451537369124708","18.872953195023893","840","840","840"
"80736","20.425907732046973","16.238984991069817","24.612830473024125","841","841","841"
"80832","12.370485394417708","10.810428597993123","13.930542190842292","842","842","842"
"80928","21.539328140293392","21.251414124276348","21.82724215631044","843","843","843"
"81024","17.855489892599188","15.972108070634201","19.738871714564176","844","844","844"
"81120","18.38508057113323","18.21914460912913","18.55101653313733","845","845","845"
"81216","19.73044569460388","18.648812755264462","20.8120786339433","846","846","846"
"81312","23.314447353002596","23.082146845333163","23.546747860672028","847","847","847"
"81408","23.867029123834676","19.86165749901488","27.872400748654474","848","848","848"
"81504","15.628998189737283","10.385203429590117","20.87279294988445","849","849","849"
"81600","20.3705976131358","17.145387506047545","23.595807720224055","850","850","850"
"81696","17.222026835207735","15.26797987764621","19.176073792769262","851","851","851"
"81792","15.579796626198306","14.40804765125855","16.751545601138062","852","852","852"
"81888","20.270416278584833","19.58381730290727","20.957015254262394","853","853","853"
"81984","19.102471632366168","14.996227116242476","23.20871614848986","854","854","854"
"82080","17.19039520224693","14.381333772624291","19.999456631869567","855","855","855"
"82176","19.797165797284947","18.58716169341655","21.007169901153343","856","856","856"
"82272","20.948102772660718","20.449862259037136","21.446343286284304","857","857","857"
"82368","20.5695531320808","16.829931188590027","24.30917507557157","858","858","858"
"82464","14.95857966428536","10.915196411707255","19.001962916863462","859","859","859"
"82560","18.341414991905424","16.87306200606442","19.809767977746425","860","860","860"
"82656","19.86502948234997","17.483307698203756","22.246751266496187","861","861","861"
"82752","19.733639917335296","15.382376840016855","24.08490299465374","862","862","862"
"82848","20.348970632110692","19.088609028535586","21.609332235685798","863","863","863"
"82944","12.159287312135682","0.08685766316370601","24.231716961107658","864","864","864"
"83040","22.025635525544953","18.50572532029211","25.545545730797794","865","865","865"
"83136","21.106515468615118","19.497086294212824","22.715944643017412","866","866","866"
"83232","18.242382336209644","18.074304458284377","18.41046021413491","867","867","867"
"83328","20.4385389817664","13.519371908407226","27.357706055125576","868","868","868"
"83424","17.915154388626796","14.065834469558574","21.76447430769502","869","869","869"
"83520","13.22938993831663","7.591698999635189","18.86708087699807","870","870","870"
"83616","19.900953247830852","17.3800586393018","22.421847856359904","871","871","871"
"83712","17.264885950075318","14.90858332353904","19.621188576611598","872","872","872"
"83808","18.515717694035608","16.291178336152317","20.740257051918903","873","873","873"
"83904","20.652968177714044","18.38783551696958","22.918100838458507","874","874","874"
"84000","21.594580163298602","16.81733080105406","26.371829525543145","875","875","875"
"84096","20.763384392377922","18.589963933720384","22.93680485103546","876","876","876"
"84192","15.899136853773545","15.899136853773545","15.899136853773545","877","877","877"
"84288","15.096195145398791","10.693709901400785","19.4986803893968","878","878","878"
"84384","14.95994533744833","12.528440926954918","17.391449747941742","879","879","879"
"84480","17.934689759719614","10.512948364342439","25.35643115509679","880","880","880"
"84576","12.80941580096416","6.197256707749213","19.421574894179106","881","881","881"
"84672","17.161637130168366","16.651555892808116","17.67171836752862","882","882","882"
"84768","14.645542229260998","9.284453991125574","20.006630467396423","883","883","883"
"84864","14.412506173572861","11.028412003515173","17.79660034363055","884","884","884"
"84960","14.13632758628113","13.75017940197979","14.522475770582469","885","885","885"
"85056","18.038264451426514","17.37328269116275","18.703246211690278","886","886","886"
"85152","2.664293287869244","-8.66020325142038","13.988789827158868","887","887","887"
"85248","15.673149188226766","12.925678769142033","18.420619607311497","888","888","888"
"85344","21.30178104405548","14.227590862183915","28.37597122592705","889","889","889"
"85440","17.791596803114196","17.397833045989564","18.185360560238827","890","890","890"
"85536","19.80793114819301","16.227016125228147","23.388846171157873","891","891","891"
"85632","23.053795807814588","20.221738232611393","25.885853383017782","892","892","892"
"85728","8.572090420699718","4.227505191912954","12.916675649486482","893","893","893"
"85824","23.022131069018535","17.43874079936896","28.605521338668108","894","894","894"
"85920","12.020955068785069","10.197633604654335","13.844276532915803","895","895","895"
"86016","19.466861591321695","18.60545153697351","20.32827164566988","896","896","896"
"86112","16.347780109022345","13.226106838250562","19.46945337979413","897","897","897"
"86208","16.287370035242414","11.127483512641334","21.447256557843495","898","898","898"
"86304","18.29363250878135","15.348946356438976","21.238318661123728","899","899","899"
"86400","16.7422551171337","15.061726635562485","18.422783598704914","900","900","900"
"86496","17.065135160530325","13.893917611414352","20.236352709646294","901","901","901"
"86592","24.41490427947238","19.653123468418308","29.17668509052646","902","902","902"
"86688","15.772719688910176","15.772719688910176","15.772719688910176","903","903","903"
"86784","23.710146371408314","18.58999203586947","28.83030070694716","904","904","904"
"86880","15.845865355106634","13.226106838250562","18.465623871962705","905","905","905"
"86976","18.443896361433662","17.11521363524629","19.772579087621036","906","906","906"
"87072","11.22955597700294","9.337000041254834","13.122111912751047","907","907","907"
"87168","17.58795315509617","17.58795315509617","17.58795315509617","908","908","908"
"87264","9.023163692557624","8.709327343860414","9.337000041254834","909","909","909"
"87360","6.657420382891226","0.3383983949172267","12.976442370865225","910","910","910"
"87456","18.35840669652071","17.11521363524629","19.60159975779513","911","911","911"
"87552","26.55581270506213","23.950637412642692","29.160987997481566","912","912","912"
"87648","12.159253713434826","9.337000041254834","14.981507385614817","913","913","913"
"87744","17.846283952059025","17.11521363524629","18.577354268871762","914","914","914"
"87840","14.839437521300228","10.708938741604541","18.969936300995915","915","915","915"
"87936","15.011988878115163","12.908764120984038","17.11521363524629","916","916","916"
"88032","18.344694767861643","14.370225970926887","22.3191635647964","917","917","917"
"88128","20.13591776850977","18.806769485356714","21.46506605166283","918","918","918"
"88224","14.759143918826044","14.759143918826044","14.759143918826044","919","919","919"
"88320","16.69993535244994","16.28465706965359","17.11521363524629","920","920","920"
"88416","15.77274472546205","14.066571256714093","17.47891819421001","921","921","921"
"88512","15.420679817747521","13.184277602781133","17.65708203271391","922","922","922"
"88608","20.181329970596785","18.64250876488781","21.720151176305762","923","923","923"
"88704","11.429281247746975","9.984118209351326","12.874444286142621","924","924","924"
"88800","18.623363881580058","14.084320711040101","23.162407052120017","925","925","925"
"88896","15.524527314329024","12.001749061446455","19.04730556721159","926","926","926"
"88992","9.062948361433461","3.458727653263897","14.667169069603027","927","927","927"
"89088","15.710901599406721","12.252752284526196","19.169050914287247","928","928","928"
"89184","7.367073387482145","-0.068397622531491","14.80254439749578","929","929","929"
"89280","17.2631245527467","15.855973112687737","18.67027599280566","930","930","930"
"89376","13.5302957707997","10.874477523488393","16.18611401811101","931","931","931"
"89472","22.775860022542304","16.647437294381294","28.904282750703313","932","932","932"
"89568","17.811780740559563","17.298862471426343","18.324699009692782","933","933","933"
"89664","18.413944695259556","11.104850904777557","25.723038485741554","934","934","934"
"89760","17.45237837898808","17.11521363524629","17.78954312272987","935","935","935"
"89856","14.539086134707164","12.57376932829305","16.504402941121278","936","936","936"
"89952","18.803012068085945","15.201990497691268","22.404033638480623","937","937","937"
"90048","22.538474991273077","21.47071006361584","23.60623991893031","938","938","938"
"90144","12.914160872335998","12.529361691460025","13.298960053211971","939","939","939"
"90240","7.074005922154592","0.3383983949172267","13.809613449391959","940","940","940"
"90336","14.980463291398458","13.799635834858938","16.161290747937976","941","941","941"
"90432","13.78722317696647","10.459232718686655","17.11521363524629","942","942","942"
"90528","12.364570621146012","4.988859481575774","19.74028176071625","943","943","943"
"90624","23.713011299392587","23.60623991893031","23.819782679854864","944","944","944"
"90720","23.19217292186938","18.153876927796684","28.23046891594207","945","945","945"
"90816","22.215488208771667","20.889646761449868","23.54132965609347","946","946","946"
"90912","10.981255306727455","9.337000041254834","12.625510572200074","947","947","947"
"91008","25.57521152572765","22.146519783946438","29.00390326750886","948","948","948"
"91104","19.288911155172315","18.51362342571913","20.064198884625505","949","949","949"
"91200","19.75006136224259","17.11521363524629","22.384909089238896","950","950","950"
"91296","11.4240642398849","9.337000041254834","13.511128438514968","951","951","951"
"91392","16.075043608539186","16.075043608539186","16.075043608539186","952","952","952"
"91488","21.20887395783671","20.44463551356774","21.973112402105674","953","953","953"
"91584","23.38978520117881","23.366120455079006","23.41344994727861","954","954","954"
"91680","20.5267352059894","20.5267352059894","20.5267352059894","955","955","955"
"91776","12.064884614047335","5.6810582507431135","18.448710977351556","956","956","956"
"91872","25.992927569447517","23.942606740641764","28.043248398253272","957","957","957"
"91968","14.181048692467094","9.416660958976092","18.945436425958096","958","958","958"
"92064","23.040108252204856","17.352447130424522","28.72776937398519","959","959","959"
"92160","19.39126346098042","13.226106838250562","25.55642008371028","960","960","960"
"92256","16.1107982661049","14.344104470707194","17.87749206150261","961","961","961"
"92352","14.897892546319632","12.680571457392974","17.11521363524629","962","962","962"
"92448","23.478989460134166","17.86656787259735","29.091411047670977","963","963","963"
"92544","13.618469877082381","13.226106838250562","14.0108329159142","964","964","964"
"92640","16.305755048786132","14.522475770582469","18.089034326989793","965","965","965"
"92736","19.153470558412316","19.153470558412316","19.153470558412316","966","966","966"
"92832","17.735960914188322","17.735960914188322","17.735960914188322","967","967","967"
"92928","17.78747082277592","13.226106838250562","22.348834807301277","968","968","968"
"93024","17.677285323356823","17.677285323356823","17.677285323356823","969","969","969"
"93120","17.14362474368439","13.926522710280484","20.3607267770883","970","970","970"
"93216","12.45793605776752","2.9462092941645257","21.969662821370516","971","971","971"
"93312","21.193845734734932","17.259607537296557","25.128083932173308","972","972","972"
"93408","21.531736051088707","16.661031836406465","26.40244026577095","973","973","973"
"93504","20.274711321404645","13.1979270325966","27.35149561021269","974","974","974"
"93600","24.526641913094547","19.931010176769618","29.122273649419476","975","975","975"
"93696","12.747687691553487","10.91050467105507","14.584870712051906","976","976","976"
"93792","16.371596731294918","16.371596731294918","16.371596731294918","977","977","977"
"93888","10.71772046377265","9.337000041254834","12.098440886290467","978","978","978"
"93984","16.45179459079257","9.989407445846922","22.914181735738218","979","979","979"
"94080","15.663100216815755","15.663100216815755","15.663100216815755","980","980","980"
"94176","7.49731856213787","7.49731856213787","7.49731856213787","981","981","981"
"94272","17.770946789732832","13.226106838250562","22.315786741215103","982","982","982"
"94368","16.907592833725108","10.778488641946062","23.036697025504154","983","983","983"
"94464","23.38450595455825","22.400310103176306","24.368701805940194","984","984","984"
"94560","13.821552377294271","10.00460578555693","17.638498969031613","985","985","985"
"94656","17.268929114159985","11.260480727153661","23.277377501166306","986","986","986"
"94752","16.04804607065684","14.980878506067397","17.11521363524629","987","987","987"
"94848","15.133536161103581","11.373409778252777","18.893662543954385","988","988","988"
"94944","17.399905577746395","17.399905577746395","17.399905577746395","989","989","989"
"95040","12.894750606539226","9.337000041254834","16.452501171823616","990","990","990"
"95136","11.249927687987448","4.227505191912954","18.272350184061942","991","991","991"
"95232","25.428407680217166","25.428407680217166","25.428407680217166","992","992","992"
"95328","23.985457741168045","18.60309761657676","29.367817865759328","993","993","993"
"95424","23.074067901157974","23.074067901157974","23.074067901157974","994","994","994"
"95520","20.94736794531536","18.709895459774387","23.184840430856333","995","995","995"
"95616","19.200743029014532","17.11521363524629","21.28627242278278","996","996","996"
"95712","13.557952323250074","10.297131987522997","16.81877265897715","997","997","997"
"95808","20.28291965707847","11.37693800974798","29.18890130440896","998","998","998"
"95904","17.287106671265256","13.648662160016993","20.925551182513523","999","999","999"
"96000","16.891842065028644","8.783845735864878","24.999838394192412","1000","1000","1000"
"96096","23.583077435773383","18.0330801809926","29.13307469055417","1001","1001","1001"
"96192","18.555344325018684","13.847482656072723","23.263205993964643","1002","1002","1002"
"96288","17.960891431358323","17.960891431358323","17.960891431358323","1003","1003","1003"
"96384","14.765648304783847","13.226106838250562","16.30518977131713","1004","1004","1004"
"96480","5.935518434030467","-8.66020325142038","20.531240119481314","1005","1005","1005"
"96576","19.342975285681188","18.292440833245372","20.393509738117004","1006","1006","1006"
"96672","18.523189734957427","17.11521363524629","19.931165834668565","1007","1007","1007"
"96768","23.92378925021243","21.538010500959164","26.3095679994657","1008","1008","1008"
"96864","24.896640664534416","23.806658562694913","25.986622766373923","1009","1009","1009"
"96960","18.682335895194306","18.12050663586853","19.24416515452008","1010","1010","1010"
"97056","19.280651675183577","17.11521363524629","21.446089715120866","1011","1011","1011"
"97152","15.031891541095835","15.031891541095835","15.031891541095835","1012","1012","1012"
"97248","16.483781266842804","13.226106838250562","19.741455695435047","1013","1013","1013"
"97344","24.83554773948878","23.48813478522401","26.18296069375355","1014","1014","1014"
"97440","15.34259401282107","8.945277058389598","21.73991096725254","1015","1015","1015"
"97536","24.95727775040129","21.423035229630347","28.491520271172234","1016","1016","1016"
"97632","22.089993201966024","22.089993201966024","22.089993201966024","1017","1017","1017"
"97728","17.66598233869724","16.21443051185416","19.11753416554032","1018","1018","1018"
"97824","13.576675797528772","10.038137959811257","17.11521363524629","1019","1019","1019"
"97920","2.081107295111657","2.081107295111657","2.081107295111657","1020","1020","1020"
"98016","21.51170430852725","19.95935375943081","23.064054857623688","1021","1021","1021"
"98112","-1.3441354018915361","-3.026669198700299","0.3383983949172267","1022","1022","1022"
"98208","7.183670119156078","0.3383983949172267","14.028941843394929","1023","1023","1023"
"98304","17.934010324094928","15.170660236748425","20.697360411441426","1024","1024","1024"
"98400","16.099414811674723","9.337000041254834","22.861829582094614","1025","1025","1025"
"98496","18.99806189201533","18.639080788598243","19.35704299543242","1026","1026","1026"
"98592","12.432917928342425","9.337000041254834","15.528835815430016","1027","1027","1027"
"98688","20.396355751041025","20.396355751041025","20.396355751041025","1028","1028","1028"
"98784","11.225244597419199","3.2316310256319927","19.218858169206406","1029","1029","1029"
"98880","15.452107594977736","9.337000041254834","21.567215148700637","1030","1030","1030"
"98976","21.129033051970598","13.706755173035662","28.551310930905533","1031","1031","1031"
"99072","19.29453037868386","12.175168264037051","26.413892493330668","1032","1032","1032"
"99168","21.519549635348543","19.340363194151443","23.698736076545643","1033","1033","1033"
"99264","21.09106246213886","19.134087471385147","23.048037452892576","1034","1034","1034"
"99360","17.014276418017552","17.014276418017552","17.014276418017552","1035","1035","1035"
"99456","22.900404197028948","20.314275852177026","25.48653254188087","1036","1036","1036"
"99552","13.599247064008217","4.227505191912954","22.97098893610348","1037","1037","1037"
"99648","15.288071006096157","14.329178429600427","16.246963582591885","1038","1038","1038"
"99744","19.906624013378416","19.906624013378416","19.906624013378416","1039","1039","1039"
"99840","15.01571877126322","13.771949260254475","16.259488282271967","1040","1040","1040"
"99936","15.477345606030799","13.839477576815309","17.11521363524629","1041","1041","1041"
"100032","16.17417947257338","10.1871424208196","22.16121652432716","1042","1042","1042"
"100128","19.744416756891837","15.699767260791852","23.789066252991827","1043","1043","1043"
"100224","25.547453257301918","21.95153424970849","29.143372264895344","1044","1044","1044"
"100320","20.129975732433344","20.129975732433344","20.129975732433344","1045","1045","1045"
"100416","21.146377161537618","18.718524672182316","23.57422965089292","1046","1046","1046"
"100512","20.635828830455754","14.864068607969976","26.407589052941532","1047","1047","1047"
"100608","10.202155673831726","5.93067014169358","14.473641205969873","1048","1048","1048"
"100704","25.14480737149391","20.912528793377824","29.377085949610002","1049","1049","1049"
"100800","20.0137514029056","16.35569696482348","23.671805840987723","1050","1050","1050"
"100896","19.525905551947442","14.848863409171566","24.20294769472332","1051","1051","1051"
"100992","16.39221538832468","13.069187871076139","19.71524290557322","1052","1052","1052"
"101088","20.98268137182117","20.98268137182117","20.98268137182117","1053","1053","1053"
"101184","21.171227464983694","13.429567169524544","28.912887760442842","1054","1054","1054"
"101280","24.306166008303663","19.708320108441995","28.904011908165334","1055","1055","1055"
"101376","24.471908400612076","24.471908400612076","24.471908400612076","1056","1056","1056"
"101472","14.742023532090954","10.121904328372477","19.36214273580943","1057","1057","1057"
"101568","16.6151309141824","16.6151309141824","16.6151309141824","1058","1058","1058"
"101664","17.144533542757145","17.11521363524629","17.173853450268002","1059","1059","1059"
"101760","18.43275039873204","17.71253969133557","19.152961106128505","1060","1060","1060"
"101856","2.036877486702852","-8.66020325142038","12.733958224826084","1061","1061","1061"
"101952","25.597148218914178","25.597148218914178","25.597148218914178","1062","1062","1062"
"102048","9.031719809593557","0.3383983949172267","17.725041224269887","1063","1063","1063"
"102144","17.02760990914321","13.593216664824608","20.462003153461808","1064","1064","1064"
"102240","21.19834997153084","21.19834997153084","21.19834997153084","1065","1065","1065"
"102336","22.300456245481698","20.33392617688572","24.266986314077677","1066","1066","1066"
"102432","18.44337582678852","18.44337582678852","18.44337582678852","1067","1067","1067"
"102528","15.478761838024223","15.478761838024223","15.478761838024223","1068","1068","1068"
"102624","20.101381982551946","16.72569546921889","23.477068495885","1069","1069","1069"
"102720","19.59100216077794","17.665347748407203","21.516656573148673","1070","1070","1070"
"102816","16.528914158340797","13.226106838250562","19.83172147843103","1071","1071","1071"
"102912","13.610719073362436","9.337000041254834","17.884438105470036","1072","1072","1072"
"103008","17.58519970504297","12.650822299264185","22.519577110821757","1073","1073","1073"
"103104","22.604851140960733","21.013357471975315","24.19634480994615","1074","1074","1074"
"103200","18.151078849233738","18.151078849233738","18.151078849233738","1075","1075","1075"
"103296","15.888174358497059","15.153686729984457","16.62266198700966","1076","1076","1076"
"103392","12.201323399609008","5.8666532433483125","18.5359935558697","1077","1077","1077"
"103488","9.616299016014448","6.855996763286182","12.376601268742716","1078","1078","1078"
"103584","21.26725450258985","17.11521363524629","25.41929536993341","1079","1079","1079"
"103680","16.215470322934852","9.92246969877599","22.508470947093716","1080","1080","1080"
"103776","23.694274339400547","22.982799360445448","24.405749318355646","1081","1081","1081"
"103872","11.849692748579475","6.584171861912661","17.11521363524629","1082","1082","1082"
"103968","24.44324539610448","23.152144766256086","25.734346025952874","1083","1083","1083"
"104064","17.954573536013438","15.548420294938575","20.3607267770883","1084","1084","1084"
"104160","23.622987763294407","20.071340355821057","27.174635170767758","1085","1085","1085"
"104256","23.196050669885466","22.85077168367746","23.54132965609347","1086","1086","1086"
"104352","13.66651893806829","13.66651893806829","13.66651893806829","1087","1087","1087"
"104448","21.30903435410263","21.30903435410263","21.30903435410263","1088","1088","1088"
"104544","17.661750523046308","11.973033461934328","23.350467584158288","1089","1089","1089"
"104640","12.861791867092734","9.337000041254834","16.386583692930635","1090","1090","1090"
"104736","19.28307390495288","18.301816018643308","20.26433179126245","1091","1091","1091"
"104832","14.398028729889685","11.680843824533081","17.11521363524629","1092","1092","1092"
"104928","5.715787239020022","-8.66020325142038","20.091777729460425","1093","1093","1093"
"105024","16.348133112096132","14.381688241634476","18.314577982557786","1094","1094","1094"
"105120","18.79632308370758","18.79632308370758","18.79632308370758","1095","1095","1095"
"105216","11.66628239006075","5.93067014169358","17.401894638427923","1096","1096","1096"
"105312","18.949384745226887","18.718724130526926","19.180045359926844","1097","1097","1097"
"105408","10.579664147349682","10.579664147349682","10.579664147349682","1098","1098","1098"
"105504","18.468731766859175","18.468731766859175","18.468731766859175","1099","1099","1099"
"105600","24.102218705887395","24.102218705887395","24.102218705887395","1100","1100","1100"
"105696","14.390317559289553","9.823987837495293","18.95664728108381","1101","1101","1101"
"105792","23.68441724732462","18.538533787702082","28.83030070694716","1102","1102","1102"
"105888","10.68462850769738","9.337000041254834","12.032256974139925","1103","1103","1103"
"105984","16.893123534015803","16.893123534015803","16.893123534015803","1104","1104","1104"
"106080","15.79917910690855","11.302217148251458","20.296141065565642","1105","1105","1105"
"106176","26.841959041590563","25.76516119096721","27.91875689221392","1106","1106","1106"
"106272","23.667199179774432","22.126547754780784","25.20785060476808","1107","1107","1107"
"106368","18.56700495633209","18.086704345452592","19.04730556721159","1108","1108","1108"
"106464","5.9435831672681605","0.3383983949172267","11.548767939619093","1109","1109","1109"
"106560","11.464050213829331","10.06854563996436","12.859554787694304","1110","1110","1110"
"106656","16.133502554300463","15.151791473354635","17.11521363524629","1111","1111","1111"
"106752","16.972926366123154","15.122263536345505","18.8235891959008","1112","1112","1112"
"106848","21.979940429118102","20.651032705792","23.308848152444202","1113","1113","1113"
"106944","16.201501991764356","13.586286836857122","18.816717146671593","1114","1114","1114"
"107040","19.62848465904441","19.244670922679834","20.01229839540899","1115","1115","1115"
"107136","13.045808948160747","9.921817796830238","16.169800099491255","1116","1116","1116"
"107232","2.381981246346143","-8.66020325142038","13.424165744112667","1117","1117","1117"
"107328","11.854879684330498","10.057964473965047","13.651794894695952","1118","1118","1118"
"107424","15.379316864891301","10.422453797569895","20.33617993221271","1119","1119","1119"
"107520","14.426389259448746","4.227505191912954","24.625273326984537","1120","1120","1120"
"107616","14.898110337302128","14.420406117695238","15.375814556909017","1121","1121","1121"
"107712","15.78496092677695","15.78496092677695","15.78496092677695","1122","1122","1122"
"107808","22.91984224390727","22.892314228890264","22.947370258924277","1123","1123","1123"
"107904","18.365030773644104","15.131995836203487","21.598065711084722","1124","1124","1124"
"108000","15.348196270040857","15.348196270040857","15.348196270040857","1125","1125","1125"
"108096","10.509804909066476","4.227505191912954","16.79210462622","1126","1126","1126"
"108192","20.929149531534215","18.444849115789815","23.41344994727861","1127","1127","1127"
"108288","19.240269618821017","15.959820451094664","22.52071878654737","1128","1128","1128"
"108384","21.39857420540039","14.357662191893573","28.439486218907206","1129","1129","1129"
"108480","17.966345632072077","17.11521363524629","18.817477628897866","1130","1130","1130"
"108576","17.84703874246548","17.11521363524629","18.578863849684666","1131","1131","1131"
"108672","19.969733204611536","19.96602024515926","19.97344616406381","1132","1132","1132"
"108768","24.424708122337904","19.59494901820943","29.254467226466375","1133","1133","1133"
"108864","17.1412808397123","8.70419646320654","25.57836521621806","1134","1134","1134"
"108960","23.710741369909517","21.185520589761463","26.23596215005757","1135","1135","1135"
"109056","19.85755824774751","19.85755824774751","19.85755824774751","1136","1136","1136"
"109152","21.211126337494854","15.29233468358575","27.129917991403953","1137","1137","1137"
"109248","13.39674392875439","9.868094361224797","16.925393496283984","1138","1138","1138"
"109344","13.787987966917362","13.787987966917362","13.787987966917362","1139","1139","1139"
"109440","10.80679546099665","9.337000041254834","12.276590880738468","1140","1140","1140"
"109536","21.928681058366443","21.928681058366443","21.928681058366443","1141","1141","1141"
"109632","14.57524271297389","13.226106838250562","15.92437858769722","1142","1142","1142"
"109728","12.28371257271173","9.337000041254834","15.230425104168626","1143","1143","1143"
"109824","22.2183258231385","15.71414626944725","28.72250537682975","1144","1144","1144"
"109920","21.314961899906216","19.632869836631574","22.997053963180853","1145","1145","1145"
"110016","13.937223596108161","9.337000041254834","18.53744715096149","1146","1146","1146"
"110112","18.71330990184223","18.104453099348007","19.322166704336457","1147","1147","1147"
"110208","11.814056630244758","11.814056630244758","11.814056630244758","1148","1148","1148"
"110304","21.76807039959114","17.810260974040872","25.725879825141405","1149","1149","1149"
"110400","18.723344660296753","13.226106838250562","24.22058248234294","1150","1150","1150"
"110496","21.363100609297028","18.352882045305012","24.37331917328904","1151","1151","1151"
"110592","12.040090836472187","4.815089666210813","19.26509200673356","1152","1152","1152"
"110688","13.374542795694612","13.226106838250562","13.522978753138664","1153","1153","1153"
"110784","22.305266415982814","21.8117505614272","22.798782270538425","1154","1154","1154"
"110880","22.20943562085184","15.59270388419714","28.826167357506534","1155","1155","1155"
"110976","17.30626413713929","17.111187392920552","17.50134088135803","1156","1156","1156"
"111072","8.304267964823806","4.182738279200018","12.425797650447594","1157","1157","1157"
"111168","20.864810808365313","18.84225329225277","22.88736832447786","1158","1158","1158"
"111264","21.74963918476532","20.14881078537236","23.350467584158288","1159","1159","1159"
"111360","15.731975140780884","13.226106838250562","18.237843443311206","1160","1160","1160"
"111456","23.367506195189005","22.918859506038018","23.816152884339992","1161","1161","1161"
"111552","3.5003843964512047","-8.66020325142038","15.66097204432279","1162","1162","1162"
"111648","14.438572947783456","11.929737905918651","16.94740798964826","1163","1163","1163"
"111744","20.290325201620856","11.78184087785471","28.798809525387","1164","1164","1164"
"111840","19.303013919118897","18.42750479448276","20.178523043755035","1165","1165","1165"
"111936","18.21886961494398","17.11521363524629","19.32252559464167","1166","1166","1166"
"112032","17.417384033894425","15.778201947486197","19.056566120302655","1167","1167","1167"
"112128","21.089259845185985","16.471619980092573","25.7068997102794","1168","1168","1168"
"112224","8.890582295372205","8.444164549489575","9.337000041254834","1169","1169","1169"
"112320","16.12874238812124","13.226106838250562","19.031377937991916","1170","1170","1170"
"112416","15.46857545263506","13.226106838250562","17.711044067019557","1171","1171","1171"
"112512","22.286818063114886","15.904221303695536","28.66941482253424","1172","1172","1172"
"112608","20.112910389914266","16.600893753553137","23.624927026275394","1173","1173","1173"
"112704","15.106041452148753","13.348803230008965","16.863279674288542","1174","1174","1174"
"112800","23.932964264764383","23.932964264764383","23.932964264764383","1175","1175","1175"
"112896","4.623686203004123","4.623686203004123","4.623686203004123","1176","1176","1176"
"112992","23.331472777963185","17.940440179096623","28.72250537682975","1177","1177","1177"
"113088","23.610231386227266","23.610231386227266","23.610231386227266","1178","1178","1178"
"113184","22.609052465987475","22.07281014886335","23.1452947831116","1179","1179","1179"
"113280","13.602822769619454","12.579965685774503","14.625679853464405","1180","1180","1180"
"113376","17.459911975421786","17.11521363524629","17.804610315597284","1181","1181","1181"
"113472","19.654026802866632","17.11521363524629","22.192839970486972","1182","1182","1182"
"113568","14.738519105562773","12.36182457587926","17.11521363524629","1183","1183","1183"
"113664","22.819706575503215","22.819706575503215","22.819706575503215","1184","1184","1184"
"113760","24.95189562135061","21.34991843203986","28.553872810661357","1185","1185","1185"
"113856","43.456754770444824","14.926791315790677","71.98671822509897","1186","1186","1186"
"113952","21.45343997644631","17.11521363524629","25.79166631764633","1187","1187","1187"
"114048","16.453502183148412","9.337000041254834","23.57000432504199","1188","1188","1188"
"114144","16.729042377373254","12.49333785842289","20.964746896323618","1189","1189","1189"
"114240","19.694256253598724","19.694256253598724","19.694256253598724","1190","1190","1190"
"114336","23.565549067171524","20.94560425862377","26.185493875719274","1191","1191","1191"
"114432","5.604583050049484","0.3383983949172267","10.870767705181741","1192","1192","1192"
"114528","16.56696153741775","16.56696153741775","16.56696153741775","1193","1193","1193"
"114624","18.055725394037193","14.716394194170498","21.395056593903888","1194","1194","1194"
"114720","11.850381419137019","8.523408006357398","15.17735483191664","1195","1195","1195"
"114816","13.60711358633804","13.60711358633804","13.60711358633804","1196","1196","1196"
"114912","20.765835914151545","17.11521363524629","24.4164581930568","1197","1197","1197"
"115008","21.702489350919567","21.702489350919567","21.702489350919567","1198","1198","1198"
"115104","11.896224338665155","2.2829517934150902","21.50949688391522","1199","1199","1199"
"115200","12.397731856566356","9.337000041254834","15.458463671877878","1200","1200","1200"
"115296","25.493622253406777","21.87802547580637","29.109219031007186","1201","1201","1201"
"115392","15.603309355855533","14.091405076464776","17.11521363524629","1202","1202","1202"
"115488","19.30177787573148","17.11521363524629","21.48834211621667","1203","1203","1203"
"115584","16.7705587296187","16.7705587296187","16.7705587296187","1204","1204","1204"
"115680","9.849571882000049","7.937524351113323","11.761619412886777","1205","1205","1205"
"115776","10.444778094929005","4.815089666210813","16.074466523647196","1206","1206","1206"
"115872","13.97580934714366","13.97580934714366","13.97580934714366","1207","1207","1207"
"115968","15.47756284925638","13.839912063266473","17.11521363524629","1208","1208","1208"
"116064","18.252342635751447","13.201287681452046","23.30339759005085","1209","1209","1209"
"116160","10.645271939654192","10.645271939654192","10.645271939654192","1210","1210","1210"
"116256","18.011407591048076","17.11521363524629","18.907601546849868","1211","1211","1211"
"116352","9.839498127040713","8.726806015081756","10.952190238999671","1212","1212","1212"
"116448","14.826978132887525","14.826978132887525","14.826978132887525","1213","1213","1213"
"116544","25.259532342382865","21.11259171117635","29.40647297358938","1214","1214","1214"
"116640","22.543459344586555","15.585975443458418","29.50094324571469","1215","1215","1215"
"116736","19.892274510787118","19.34294536567111","20.441603655903126","1216","1216","1216"
"116832","20.011041200553958","19.628572662990912","20.393509738117004","1217","1217","1217"
"116928","9.326353959852401","0.2931792911667915","18.359528628538012","1218","1218","1218"
"117024","21.65398162546073","15.082378500345913","28.22558475057555","1219","1219","1219"
"117120","21.26169454385795","20.632980106310917","21.89040898140498","1220","1220","1220"
"117216","18.99795453896096","16.570965631098964","21.424943446822958","1221","1221","1221"
"117312","19.49485618395982","14.03671909283686","24.95299327508278","1222","1222","1222"
"117408","14.403491341071046","14.403491341071046","14.403491341071046","1223","1223","1223"
"117504","23.944807388255303","21.62681680160984","26.262797974900764","1224","1224","1224"
"117600","23.351071438721256","20.52021737139318","26.181925506049332","1225","1225","1225"
"117696","14.707247695515392","8.438863991030537","20.975631400000246","1226","1226","1226"
"117792","18.28878565854677","15.134788272984384","21.44278304410916","1227","1227","1227"
"117888","20.97501679678525","18.343793674640192","23.60623991893031","1228","1228","1228"
"117984","16.46701771305074","13.184143784496749","19.74989164160473","1229","1229","1229"
"118080","20.3978064275409","20.296141065565642","20.499471789516157","1230","1230","1230"
"118176","18.383612806016973","17.768964084551815","18.998261527482132","1231","1231","1231"
"118272","22.676962004802533","21.854578289877715","23.499345719727355","1232","1232","1232"
"118368","13.195172501832406","11.929737905918651","14.46060709774616","1233","1233","1233"
"118464","23.03257152572825","17.44084740327839","28.624295648178112","1234","1234","1234"
"118560","19.99339137198759","13.868407761744288","26.118374982230897","1235","1235","1235"
"118656","17.531082069268027","14.098847377135387","20.963316761400666","1236","1236","1236"
"118752","6.015271218294805","-8.66020325142038","20.69074568800999","1237","1237","1237"
"118848","6.25549970836703","4.227505191912954","8.283494224821107","1238","1238","1238"
"118944","19.33560162993652","17.637978392599813","21.033224867273226","1239","1239","1239"
"119040","17.217426988140936","15.423028287261756","19.011825689020114","1240","1240","1240"
"119136","15.3806087759756","11.571265466772942","19.18995208517826","1241","1241","1241"
"119232","18.496123131906945","9.175098532796245","27.817147731017645","1242","1242","1242"
"119328","23.062968052294654","17.412786268359156","28.71314983623015","1243","1243","1243"
"119424","17.463612046421012","17.11521363524629","17.81201045759574","1244","1244","1244"
"119520","20.802198213566456","19.14281748052373","22.46157894660918","1245","1245","1245"
"119616","20.84608871610441","18.857754190623325","22.834423241585498","1246","1246","1246"
"119712","19.806664418165212","13.210888570559472","26.40244026577095","1247","1247","1247"
"119808","18.151335525891106","16.504402941121278","19.79826811066094","1248","1248","1248"
"119904","19.62544986622561","19.62544986622561","19.62544986622561","1249","1249","1249"
"120000","18.456786436147986","13.713987568976389","23.19958530331958","1250","1250","1250"
"120096","14.473923491499495","9.337000041254834","19.610846941744157","1251","1251","1251"
"120192","10.924762142694894","0.2931792911667915","21.556344994222997","1252","1252","1252"
"120288","19.431017910293846","15.620520070084883","23.241515750502806","1253","1253","1253"
"120384","18.27492807707787","15.95430046230621","20.595555691849533","1254","1254","1254"
"120480","15.707058767779703","14.298903900313118","17.11521363524629","1255","1255","1255"
"120576","19.985435212072954","10.90270599642858","29.068164427717328","1256","1256","1256"
"120672","13.133315550034993","13.133315550034993","13.133315550034993","1257","1257","1257"
"120768","16.291745061537664","9.337000041254834","23.246490081820493","1258","1258","1258"
"120864","23.928117904794483","19.727794172760365","28.128441636828597","1259","1259","1259"
"120960","23.4576182126886","20.91460398492754","26.00063244044966","1260","1260","1260"
"121056","20.765079585775197","16.600893753553137","24.929265417997257","1261","1261","1261"
"121152","20.404548455749758","17.267767255406046","23.54132965609347","1262","1262","1262"
"121248","24.338328524929057","23.004566445399917","25.672090604458198","1263","1263","1263"
"121344","24.447411153232395","24.447411153232395","24.447411153232395","1264","1264","1264"
"121440","22.198699970883638","18.40944862528387","25.98795131648341","1265","1265","1265"
"121536","21.754626574939273","17.111682538208914","26.397570611669636","1266","1266","1266"
"121632","24.138054434893316","24.138054434893316","24.138054434893316","1267","1267","1267"
"121728","18.285683264579912","14.522475770582469","22.048890758577354","1268","1268","1268"
"121824","23.052819482439933","16.80338702117795","29.302251943701915","1269","1269","1269"
"121920","10.775353143522334","5.636651450302339","15.91405483674233","1270","1270","1270"
"122016","20.172177012950723","19.323928893383222","21.020425132518223","1271","1271","1271"
"122112","16.309911297881683","15.504608960517082","17.11521363524629","1272","1272","1272"
"122208","21.291288259052422","19.609819347008116","22.972757171096724","1273","1273","1273"
"122304","20.557231036316765","11.803604327121924","29.31085774551161","1274","1274","1274"
"122400","9.450259062527756","9.450259062527756","9.450259062527756","1275","1275","1275"
"122496","14.688813753886478","9.337000041254834","20.04062746651812","1276","1276","1276"
"122592","19.882757343195138","17.969616948090955","21.795897738299317","1277","1277","1277"
"122688","6.926555284511508","-2.6611354871953092","16.514246056218326","1278","1278","1278"
"122784","21.183613854670917","21.122602723004334","21.2446249863375","1279","1279","1279"
"122880","8.054328312350728","-8.66020325142038","24.768859876121837","1280","1280","1280"
"122976","17.93061184415568","13.226106838250562","22.6351168500608","1281","1281","1281"
"123072","13.80547144858912","8.40836066269216","19.20258223448608","1282","1282","1282"
"123168","19.22367833035993","17.11521363524629","21.332143025473574","1283","1283","1283"
"123264","20.41463081345026","11.583969803446319","29.245291823454195","1284","1284","1284"
"123360","6.289683467240257","-8.66020325142038","21.239570185900895","1285","1285","1285"
"123456","15.568912390510503","12.106358861734165","19.03146591928684","1286","1286","1286"
"123552","13.052177975533716","8.915130989222638","17.189224961844793","1287","1287","1287"
"123648","20.92907521052593","18.251910502121554","23.60623991893031","1288","1288","1288"
"123744","13.17031850064413","13.17031850064413","13.17031850064413","1289","1289","1289"
"123840","2.5114210546288325","-8.66020325142038","13.683045360678046","1290","1290","1290"
"123936","16.71980528809239","16.324396940938495","17.11521363524629","1291","1291","1291"
"124032","13.022878511119403","4.227505191912954","21.818251830325853","1292","1292","1292"
"124128","16.463224636805673","14.951493972723975","17.97495530088737","1293","1293","1293"
"124224","20.438255418626674","17.11521363524629","23.761297202007057","1294","1294","1294"
"124320","18.700475875521846","9.830691207375024","27.570260543668667","1295","1295","1295"
"124416","20.046223954707642","20.046223954707642","20.046223954707642","1296","1296","1296"
"124512","15.918485842699514","14.721758050152738","17.11521363524629","1297","1297","1297"
"124608","12.451252970334934","9.231062518221202","15.671443422448668","1298","1298","1298"
"124704","16.6003879610822","14.914142832907833","18.28663308925656","1299","1299","1299"
"124800","14.52471171693863","12.622570366497625","16.426853067379636","1300","1300","1300"
"124896","22.973482014706413","17.20210350896008","28.74486052045275","1301","1301","1301"
"124992","15.447479759137291","13.779745883028294","17.11521363524629","1302","1302","1302"
"125088","10.42821338530418","10.42821338530418","10.42821338530418","1303","1303","1303"
"125184","14.216372009450144","10.280560334332678","18.152183684567607","1304","1304","1304"
"125280","13.978263291969734","7.473018333754965","20.483508250184503","1305","1305","1305"
"125376","22.65890514809614","21.161631498986317","24.15617879720596","1306","1306","1306"
"125472","14.804690335921258","12.455579454368072","17.153801217474445","1307","1307","1307"
"125568","13.226408749680303","13.226408749680303","13.226408749680303","1308","1308","1308"
"125664","18.2778209481586","18.2778209481586","18.2778209481586","1309","1309","1309"
"125760","15.117607976761633","9.937619104352846","20.297596849170418","1310","1310","1310"
"125856","9.72694395695963","7.646258314095935","11.807629599823326","1311","1311","1311"
"125952","12.532824350816979","9.866024625835847","15.199624075798111","1312","1312","1312"
"126048","14.925432222575477","7.505801294783671","22.345063150367285","1313","1313","1313"
"126144","4.927530580805405","-8.66020325142038","18.51526441303119","1314","1314","1314"
"126240","25.748812945501765","25.748812945501765","25.748812945501765","1315","1315","1315"
"126336","18.42870182721593","18.383691705264102","18.473711949167765","1316","1316","1316"
"126432","14.76266672440342","12.453007430663746","17.072326018143094","1317","1317","1317"
"126528","23.948552309314525","23.101935117951278","24.795169500677773","1318","1318","1318"
"126624","13.959246276058233","7.796239259457914","20.122253292658552","1319","1319","1319"
"126720","22.814324002640696","21.183707567019113","24.44494043826228","1320","1320","1320"
"126816","14.50808166101943","4.227505191912954","24.788658130125906","1321","1321","1321"
"126912","13.324246246290274","5.93067014169358","20.71782235088697","1322","1322","1322"
"127008","22.638369742083228","22.30256376561881","22.97417571854765","1323","1323","1323"
"127104","19.763554645777315","16.4029651286544","23.12414416290023","1324","1324","1324"
"127200","2.5527132225321276","-8.66020325142038","13.765629696484636","1325","1325","1325"
"127296","12.06015035712921","0.2931792911667915","23.82712142309163","1326","1326","1326"
"127392","18.790157714182847","17.11521363524629","20.465101793119405","1327","1327","1327"
"127488","16.328824551932712","14.522475770582469","18.135173333282957","1328","1328","1328"
"127584","15.970694407260343","8.756548383664354","23.184840430856333","1329","1329","1329"
"127680","21.153856999698775","15.783268104098681","26.524445895298864","1330","1330","1330"
"127776","13.378700566497706","9.337000041254834","17.420401091740576","1331","1331","1331"
"127872","11.683723919647447","8.70419646320654","14.663251376088354","1332","1332","1332"
"127968","16.648869873188175","16.182526111130066","17.11521363524629","1333","1333","1333"
"128064","16.2263606865834","9.337000041254834","23.11572133191197","1334","1334","1334"
"128160","20.6031654003153","17.11521363524629","24.091117165384315","1335","1335","1335"
"128256","21.787327299388927","21.787327299388927","21.787327299388927","1336","1336","1336"
"128352","12.931568853744501","4.227505191912954","21.63563251557605","1337","1337","1337"
"128448","11.994873618515705","9.995884845115354","13.993862391916057","1338","1338","1338"
"128544","1.3800600119364361","-8.66020325142038","11.420323275293253","1339","1339","1339"
"128640","32.710853576436946","17.11521363524629","48.3064935176276","1340","1340","1340"
"128736","12.469656390878498","11.078806417117312","13.860506364639686","1341","1341","1341"
"128832","9.166899171692469","-1.051724712171338","19.385523055556277","1342","1342","1342"
"128928","17.815866961523337","12.418698232667728","23.21303569037895","1343","1343","1343"
"129024","-4.138292876376355","-8.66020325142038","0.3836174986676703","1344","1344","1344"
"129120","22.801335171516676","20.659219926486536","24.943450416546817","1345","1345","1345"
"129216","15.079597989416317","13.070733028259305","17.08846295057333","1346","1346","1346"
"129312","19.119767138763116","14.501500232440115","23.73803404508612","1347","1347","1347"
"129408","9.729115063793248","6.232123289335933","13.226106838250562","1348","1348","1348"
"129504","4.638996859814169","-8.66020325142038","17.93819697104872","1349","1349","1349"
"129600","14.123555184739956","8.908775875524515","19.338334493955397","1350","1350","1350"
"129696","20.41789761111911","20.190547991308247","20.645247230929968","1351","1351","1351"
"129792","20.899750204340876","18.557984658178942","23.241515750502806","1352","1352","1352"
"129888","10.797244011350672","2.1801972296462226","19.414290793055123","1353","1353","1353"
"129984","11.462447881661301","10.372681379156742","12.552214384165863","1354","1354","1354"
"130080","10.013810761564407","2.9124078878825252","17.11521363524629","1355","1355","1355"
"130176","5.47787218761527","5.47787218761527","5.47787218761527","1356","1356","1356"
"130272","6.498112253319595","3.6592244653843577","9.337000041254834","1357","1357","1357"
"130368","7.478374415931091","2.5811281066322183","12.375620725229963","1358","1358","1358"
"130464","18.962934650608606","8.615011555705603","29.31085774551161","1359","1359","1359"
"130560","15.417312393584131","8.20357491709472","22.631049870073543","1360","1360","1360"
"130656","9.826661078083808","-3.5881935943351917","23.241515750502806","1361","1361","1361"
"130752","15.37610738127938","11.432588770080386","19.319625992478375","1362","1362","1362"
"130848","5.535137985133885","4.227505191912954","6.842770778354817","1363","1363","1363"
"130944","6.892820407054792","-8.66020325142038","22.445844065529965","1364","1364","1364"
"131040","20.243931487696905","11.177005229882198","29.31085774551161","1365","1365","1365"
"131136","16.731169685677965","16.731169685677965","16.731169685677965","1366","1366","1366"
"131232","14.401428985665769","11.687644336085249","17.11521363524629","1367","1367","1367"
"131328","19.69685604452462","18.388454504243757","21.00525758480548","1368","1368","1368"
"131424","8.841073854537013","-8.66020325142038","26.342350960494407","1369","1369","1369"
"131520","19.993336074950527","10.675814404389442","29.31085774551161","1370","1370","1370"
"131616","6.804862168459116","0.3836174986676703","13.226106838250562","1371","1371","1371"
"131712","19.253765994395195","17.11521363524629","21.392318353544105","1372","1372","1372"
"131808","19.428192714107453","17.11521363524629","21.741171792968622","1373","1373","1373"
"131904","13.20068195086537","13.20068195086537","13.20068195086537","1374","1374","1374"
"132000","13.920101537487048","2.675864326952692","25.164338748021404","1375","1375","1375"
"132096","13.481385272547826","3.8107130752680267","23.152057469827625","1376","1376","1376"
"132192","10.026136492102385","0.3383983949172267","19.713874589287542","1377","1377","1377"
"132288","1.4547134643831257","-8.66020325142038","11.569630180186632","1378","1378","1378"
"132384","11.706133547790088","11.706133547790088","11.706133547790088","1379","1379","1379"
"132480","17.707165799401068","13.226106838250562","22.188224760551577","1380","1380","1380"
"132576","11.23569944573921","5.3561852562321315","17.11521363524629","1381","1381","1381"
"132672","17.63843735305522","17.63843735305522","17.63843735305522","1382","1382","1382"
"132768","1.6746162070910886","0.3383983949172267","3.0108340192649505","1383","1383","1383"
"132864","18.032393731015045","15.704060684941792","20.3607267770883","1384","1384","1384"
"132960","15.786179307140323","12.547283675538154","19.025074938742492","1385","1385","1385"
"133056","16.22366616137459","4.186123047929345","28.26120927481984","1386","1386","1386"
"133152","9.621294225077222","6.782252616583893","12.460335833570548","1387","1387","1387"
"133248","10.326750265658797","10.292544286016907","10.360956245300686","1388","1388","1388"
"133344","23.21303569037895","23.21303569037895","23.21303569037895","1389","1389","1389"
"133440","2.325203298810497","0.3383983949172267","4.312008202703767","1390","1390","1390"
"133536","11.127456085249516","1.861402432382027","20.393509738117004","1391","1391","1391"
"133632","17.347322419027982","11.088404919125653","23.60623991893031","1392","1392","1392"
"133728","9.791252573105732","6.3563983079609025","13.226106838250562","1393","1393","1393"
"133824","19.951661190548684","10.535504515338037","29.367817865759328","1394","1394","1394"
"133920","3.1551654212772675","-3.026669198700299","9.337000041254834","1395","1395","1395"
"134016","15.411223306627011","15.411223306627011","15.411223306627011","1396","1396","1396"
"134112","19.79297458638004","13.094617379510417","26.491331793249664","1397","1397","1397"
"134208","17.31857343829796","13.226106838250562","21.41104003834536","1398","1398","1398"
"134304","10.097000032448923","5.93067014169358","14.263329923204267","1399","1399","1399"
"134400","10.143451632585506","10.143451632585506","10.143451632585506","1400","1400","1400"
"134496","22.917349737882365","22.162893634777006","23.671805840987723","1401","1401","1401"
"134592","21.81302240311382","21.81302240311382","21.81302240311382","1402","1402","1402"
"134688","11.633110448419792","8.523408006357398","14.742812890482185","1403","1403","1403"
"134784","16.66083588289867","16.504402941121278","16.817268824676063","1404","1404","1404"
"134880","16.609976316990696","9.337000041254834","23.88295259272656","1405","1405","1405"
"134976","6.488460379434967","-4.138292876376355","17.11521363524629","1406","1406","1406"
"135072","15.787027307052394","15.134889765430634","16.439164848674153","1407","1407","1407"
"135168","18.856451269193045","11.929737905918651","25.783164632467436","1408","1408","1408"
"135264","6.697927390702071","6.697927390702071","6.697927390702071","1409","1409","1409"
"135360","36.105398957436","20.393509738117004","51.817288176755","1410","1410","1410"
"135456","7.624532960186857","0.3383983949172267","14.910667525456487","1411","1411","1411"
"135552","6.784712441757993","6.784712441757993","6.784712441757993","1412","1412","1412"
"135648","16.18462206034323","3.058386375174851","29.31085774551161","1413","1413","1413"
"135744","18.606677180753483","18.606677180753483","18.606677180753483","1414","1414","1414"
"135840","11.996051879140698","7.936909882493039","16.05519387578836","1415","1415","1415"
"135936","11.757637381737705","11.757637381737705","11.757637381737705","1416","1416","1416"
"136032","16.12505170033846","15.134889765430634","17.11521363524629","1417","1417","1417"
"136128","25.42576968053823","21.359957816221048","29.49158154485541","1418","1418","1418"
"136224","15.471690724447456","14.438978507773633","16.504402941121278","1419","1419","1419"
"136320","32.773178679551954","29.49158154485541","36.054775814248494","1420","1420","1420"
"136416","22.054095541864324","9.337000041254834","34.771191042473816","1421","1421","1421"
"136512","19.300744370493433","19.300744370493433","19.300744370493433","1422","1422","1422"
"136608","19.30275926640976","9.611519612477768","28.99399892034175","1423","1423","1423"
"136704","24.369752807921614","14.522475770582469","34.21702984526076","1424","1424","1424"
"136800","0.3836174986676703","0.3836174986676703","0.3836174986676703","1425","1425","1425"
"136896","24.206210233938492","19.134060882792834","29.278359585084146","1426","1426","1426"
"136992","13.599803082355875","-0.2099021723402581","27.409508337052007","1427","1427","1427"
"137088","21.660664593398785","19.26782032693321","24.053508859864362","1428","1428","1428"
"137184","12.528215540429589","4.679312823256525","20.377118257602653","1429","1429","1429"
"137280","2.7413878500096596","-2.6611354871953092","8.143911187214629","1430","1430","1430"
"137376","12.017948404966338","8.405009187504898","15.630887622427778","1431","1431","1431"
"137472","16.682239978345265","14.012071003183454","19.35240895350708","1432","1432","1432"
"137568","24.890975778752935","24.890975778752935","24.890975778752935","1433","1433","1433"
"137664","15.48614466121405","7.759253632049152","23.21303569037895","1434","1434","1434"
"137760","12.012814474637622","6.910415314028954","17.11521363524629","1435","1435","1435"
"137856","20.033111177148072","15.274875856735548","24.791346497560596","1436","1436","1436"
"137952","11.399941819482645","6.123780290664051","16.67610334830124","1437","1437","1437"
"138048","17.435578104186312","11.686315777516294","23.184840430856333","1438","1438","1438"
"138144","14.983686190063475","13.226106838250562","16.741265541876388","1439","1439","1439"
"138240","22.13098036757924","15.128886044604315","29.13307469055417","1440","1440","1440"
"138336","23.180252729350244","23.180252729350244","23.180252729350244","1441","1441","1441"
"138432","19.714733979352182","17.92840594731418","21.50106201139019","1442","1442","1442"
"138528","27.450160484086222","27.450160484086222","27.450160484086222","1443","1443","1443"
"138624","11.887989274514233","9.337000041254834","14.438978507773633","1444","1444","1444"
"138720","5.474069385707509","1.6111387301601843","9.337000041254834","1445","1445","1445"
"138816","15.204531087235589","15.204531087235589","15.204531087235589","1446","1446","1446"
"138912","12.061375610004097","7.715716951438278","16.407034268569916","1447","1447","1447"
"139008","6.123865392728949","-4.1609024282515765","16.408633213709475","1448","1448","1448"
"139104","14.257765518985522","11.400317402724756","17.11521363524629","1449","1449","1449"
"139200","-8.66020325142038","-8.66020325142038","-8.66020325142038","1450","1450","1450"
"139296","11.02358288835175","2.784215103871604","19.2629506728319","1451","1451","1451"
"139392","14.960227126859591","7.289214516578138","22.631239737141044","1452","1452","1452"
"139488","12.089318087046648","10.708938741604541","13.469697432488754","1453","1453","1453"
"139584","16.91183801666081","4.602352113235878","29.221323920085737","1454","1454","1454"
"139680","17.384467462359545","11.677245893237288","23.091689031481806","1455","1455","1455"
"139776","39.1175529473504","29.13307469055417","49.10203120414663","1456","1456","1456"
"139872","2.008801509786348","-0.2099021723402581","4.227505191912954","1457","1457","1457"
"139968","10.782154851328723","6.607560969987044","14.956748732670402","1458","1458","1458"
"140064","9.365513014460962","5.2874170572420605","13.443608971679865","1459","1459","1459"
"140160","28.62081893580948","13.226106838250562","44.015531033368404","1460","1460","1460"
"140256","25.198311919090017","21.207722533771076","29.18890130440896","1461","1461","1461"
"140352","16.340034168567975","15.564854701889663","17.11521363524629","1462","1462","1462"
"140448","17.83246497246955","17.83246497246955","17.83246497246955","1463","1463","1463"
"140544","68.52155013275505","10.417859640852846","126.62524062465727","1464","1464","1464"
"140640","15.141587719772783","10.227854009519772","20.055321430025796","1465","1465","1465"
"140736","13.153753183254697","11.775717042648088","14.531789323861307","1466","1466","1466"
"140832","15.881596998626367","14.009725892724541","17.753468104528192","1467","1467","1467"
"140928","1.5577568956138528","-8.66020325142038","11.775717042648086","1468","1468","1468"
"141024","24.218294427904276","16.471619980092573","31.964968875715982","1469","1469","1469"
"141120","18.751268538228032","8.077183735699053","29.425353340757013","1470","1470","1470"
"141216","18.473663487453383","11.72048077249867","25.226846202408094","1471","1471","1471"
"141312","18.868693006714363","11.334945747657779","26.40244026577095","1472","1472","1472"
"141408","2.7896317097722774","-2.6611354871953092","8.240398906739864","1473","1473","1473"
"141504","12.97832404541819","2.9838909197396557","22.972757171096724","1474","1474","1474"
"141600","7.9393437825928626","7.9393437825928626","7.9393437825928626","1475","1475","1475"
"141696","20.81246619504905","16.49762529593371","25.127307094164394","1476","1476","1476"
"141792","19.458075369207094","17.11521363524629","21.800937103167904","1477","1477","1477"
"141888","10.208801545708775","-8.66020325142038","29.07780634283793","1478","1478","1478"
"141984","5.459325673614863","-4.183511980126794","15.102163327356521","1479","1479","1479"
"142080","20.18963186874735","20.18963186874735","20.18963186874735","1480","1480","1480"
"142176","17.052510509348764","4.784325588132765","29.320695430564765","1481","1481","1481"
"142272","12.054890575166823","9.337000041254834","14.77278110907881","1482","1482","1482"
"142368","6.487330457556983","0.3383983949172267","12.636262520196738","1483","1483","1483"
"142464","25.433253408377936","17.11521363524629","33.75129318150958","1484","1484","1484"
"142560","14.475987370208045","-0.2099021723402581","29.161876912756348","1485","1485","1485"
"142656","10.27293820545146","10.231893895075869","10.313982515827052","1486","1486","1486"
"142752","18.312035008378494","14.355919029149817","22.268150987607168","1487","1487","1487"
"142848","21.988336583963573","18.850284385761285","25.126388782165858","1488","1488","1488"
"142944","13.627327092249537","7.902245230991994","19.35240895350708","1489","1489","1489"
"143040","3.1344512238992293","-1.2368988469852127","7.505801294783671","1490","1490","1490"
"143136","16.631132496641506","13.400767464322138","19.86149752896087","1491","1491","1491"
"143232","23.671805840987723","23.671805840987723","23.671805840987723","1492","1492","1492"
"143328","10.402153071061903","7.578199303873244","13.226106838250562","1493","1493","1493"
"143424","11.537861782523095","7.020529689257833","16.05519387578836","1494","1494","1494"
"143520","10.502057121613705","2.3561825027752303","18.64793174045218","1495","1495","1495"
"143616","8.149960699238983","8.149960699238983","8.149960699238983","1496","1496","1496"
"143712","12.311432245997224","-2.2163490297537134","26.839213521748164","1497","1497","1497"
"143808","25.552629748228085","21.761002848294122","29.344256648162048","1498","1498","1498"
"143904","8.159451361847648","8.159451361847648","8.159451361847648","1499","1499","1499"
"144000","9.500143150495882","4.227505191912954","14.77278110907881","1500","1500","1500"
"144096","8.743480370246909","8.149960699238983","9.337000041254834","1501","1501","1501"
"144192","17.632133165239452","5.95312378436605","29.31114254611285","1502","1502","1502"
"144288","28.614244938051996","27.917632130592384","29.31085774551161","1503","1503","1503"
"144384","5.921033984841596","-8.66020325142038","20.502271221103573","1504","1504","1504"
"144480","8.22405559467272","7.532980200122801","8.915130989222638","1505","1505","1505"
"144576","16.314669467900924","9.592641910297695","23.036697025504154","1506","1506","1506"
"144672","17.315367085404784","11.506590007909338","23.12414416290023","1507","1507","1507"
"144768","16.80064691476565","13.736827492170551","19.864466337360753","1508","1508","1508"
"144864","15.23944285557991","5.287417057242061","25.19146865391776","1509","1509","1509"
"144960","17.390154617365425","-8.66020325142038","43.440512486151235","1510","1510","1510"
"145056","-4.172207204189186","-8.66020325142038","0.3157888430420095","1511","1511","1511"
"145152","17.682962751890983","15.52359766854621","19.842327835235757","1512","1512","1512"
"145248","7.9204332529933215","5.930670141693581","9.91019636429306","1513","1513","1513"
"145344","4.227505191912954","-8.66020325142038","17.11521363524629","1514","1514","1514"
"145440","21.68497579164956","14.77278110907881","28.59717047422031","1515","1515","1515"
"145536","25.089707858988675","23.74906214527901","26.430353572698344","1516","1516","1516"
"145632","12.98216230887623","9.337000041254834","16.627324576497625","1517","1517","1517"
"145728","17.066912807950573","7.829078573995743","26.3047470419054","1518","1518","1518"
"145824","17.09377314782482","10.677701362545177","23.50984493310446","1519","1519","1519"
"145920","21.205504020023128","17.11521363524629","25.295794404799967","1520","1520","1520"
"146016","2.8390088552260693","-8.66020325142038","14.33822096187252","1521","1521","1521"
"146112","17.452628762830173","15.58132863227712","19.323928893383222","1522","1522","1522"
"146208","6.9154531904047225","-8.66020325142038","22.491109632229826","1523","1523","1523"
"146304","12.677806270993077","8.240398906739864","17.11521363524629","1524","1524","1524"
"146400","17.136038319968787","16.78816232918949","17.483914310748084","1525","1525","1525"
"146496","28.92721130979141","28.543564874071215","29.31085774551161","1526","1526","1526"
"146592","21.799225034562596","14.287592323613588","29.31085774551161","1527","1527","1527"
"146688","18.752633861724917","17.11521363524629","20.39005408820355","1528","1528","1528"
"146784","22.826296531407294","8.726806015081758","36.92578704773283","1529","1529","1529"
"146880","18.58652568891891","17.11521363524629","20.057837742591534","1530","1530","1530"
"146976","9.811463878390462","3.118524815659649","16.504402941121278","1531","1531","1531"
"147072","7.590304305574481","7.590304305574481","7.590304305574481","1532","1532","1532"
"147168","1.647861962929263","0.2931792911667915","3.0025446346917346","1533","1533","1533"
"147264","9.771015250626654","7.798932504828784","11.743097996424524","1534","1534","1534"
"147360","19.19743359531222","10.985358853572436","27.409508337052007","1535","1535","1535"
"147456","15.989216475912992","14.863219316579695","17.11521363524629","1536","1536","1536"
"147552","12.594273281812654","10.325327247045614","14.863219316579695","1537","1537","1537"
"147648","9.337000041254834","9.337000041254834","9.337000041254834","1538","1538","1538"
"147744","20.19978769611761","11.078806417117312","29.32076897511791","1539","1539","1539"
"147840","25.707275774314972","-8.66020325142038","60.07475480005032","1540","1540","1540"
"148032","13.016646017530189","2.4270521161300658","23.60623991893031","1542","1542","1542"
"148128","15.890146644338273","12.083015342093967","19.697277946582577","1543","1543","1543"
"148224","0.3836174986676703","0.3836174986676703","0.3836174986676703","1544","1544","1544"
"148320","10.530720435477308","0.3836174986676703","20.677823372286944","1545","1545","1545"
"148416","8.941424295795695","7.590304305574481","10.292544286016907","1546","1546","1546"
"148512","11.575675275765661","9.925243713280759","13.226106838250562","1547","1547","1547"
"148608","22.642466477682778","20.32827164566988","24.956661309695676","1548","1548","1548"
"148704","10.805816152767639","6.961868694738472","14.649763610796805","1549","1549","1549"
"148800","14.81615202380814","13.226106838250562","16.40619720936572","1550","1550","1550"
"148896","16.523938671636774","16.523938671636774","16.523938671636774","1551","1551","1551"
"148992","12.000779250377184","12.000779250377184","12.000779250377184","1552","1552","1552"
"149088","13.453915838877371","13.453915838877371","13.453915838877371","1553","1553","1553"
"149184","-1.8999472407295643","-4.138292876376355","0.3383983949172267","1554","1554","1554"
"149280","12.13916961131881","3.915919308292189","20.36241991434543","1555","1555","1555"
"149376","8.118582681705163","6.900165322155495","9.337000041254834","1556","1556","1556"
"149472","11.354018504856047","5.592823374465807","17.11521363524629","1557","1557","1557"
"149568","18.34548886169716","16.33025094630602","20.3607267770883","1558","1558","1558"
"149664","-4.77691415065809","-8.66020325142038","-0.8936250498957987","1559","1559","1559"
"149760","15.285055259047896","-8.66020325142038","39.23031376951617","1560","1560","1560"
"149856","4.034982279305417","4.034982279305417","4.034982279305417","1561","1561","1561"
"149952","10.986474909153406","2.6980314516615067","19.274918366645306","1562","1562","1562"
"150048","8.587196082535838","5.892838725318978","11.281553439752699","1563","1563","1563"
"150144","19.504207082794252","11.661384596917156","27.347029568671346","1564","1564","1564"
"150240","25.083301379345894","25.083301379345894","25.083301379345894","1565","1565","1565"
"150336","13.198769842224051","7.768786435661821","18.628753248786282","1566","1566","1566"
"150432","8.480209224439259","7.623418407623682","9.337000041254834","1567","1567","1567"
"150528","19.24482420541205","9.291007798212517","29.198640612611587","1568","1568","1568"
"150624","15.244290710867787","14.37133506392172","16.117246357813855","1569","1569","1569"
"150720","14.519487706187551","8.240398906739864","20.79857650563524","1570","1570","1570"
"150816","0.3383983949172267","-8.66020325142038","9.337000041254834","1571","1571","1571"
"150912","6.2601125436238405","-8.66020325142038","21.18042833866806","1572","1572","1572"
"151008","3.0683939305304557","3.0683939305304557","3.0683939305304557","1573","1573","1573"
"151104","13.717682978032254","13.226106838250562","14.209259117813946","1574","1574","1574"
"151200","23.91865849796143","20.323825884105148","27.513491111817714","1575","1575","1575"
"151296","14.746371524080882","12.806591849684619","16.686151198477145","1576","1576","1576"
"151392","15.525024402697717","10.276827596144045","20.77322120925139","1577","1577","1577"
"151488","3.157143820180625","0.3836174986676703","5.93067014169358","1578","1578","1578"
"151584","13.785800292711542","2.3478128506857185","25.223787734737368","1579","1579","1579"
"151680","0.3383983949172267","0.3383983949172267","0.3383983949172267","1580","1580","1580"
"151776","22.115518591169508","14.796991112481292","29.43404606985772","1581","1581","1581"
"151872","56.360559472755696","17.11521363524629","95.6059053102651","1582","1582","1582"
"151968","17.58655984934688","12.50390463020508","22.669215068488683","1583","1583","1583"
"152064","17.368324771258052","17.11521363524629","17.621435907269813","1584","1584","1584"
"152160","12.437200752207954","-0.2099021723402581","25.084303676756164","1585","1585","1585"
"152256","12.591330390843565","0.3383983949172267","24.844262386769902","1586","1586","1586"
"152352","17.05457941130148","17.05457941130148","17.05457941130148","1587","1587","1587"
"152448","22.08703853104565","14.863219316579695","29.31085774551161","1588","1588","1588"
"152544","29.367817865759328","29.367817865759328","29.367817865759328","1589","1589","1589"
"152640","14.387918139767748","12.27143333841422","16.504402941121278","1590","1590","1590"
"152736","14.84723762208964","0.3836174986676703","29.31085774551161","1591","1591","1591"
"152832","14.316954322428433","11.518695009610578","17.11521363524629","1592","1592","1592"
"152928","14.37133506392172","14.37133506392172","14.37133506392172","1593","1593","1593"
"153024","20.2567362367022","17.92001628269434","22.593456190710057","1594","1594","1594"
"153120","8.142195916539995","5.93067014169358","10.35372169138641","1595","1595","1595"
"153216","13.920736101932828","11.551809111659779","16.289663092205878","1596","1596","1596"
"153312","4.227505191912954","4.227505191912954","4.227505191912954","1597","1597","1597"
"153504","19.657936474766252","13.988104357878592","25.32776859165391","1599","1599","1599"
"153600","-8.66020325142038","-8.66020325142038","-8.66020325142038","1600","1600","1600"
"153696","2.308166871969078","0.3836174986676703","4.2327162452704865","1601","1601","1601"
"153792","12.829348484040459","4.227505191912954","21.431191776167964","1602","1602","1602"
"153888","14.278807965768257","11.757637381737705","16.79997854979881","1603","1603","1603"
"153984","5.222629658135284","5.127494125050453","5.317765191220114","1604","1604","1604"
"154080","19.66073781333398","17.11521363524629","22.206261991421673","1605","1605","1605"
"154176","41.98616420506705","22.17657716375611","61.79575124637799","1606","1606","1606"
"154272","3.63155808070735","3.0356109695017466","4.227505191912954","1607","1607","1607"
"154368","20.37837536934051","19.385523055556277","21.371227683124744","1608","1608","1608"
"154464","12.063050477246492","7.418094448663366","16.708006505829616","1609","1609","1609"
"154560","17.491221115075987","14.58893249203497","20.393509738117004","1610","1610","1610"
"154656","8.862875051432349","8.388750061609864","9.337000041254834","1611","1611","1611"
"154752","18.930538547581858","14.692487168524124","23.16858992663959","1612","1612","1612"
"154848","9.977555453611947","-8.66020325142038","28.615314158644274","1613","1613","1613"
"154944","21.243280372731626","19.123470272151273","23.363090473311974","1614","1614","1614"
"155040","24.396889912884646","19.89986057021575","28.893919255553545","1615","1615","1615"
"155136","19.268330911118692","9.347760517828425","29.18890130440896","1616","1616","1616"
"155232","20.379652497959935","20.379652497959935","20.379652497959935","1617","1617","1617"
"155328","15.360141547041891","8.240398906739864","22.479884187343917","1618","1618","1618"
"155424","46.30459259818271","46.30459259818271","46.30459259818271","1619","1619","1619"
"155520","10.73553583701363","5.210151437971678","16.260920236055583","1620","1620","1620"
"155616","11.090473997877263","11.090473997877263","11.090473997877263","1621","1621","1621"
"155712","7.481026914821105","5.625053788387376","9.337000041254834","1622","1622","1622"
"155808","18.31442834637346","14.522475770582469","22.10638092216445","1623","1623","1623"
"155904","7.561626355792669","0.3383983949172267","14.784854316668111","1624","1624","1624"
"156000","-8.66020325142038","-8.66020325142038","-8.66020325142038","1625","1625","1625"
"156096","20.379652497959935","20.379652497959935","20.379652497959935","1626","1626","1626"
"156192","11.87478828629144","0.3836174986676703","23.365959073915207","1627","1627","1627"
"156288","17.74561756445458","6.180377383397553","29.31085774551161","1628","1628","1628"
"156384","15.272242107333575","4.053152421417487","26.491331793249664","1629","1629","1629"
"156480","2.1734684532428603","2.1734684532428603","2.1734684532428603","1630","1630","1630"
"156576","5.859724623269777","5.859724623269777","5.859724623269777","1631","1631","1631"
"156672","19.32545284114349","10.325327247045614","28.32557843524137","1632","1632","1632"
"156768","10.711440448647899","9.337000041254834","12.085880856040964","1633","1633","1633"
"156960","12.668411767826736","8.628817029823857","16.708006505829616","1635","1635","1635"
"157056","89.57850576769096","89.57850576769096","89.57850576769096","1636","1636","1636"
"157152","16.541615185304682","15.968016735363076","17.11521363524629","1637","1637","1637"
"157248","11.718410348227499","9.337000041254834","14.099820655200164","1638","1638","1638"
"157344","0.0868576631637061","-0.2099021723402581","0.3836174986676703","1639","1639","1639"
"157440","10.297131987522997","-8.66020325142038","29.254467226466375","1640","1640","1640"
"157536","22.042730388231035","19.295733633860603","24.789727142601464","1641","1641","1641"
"157632","10.535726559247417","3.9562394832485457","17.11521363524629","1642","1642","1642"
"157728","17.11521363524629","17.11521363524629","17.11521363524629","1643","1643","1643"
"157824","37.095415417522176","29.393364947059837","44.797465887984515","1644","1644","1644"
"157920","12.369316021434985","7.623418407623682","17.11521363524629","1645","1645","1645"
"158016","17.060235812720855","10.448005710019807","23.672465915421906","1646","1646","1646"
"158112","19.300626680832906","14.863219316579695","23.73803404508612","1647","1647","1647"
"158208","23.565204693958645","23.565204693958645","23.565204693958645","1648","1648","1648"
"158304","14.75162291501394","12.388032194781593","17.11521363524629","1649","1649","1649"
"158400","12.998776114201842","9.460035185233208","16.537517043170478","1650","1650","1650"
"158496","25.604824677507978","10.014871551864594","41.19477780315136","1651","1651","1651"
"158592","12.20114569111785","7.864774339065222","16.537517043170478","1652","1652","1652"
"158784","3.3428639640211966","3.3428639640211966","3.3428639640211966","1654","1654","1654"
"158880","11.501566759019346","-0.2099021723402581","23.21303569037895","1655","1655","1655"
"158976","19.123455446143296","11.722464996987727","26.524445895298864","1656","1656","1656"
"159072","34.55488108320291","23.328553362948536","45.78120880345728","1657","1657","1657"
"159168","21.347073838340044","13.439680450213714","29.254467226466375","1658","1658","1658"
"159264","19.670694069450345","19.670694069450345","19.670694069450345","1659","1659","1659"
"159360","7.53891539683287","7.53891539683287","7.53891539683287","1660","1660","1660"
"159456","23.422455708636186","13.226106838250562","33.61880457902181","1661","1661","1661"
"159552","24.143547046173776","22.940147009027747","25.346947083319805","1662","1662","1662"
"159648","0.3383983949172267","0.3383983949172267","0.3383983949172267","1663","1663","1663"
"159744","64.10034066148309","29.49158154485541","98.70909977811077","1664","1664","1664"
"159840","10.733252872495214","8.240398906739864","13.226106838250562","1665","1665","1665"
"159936","22.18938882411905","10.415689146717515","33.96308850152059","1666","1666","1666"
"160032","33.98776375976285","17.11521363524629","50.86031388427941","1667","1667","1667"
"160128","10.945067272563241","7.052842257285331","14.837292287841152","1668","1668","1668"
"160224","24.939678585356788","20.502271221103573","29.377085949610002","1669","1669","1669"
"160320","14.12489933046316","11.551809111659779","16.69798954926654","1670","1670","1670"
"160416","26.261066655765244","9.337000041254834","43.18513327027566","1671","1671","1671"
"160512","18.51460220794479","17.11521363524629","19.913990780643296","1672","1672","1672"
"160608","8.240398906739864","8.240398906739864","8.240398906739864","1673","1673","1673"
"160704","12.2926752096092","10.448005710019807","14.137344709198596","1674","1674","1674"
"160800","19.422358611587796","3.3379322770297626","35.50678494614583","1675","1675","1675"
"160896","11.783707889893117","8.70419646320654","14.863219316579695","1676","1676","1676"
"160992","13.827344849897493","8.240398906739864","19.414290793055123","1677","1677","1677"
"161088","20.168279637136983","10.95947332466396","29.377085949610002","1678","1678","1678"
"161184","6.804862168459116","0.3836174986676703","13.226106838250562","1679","1679","1679"
"161280","18.035018836658832","12.843651642742728","23.226386030574936","1680","1680","1680"
"161376","7.16498455792596","4.312008202703767","10.017960913148153","1681","1681","1681"
"161472","9.607124158136633","8.240398906739864","10.973849409533402","1682","1682","1682"
"161568","14.480595260826476","12.423673478482474","16.537517043170478","1683","1683","1683"
"161664","13.012236983340255","8.70419646320654","17.32027750347397","1684","1684","1684"
"161760","22.452373928906965","17.407345876378557","27.497401981435374","1685","1685","1685"
"161856","17.267439686609173","11.288729580790198","23.246149792428145","1686","1686","1686"
"161952","-0.2099021723402581","-8.66020325142038","8.240398906739864","1687","1687","1687"
"162048","32.5637421001554","17.927335898440393","47.200148301870406","1688","1688","1688"
"162144","18.61145787772937","17.11521363524629","20.10770212021245","1689","1689","1689"
"162240","10.236778150391771","9.337000041254834","11.13655625952871","1690","1690","1690"
"162336","9.337000041254834","9.337000041254834","9.337000041254834","1691","1691","1691"
"162432","38.816780649068505","38.816780649068505","38.816780649068505","1692","1692","1692"
"162528","7.586766497372347","4.227505191912954","10.94602780283174","1693","1693","1693"
"162624","10.448005710019807","10.448005710019807","10.448005710019807","1694","1694","1694"
"162720","0.2931792911667915","0.2931792911667915","0.2931792911667915","1695","1695","1695"
"162816","26.49625063577625","26.49625063577625","26.49625063577625","1696","1696","1696"
"162912","6.804862168459116","0.3836174986676703","13.226106838250562","1697","1697","1697"
"163008","7.491683808141694","4.312008202703767","10.671359413579621","1698","1698","1698"
"163104","16.131195809304707","15.147177983363127","17.11521363524629","1699","1699","1699"
"163200","-4.138292876376355","-8.66020325142038","0.3836174986676703","1700","1700","1700"
"163296","13.484828778069796","0.3836174986676703","26.58604005747192","1701","1701","1701"
"163392","-3.03103394018205","-3.03103394018205","-3.03103394018205","1702","1702","1702"
"163488","-5.514860147500968","-8.66020325142038","-2.3695170435815562","1703","1703","1703"
"163584","13.308373255521877","0.3836174986676703","26.233129012376082","1704","1704","1704"
"163680","8.240398906739864","8.240398906739864","8.240398906739864","1705","1705","1705"
"163776","26.552925955422722","26.552925955422722","26.552925955422722","1706","1706","1706"
"163872","15.681907075595454","9.337000041254834","22.026814109936073","1707","1707","1707"
"163968","24.999487835107693","20.564929600357665","29.43404606985772","1708","1708","1708"
"164064","-4.138292876376355","-8.66020325142038","0.3836174986676703","1709","1709","1709"
"164160","25.425915884125633","25.425915884125633","25.425915884125633","1710","1710","1710"
"164256","9.337000041254834","9.337000041254834","9.337000041254834","1711","1711","1711"
"164352","9.725023805594006","-3.7347928196683196","23.184840430856333","1712","1712","1712"
"164448","4.078166174701513","-8.66020325142038","16.816535600823407","1713","1713","1713"
"164544","25.843859644847004","25.19146865391776","26.49625063577625","1714","1714","1714"
"164640","-8.66020325142038","-8.66020325142038","-8.66020325142038","1715","1715","1715"
"164736","15.119058951004558","13.963100036192222","16.275017865816892","1716","1716","1716"
"164832","18.832876123748438","8.240398906739864","29.425353340757013","1717","1717","1717"
"165024","8.180539398659675","8.180539398659675","8.180539398659675","1719","1719","1719"
"165120","22.954984475427572","22.954984475427572","22.954984475427572","1720","1720","1720"
"165216","26.552925955422722","26.552925955422722","26.552925955422722","1721","1721","1721"
"165312","24.368761614336513","23.246149792428145","25.491373436244878","1722","1722","1722"
"165408","10.964842646273008","4.814471657299726","17.11521363524629","1723","1723","1723"
"165504","12.945617718010515","12.945617718010515","12.945617718010515","1724","1724","1724"
"165600","32.576728454704806","9.337000041254834","55.81645686815477","1725","1725","1725"
"165792","13.944327579108311","13.944327579108311","13.944327579108311","1727","1727","1727"
"165888","10.058879134969011","3.0025446346917346","17.11521363524629","1728","1728","1728"
"165984","28.1485593501669","19.323928893383222","36.97318980695058","1729","1729","1729"
"166080","29.29216841768192","13.226106838250562","45.35822999711328","1730","1730","1730"
"166176","21.277251027855108","13.226106838250562","29.328395217459658","1731","1731","1731"
"166272","9.6537544236997","0.3836174986676703","18.92389134873173","1732","1732","1732"
"166368","23.795492375500572","23.795492375500572","23.795492375500572","1733","1733","1733"
"166464","22.120152633094847","14.863219316579695","29.377085949610002","1734","1734","1734"
"166560","25.297851335970336","23.671805840987723","26.92389683095295","1735","1735","1735"
"166656","19.915559478506687","19.3288477359098","20.502271221103573","1736","1736","1736"
"166752","11.35435315586757","11.35435315586757","11.35435315586757","1737","1737","1737"
"166848","16.10825334215918","10.325327247045614","21.891179437272744","1738","1738","1738"
"166944","19.300934428982405","19.300934428982405","19.300934428982405","1739","1739","1739"
"167040","6.824504121979301","4.312008202703767","9.337000041254834","1740","1740","1740"
"167136","7.805424335549206","7.805424335549206","7.805424335549206","1741","1741","1741"
"167232","9.337000041254834","9.337000041254834","9.337000041254834","1742","1742","1742"
"167328","20.32145527806185","19.26782032693321","21.37509022919049","1743","1743","1743"
"167424","32.14516503221034","24.829328843948133","39.461001220472546","1744","1744","1744"
"167520","18.13289480281243","6.977926324514068","29.287863281110795","1745","1745","1745"
"167616","7.27697273077378","3.8450067199430173","10.708938741604543","1746","1746","1746"
"167712","26.206022723323365","10.325327247045614","42.086718199601115","1747","1747","1747"
"167808","5.794212211091526","4.312008202703767","7.276416219479285","1748","1748","1748"
"167904","23.585101189976946","23.152057469827625","24.01814491012627","1749","1749","1749"
"168000","4.289398650828545","0.3383983949172267","8.240398906739864","1750","1750","1750"
"168096","21.69065932310945","15.952411056820676","27.428907589398225","1751","1751","1751"
"168192","4.227505191912954","-8.66020325142038","17.11521363524629","1752","1752","1752"
"168288","4.860308769961252","0.3836174986676703","9.337000041254834","1753","1753","1753"
"168384","29.367817865759328","29.367817865759328","29.367817865759328","1754","1754","1754"
"168480","11.371796613884138","11.371796613884138","11.371796613884138","1755","1755","1755"
"168576","12.627146521074641","12.627146521074641","12.627146521074641","1756","1756","1756"
"168672","15.676399932481225","9.337000041254834","22.015799823707617","1757","1757","1757"
"168768","20.436043017005172","20.436043017005172","20.436043017005172","1758","1758","1758"
"168864","3.964351350245854","0.3383983949172267","7.590304305574481","1759","1759","1759"
"168960","3.610595768480296","0.3383983949172267","6.882793142043365","1760","1760","1760"
"169056","8.781774369381726","4.553056976952081","13.010491761811371","1761","1761","1761"
"169152","12.178128560337205","5.93067014169358","18.42558697898083","1762","1762","1762"
"169248","19.012031986890275","9.337000041254834","28.687063932525714","1763","1763","1763"
"169344","3.1571438201806257","0.3836174986676703","5.930670141693581","1764","1764","1764"
"169440","26.553703787371937","23.673361504886156","29.43404606985772","1765","1765","1765"
"169536","59.8163219365812","23.30339759005085","96.32924628311154","1766","1766","1766"
"169632","9.736190359359991","0.08685766316370591","19.385523055556277","1767","1767","1767"
"169728","22.068015122518332","22.068015122518332","22.068015122518332","1768","1768","1768"
"169824","15.628870132470492","11.87221720938471","19.385523055556277","1769","1769","1769"
"169920","1.4292458790950988","-8.66020325142038","11.518695009610578","1770","1770","1770"
"170016","25.517426055146984","9.337000041254834","41.697852069039136","1771","1771","1771"
"170112","26.524445895298864","26.524445895298864","26.524445895298864","1772","1772","1772"
"170208","15.989216475912993","8.240398906739864","23.73803404508612","1773","1773","1773"
"170304","10.200420923134004","10.200420923134004","10.200420923134004","1774","1774","1774"
"170400","8.36211318079343","-8.66020325142038","25.384429613007242","1775","1775","1775"
"170496","20.72889728208375","16.03601538412246","25.421779180045043","1776","1776","1776"
"170592","17.447300840799056","9.337000041254834","25.55760164034328","1777","1777","1777"
"170688","5.916399942916254","-8.66020325142038","20.493003137252888","1778","1778","1778"
"170784","20.013367862451698","14.837292287841153","25.18944343706224","1779","1779","1779"
"170880","9.58621550422616","4.312008202703767","14.860422805748556","1780","1780","1780"
"170976","12.352758970410385","4.312008202703767","20.393509738117004","1781","1781","1781"
"171072","23.32217463306595","-8.66020325142038","55.304552517552274","1782","1782","1782"
"171168","38.21424035536467","38.21424035536467","38.21424035536467","1783","1783","1783"
"171264","29.49158154485541","29.49158154485541","29.49158154485541","1784","1784","1784"
"171360","30.389619736405766","23.429097916730043","37.35014155608149","1785","1785","1785"
"171456","15.523853127459567","13.932492619672848","17.11521363524629","1786","1786","1786"
"171552","16.86588617149237","16.86588617149237","16.86588617149237","1787","1787","1787"
"171648","4.2697566973083605","4.227505191912954","4.312008202703767","1788","1788","1788"
"171744","19.333484426577655","19.333484426577655","19.333484426577655","1789","1789","1789"
"171840","-4.138292876376355","-8.66020325142038","0.3836174986676703","1790","1790","1790"
"171936","21.817441310031533","19.89684857497695","23.73803404508612","1791","1791","1791"
"172032","17.42777059379496","8.240398906739864","26.615142280850055","1792","1792","1792"
"172128","35.565110243238735","35.565110243238735","35.565110243238735","1793","1793","1793"
"172224","13.528417726720606","3.3188014083550934","23.73803404508612","1794","1794","1794"
"172320","9.39107434603065","8.42370734296649","10.35844134909481","1795","1795","1795"
"172416","8.452655731453016","-0.2099021723402581","17.11521363524629","1796","1796","1796"
"172512","17.348288593708155","15.361877913844598","19.334699273571715","1797","1797","1797"
"172608","6.804862168459116","0.3836174986676703","13.226106838250562","1798","1798","1798"
"172704","26.526905316562157","26.526905316562157","26.526905316562157","1799","1799","1799"
"172800","9.337000041254834","9.337000041254834","9.337000041254834","1800","1800","1800"
"172896","17.368324771258056","8.240398906739864","26.49625063577625","1801","1801","1801"
"172992","12.855693045160791","0.3836174986676703","25.32776859165391","1802","1802","1802"
"173088","16.625478020294214","13.865432985032152","19.385523055556277","1803","1803","1803"
"173184","15.008882355808877","13.226106838250562","16.791657873367193","1804","1804","1804"
"173280","8.415585092412249","-8.66020325142038","25.491373436244878","1805","1805","1805"
"173376","21.200585177496546","17.11521363524629","25.285956719746803","1806","1806","1806"
"173472","8.991697759892158","0.3383983949172267","17.64499712486709","1807","1807","1807"
"173568","10.8291181003512","7.590304305574481","14.06793189512792","1808","1808","1808"
"173664","15.743274349584006","8.240398906739864","23.246149792428145","1809","1809","1809"
"173760","13.798720951086143","8.240398906739864","19.35704299543242","1810","1810","1810"
"173856","13.894277485716225","12.991563858951158","14.796991112481292","1811","1811","1811"
"174048","4.227505191912954","-8.66020325142038","17.11521363524629","1813","1813","1813"
"174144","24.555748385327007","19.828503143644532","29.282993627009482","1814","1814","1814"
"174240","19.14281748052373","19.14281748052373","19.14281748052373","1815","1815","1815"
"174336","18.46304589264172","14.846856159878552","22.079235625404888","1816","1816","1816"
"174432","17.11521363524629","17.11521363524629","17.11521363524629","1817","1817","1817"
"174528","13.425977413758263","0.3836174986676703","26.468337328848854","1818","1818","1818"
"174624","-0.2099021723402581","-8.66020325142038","8.240398906739864","1819","1819","1819"
"174720","18.450291329842344","17.11521363524629","19.785369024438403","1820","1820","1820"
"174816","14.011548975365926","13.226106838250562","14.796991112481292","1821","1821","1821"
"174912","16.69593299422357","10.38692140921867","23.004944579228464","1822","1822","1822"
"175008","26.24447836525692","0.3383983949172267","52.150558335596614","1823","1823","1823"
"175104","4.124195918866446","4.124195918866446","4.124195918866446","1824","1824","1824"
"175200","28.90426525414268","9.337000041254834","48.471530467030526","1825","1825","1825"
"175296","12.280298861196353","8.240398906739864","16.32019881565284","1826","1826","1826"
"175392","8.240398906739864","8.240398906739864","8.240398906739864","1827","1827","1827"
"175488","2.4484678865095493","-8.66020325142038","13.55713902443948","1828","1828","1828"
"175584","18.775628326125737","8.240398906739864","29.31085774551161","1829","1829","1829"
"175680","32.107534506235055","29.367817865759328","34.847251146710775","1830","1830","1830"
"175776","12.196683026740148","5.114204072810011","19.279161980670285","1831","1831","1831"
"175872","25.491373436244878","25.491373436244878","25.491373436244878","1832","1832","1832"
"175968","6.702512983047059","0.3836174986676703","13.021408467426449","1833","1833","1833"
"176064","15.467183429473959","8.240398906739864","22.693967952208055","1834","1834","1834"
"176160","15.218363280189994","7.473018333754965","22.963708226625023","1835","1835","1835"
"176256","24.26189419387012","23.30339759005085","25.220390797689387","1836","1836","1836"
"176352","25.491373436244878","25.491373436244878","25.491373436244878","1837","1837","1837"
"176448","9.046853933068592","0.3534714295007079","17.740236436636476","1838","1838","1838"
"176544","19.324721123208978","14.347825567666506","24.301616678751447","1839","1839","1839"
"176640","8.240398906739864","8.240398906739864","8.240398906739864","1840","1840","1840"
"176736","29.40121964518351","29.40121964518351","29.40121964518351","1841","1841","1841"
"176832","13.361234674204102","8.240398906739864","18.48207044166834","1842","1842","1842"
"176928","19.021570452454718","11.518695009610578","26.52444589529886","1843","1843","1843"
"177024","18.696516058480757","11.929737905918651","25.463294211042864","1844","1844","1844"
"177120","11.213888210493906","7.650343747610442","14.777432673377369","1845","1845","1845"
"177216","14.908831784262697","0.3836174986676703","29.43404606985772","1846","1846","1846"
"177312","11.457120995279986","-0.2099021723402581","23.12414416290023","1847","1847","1847"
"177408","10.225045114801782","10.040259971767142","10.409830257836422","1848","1848","1848"
"177504","25.543650964975637","25.543650964975637","25.543650964975637","1849","1849","1849"
"177600","4.770288092442624","0.3836174986676703","9.156958686217578","1850","1850","1850"
"177696","19.89273167351708","13.670729091919506","26.114734255114655","1851","1851","1851"
"177792","7.482280075191909","4.901215309615599","10.06334484076822","1852","1852","1852"
"177888","10.408205571912521","7.590304305574481","13.226106838250562","1853","1853","1853"
"177984","19.48410177941574","9.87954695817522","29.088656600656265","1854","1854","1854"
"178080","29.15488480475467","29.15488480475467","29.15488480475467","1855","1855","1855"
"178176","11.907995801204681","10.5898847641588","13.226106838250562","1856","1856","1856"
"178272","21.626558707432142","20.090710362744268","23.162407052120017","1857","1857","1857"
"178368","12.960726007211726","9.417049073302172","16.504402941121278","1858","1858","1858"
"178464","9.337000041254834","9.337000041254834","9.337000041254834","1859","1859","1859"
"178560","23.71595797705332","23.71595797705332","23.71595797705332","1860","1860","1860"
"178656","21.22162636460415","17.11521363524629","25.328039093962005","1861","1861","1861"
"178752","17.564344142520312","11.971761161111685","23.156927123928938","1862","1862","1862"
"178848","27.36893808147371","25.500641520095563","29.23723464285186","1863","1863","1863"
"178944","12.0779160012742","10.47142442000948","13.68440758253892","1864","1864","1864"
"179040","51.22797158207299","23.217954532905527","79.23798863124046","1865","1865","1865"
"179232","18.808742428174934","8.240398906739864","29.377085949610002","1867","1867","1867"
"179328","2.2829517934150907","-8.66020325142038","13.226106838250562","1868","1868","1868"
"179424","18.322519733639872","16.693932505322174","19.951106961957567","1869","1869","1869"
"179520","13.320164062689603","12.61069877781197","14.029629347567237","1870","1870","1870"
"179616","0.8184643680513082","-8.66020325142038","10.297131987522997","1871","1871","1871"
"179712","18.808742428174934","8.240398906739864","29.377085949610002","1872","1872","1872"
"179808","7.39403657848778","-8.66020325142038","23.44827640839594","1873","1873","1873"
"179904","8.945639592542811","8.440829386851602","9.450449798234018","1874","1874","1874"
"180000","23.152057469827625","23.152057469827625","23.152057469827625","1875","1875","1875"
"180096","19.47493439347378","11.518695009610578","27.43117377733698","1876","1876","1876"
"180192","11.337712167050517","11.337712167050517","11.337712167050517","1877","1877","1877"
"180288","10.370364358194072","-8.66020325142038","29.400931967808525","1878","1878","1878"
"180384","9.52133661107082","9.337000041254834","9.705673180886807","1879","1879","1879"
"180480","21.445241861187554","16.337557766952383","26.552925955422722","1880","1880","1880"
"180576","11.076005284621825","9.337000041254834","12.815010527988814","1881","1881","1881"
"180672","22.678707972252216","22.678707972252216","22.678707972252216","1882","1882","1882"
"180768","1.4292458790950988","-8.66020325142038","11.518695009610578","1883","1883","1883"
"180864","65.74530718096433","23.184840430856333","108.30577393107234","1884","1884","1884"
"180960","34.45032508272235","9.337000041254834","59.56365012418986","1885","1885","1885"
"181056","26.95925820328779","17.11521363524629","36.803302771329285","1886","1886","1886"
"181152","20.257238087824035","13.226106838250562","27.288369337397512","1887","1887","1887"
"181248","68.84020472005425","9.812285301832471","127.86812413827602","1888","1888","1888"
"181344","39.62583138308477","24.39185893637882","54.85980382979073","1889","1889","1889"
"181440","14.316954322428433","11.518695009610578","17.11521363524629","1890","1890","1890"
"181536","15.096121018534376","14.093413333813325","16.09882870325543","1891","1891","1891"
"181632","18.86599022579764","8.240398906739864","29.49158154485541","1892","1892","1892"
"181728","16.08602676171062","12.848124630038015","19.323928893383222","1893","1893","1893"
"181824","8.539258843325328","0.3836174986676703","16.694900187982984","1894","1894","1894"
"181920","11.747662759423083","11.747662759423083","11.747662759423083","1895","1895","1895"
"182016","3.902488278433549","3.902488278433549","3.902488278433549","1896","1896","1896"
"182112","8.78869947399735","8.240398906739864","9.337000041254834","1897","1897","1897"
"182208","-0.01206228200428209","-0.01206228200428209","-0.01206228200428209","1898","1898","1898"
"182304","20.0788185097734","20.0788185097734","20.0788185097734","1899","1899","1899"
"182400","14.321780837870302","-0.48951301481356735","29.13307469055417","1900","1900","1900"
"182496","14.920242795255552","14.920242795255552","14.920242795255552","1901","1901","1901"
"182592","14.785222946504458","10.38692140921867","19.183524483790247","1902","1902","1902"
"182688","98.00483773307283","98.00483773307283","98.00483773307283","1903","1903","1903"
"182784","37.43803153207609","20.16942656880244","54.706636495349734","1904","1904","1904"
"182880","75.88661364658176","75.88661364658176","75.88661364658176","1905","1905","1905"
"182976","100.98176512091607","100.98176512091607","100.98176512091607","1906","1906","1906"
"183072","64.63150708707153","19.35704299543242","109.90597117871063","1907","1907","1907"
"183168","8.672968243810388","2.853606786205267","14.492329701415509","1908","1908","1908"
"183264","25.238392068372907","9.337000041254834","41.13978409549098","1909","1909","1909"
"183360","14.63539780800939","-0.0006088651965394284","29.27140448121532","1910","1910","1910"
"183456","14.766284131724388","13.556412493790097","15.97615576965868","1911","1911","1911"
"183552","27.02661049189212","23.184840430856333","30.868380552927906","1912","1912","1912"
"183648","13.226106838250562","13.226106838250562","13.226106838250562","1913","1913","1913"
"183744","14.33822096187252","14.33822096187252","14.33822096187252","1914","1914","1914"
"183840","28.816329725951967","22.716044020240854","34.91661543166308","1915","1915","1915"
"183936","13.978766014337218","13.226106838250562","14.731425190423874","1916","1916","1916"
"184032","23.73803404508612","23.73803404508612","23.73803404508612","1917","1917","1917"
"184128","5.48815538286988","4.227505191912954","6.748805573826806","1918","1918","1918"
"184224","58.41520730577736","58.41520730577736","58.41520730577736","1919","1919","1919"
"184320","5.887919882792396","-8.66020325142038","20.436043017005172","1920","1920","1920"
"184416","26.29054467172955","23.326622116992723","29.254467226466375","1921","1921","1921"
"184512","0.3610079467924485","0.3383983949172267","0.3836174986676703","1922","1922","1922"
"184608","4.860308769961252","0.3836174986676703","9.337000041254834","1923","1923","1923"
"184704","15.82165942243487","14.777432673377367","16.86588617149237","1924","1924","1924"
"184800","-1.1335226685062878","-8.66020325142038","6.393157914407805","1925","1925","1925"
"184896","8.769057520477165","4.312008202703767","13.226106838250562","1926","1926","1926"
"184992","27.170512764731306","27.170512764731306","27.170512764731306","1927","1927","1927"
"185088","19.70172145844318","12.962739761895628","26.440703154990732","1928","1928","1928"
"185184","1.975628562906885","-8.66020325142038","12.61146037723415","1929","1929","1929"
"185280","7.0798254708737165","-2.6611354871953092","16.820786428942743","1930","1930","1930"
"185376","26.400775568284338","12.61069877781197","40.19085235875671","1931","1931","1931"
"185472","4.860308769961252","0.3836174986676703","9.337000041254834","1932","1932","1932"
"185568","23.217954532905527","23.217954532905527","23.217954532905527","1933","1933","1933"
"185760","20.41969522008767","11.518695009610578","29.320695430564765","1935","1935","1935"
"185856","13.456562372050357","7.590304305574481","19.322820438526232","1936","1936","1936"
"185952","43.140943216145956","29.377085949610002","56.904800482681914","1937","1937","1937"
"186048","11.670459497528956","0.3836174986676703","22.95730149639024","1938","1938","1938"
"186144","14.019272690847535","4.792395589266925","23.246149792428145","1939","1939","1939"
"186240","5.821155778273381","4.01889314892308","7.623418407623682","1940","1940","1940"
"186336","21.10461324009208","17.11521363524629","25.09401284493787","1941","1941","1941"
"186432","15.34682153511927","11.518695009610578","19.174948060627962","1942","1942","1942"
"186528","16.16803417746378","11.518695009610578","20.817373345316984","1943","1943","1943"
"186624","16.692340793242767","14.796991112481292","18.587690474004244","1944","1944","1944"
"186720","17.021181895084695","11.152883861669542","22.889479928499846","1945","1945","1945"
"186816","17.11521363524629","17.11521363524629","17.11521363524629","1946","1946","1946"
"186912","16.646513474612316","14.796991112481292","18.496035836743342","1947","1947","1947"
"187008","23.184840430856333","23.184840430856333","23.184840430856333","1948","1948","1948"
"187104","52.23851732892786","0.2931792911667843","104.18385536668895","1949","1949","1949"
"187200","7.889657151786367","7.53891539683287","8.240398906739864","1950","1950","1950"
"187296","32.019561513107675","4.227505191912954","59.811617834302396","1951","1951","1951"
"187392","11.764065936372932","-0.2099021723402581","23.73803404508612","1952","1952","1952"
"187488","6.881930959508384","3.3379322770297626","10.425929641987006","1953","1953","1953"
"187584","-0.01206228200428209","-0.01206228200428209","-0.01206228200428209","1954","1954","1954"
"187680","10.206360968980965","10.206360968980965","10.206360968980965","1955","1955","1955"
"187776","31.6033225067302","10.409830257836422","52.796814755623984","1956","1956","1956"
"187872","23.73803404508612","23.73803404508612","23.73803404508612","1957","1957","1957"
"187968","22.082046409723","20.42605877435988","23.73803404508612","1958","1958","1958"
"188160","4.973986667514703","3.9968170808902825","5.951156254139124","1960","1960","1960"
"188256","18.537334081949158","17.750739270515094","19.323928893383222","1961","1961","1961"
"188352","17.082670927055883","10.427307809025645","23.73803404508612","1962","1962","1962"
"188448","9.337000041254834","9.337000041254834","9.337000041254834","1963","1963","1963"
"188544","7.422839945129667","-0.01206228200428209","14.857742172263615","1964","1964","1964"
"188640","13.113899013883039","-3.026669198700299","29.254467226466375","1965","1965","1965"
"188736","45.409600514092766","45.409600514092766","45.409600514092766","1966","1966","1966"
"188832","95.35818415934656","61.84042726307371","128.87594105561942","1967","1967","1967"
"188928","41.34398432569802","19.385523055556277","63.302445595839764","1968","1968","1968"
"189024","28.317695269737797","7.8070025059629415","48.82838803351265","1969","1969","1969"
"189120","33.778730424805445","25.002885639080368","42.55457521053052","1970","1970","1970"
"189216","9.140042881226295","8.574412581565781","9.705673180886809","1971","1971","1971"
"189312","4.2697566973083605","4.227505191912954","4.312008202703767","1972","1972","1972"
"189408","18.606677180753483","18.606677180753483","18.606677180753483","1973","1973","1973"
"189504","8.140010341036302","-3.105502373483672","19.385523055556277","1974","1974","1974"
"189600","14.84723762208964","0.3836174986676703","29.31085774551161","1975","1975","1975"
"189696","-5.440080044879074","-8.66020325142038","-2.2199568383377675","1976","1976","1976"
"189792","15.651010790581461","9.861960725236752","21.44006085592617","1977","1977","1977"
"189888","19.201391741425034","9.337000041254834","29.065783441595233","1978","1978","1978"
"189984","14.74087016808105","14.74087016808105","14.74087016808105","1979","1979","1979"
"190080","11.858595269284919","-1.6257263014246823","25.34291683999452","1980","1980","1980"
"190176","59.01530164764714","59.01530164764714","59.01530164764714","1981","1981","1981"
"190272","29.189511086614466","29.189511086614466","29.189511086614466","1982","1982","1982"
"190368","17.613460902220034","12.12511114865292","23.101810655787148","1983","1983","1983"
"190464","34.539978978134705","34.539978978134705","34.539978978134705","1984","1984","1984"
"190560","32.881785903155375","10.347263480993272","55.41630832531747","1985","1985","1985"
"190656","18.74743306660312","8.240398906739864","29.254467226466375","1986","1986","1986"
"190752","39.72251737295331","-6.4456853790317705","85.8907201249384","1987","1987","1987"
"190848","28.1988497820085","16.273055389779227","40.12464417423778","1988","1988","1988"
"190944","21.343844716700325","0.3534714295007079","42.33421800389994","1989","1989","1989"
"191040","43.04178476122218","43.04178476122218","43.04178476122218","1990","1990","1990"
"191136","-5.979736082251639","-5.979736082251639","-5.979736082251639","1991","1991","1991"
"191232","89.03871615769641","52.49577966527865","125.58165265011418","1992","1992","1992"
"191328","15.956102373863793","8.240398906739864","23.671805840987723","1993","1993","1993"
"191424","5.916399942916254","5.916399942916254","5.916399942916254","1994","1994","1994"
"191520","26.430353572698344","26.430353572698344","26.430353572698344","1995","1995","1995"
"191616","20.436043017005172","20.436043017005172","20.436043017005172","1996","1996","1996"
"191712","40.784047725364296","3.0683939305304557","78.49970152019813","1997","1997","1997"
"191808","20.094448489888116","20.094448489888116","20.094448489888116","1998","1998","1998"
"191904","20.99304344367291","12.909015407332417","29.0770714800134","1999","1999","1999"
"192000","74.26153540053647","19.71335794955191","128.80971285152103","2000","2000","2000"
"192096","3.8062581348818245","3.8062581348818245","3.8062581348818245","2001","2001","2001"
"192192","40.52677554313904","17.11521363524629","63.93833745103179","2002","2002","2002"
"192288","9.337000041254834","9.337000041254834","9.337000041254834","2003","2003","2003"
"192384","7.981431703691072","3.0683939305304557","12.894469476851688","2004","2004","2004"
"192480","24.220350340018495","19.072882814277662","29.367817865759328","2005","2005","2005"
"192576","4.227505191912954","-8.66020325142038","17.11521363524629","2006","2006","2006"
"192672","65.14336046813057","29.254467226466375","101.03225370979477","2007","2007","2007"
"192768","67.38991112934583","6.977926324514068","127.80189593417761","2008","2008","2008"
"192864","7.53891539683287","-8.66020325142038","23.73803404508612","2009","2009","2009"
"192960","26.997653325927754","8.240398906739864","45.754907745115645","2010","2010","2010"
"193056","17.61651706474323","17.61651706474323","17.61651706474323","2011","2011","2011"
"193152","11.82987177949172","-0.01206228200428209","23.671805840987723","2012","2012","2012"
"193248","23.54132965609347","23.54132965609347","23.54132965609347","2013","2013","2013"
"193344","0.3610079467924485","0.3383983949172267","0.3836174986676703","2014","2014","2014"
"193440","17.951562381427763","9.378678867556658","26.524445895298864","2015","2015","2015"
"193536","-4.0588613857783775","-7.648703115776494","-0.46901965578026134","2016","2016","2016"
"193632","64.06427665629877","0.3836174986676703","127.74493581392989","2017","2017","2017"
"193728","-8.66020325142038","-8.66020325142038","-8.66020325142038","2018","2018","2018"
"193824","13.618165770096454","13.226106838250562","14.010224701942343","2019","2019","2019"
"193920","-8.66020325142038","-8.66020325142038","-8.66020325142038","2020","2020","2020"
"194016","48.64217795241321","2.6390170266262074","94.64533887820022","2021","2021","2021"
"194112","6.0767522608304905","-2.176405718229555","14.329910239890536","2022","2022","2022"
"194208","41.91716349636414","11.375772208016334","72.45855478471195","2023","2023","2023"
"194304","2.2829517934150907","-8.66020325142038","13.226106838250562","2024","2024","2024"
"194400","27.31174475345998","25.246403557309957","29.377085949610002","2025","2025","2025"
"194496","25.441081514917187","-8.66020325142038","59.54236628125475","2026","2026","2026"
"194592","2.67106297303875","-8.66020325142038","14.00232919749788","2027","2027","2027"
"194688","12.677806270993077","8.240398906739864","17.11521363524629","2028","2028","2028"
"194784","73.99029529341536","20.16942656880244","127.81116401802828","2029","2029","2029"
"194880","-4.138292876376355","-8.66020325142038","0.3836174986676703","2030","2030","2030"
"194976","15.673623872999432","14.522475770582469","16.824771975416393","2031","2031","2031"
"195072","14.237062060476514","10.161657161128762","18.312466959824267","2032","2032","2032"
"195168","14.417169562484304","8.440829386851602","20.393509738117004","2033","2033","2033"
"195360","16.504402941121278","16.504402941121278","16.504402941121278","2035","2035","2035"
"195456","34.985263581061744","24.968855276430162","45.00167188569333","2036","2036","2036"
"195552","4.920356208778785","4.920356208778785","4.920356208778785","2037","2037","2037"
"195648","21.818804467708397","10.35844134909481","33.27916758632198","2038","2038","2038"
"195744","20.242060457620113","19.35704299543242","21.127077919807807","2039","2039","2039"
"195840","8.452655731453016","-0.2099021723402581","17.11521363524629","2040","2040","2040"
"195936","128.87594105561942","128.87594105561942","128.87594105561942","2041","2041","2041"
"196032","18.089802885547314","16.08515728120651","20.094448489888116","2042","2042","2042"
"196128","15.757514379645933","8.240398906739864","23.274629852552003","2043","2043","2043"
"196224","25.34291683999452","25.34291683999452","25.34291683999452","2044","2044","2044"
"196320","46.964567833871726","25.38816774015109","68.54096792759236","2045","2045","2045"
"196416","16.967198105641128","16.967198105641128","16.967198105641128","2046","2046","2046"
"196512","24.658882765725487","24.658882765725487","24.658882765725487","2047","2047","2047"
"196608","57.38438060558188","36.24516733234787","78.5235938788159","2048","2048","2048"
"196704","9.337000041254834","9.337000041254834","9.337000041254834","2049","2049","2049"
"196800","2.2829517934150907","-8.66020325142038","13.226106838250562","2050","2050","2050"
"196896","19.911697911726684","7.26875591232589","32.55463991112748","2051","2051","2051"
"197088","20.355848353600855","17.006776764164787","23.70491994303692","2053","2053","2053"
"197184","4.950896223635396","4.950896223635396","4.950896223635396","2054","2054","2054"
"197280","9.975516629259221","-3.4032494579236108","23.354282716442054","2055","2055","2055"
"197376","5.741989511471353","-8.66020325142038","20.144182274363086","2056","2056","2056"
"197472","42.44574205975455","17.91595086019469","66.9755332593144","2057","2057","2057"
"197568","62.74970997816518","62.74970997816518","62.74970997816518","2058","2058","2058"
"197664","8.463652173414658","7.590304305574481","9.337000041254834","2059","2059","2059"
"197760","33.5869526136651","29.49158154485541","37.68232368247478","2060","2060","2060"
"197856","21.286978024143643","21.286978024143643","21.286978024143643","2061","2061","2061"
"197952","17.11521363524629","17.11521363524629","17.11521363524629","2062","2062","2062"
"198048","8.615065901969722","-2.6611354871953092","19.891267291134753","2063","2063","2063"
"198144","15.769726356888873","2.1054066439200247","29.43404606985772","2064","2064","2064"
"198240","38.65379277406831","4.312008202703767","72.99557734543285","2065","2065","2065"
"198336","17.918428294529782","14.592468955543161","21.244387633516403","2066","2066","2066"
"198432","12.79166484518355","12.620589928471475","12.962739761895628","2067","2067","2067"
"198528","16.537517043170478","16.537517043170478","16.537517043170478","2068","2068","2068"
"198624","7.883394485841913","7.883394485841913","7.883394485841913","2069","2069","2069"
"198720","80.74124352935279","33.6713230406773","127.81116401802828","2070","2070","2070"
"198816","14.869782485503418","9.24656183375395","20.493003137252888","2071","2071","2071"
"198912","40.785895706023425","29.18890130440896","52.382890107637884","2072","2072","2072"
"199008","37.26245349609237","17.11521363524629","57.40969335693845","2073","2073","2073"
"199104","9.11284882136021","-8.66020325142038","26.8859008941408","2074","2074","2074"
"199200","12.571276095103514","9.337000041254834","15.805552148952195","2075","2075","2075"
"199296","42.40261653547661","5.6214717707158","79.18376130023742","2076","2076","2076"
"199392","38.94231781788929","8.240398906739864","69.64423672903871","2077","2077","2077"
"199584","10.329655561527758","9.337000041254834","11.322311081800684","2079","2079","2079"
"199680","9.337000041254834","9.337000041254834","9.337000041254834","2080","2080","2080"
"199776","17.27562244199317","5.174158934376344","29.377085949610002","2081","2081","2081"
"199872","8.910937028913764","5.93067014169358","11.891203916133948","2082","2082","2082"
"199968","11.787021630797987","7.307213300565812","16.26682996103016","2083","2083","2083"