"Episode","Grouped runs - Returns_Instruction/dont_use_the_right_cutting_board","Grouped runs - Returns_Instruction/dont_use_the_right_cutting_board__MIN","Grouped runs - Returns_Instruction/dont_use_the_right_cutting_board__MAX","Grouped runs - _step","Grouped runs - _step__MIN","Grouped runs - _step__MAX"
"0","-8.733457872894757","-12.069176225755001","-5.397739520034512","0","0","0"
"96","-13.018268137251008","-13.097798679080553","-12.938737595421463","1","1","1"
"192","-14.51417204945292","-16.69195451991402","-12.336389578991822","2","2","2"
"288","-12.648257559562735","-12.648257559562735","-12.648257559562735","3","3","3"
"384","-11.476601966718686","-15.32267614541549","-7.630527788021881","4","4","4"
"480","-11.112822287066773","-12.749484453362445","-9.476160120771103","5","5","5"
"576","-0.5021148844185271","-0.5021148844185271","-0.5021148844185271","6","6","6"
"672","-1.3941704342142114","-1.3941704342142114","-1.3941704342142114","7","7","7"
"768","-8.679547570823688","-11.745960038529265","-5.613135103118111","8","8","8"
"864","-11.228029472949654","-11.228029472949654","-11.228029472949654","9","9","9"
"960","-10.049726776914483","-10.049726776914483","-10.049726776914483","10","10","10"
"1056","-3.6385741586355156","-3.6385741586355156","-3.6385741586355156","11","11","11"
"1152","-5.192309730623515","-6.8185307767936445","-3.5660886844533857","12","12","12"
"1248","-8.731243339074995","-8.802283426729609","-8.66020325142038","13","13","13"
"1344","-8.366685708716394","-10.250148570516096","-6.483222846916692","14","14","14"
"1440","-5.368190286743969","-6.524447958131027","-4.211932615356912","15","15","15"
"1536","-4.120591803436636","-5.742289713627265","-2.498893893246005","16","16","16"
"1632","-3.4501833109587077","-4.22972343515865","-2.670643186758765","17","17","17"
"1728","-5.100308660285728","-5.24423411369379","-4.956383206877667","18","18","18"
"1824","-5.97995818218722","-7.148673901888909","-4.811242462485531","19","19","19"
"1920","-4.616192513323173","-5.142964776422532","-4.089420250223815","20","20","20"
"2016","-7.111904295176289","-8.66020325142038","-5.563605338932197","21","21","21"
"2112","-3.675157497470132","-3.675157497470132","-3.675157497470132","22","22","22"
"2208","-8.66020325142038","-8.66020325142038","-8.66020325142038","23","23","23"
"2304","-6.664681260592264","-8.66020325142038","-4.669159269764148","24","24","24"
"2400","-6.0775822180497965","-8.66020325142038","-3.494961184679212","25","25","25"
"2496","-7.851884300963441","-8.66020325142038","-7.043565350506502","26","26","26"
"2592","-6.276905647196434","-8.66020325142038","-3.8936080429724886","27","27","27"
"2688","-8.66020325142038","-8.66020325142038","-8.66020325142038","28","28","28"
"2784","-4.237384909974008","-8.019818812641603","-0.4549510073064121","29","29","29"
"2880","-5.102430756922126","-6.129749907785533","-4.0751116060587185","30","30","30"
"2976","-7.948167901431837","-7.948167901431837","-7.948167901431837","31","31","31"
"3072","-5.071141099973876","-5.106980628316642","-5.03530157163111","32","32","32"
"3168","-8.045728920322494","-8.66020325142038","-7.431254589224607","33","33","33"
"3264","-8.66020325142038","-8.66020325142038","-8.66020325142038","34","34","34"
"3360","-7.710867913958447","-8.66020325142038","-6.761532576496514","35","35","35"
"3456","-7.243869329988506","-7.96957408217236","-6.518164577804652","36","36","36"
"3552","-8.66020325142038","-8.66020325142038","-8.66020325142038","37","37","37"
"3648","-6.33079937557141","-8.66020325142038","-4.00139549972244","38","38","38"
"3744","-6.840034232919962","-7.522983046373571","-6.157085419466354","39","39","39"
"3840","-8.095148688587285","-8.66020325142038","-7.53009412575419","40","40","40"
"3936","-7.701278668125498","-8.66020325142038","-6.742354084830617","41","41","41"
"4032","-7.2970250220916615","-8.66020325142038","-5.933846792762942","42","42","42"
"4128","-3.224746913432074","-3.224746913432074","-3.224746913432074","43","43","43"
"4224","-5.9015303050879915","-5.9015303050879915","-5.9015303050879915","44","44","44"
"4320","-8.66020325142038","-8.66020325142038","-8.66020325142038","45","45","45"
"4416","-8.66020325142038","-8.66020325142038","-8.66020325142038","46","46","46"
"4512","-5.479275821101023","-8.66020325142038","-2.2983483907816664","47","47","47"
"4608","-8.66020325142038","-8.660203251420382","-8.66020325142038","48","48","48"
"4704","-8.66020325142038","-8.66020325142038","-8.66020325142038","49","49","49"
"4800","-5.924420039466572","-8.66020325142038","-3.1886368275127626","50","50","50"
"4896","-4.336883088670237","-8.66020325142038","-0.013562925920093352","51","51","51"
"4992","-8.400570335942527","-8.66020325142038","-8.140937420464674","52","52","52"
"5088","-6.4449633432895155","-8.66020325142038","-4.22972343515865","53","53","53"
"5184","-8.66020325142038","-8.66020325142038","-8.66020325142038","54","54","54"
"5280","-8.66020325142038","-8.66020325142038","-8.66020325142038","55","55","55"
"5376","-4.251153563080499","-4.274028233321268","-4.228278892839731","56","56","56"
"5472","-8.66020325142038","-8.66020325142038","-8.66020325142038","57","57","57"
"5568","-8.66020325142038","-8.660203251420382","-8.66020325142038","58","58","58"
"5664","-8.66020325142038","-8.66020325142038","-8.66020325142038","59","59","59"
"5760","-8.66020325142038","-8.66020325142038","-8.66020325142038","60","60","60"
"5856","-4.183511980126794","-8.66020325142038","0.2931792911667915","61","61","61"
"5952","-8.66020325142038","-8.66020325142038","-8.66020325142038","62","62","62"
"6048","-6.919170206296446","-8.66020325142038","-5.17813716117251","63","63","63"
"6144","-8.66020325142038","-8.66020325142038","-8.66020325142038","64","64","64"
"6240","-8.66020325142038","-8.66020325142038","-8.66020325142038","65","65","65"
"6336","-8.66020325142038","-8.66020325142038","-8.66020325142038","66","66","66"
"6432","-8.66020325142038","-8.66020325142038","-8.66020325142038","67","67","67"
"6528","-8.66020325142038","-8.66020325142038","-8.66020325142038","68","68","68"
"6624","-8.66020325142038","-8.66020325142038","-8.66020325142038","69","69","69"
"6720","-8.66020325142038","-8.66020325142038","-8.66020325142038","70","70","70"
"6816","-8.66020325142038","-8.66020325142038","-8.66020325142038","71","71","71"
"6912","-4.4029143959459995","-8.66020325142038","-0.14562554047161794","72","72","72"
"7008","-8.66020325142038","-8.66020325142038","-8.66020325142038","73","73","73"
"7104","-4.529360132242444","-4.529360132242444","-4.529360132242444","74","74","74"
"7200","-8.66020325142038","-8.66020325142038","-8.66020325142038","75","75","75"
"7296","-8.66020325142038","-8.66020325142038","-8.66020325142038","76","76","76"
"7488","-8.66020325142038","-8.66020325142038","-8.66020325142038","78","78","78"
"7584","-8.66020325142038","-8.66020325142038","-8.66020325142038","79","79","79"
"7680","-8.66020325142038","-8.66020325142038","-8.66020325142038","80","80","80"
"7776","-8.66020325142038","-8.66020325142038","-8.66020325142038","81","81","81"
"7872","-8.66020325142038","-8.66020325142038","-8.66020325142038","82","82","82"
"7968","-8.66020325142038","-8.66020325142038","-8.66020325142038","83","83","83"
"8064","-8.66020325142038","-8.66020325142038","-8.66020325142038","84","84","84"
"8160","-8.66020325142038","-8.66020325142038","-8.66020325142038","85","85","85"
"8256","-8.66020325142038","-8.66020325142038","-8.66020325142038","86","86","86"
"8352","-8.66020325142038","-8.66020325142038","-8.66020325142038","87","87","87"
"8448","-8.66020325142038","-8.66020325142038","-8.66020325142038","88","88","88"
"8640","-8.66020325142038","-8.66020325142038","-8.66020325142038","90","90","90"
"8736","-8.66020325142038","-8.66020325142038","-8.66020325142038","91","91","91"
"8832","-8.66020325142038","-8.66020325142038","-8.66020325142038","92","92","92"
"8928","-8.66020325142038","-8.66020325142038","-8.66020325142038","93","93","93"
"9024","-6.552845267960563","-6.552845267960563","-6.552845267960563","94","94","94"
"9120","-8.66020325142038","-8.66020325142038","-8.66020325142038","95","95","95"
"9216","-8.66020325142038","-8.66020325142038","-8.66020325142038","96","96","96"
"9312","-8.66020325142038","-8.66020325142038","-8.66020325142038","97","97","97"
"9408","-7.529725657659374","-8.66020325142038","-6.3992480638983675","98","98","98"
"9504","-8.66020325142038","-8.66020325142038","-8.66020325142038","99","99","99"
"9600","-8.66020325142038","-8.66020325142038","-8.66020325142038","100","100","100"
"9696","-8.66020325142038","-8.66020325142038","-8.66020325142038","101","101","101"
"9792","-8.66020325142038","-8.66020325142038","-8.66020325142038","102","102","102"
"9888","-8.66020325142038","-8.66020325142038","-8.66020325142038","103","103","103"
"9984","-8.66020325142038","-8.66020325142038","-8.66020325142038","104","104","104"
"10080","-8.66020325142038","-8.66020325142038","-8.66020325142038","105","105","105"
"10176","-8.66020325142038","-8.66020325142038","-8.66020325142038","106","106","106"
"10272","-8.66020325142038","-8.66020325142038","-8.66020325142038","107","107","107"
"10368","-8.66020325142038","-8.66020325142038","-8.66020325142038","108","108","108"
"10464","-8.66020325142038","-8.66020325142038","-8.66020325142038","109","109","109"
"10560","-8.66020325142038","-8.66020325142038","-8.66020325142038","110","110","110"
"10656","-8.66020325142038","-8.66020325142038","-8.66020325142038","111","111","111"
"10752","-8.66020325142038","-8.66020325142038","-8.66020325142038","112","112","112"
"10848","-8.66020325142038","-8.66020325142038","-8.66020325142038","113","113","113"
"10944","-4.183511980126794","-4.183511980126794","-4.183511980126794","114","114","114"
"11040","-8.66020325142038","-8.66020325142038","-8.66020325142038","115","115","115"
"11136","-8.66020325142038","-8.66020325142038","-8.66020325142038","116","116","116"
"11232","-8.66020325142038","-8.66020325142038","-8.66020325142038","117","117","117"
"11328","-8.66020325142038","-8.66020325142038","-8.66020325142038","118","118","118"
"11424","-7.152899793072372","-8.66020325142038","-5.645596334724364","119","119","119"
"11520","-8.66020325142038","-8.66020325142038","-8.66020325142038","120","120","120"
"11616","-8.66020325142038","-8.66020325142038","-8.66020325142038","121","121","121"
"11712","-7.292311645443476","-7.292311645443476","-7.292311645443476","122","122","122"
"11808","-8.66020325142038","-8.66020325142038","-8.66020325142038","123","123","123"
"11904","-5.6755916735454885","-8.66020325142038","-2.690980095670597","124","124","124"
"12000","-6.532252634477104","-8.66020325142038","-4.404302017533828","125","125","125"
"12096","-8.66020325142038","-8.66020325142038","-8.66020325142038","126","126","126"
"12192","-8.66020325142038","-8.66020325142038","-8.66020325142038","127","127","127"
"12288","-4.924342779762397","-8.660203251420382","-1.188482308104412","128","128","128"
"12384","-8.66020325142038","-8.66020325142038","-8.66020325142038","129","129","129"
"12480","-8.66020325142038","-8.66020325142038","-8.66020325142038","130","130","130"
"12576","-8.66020325142038","-8.66020325142038","-8.66020325142038","131","131","131"
"12672","-8.66020325142038","-8.66020325142038","-8.66020325142038","132","132","132"
"12768","-8.66020325142038","-8.66020325142038","-8.66020325142038","133","133","133"
"12864","-8.66020325142038","-8.66020325142038","-8.66020325142038","134","134","134"
"12960","-8.66020325142038","-8.66020325142038","-8.66020325142038","135","135","135"
"13056","-8.66020325142038","-8.66020325142038","-8.66020325142038","136","136","136"
"13152","-8.66020325142038","-8.660203251420382","-8.66020325142038","137","137","137"
"13248","-8.66020325142038","-8.66020325142038","-8.66020325142038","138","138","138"
"13344","-0.7240604149838201","-0.7240604149838201","-0.7240604149838201","139","139","139"
"13440","-8.66020325142038","-8.66020325142038","-8.66020325142038","140","140","140"
"13536","-8.66020325142038","-8.66020325142038","-8.66020325142038","141","141","141"
"13632","-8.66020325142038","-8.66020325142038","-8.66020325142038","142","142","142"
"13728","-8.66020325142038","-8.66020325142038","-8.66020325142038","143","143","143"
"13824","-8.66020325142038","-8.66020325142038","-8.66020325142038","144","144","144"
"13920","-8.66020325142038","-8.66020325142038","-8.66020325142038","145","145","145"
"14016","-8.66020325142038","-8.66020325142038","-8.66020325142038","146","146","146"
"14112","-8.66020325142038","-8.66020325142038","-8.66020325142038","147","147","147"
"14208","-6.3992480638983675","-8.66020325142038","-4.138292876376355","148","148","148"
"14304","-8.66020325142038","-8.66020325142038","-8.66020325142038","149","149","149"
"14400","-8.66020325142038","-8.66020325142038","-8.66020325142038","150","150","150"
"14496","-5.645596334724364","-8.66020325142038","-2.630989418028347","151","151","151"
"14592","-7.152899793072372","-8.66020325142038","-5.645596334724363","152","152","152"
"14688","-8.66020325142038","-8.66020325142038","-8.66020325142038","153","153","153"
"14784","-4.183511980126794","-8.66020325142038","0.2931792911667915","154","154","154"
"14880","-8.66020325142038","-8.66020325142038","-8.66020325142038","155","155","155"
"14976","-8.66020325142038","-8.66020325142038","-8.66020325142038","156","156","156"
"15072","-4.183511980126794","-8.66020325142038","0.2931792911667915","157","157","157"
"15168","-4.272598136425538","-8.66020325142038","0.11500697856930522","158","158","158"
"15264","-8.66020325142038","-8.66020325142038","-8.66020325142038","159","159","159"
"15360","-6.421857615773588","-8.66020325142038","-4.183511980126794","160","160","160"
"15456","-4.228278892839731","-8.66020325142038","0.20364546574092035","161","161","161"
"15648","-4.205895436483262","-8.66020325142038","0.24841237845385591","163","163","163"
"15744","-4.205895436483262","-8.66020325142038","0.24841237845385591","164","164","164"
"15840","-2.653598969903566","-5.645596334724363","0.3383983949172309","165","165","165"
"15936","-8.66020325142038","-8.66020325142038","-8.66020325142038","166","166","166"
"16032","-5.645596334724364","-8.66020325142038","-2.630989418028347","167","167","167"
"16128","-8.66020325142038","-8.66020325142038","-8.66020325142038","168","168","168"
"16224","-7.182895131893497","-8.66020325142038","-5.705587012366614","169","169","169"
"16320","0.2931792911667915","0.2931792911667915","0.2931792911667915","170","170","170"
"16416","-4.160902428251575","-8.66020325142038","0.3383983949172309","171","171","171"
"16512","-5.660669369307843","-8.66020325142038","-2.661135487195306","172","172","172"
"16608","-4.138292876376355","-8.66020325142038","0.3836174986676703","173","173","173"
"16704","-8.66020325142038","-8.66020325142038","-8.66020325142038","174","174","174"
"16800","-1.8999472407295621","-4.138292876376355","0.3383983949172309","175","175","175"
"16896","-4.183511980126794","-8.66020325142038","0.2931792911667915","176","176","176"
"16992","-4.138292876376355","-8.66020325142038","0.3836174986676703","177","177","177"
"17088","-4.168438945543315","-8.66020325142038","0.3233253603337511","178","178","178"
"17184","-4.228278892839731","-8.66020325142038","0.20364546574092035","179","179","179"
"17280","-4.138292876376355","-8.66020325142038","0.3836174986676703","180","180","180"
"17376","-4.160902428251575","-8.66020325142038","0.3383983949172309","181","181","181"
"17472","-2.691281556362265","-2.691281556362265","-2.691281556362265","182","182","182"
"17568","-4.183511980126794","-8.66020325142038","0.2931792911667915","183","183","183"
"17664","-8.66020325142038","-8.66020325142038","-8.66020325142038","184","184","184"
"17760","-4.183511980126794","-8.66020325142038","0.2931792911667915","185","185","185"
"17856","-8.66020325142038","-8.66020325142038","-8.66020325142038","186","186","186"
"17952","-4.201328307004468","-8.66020325142038","0.25754663741144457","187","187","187"
"18048","-4.89194460555036","-5.645596334724364","-4.138292876376355","188","188","188"
"18240","-1.2287450107271929","-2.661135487195306","0.20364546574092035","190","190","190"
"18336","-1.9673237053177175","-4.228278892839731","0.29363148220429536","191","191","191"
"18432","-2.706203860599911","-5.675742403891323","0.2633346826915011","192","192","192"
"18528","0.330861877625491","0.3233253603337511","0.3383983949172309","193","193","193"
"18624","-2.720526258061135","-2.720526258061135","-2.720526258061135","194","194","194"
"18720","0.3160149385607631","0.24841237845385591","0.3836174986676703","195","195","195"
"18816","0.2931792911667915","0.2931792911667915","0.2931792911667915","196","196","196"
"18912","0.2784830824478982","0.2633346826915011","0.29363148220429536","197","197","197"
"19008","0.2931792911667915","0.2931792911667915","0.2931792911667915","198","198","198"
"19104","0.22625275666095213","0.20409313486804836","0.24841237845385591","199","199","199"
"19200","-1.9897094226293732","-4.272598136425538","0.2931792911667915","200","200","200"
"19296","0.29363148220429536","0.20364546574092035","0.3836174986676703","201","201","201"
"19392","-1.9824721050741148","-4.228278892839731","0.2633346826915011","202","202","202"
"19488","-1.153681298501463","-2.6909800956705965","0.3836174986676703","203","203","203"
"19584","0.2309523871575559","0.16872548314832034","0.2931792911667915","204","204","204"
"19680","-2.7582080908681053","-5.675742403891324","0.15932622215511277","205","205","205"
"19776","-4.138292876376355","-8.66020325142038","0.3836174986676703","206","206","206"
"19872","0.26061251525527523","0.16021708371809987","0.36100794679245063","207","207","207"
"19968","-1.2136734834471719","-2.720526258061135","0.2931792911667915","208","208","208"
"20064","0.15954781837304233","0.1154501710051643","0.20364546574092035","209","209","209"
"20160","0.24874926077679588","0.20409313486804836","0.2934053866855434","210","210","210"
"20256","0.2933300215126261","0.2931792911667915","0.29348075185846073","211","211","211"
"20352","-2.676208521778786","-5.645596334724363","0.2931792911667915","212","212","212"
"20448","0.2931792911667915","0.2931792911667915","0.2931792911667915","213","213","213"
"20544","-1.213973436835382","-2.7211261648375555","0.2931792911667915","214","214","214"
"20640","0.22625275666095213","0.15932622215511277","0.2931792911667915","215","215","215"
"20736","0.30222311191687934","0.2931792911667915","0.31126693266696726","216","216","216"
"20832","-8.66020325142038","-8.66020325142038","-8.66020325142038","217","217","217"
"20928","0.2931792911667915","0.2931792911667915","0.2931792911667915","218","218","218"
"21024","0.25745529482186863","0.22173129847694578","0.2931792911667915","219","219","219"
"21120","-0.1913303339196103","-0.40991554410862885","0.02725487626940827","220","220","220"
"21216","-2.098537453023444","-4.445487284500744","0.24841237845385591","221","221","221"
"21312","0.2785584476208155","0.20364546574092035","0.3534714295007107","222","222","222"
"21408","-0.8817272025066166","-1.9449402489612497","0.18148584394801656","223","223","223"
"21504","0.23378852030096273","0.23378852030096273","0.23378852030096273","224","224","224"
"21600","0.327093618979621","0.31578884304201116","0.3383983949172309","225","225","225"
"21696","0.20364546574092035","0.20364546574092035","0.20364546574092035","226","226","226"
"21792","0.3233253603337511","0.2931792911667915","0.3534714295007107","227","227","227"
"21888","0.3685444640841905","0.3534714295007107","0.3836174986676703","228","228","228"
"21984","0.36100794679245063","0.3383983949172309","0.3836174986676703","229","229","229"
"22080","-1.9451663444800014","-4.183511980126794","0.2931792911667915","230","230","230"
"22176","0.3234760906795857","0.2633346826915011","0.3836174986676703","231","231","231"
"22272","-0.8257297485513945","-1.9449402489612497","0.29348075185846073","232","232","232"
"22368","-6.421857615773588","-8.66020325142038","-4.183511980126794","233","233","233"
"22464","0.2934053866855434","0.2931792911667915","0.29363148220429536","234","234","234"
"22560","-0.8146887507189953","-1.922556792604782","0.2931792911667915","235","235","235"
"22656","-0.7806613751467897","-1.9449402489612497","0.3836174986676703","236","236","236"
"22752","-1.2138227064895477","-2.661135487195306","0.2334900742162107","237","237","237"
"22848","-4.228278892839731","-8.66020325142038","0.20364546574092035","238","238","238"
"22944","0.31593957338784584","0.29348075185846073","0.3383983949172309","239","239","239"
"23040","0.20364546574092035","0.20364546574092035","0.20364546574092035","240","240","240"
"23136","-0.47509328155318864","-1.1538320288472976","0.20364546574092035","241","241","241"
"23232","0.29363148220429536","0.20364546574092035","0.3836174986676703","242","242","242"
"23328","-1.9451663444800014","-4.183511980126794","0.2931792911667915","243","243","243"
"23424","-1.1689050634307778","-2.630989418028347","0.2931792911667915","244","244","244"
"23520","0.32362682102542034","0.2636361433831704","0.3836174986676703","245","245","245"
"23712","-2.0116429489035252","-4.138292876376355","0.11500697856930522","247","247","247"
"23808","0.3383983949172309","0.2931792911667915","0.3836174986676703","248","248","248"
"23904","0.2937433994860773","0.20386930030448436","0.3836174986676703","249","249","249"
"24000","0.3233253603337511","0.2931792911667915","0.3534714295007107","250","250","250"
"24096","0.11500697856930522","0.11500697856930522","0.11500697856930522","251","251","251"
"24192","0.2931792911667915","0.2931792911667915","0.2931792911667915","252","252","252"
"24288","0.215283743873465","0.13738819658013854","0.2931792911667915","253","253","253"
"24384","0.2485616014962319","0.20394391182567237","0.2931792911667915","254","254","254"
"24480","-4.138292876376355","-8.66020325142038","0.3836174986676703","255","255","255"
"24576","0.21886621606331752","0.1445531409598436","0.2931792911667915","256","256","256"
"24672","0.16021708371809987","0.02725487626940827","0.2931792911667915","257","257","257"
"24768","-4.294536162000512","-8.66020325142038","0.07113092741935675","258","258","258"
"24864","0.30855378644194054","0.2334900742162107","0.3836174986676703","259","259","259"
"24960","0.24841237845385591","0.20364546574092035","0.2931792911667915","260","260","260"
"25056","0.137166600362209","0.11500697856930522","0.15932622215511277","261","261","261"
"25152","0.2334900742162107","0.2334900742162107","0.2334900742162107","262","262","262"
"25248","0.27124651854436893","0.24841237845385591","0.2940806586348819","263","263","263"
"25344","-4.205895436483262","-8.66020325142038","0.24841237845385591","264","264","264"
"25440","-0.8481508874943209","-1.8999472407295621","0.20364546574092035","265","265","265"
"25536","0.2485616014962319","0.20394391182567237","0.2931792911667915","266","266","266"
"25632","-1.1684543796967324","-2.720526258061135","0.3836174986676703","267","267","267"
"25728","0.22670268674326804","0.11500697856930522","0.3383983949172309","268","268","268"
"25824","0.22625275666095213","0.15932622215511277","0.2931792911667915","269","269","269"
"25920","-1.9524767662529898","-4.228278892839731","0.3233253603337511","270","270","270"
"26016","0.3383983949172309","0.3383983949172309","0.3383983949172309","271","271","271"
"26112","0.3383983949172309","0.3383983949172309","0.3383983949172309","272","272","272"
"26208","-0.6086026853763638","-1.4432342928501156","0.22602892209738812","273","273","273"
"26304","-1.9675498008364691","-4.183511980126794","0.24841237845385591","274","274","274"
"26400","-0.35679213896661444","-1.03690963826698","0.3233253603337511","275","275","275"
"26496","0.31578884304201116","0.2931792911667915","0.3383983949172309","276","276","276"
"26592","0.2707958348103237","0.24841237845385591","0.2931792911667915","277","277","277"
"26688","0.16745292396523853","0.15932622215511277","0.17557962577536426","278","278","278"
"26784","0.20364546574092035","0.20364546574092035","0.20364546574092035","279","279","279"
"26880","0.22602892209738812","0.20364546574092035","0.24841237845385591","280","280","280"
"26976","-2.0344763353423088","-4.272598136425538","0.20364546574092035","281","281","281"
"27072","-0.6199761943516744","-1.5331316798701402","0.2931792911667915","282","282","282"
"27168","0.2931792911667915","0.2931792911667915","0.2931792911667915","283","283","283"
"27264","0.20409313486804836","0.11500697856930522","0.2931792911667915","284","284","284"
"27360","0.2931792911667915","0.2931792911667915","0.2931792911667915","285","285","285"
"27456","0.3383983949172309","0.2931792911667915","0.3836174986676703","286","286","286"
"27552","0.24841237845385591","0.20364546574092035","0.2931792911667915","287","287","287"
"27648","0.20364546574092035","0.20364546574092035","0.20364546574092035","288","288","288"
"27744","0.2934053866855434","0.2931792911667915","0.29363148220429536","289","289","289"
"27840","0.2931792911667915","0.2931792911667915","0.2931792911667915","290","290","290"
"27936","0.2707958348103237","0.24841237845385591","0.2931792911667915","291","291","291"
"28032","-4.183511980126794","-8.66020325142038","0.2931792911667915","292","292","292"
"28128","0.2931792911667915","0.2931792911667915","0.2931792911667915","293","293","293"
"28224","0.22602892209738812","0.20364546574092035","0.24841237845385591","294","294","294"
"28320","0.2633346826915011","0.2633346826915011","0.2633346826915011","295","295","295"
"28416","-1.243818045310673","-2.7509707733128472","0.2633346826915011","296","296","296"
"28512","0.2931792911667915","0.2931792911667915","0.2931792911667915","297","297","297"
"28608","0.2931792911667915","0.2931792911667915","0.2931792911667915","298","298","298"
"28704","0.2931792911667915","0.2931792911667915","0.2931792911667915","299","299","299"
"28800","-1.213973436835382","-2.7211261648375555","0.2931792911667915","300","300","300"
"28896","0.24841237845385591","0.20364546574092035","0.2931792911667915","301","301","301"
"28992","0.20364546574092035","0.20364546574092035","0.20364546574092035","302","302","302"
"29088","-1.9675498008364696","-4.228278892839731","0.2931792911667915","303","303","303"
"29184","-4.183511980126794","-8.66020325142038","0.2931792911667915","304","304","304"
"29280","-1.221434588954205","-2.691281556362266","0.24841237845385591","305","305","305"
"29376","0.3082523257502713","0.2931792911667915","0.3233253603337511","306","306","306"
"29472","0.29329233892616746","0.2931792911667915","0.2934053866855434","307","307","307"
"29568","0.2931792911667915","0.2931792911667915","0.2931792911667915","308","308","308"
"29664","0.2707958348103237","0.24841237845385591","0.2931792911667915","309","309","309"
"29760","0.2822125280297155","0.27124576489263963","0.2931792911667915","310","310","310"
"29856","-2.2448898607296073","-2.2448898607296073","-2.2448898607296073","311","311","311"
"29952","-1.213973436835382","-2.7211261648375555","0.2931792911667915","312","312","312"
"30048","0.2931792911667915","0.2931792911667915","0.2931792911667915","313","313","313"
"30144","-1.949371721128793","-4.228278892839731","0.3295354505821445","314","314","314"
"30240","0.1891708306304032","0.11500697856930522","0.2633346826915011","315","315","315"
"30336","-1.1538320288472979","-2.6611354871953066","0.3534714295007107","316","316","316"
"30432","0.3160149385607631","0.24841237845385591","0.3836174986676703","317","317","317"
"30528","-4.138292876376355","-8.66020325142038","0.3836174986676703","318","318","318"
"30624","0.3836174986676703","0.3836174986676703","0.3836174986676703","319","319","319"
"30720","1.5307281312048122","0.3836174986676703","2.677838763741954","320","320","320"
"30816","-0.5944006941724139","-1.5724188870124982","0.3836174986676703","321","321","321"
"30912","0.31646486864307904","0.31646486864307904","0.31646486864307904","322","322","322"
"31008","1.1803999105019811","0.3836174986676703","1.977182322336292","323","323","323"
"31104","-1.9040402616090875","-4.138292876376355","0.3302123531581806","324","324","324"
"31200","1.772967809337691","1.772967809337691","1.772967809337691","325","325","325"
"31296","2.419333042998909","0.2931792911667915","4.545486794831026","326","326","326"
"31392","0.3591735097941874","0.2931792911667915","0.42516772842158324","327","327","327"
"31488","3.6166944977879485","0.3836174986676703","6.849771496908227","328","328","328"
"31584","-0.2995741261650251","-0.9827657509977206","0.3836174986676703","329","329","329"
"31680","0.3836174986676703","0.3836174986676703","0.3836174986676703","330","330","330"
"31776","0.0032657064954390858","-0.37708608567679214","0.3836174986676703","331","331","331"
"31872","1.2647747440444204","-1.4251466513499402","3.954696139438781","332","332","332"
"31968","-4.228278892839731","-4.228278892839731","-4.228278892839731","333","333","333"
"32064","-0.41785370970336155","-1.1288867105735145","0.2931792911667915","334","334","334"
"32160","-4.183511980126794","-8.66020325142038","0.2931792911667915","335","335","335"
"32256","1.2047527321174365","0.3383983949172309","2.071107069317642","336","336","336"
"32352","3.273582304604654","3.273582304604654","3.273582304604654","337","337","337"
"32448","4.479642688526015","1.9419229059133827","7.017362471138647","338","338","338"
"32544","2.169156819053226","0.2931792911667915","4.045134346939661","339","339","339"
"32640","1.3956078861823014","-0.8596751227217079","3.650890895086311","340","340","340"
"32736","-4.183511980126794","-4.183511980126794","-4.183511980126794","341","341","341"
"32832","3.6725071082994463","3.6725071082994463","3.6725071082994463","342","342","342"
"32928","2.9405593477006096","0.29348075185846073","5.587637943542759","343","343","343"
"33024","3.0821099123594435","-0.22561364506799672","6.3898334697868835","344","344","344"
"33120","1.373031412339138","0.2931792911667915","2.4528835335114847","345","345","345"
"33216","3.6801074580300743","-0.2007079085902769","7.560922824650426","346","346","346"
"33312","7.23567525821827","7.187670149857574","7.283680366578966","347","347","347"
"33408","-1.9675498008364694","-1.9675498008364694","-1.9675498008364694","348","348","348"
"33504","8.147575691950486","5.639499017553501","10.655652366347473","349","349","349"
"33600","7.877120504977604","7.877120504977604","7.877120504977604","350","350","350"
"33696","4.024132764399248","0.3836174986676703","7.6646480301308255","351","351","351"
"33792","6.626947743232497","5.85518392257528","7.398711563889714","352","352","352"
"33888","3.8726023888976218","2.7157604689946684","5.029444308800575","353","353","353"
"33984","-8.66020325142038","-8.66020325142038","-8.66020325142038","354","354","354"
"34080","3.954696139438781","3.954696139438781","3.954696139438781","355","355","355"
"34176","2.7623515956102858","-4.183511980126794","9.708215171347366","356","356","356"
"34272","2.187649328387933","0.3836174986676703","3.9916811581081952","357","357","357"
"34368","-0.7255199013244162","-0.7255199013244162","-0.7255199013244162","358","358","358"
"34464","2.609674676607078","-2.4873018419974957","7.706651195211652","359","359","359"
"34560","2.7552519154176776","-0.1508400129843137","5.661343843819669","360","360","360"
"34656","5.209598740657324","2.794482661682038","7.62471481963261","361","361","361"
"34752","1.7923190316681228","0.2931792911667915","3.291458772169454","362","362","362"
"34848","2.2212505290835085","0.24841237845385591","4.194088679713161","363","363","363"
"34944","4.278109784315889","0.3383983949172309","8.217821173714547","364","364","364"
"35040","0.08603806498373909","-0.0772361086510096","0.24931223861848778","365","365","365"
"35136","2.7458773434631736","0.2931792911667915","5.198575395759556","366","366","366"
"35232","7.371942403533284","-0.22012425501397992","14.964009062080548","367","367","367"
"35328","6.021083006062594","1.127782803863234","10.914383208261954","368","368","368"
"35424","0.2931792911667915","0.2931792911667915","0.2931792911667915","369","369","369"
"35520","6.072731838876462","6.072731838876462","6.072731838876462","370","370","370"
"35616","3.593271171302252","-8.66020325142038","15.846745594024885","371","371","371"
"35712","7.192285029658033","7.192285029658033","7.192285029658033","372","372","372"
"35808","8.035731871603744","0.2934053866855434","15.778058356521944","373","373","373"
"35904","0.2931792911667915","0.2931792911667915","0.2931792911667915","374","374","374"
"36000","5.513577269983565","3.9916811581081952","7.035473381858934","375","375","375"
"36096","6.691027794010122","6.691027794010122","6.691027794010122","376","376","376"
"36192","5.93172003351012","0.2931792911667915","11.570260775853448","377","377","377"
"36288","0.2931792911667915","0.2931792911667915","0.2931792911667915","378","378","378"
"36384","4.638690168123677","0.2931792911667915","8.984201045080562","379","379","379"
"36480","9.0451077062471","3.7756975724521658","14.314517840042033","380","380","380"
"36576","9.158818730055707","9.158818730055707","9.158818730055707","381","381","381"
"36672","11.22863533808932","11.22863533808932","11.22863533808932","382","382","382"
"36768","11.552698252111076","6.247937037842529","16.857459466379623","383","383","383"
"36864","6.465850827559747","-4.183511980126794","17.11521363524629","384","384","384"
"36960","-7.182895131893497","-8.66020325142038","-5.705587012366614","385","385","385"
"37056","-8.66020325142038","-8.66020325142038","-8.66020325142038","386","386","386"
"37152","-0.2746804365027531","-0.2746804365027531","-0.2746804365027531","387","387","387"
"37248","6.390348988055512","1.4692624373688425","11.311435538742183","388","388","388"
"37344","5.384965860747173","1.6111039928369948","9.158827728657352","389","389","389"
"37440","4.770322753497878","0.2931792911667915","9.247466215828963","390","390","390"
"37536","-1.9664283444539077","-8.66020325142038","4.727346562512565","391","391","391"
"37632","3.7435430969153694","-4.138292876376355","11.625379070207094","392","392","392"
"37728","-1.922556792604782","-1.922556792604782","-1.922556792604782","393","393","393"
"37824","7.828878228969097","3.7170436402186464","11.940712817719547","394","394","394"
"37920","7.590228481166193","0.3383983949172309","14.842058567415155","395","395","395"
"38016","6.93227495308894","-2.691281556362265","16.555831462540144","396","396","396"
"38112","10.790188569002218","10.790188569002218","10.790188569002218","397","397","397"
"38208","5.587295772078494","0.2931792911667915","10.881412252990195","398","398","398"
"38304","0.8805762930991736","-1.8773376888543427","3.63849027505269","399","399","399"
"38400","3.4454503027810635","-8.66020325142038","15.551103856982508","400","400","400"
"38496","4.074258866575203","4.074258866575203","4.074258866575203","401","401","401"
"38592","2.5319771178510844","-4.183511980126794","9.247466215828963","402","402","402"
"38688","6.3870873485767685","3.5267084813245737","9.247466215828963","403","403","403"
"38784","-1.3744636191886008","-1.3744636191886008","-1.3744636191886008","404","404","404"
"38880","0.2945268430681048","0.20543618746853928","0.3836174986676703","405","405","405"
"38976","9.6688354752303","4.441485892818962","14.896185057641635","406","406","406"
"39072","4.167207745723697","-1.0025845498074402","9.337000041254834","407","407","407"
"39168","5.054388815305457","-2.691281556362265","12.80005918697318","408","408","408"
"39264","5.016056044628744","4.157213934685835","5.874898154571652","409","409","409"
"39360","0.12221055138829676","-0.048758188390197965","0.2931792911667915","410","410","410"
"39456","8.508893753194135","1.137526860302078","15.880260646086192","411","411","411"
"39552","5.810339378850243","4.0369002618586345","7.583778495841852","412","412","412"
"39648","-1.1689050634307776","-1.1689050634307776","-1.1689050634307776","413","413","413"
"39744","6.717713314007877","-1.8773376888543425","15.312764316870098","414","414","414"
"39840","4.769870562460371","0.2931792911667915","9.24656183375395","415","415","415"
"39936","5.019197531814392","-0.5586103003375253","10.597005363966309","416","416","416"
"40032","12.661790459432726","12.661790459432726","12.661790459432726","417","417","417"
"40128","-1.488141478844587","-3.1799284234300944","0.20364546574092035","418","418","418"
"40224","9.157028008328082","9.157028008328082","9.157028008328082","419","419","419"
"40416","1.8296093220383156","-8.66020325142038","12.319421895497012","421","421","421"
"40512","1.9062525582016863","0.3383983949172267","3.474106721486146","422","422","422"
"40608","1.2820691596225005","-0.4756047519481612","3.039743071193162","423","423","423"
"40704","0.0290099626346505","-8.66020325142038","8.718223176689682","424","424","424"
"40800","8.564949498433746","0.9462166849934113","16.18368231187408","425","425","425"
"40896","6.411268055362802","4.75112038849944","8.071415722226163","426","426","426"
"40992","3.5980641168279885","-4.138292876376355","11.334421110032332","427","427","427"
"41088","3.873314058243114","-8.66020325142038","16.40683136790661","428","428","428"
"41184","15.118450192531828","15.118450192531828","15.118450192531828","429","429","429"
"41280","2.0432131265530917","-4.183511980126794","8.269938233232978","430","430","430"
"41376","5.177345379188141","-4.183511980126794","14.538202738503077","431","431","431"
"41472","6.526958015194083","1.1275515221840167","11.926364508204149","432","432","432"
"41568","6.167473894822504","0.2931792911667915","12.041768498478216","433","433","433"
"41664","1.7237118701055891","-8.66020325142038","12.107626991631559","434","434","434"
"41760","6.82146186750683","-2.9774891660550074","16.62041290106867","435","435","435"
"41856","8.251276014710625","0.3383983949172309","16.164153634504018","436","436","436"
"41952","3.2931653643168284","-2.661135487195306","9.247466215828963","437","437","437"
"42048","2.610695965045694","-5.060762592885336","10.282154522976723","438","438","438"
"42144","-1.6928125458069427","-8.66020325142038","5.274578159806495","439","439","439"
"42240","-8.66020325142038","-8.66020325142038","-8.66020325142038","440","440","440"
"42336","7.67835825948082","0.3233253603337511","15.03339115862789","441","441","441"
"42432","3.3975305344700084","-8.66020325142038","15.455264320360397","442","442","442"
"42528","9.194061579753692","2.1918499660906554","16.19627319341673","443","443","443"
"42624","5.880038325130828","4.029039762824775","7.731036887436882","444","444","444"
"42720","2.403146750586669","-8.66020325142038","13.466496752593718","445","445","445"
"42816","3.667805989064518","-0.5948593171354188","7.9304712952644545","446","446","446"
"42912","14.555617263305065","14.555617263305065","14.555617263305065","447","447","447"
"43008","1.633849854184747","0.2931792911667915","2.9745204172027027","448","448","448"
"43104","6.768940418951881","-1.4613219343502915","14.999202772254053","449","449","449"
"43200","4.769870562460371","0.2931792911667915","9.24656183375395","450","450","450"
"43296","6.539150305853997","2.788993271628021","10.289307340079972","451","451","451"
"43392","0.2931792911667843","-8.66020325142038","9.24656183375395","452","452","452"
"43488","7.65032466281722","3.5839115367592402","11.7167377888752","453","453","453"
"43584","2.2408967075548905","-8.66020325142038","13.141996666530162","454","454","454"
"43680","5.995748721557067","-4.183511980126794","16.17500942324093","455","455","455"
"43776","3.5397066400524997","-8.66020325142038","15.73961653152538","456","456","456"
"43872","8.525219805743093","0.2633346826915011","16.787104928794687","457","457","457"
"43968","6.275656655142429","-4.183511980126794","16.734825290411653","458","458","458"
"44064","6.193083408641262","-0.32246933809628864","12.708636155378812","459","459","459"
"44160","7.423127332334318","-0.48367475308232005","15.329929417750957","460","460","460"
"44256","16.190017602156775","16.190017602156775","16.190017602156775","461","461","461"
"44352","8.431843497585925","1.6864064883481449","15.177280506823706","462","462","462"
"44448","6.783041518236014","-1.8999472407295623","15.46603027720159","463","463","463"
"44544","8.581776644982336","0.2931792911667915","16.87037399879788","464","464","464"
"44640","7.049519820861247","-0.11525846068290353","14.214298102405397","465","465","465"
"44736","9.166272515706876","0.2931792911667915","18.03936574024696","466","466","466"
"44832","-6.4987825082955455","-8.66020325142038","-4.33736176517071","467","467","467"
"44928","9.106014945654314","4.046107657444186","14.16592223386444","468","468","468"
"45024","12.651814619641147","7.764900234482758","17.53872900479954","469","469","469"
"45120","6.0600377257823395","0.2931792911667915","11.826896160397887","470","470","470"
"45216","13.315620833379239","9.897237891620852","16.734003775137626","471","471","471"
"45312","14.745138050949748","6.7359945501597345","22.754281551739762","472","472","472"
"45408","10.599177842928086","2.105194092639564","19.093161593216607","473","473","473"
"45504","9.247466215828963","9.247466215828963","9.247466215828963","474","474","474"
"45600","16.76924317088503","12.550127449528693","20.988358892241365","475","475","475"
"45696","15.852691484238647","9.591799034239015","22.113583934238278","476","476","476"
"45792","11.636521937641248","6.763493337450844","16.509550537831654","477","477","477"
"45888","13.332363521285348","13.332363521285348","13.332363521285348","478","478","478"
"45984","10.527733708640575","10.07138605545243","10.984081361828721","479","479","479"
"46080","13.395450143641263","4.602097613738121","22.188802673544405","480","480","480"
"46176","13.425154651563158","8.815560309958762","18.034748993167554","481","481","481"
"46272","16.70574560429525","16.70574560429525","16.70574560429525","482","482","482"
"46368","15.708249912330706","9.035240153182396","22.381259671479015","483","483","483"
"46464","14.938651221252526","9.900312527967206","19.976989914537846","484","484","484"
"46560","11.711927565506754","0.11500697856930522","23.308848152444202","485","485","485"
"46656","7.470904636091028","2.363984803562529","12.577824468619527","486","486","486"
"46752","4.6803367370345015","0.20364546574092035","9.157028008328082","487","487","487"
"46848","15.26213963535196","13.617271263602063","16.907008007101858","488","488","488"
"46944","11.265383497588115","9.497703247796938","13.033063747379293","489","489","489"
"47040","12.362080834208333","7.323891416335102","17.400270252081565","490","490","490"
"47136","16.833090225475203","16.833090225475203","16.833090225475203","491","491","491"
"47232","9.647745178888952","-0.28807714735057655","19.58356750512848","492","492","492"
"47328","12.704528902420993","7.855338441983639","17.55371936285835","493","493","493"
"47424","12.950310529053167","9.670180279671229","16.230440778435106","494","494","494"
"47520","11.034468615336614","11.034468615336614","11.034468615336614","495","495","495"
"47616","11.579890976148079","5.432476386538367","17.72730556575779","496","496","496"
"47712","14.364091659255038","14.364091659255038","14.364091659255038","497","497","497"
"47808","14.830010266803392","7.690653448005181","21.969367085601604","498","498","498"
"47904","14.457277942060493","6.701453440788669","22.213102443332318","499","499","499"
"48000","20.24416147394948","20.24416147394948","20.24416147394948","500","500","500"
"48096","15.100090131715838","9.992566792506016","20.207613470925658","501","501","501"
"48192","16.425554870329183","11.145393105058439","21.705716635599927","502","502","502"
"48288","7.822982079965358","-0.5855267400148918","16.23149089994561","503","503","503"
"48384","9.338974376098886","1.7175215674719118","16.96042718472586","504","504","504"
"48480","14.372989227994985","8.161831092659144","20.58414736333083","505","505","505"
"48576","15.008494844593969","12.309980307874213","17.707009381313725","506","506","506"
"48672","8.460226086800752","8.460226086800752","8.460226086800752","507","507","507"
"48768","21.89953044289236","21.89953044289236","21.89953044289236","508","508","508"
"48864","14.325417219387894","8.155895895949064","20.494938542826723","509","509","509"
"48960","11.184773735976782","3.264688989010878","19.104858482942685","510","510","510"
"49056","15.211927390644764","8.96020243882199","21.46365234246754","511","511","511"
"49152","14.107181817310984","8.235531891674546","19.97883174294742","512","512","512"
"49248","22.036420027054728","22.036420027054728","22.036420027054728","513","513","513"
"49344","13.417029959611046","6.238983960153199","20.595075959068893","514","514","514"
"49440","13.737082788882628","10.527172285959766","16.94699329180549","515","515","515"
"49536","11.64820352725764","11.64820352725764","11.64820352725764","516","516","516"
"49632","10.772037473287611","10.772037473287611","10.772037473287611","517","517","517"
"49728","13.564203015410222","7.827072609211962","19.301333421608483","518","518","518"
"49824","19.445693134458644","19.445693134458644","19.445693134458644","519","519","519"
"49920","9.301958161854234","8.80044681081246","9.80346951289601","520","520","520"
"50016","12.567008243952197","0.20364546574092035","24.930371022163474","521","521","521"
"50112","12.607083985236407","7.331404244178689","17.882763726294126","522","522","522"
"50208","14.340512636401307","11.565811637556328","17.11521363524629","523","523","523"
"50304","14.869789947484868","11.139065069277958","18.60051482569178","524","524","524"
"50400","22.543088570204496","22.543088570204496","22.543088570204496","525","525","525"
"50496","10.093778289548439","10.093778289548439","10.093778289548439","526","526","526"
"50592","26.895705100218287","26.895705100218287","26.895705100218287","527","527","527"
"50688","9.828253661596209","8.071392885158263","11.585114438034156","528","528","528"
"50784","8.240398906739864","8.240398906739864","8.240398906739864","529","529","529"
"50880","16.898000558788972","7.346225868230473","26.449775249347468","530","530","530"
"50976","8.774490780568435","8.774490780568435","8.774490780568435","531","531","531"
"51072","21.90961057206012","21.90961057206012","21.90961057206012","532","532","532"
"51168","9.50297521923778","9.482333374205968","9.523617064269592","533","533","533"
"51264","18.15112284606345","13.197471992219","23.1047736999079","534","534","534"
"51360","19.99021406786002","14.582918764688154","25.397509371031887","535","535","535"
"51456","22.991758931662357","22.991758931662357","22.991758931662357","536","536","536"
"51552","17.189660390607443","12.128609156879396","22.250711624335487","537","537","537"
"51648","18.446279189654533","13.823406222386494","23.06915215692257","538","538","538"
"51744","9.61346259582501","0.3836174986676703","18.84330769298235","539","539","539"
"51840","10.953414505982083","7.156459726990099","14.750369284974068","540","540","540"
"51936","16.828032404118844","14.652857376343151","19.003207431894538","541","541","541"
"52032","13.552518650524348","11.12615140546409","15.978885895584606","542","542","542"
"52128","17.73913405751434","11.213429247507655","24.264838867521025","543","543","543"
"52224","10.593877825463775","6.941919136106609","14.24583651482094","544","544","544"
"52320","13.36280370857585","9.688175917845328","17.037431499306372","545","545","545"
"52416","15.791694876819232","15.791694876819232","15.791694876819232","546","546","546"
"52512","20.65254780211648","12.324234333694097","28.980861270538863","547","547","547"
"52608","16.171377805585294","11.635532060493619","20.707223550676968","548","548","548"
"52704","16.34041550263808","14.50161347407019","18.179217531205968","549","549","549"
"52800","14.405467222271625","11.773502945236876","17.037431499306372","550","550","550"
"52896","9.016618107607526","3.9180809709560607","14.11515524425899","551","551","551"
"52992","14.73695286532056","7.827072609211962","21.646833121429157","552","552","552"
"53088","17.947562475267272","12.82837837239618","23.066746578138364","553","553","553"
"53184","11.54874704133189","5.145350433553414","17.952143649110365","554","554","554"
"53280","21.165256501609594","17.23136247723385","25.099150525985337","555","555","555"
"53376","19.868025363388988","12.585537239314878","27.150513487463094","556","556","556"
"53472","16.23118605132846","3.2079048761905478","29.254467226466375","557","557","557"
"53568","18.455951958951125","14.419726770065516","22.492177147836735","558","558","558"
"53664","20.119592682941246","12.954243564280302","27.284941801602187","559","559","559"
"53760","20.165568949943026","13.966667106013182","26.36447079387287","560","560","560"
"53856","13.258214158555102","7.092262378962873","19.42416593814733","561","561","561"
"53952","11.178389761207578","9.337000041254834","13.019779481160322","562","562","562"
"54048","11.57503812298631","9.292233128541898","13.85784311743072","563","563","563"
"54240","19.367624824472223","17.768938639286027","20.966311009658423","565","565","565"
"54336","15.63060567018763","5.359341493882656","25.901869846492605","566","566","566"
"54432","28.462308835149308","28.462308835149308","28.462308835149308","567","567","567"
"54528","16.521965883568413","7.363169977076343","25.680761790060483","568","568","568"
"54624","20.26694745563067","15.078756611390435","25.455138299870907","569","569","569"
"54720","18.874410143762717","18.874410143762717","18.874410143762717","570","570","570"
"54816","9.209390714280904","9.209390714280904","9.209390714280904","571","571","571"
"54912","13.883412730239261","10.72939396117215","17.037431499306372","572","572","572"
"55008","15.440364435279164","10.860802467960145","20.019926402598184","573","573","573"
"55104","6.7842055748508105","6.7842055748508105","6.7842055748508105","574","574","574"
"55200","15.666994093712098","15.666994093712098","15.666994093712098","575","575","575"
"55296","6.913245313092624","-8.66020325142038","22.486693877605628","576","576","576"
"55392","24.42195777187006","24.42195777187006","24.42195777187006","577","577","577"
"55488","14.570058556178008","14.570058556178008","14.570058556178008","578","578","578"
"55584","13.17641130755595","3.039473149457417","23.313349465654483","579","579","579"
"55680","13.843046929132697","7.904076923792475","19.782016934472917","580","580","580"
"55776","20.681784184876943","15.753972837842653","25.609595531911232","581","581","581"
"55872","14.528394902797857","12.025686342069825","17.031103463525888","582","582","582"
"55968","20.83856453039557","14.844505668357089","26.832623392434048","583","583","583"
"56064","7.096186067063268","-4.183511980126794","18.37588411425333","584","584","584"
"56160","16.852058546911167","13.884494784406362","19.819622309415973","585","585","585"
"56256","12.1163127507007","5.74221542310466","18.49041007829674","586","586","586"
"56352","12.780262162016797","0.015992947860815104","25.544531376172777","587","587","587"
"56448","17.68763558303599","16.783287312483328","18.591983853588655","588","588","588"
"56544","16.33309748527756","15.550981335308832","17.11521363524629","589","589","589"
"56640","18.91322597073183","10.136910270016244","27.689541671447415","590","590","590"
"56736","13.663660734036945","10.615692397962766","16.711629070111126","591","591","591"
"56832","15.802770715342287","7.827072609211962","23.77846882147261","592","592","592"
"56928","20.61043097592821","17.086765171712198","24.13409678014422","593","593","593"
"57024","15.757083147088634","15.757083147088634","15.757083147088634","594","594","594"
"57120","11.377930266253092","11.377930266253092","11.377930266253092","595","595","595"
"57216","13.861508790944612","9.461345498324077","18.26167208356515","596","596","596"
"57312","21.82736780647778","16.50671411996101","27.148021492994552","597","597","597"
"57408","17.515142726355755","14.85154867835594","20.17873677435557","598","598","598"
"57504","19.392611830447336","11.548291722847573","27.236931938047096","599","599","599"
"57600","19.031789749858923","19.031789749858923","19.031789749858923","600","600","600"
"57696","7.187443306520313","-0.24918607938061843","14.624072692421244","601","601","601"
"57792","16.76846886994183","6.268464321428934","27.26847341845473","602","602","602"
"57888","15.596877733980925","8.240398906739864","22.953356561221987","603","603","603"
"57984","18.132790325670626","13.465177173125953","22.8004034782153","604","604","604"
"58080","16.57372586653395","14.330892391543141","18.816559341524762","605","605","605"
"58176","18.553880249742566","8.800542048048941","28.307218451436192","606","606","606"
"58272","21.318866202821987","14.355465609857045","28.28226679578693","607","607","607"
"58368","14.791735291943386","14.791735291943386","14.791735291943386","608","608","608"
"58464","-8.66020325142038","-8.66020325142038","-8.66020325142038","609","609","609"
"58560","12.037843570771024","7.205698164317073","16.869988977224974","610","610","610"
"58656","8.071392885158263","8.071392885158263","8.071392885158263","611","611","611"
"58752","15.057269542126932","13.662030341499195","16.452508742754667","612","612","612"
"58848","11.823130168472733","9.186192932254015","14.460067404691452","613","613","613"
"58944","18.90863371644265","11.13629890938692","26.68096852349838","614","614","614"
"59040","8.676231655692096","-8.66020325142038","26.012666562804572","615","615","615"
"59136","15.710042665622844","9.015138622368097","22.40494670887759","616","616","616"
"59232","20.064350243860574","20.064350243860574","20.064350243860574","617","617","617"
"59328","25.677521132349593","25.677521132349593","25.677521132349593","618","618","618"
"59424","13.931915961139374","13.096777562779721","14.767054359499028","619","619","619"
"59520","12.798677176327612","9.378377204327208","16.218977148328015","620","620","620"
"59616","12.983662326090665","8.34419950404672","17.62312514813461","621","621","621"
"59712","15.628583094444497","12.201505979902436","19.05566020898656","622","622","622"
"59808","9.407001919614894","9.167212470445172","9.646791368784616","623","623","623"
"59904","20.42976337281311","17.922969533939003","22.936557211687216","624","624","624"
"60000","21.362402661580603","19.452119874942838","23.272685448218372","625","625","625"
"60096","26.520228079960958","26.520228079960958","26.520228079960958","626","626","626"
"60192","18.7698398330525","18.7698398330525","18.7698398330525","627","627","627"
"60288","13.480379565346407","10.843947733313462","16.11681139737935","628","628","628"
"60384","7.979882369985802","-0.7742390351660232","16.734003775137626","629","629","629"
"60480","20.418336630513455","18.72042617114964","22.11624708987727","630","630","630"
"60576","19.608403451686065","19.608403451686065","19.608403451686065","631","631","631"
"60672","11.76611069665135","9.337000041254834","14.195221352047867","632","632","632"
"60768","10.382713487476925","3.082535067711271","17.68289190724258","633","633","633"
"60864","20.741634277843065","20.741634277843065","20.741634277843065","634","634","634"
"60960","20.04891921046203","17.43898097414971","22.658857446774352","635","635","635"
"61056","5.912478639631615","5.874596693879982","5.950360585383248","636","636","636"
"61152","20.22521128484157","14.55020295495977","25.90021961472337","637","637","637"
"61248","22.27548277288622","20.50178296874061","24.049182577031832","638","638","638"
"61344","12.173427042089202","8.666520386803674","15.68033369737473","639","639","639"
"61440","18.56739021314302","17.084382881352333","20.05039754493371","640","640","640"
"61536","18.782879814696866","17.83178939794482","19.73397023144891","641","641","641"
"61632","19.509052905930833","17.389811612901998","21.62829419895967","642","642","642"
"61728","13.14927345556928","9.157028008328082","17.14151890281048","643","643","643"
"61824","19.503518096156874","19.35161752067399","19.655418671639758","644","644","644"
"61920","16.37788325885795","10.074113399309827","22.681653118406068","645","645","645"
"62016","17.771569871625445","16.793754705790267","18.749385037460627","646","646","646"
"62112","14.894407863084187","14.816573994226552","14.972241731941823","647","647","647"
"62208","23.978077723098107","20.43687583468443","27.519279611511784","648","648","648"
"62304","21.494718863823564","14.683328334915137","28.30610939273199","649","649","649"
"62400","19.78338321859807","15.206081086867815","24.360685350328325","650","650","650"
"62496","15.22748319344307","7.880787955103931","22.57417843178221","651","651","651"
"62592","22.331379478311742","22.331379478311742","22.331379478311742","652","652","652"
"62688","18.20026733086246","14.685736913283801","21.714797748441114","653","653","653"
"62784","17.594977878373513","14.055511214836372","21.134444541910653","654","654","654"
"62880","8.537915976785694","-8.66020325142038","25.73603520499177","655","655","655"
"62976","16.94699329180549","16.94699329180549","16.94699329180549","656","656","656"
"63072","7.148499978119835","6.987471679174041","7.309528277065629","657","657","657"
"63168","18.738044531694598","15.065944856843728","22.410144206545468","658","658","658"
"63264","12.78520360988411","10.156052145048163","15.414355074720058","659","659","659"
"63360","14.77710262130963","13.096777562779721","16.45742767983954","660","660","660"
"63456","21.194423179390075","15.293094204056873","27.095752154723275","661","661","661"
"63552","14.996721686240228","13.141996666530162","16.851446705950295","662","662","662"
"63648","13.770961488248329","3.0842400621703536","24.457682914326302","663","663","663"
"63744","16.450755005460284","7.54524343261336","25.35626657830721","664","664","664"
"63840","19.927043488956254","16.917533621445408","22.9365533564671","665","665","665"
"63936","13.210677000061938","11.867125938395178","14.5542280617287","666","666","666"
"64032","18.411325932987424","12.268646298362963","24.55400556761188","667","667","667"
"64128","13.224504570903392","13.144174744870352","13.304834396936432","668","668","668"
"64224","15.729091765953177","15.729091765953177","15.729091765953177","669","669","669"
"64320","21.499537233427578","16.451877956191574","26.547196510663582","670","670","670"
"64416","24.35820220779796","20.502271221103573","28.214133194492348","671","671","671"
"64512","23.672608631557907","19.279824761822805","28.065392501293005","672","672","672"
"64608","19.181977235608922","15.87225241583372","22.491702055384124","673","673","673"
"64704","23.351355654814398","19.98526145867676","26.717449850952036","674","674","674"
"64800","20.611837353626434","18.980953656788802","22.242721050464063","675","675","675"
"64896","11.429485947486098","0.3836174986676703","22.475354396304525","676","676","676"
"64992","11.76349191056479","0.3836174986676703","23.143366322461908","677","677","677"
"65088","12.34437242000206","1.5839711400962226","23.1047736999079","678","678","678"
"65184","16.799478399202084","16.728967821179193","16.869988977224974","679","679","679"
"65280","3.3379322770297626","3.3379322770297626","3.3379322770297626","680","680","680"
"65376","12.021232822842634","8.161831092659144","15.880634553026127","681","681","681"
"65472","9.276707902920911","9.276707902920911","9.276707902920911","682","682","682"
"65568","18.97762908242344","14.604790580688594","23.350467584158288","683","683","683"
"65664","10.802954054741999","4.188614123942996","17.417293985541004","684","684","684"
"65760","12.949067868737027","3.129459165920795","22.768676571553257","685","685","685"
"65856","17.97204237884954","8.240398906739864","27.703685850959218","686","686","686"
"65952","18.58324427202775","17.956584000576278","19.20990454347922","687","687","687"
"66048","19.529841042589503","11.529777803031038","27.52990428214797","688","688","688"
"66144","20.858385181044053","14.209104402260873","27.507665959827232","689","689","689"
"66240","19.418097069057513","19.418097069057513","19.418097069057513","690","690","690"
"66336","18.008876175766353","16.621887874593245","19.395864476939465","691","691","691"
"66432","7.888201898240414","0.11500697856930522","15.661396817911523","692","692","692"
"66528","17.11521363524629","17.11521363524629","17.11521363524629","693","693","693"
"66624","-0.0485880712366491","-8.66020325142038","8.563027108947082","694","694","694"
"66720","11.504447778534207","11.504447778534207","11.504447778534207","695","695","695"
"66816","19.80263555558235","15.042648514833871","24.562622596330822","696","696","696"
"66912","13.226483191991086","9.337000041254834","17.11596634272734","697","697","697"
"67008","14.062474849851863","9.337000041254834","18.787949658448895","698","698","698"
"67104","14.97796889998434","14.97796889998434","14.97796889998434","699","699","699"
"67200","18.180426807289567","14.049413817042375","22.31143979753676","700","700","700"
"67296","21.809499355311814","17.824953653852518","25.79404505677111","701","701","701"
"67392","-0.294405183131059","-8.66020325142038","8.071392885158263","702","702","702"
"67488","17.908848298459","17.11521363524629","18.702482961671706","703","703","703"
"67584","23.106877039876636","19.20645754720034","27.007296532552928","704","704","704"
"67680","13.91354023562601","0.3836174986676703","27.44346297258435","705","705","705"
"67776","15.73156742816515","14.434317131510298","17.02881772482","706","706","706"
"67872","18.376853158257063","8.240398906739864","28.513307409774264","707","707","707"
"67968","10.658908851265032","4.202604067283776","17.11521363524629","708","708","708"
"68064","11.128943613026658","9.609440760332486","12.64844646572083","709","709","709"
"68160","6.635117406281934","3.718662847120418","9.551571965443449","710","710","710"
"68256","19.2323414728094","17.97408236273898","20.490600582879818","711","711","711"
"68352","19.5988783394023","11.585257699588263","27.612498979216337","712","712","712"
"68448","18.500823971221628","16.898060332063476","20.103587610379783","713","713","713"
"68544","18.72591856017351","18.297690519277804","19.15414660106922","714","714","714"
"68640","15.948040498339553","14.85154867835594","17.044532318323167","715","715","715"
"68736","27.450598038132124","27.450598038132124","27.450598038132124","716","716","716"
"68832","21.704003707688074","17.42982118698615","25.978186228389998","717","717","717"
"68928","20.85858965967333","14.483946759256321","27.23323256009034","718","718","718"
"69024","19.922508628471377","13.82352507668013","26.02149218026262","719","719","719"
"69120","14.651993850045677","4.003862849394418","25.30012485069694","720","720","720"
"69216","7.5084613684698525","-8.66020325142038","23.677125988360086","721","721","721"
"69312","19.61573811102217","18.591128705102157","20.640347516942185","722","722","722"
"69408","7.978351165914145","3.129459165920795","12.827243165907495","723","723","723"
"69504","6.900377295282199","-8.66020325142038","22.46095784198478","724","724","724"
"69600","10.203128913155632","2.7122621281477315","17.693995698163533","725","725","725"
"69696","9.26241524935992","9.26241524935992","9.26241524935992","726","726","726"
"69792","21.440445294437623","14.896938835262127","27.98395175361312","727","727","727"
"69888","18.19692373887863","8.161831092659144","28.232016385098117","728","728","728"
"69984","19.182598270607002","15.751905013880027","22.61329152733398","729","729","729"
"70080","24.79632411808692","24.79632411808692","24.79632411808692","730","730","730"
"70176","18.934503843085032","15.123949237997572","22.74505844817249","731","731","731"
"70272","22.757055782427376","20.16277327198777","25.35133829286698","732","732","732"
"70368","20.009089026611036","19.865138411773408","20.153039641448665","733","733","733"
"70464","20.677656928535697","16.732697478627514","24.62261637844388","734","734","734"
"70560","16.194206755672198","16.194206755672198","16.194206755672198","735","735","735"
"70656","22.626195821831068","22.498966846162155","22.753424797499985","736","736","736"
"70752","22.64799517453059","22.0825897499696","23.213400599091578","737","737","737"
"70848","22.776346579751944","17.54901672955394","28.003676429949948","738","738","738"
"70944","22.638448551566707","22.638448551566707","22.638448551566707","739","739","739"
"71040","13.293330269013165","9.337000041254834","17.249660496771494","740","740","740"
"71136","13.86419537125038","0.2931792911667915","27.43521145133397","741","741","741"
"71232","10.359078495957244","9.337000041254834","11.381156950659653","742","742","742"
"71328","17.713139845493362","16.68876529665391","18.737514394332816","743","743","743"
"71424","12.40312996116094","11.619044152041278","13.187215770280602","744","744","744"
"71520","18.02725425289854","17.11521363524629","18.939294870550793","745","745","745"
"71616","16.94949953623037","13.294196253543006","20.604802818917733","746","746","746"
"71712","11.914410536205924","8.90969948914988","14.91912158326197","747","747","747"
"71808","22.571507115767716","22.571507115767716","22.571507115767716","748","748","748"
"71904","28.393378114346874","28.393378114346874","28.393378114346874","749","749","749"
"72000","20.54369685969123","20.20166433995773","20.885729379424728","750","750","750"
"72096","25.1416033682102","25.1416033682102","25.1416033682102","751","751","751"
"72192","19.763557667175043","16.680311648693962","22.846803685656123","752","752","752"
"72288","25.061172782535486","24.315673414551277","25.80667215051969","753","753","753"
"72384","10.564259114299066","7.017751502483435","14.110766726114697","754","754","754"
"72480","17.167725048245778","17.11521363524629","17.220236461245268","755","755","755"
"72672","15.643307538049198","8.208480619985103","23.078134456113293","757","757","757"
"72768","19.475682401564413","16.249036505635384","22.70232829749344","758","758","758"
"72864","22.696693753680808","22.217109849305935","23.17627765805568","759","759","759"
"72960","18.644249010240472","8.108116459863584","29.18038156061736","760","760","760"
"73056","14.006726161386299","0.2931792911667915","27.720273031605807","761","761","761"
"73152","15.087633345760006","13.660961324282432","16.51430536723758","762","762","762"
"73248","24.361751736033803","24.03707865429979","24.686424817767815","763","763","763"
"73344","17.335820593721827","8.161831092659144","26.50981009478451","764","764","764"
"73440","17.319828866119078","17.319828866119078","17.319828866119078","765","765","765"
"73536","18.962033571470762","16.2362285875535","21.687838555388026","766","766","766"
"73632","13.965208314468132","12.864471772092537","15.065944856843728","767","767","767"
"73728","26.397716523573518","26.397716523573518","26.397716523573518","768","768","768"
"73824","20.42426745546024","14.958405490302331","25.890129420618145","769","769","769"
"73920","18.662830334369787","17.84126568389001","19.48439498484956","770","770","770"
"74016","21.47057050610276","20.34081473602399","22.600326276181534","771","771","771"
"74112","16.965670527012815","4.878839202223133","29.052501851802496","772","772","772"
"74304","20.07673449222052","17.040597619503973","23.112871364937067","774","774","774"
"74400","15.37019886958981","2.9462092941645355","27.794188445015084","775","775","775"
"74496","15.269064615933873","14.81283724412119","15.725291987746555","776","776","776"
"74592","19.3290035333113","9.654103799113742","29.00390326750886","777","777","777"
"74688","20.532968167774033","13.421547129229005","27.64438920631906","778","778","778"
"74784","21.77063815166376","17.970157279860032","25.57111902346749","779","779","779"
"74880","21.364529622287005","20.360371649414546","22.368687595159464","780","780","780"
"74976","17.08801278722323","17.08801278722323","17.08801278722323","781","781","781"
"75072","13.600496534517518","11.763876868945928","15.437116200089108","782","782","782"
"75168","15.948167450486068","11.901088177881514","19.995246723090624","783","783","783"
"75264","16.21063542499251","12.119342874187813","20.301927975797206","784","784","784"
"75360","24.205849616546324","23.205418950280976","25.20628028281167","785","785","785"
"75456","5.876470627044775","3.591110161430406","8.161831092659144","786","786","786"
"75552","6.156677702293161","0.3836174986676703","11.929737905918651","787","787","787"
"75648","28.316645480859684","28.316645480859684","28.316645480859684","788","788","788"
"75744","20.39270825797307","19.883830847057688","20.901585668888455","789","789","789"
"75840","22.404235752447974","19.3172604860763","25.491211018819648","790","790","790"
"75936","10.534693824429691","4.227505191912954","16.84188245694643","791","791","791"
"76032","23.20771958333591","17.75591615296239","28.65952301370943","792","792","792"
"76128","13.553545584051786","9.337000041254834","17.77009112684874","793","793","793"
"76224","16.613604657726604","9.782393937244622","23.444815378208588","794","794","794"
"76320","24.634776954429586","20.759958546789996","28.509595362069177","795","795","795"
"76416","12.352758970410385","7.590304305574481","17.11521363524629","796","796","796"
"76512","7.345071830055668","7.345071830055668","7.345071830055668","797","797","797"
"76608","23.454260677413025","18.07842119465921","28.830100160166843","798","798","798"
"76704","12.895527873257837","6.389917388359153","19.40113835815652","799","799","799"
"76800","19.99637708787309","11.560288930129488","28.43246524561669","800","800","800"
"76896","18.618424495940275","15.067226708089855","22.169622283790694","801","801","801"
"76992","15.553752004978762","8.161831092659144","22.94567291729838","802","802","802"
"77088","20.03560998610629","13.789012603762844","26.282207368449736","803","803","803"
"77184","21.735960083002283","14.828683375761088","28.64323679024348","804","804","804"
"77280","19.744025840040216","15.027005674346302","24.461046005734133","805","805","805"
"77376","22.149791574252255","20.052503814467055","24.24707933403746","806","806","806"
"77472","22.548179473718676","17.535108453518337","27.56125049391901","807","807","807"
"77568","19.234763699993415","14.975506649342845","23.494020750643983","808","808","808"
"77664","12.677806270993077","8.240398906739864","17.11521363524629","809","809","809"
"77760","15.483261250403665","9.337000041254834","21.629522459552494","810","810","810"
"77856","26.384021801875072","24.58069397057276","28.187349633177387","811","811","811"
"77952","20.681463407575137","13.243895227131482","28.119031588018796","812","812","812"
"78048","15.322904802795758","7.7849865582614175","22.8608230473301","813","813","813"
"78144","13.959497992621294","13.959497992621294","13.959497992621294","814","814","814"
"78240","17.37131275630606","11.283135370364825","23.4594901422473","815","815","815"
"78336","5.226713323121611","-8.66020325142038","19.113629897663603","816","816","816"
"78432","20.411987728442597","20.26394479212524","20.560030664759953","817","817","817"
"78528","21.814533817305588","15.100417311137182","28.528650323473997","818","818","818"
"78624","28.409502289889332","28.409502289889332","28.409502289889332","819","819","819"
"78720","4.149906145460357","3.715683149712999","4.584129141207715","820","820","820"
"78816","18.42186521264801","8.161831092659144","28.68189933263688","821","821","821"
"78912","14.328436447811844","0.3836174986676703","28.273255396956017","822","822","822"
"79008","12.432526766756135","12.432526766756135","12.432526766756135","823","823","823"
"79104","20.567655491618112","13.40619500406195","27.72911597917427","824","824","824"
"79200","21.158844192002828","21.158844192002828","21.158844192002828","825","825","825"
"79296","14.80519816856143","11.278298471647556","18.332097865475305","826","826","826"
"79392","16.665484058503317","14.550089931595755","18.78087818541088","827","827","827"
"79488","22.56859072539838","22.077700961944664","23.059480488852092","828","828","828"
"79584","25.58016682167905","23.176381889744977","27.98395175361312","829","829","829"
"79680","17.74085019214233","8.37315374620953","27.108546638075126","830","830","830"
"79776","26.282285218832186","25.14039088243708","27.424179555227294","831","831","831"
"79872","21.179295665927064","15.065944856843728","27.292646475010404","832","832","832"
"79968","23.339881313510993","21.11639117969246","25.56337144732953","833","833","833"
"80064","12.447363213345984","9.613480465149365","15.2812459615426","834","834","834"
"80160","22.413560945231556","16.590620249791872","28.23650164067124","835","835","835"
"80256","10.38715275291863","10.38715275291863","10.38715275291863","836","836","836"
"80352","14.676474277022004","2.8174115381806972","26.535537015863312","837","837","837"
"80448","12.502333612817235","5.425076589316747","19.57959063631772","838","838","838"
"80544","15.447167984420009","8.399096965002146","22.49523900383787","839","839","839"
"80640","0.9879120652567073","-8.66020325142038","10.636027381933795","840","840","840"
"80736","22.872825160332738","20.61449891694926","25.131151403716213","841","841","841"
"80832","0.24841237845385591","0.24841237845385591","0.24841237845385591","842","842","842"
"80928","24.754159940595947","24.49432390159576","25.01399597959613","843","843","843"
"81024","14.051936295074498","12.531740038902372","15.572132551246625","844","844","844"
"81120","24.810319271468337","22.285347387408496","27.335291155528182","845","845","845"
"81216","19.18117855809656","10.437109040773745","27.925248075419372","846","846","846"
"81312","26.846785179032633","25.051358403648962","28.642211954416304","847","847","847"
"81408","28.72250537682975","28.72250537682975","28.72250537682975","848","848","848"
"81504","18.423239299026033","14.490335588041551","22.356143010010516","849","849","849"
"81600","19.981934698964018","17.11521363524629","22.84865576268175","850","850","850"
"81696","20.524058768396397","14.930116492436662","26.118001044356134","851","851","851"
"81792","26.217525143864435","26.217525143864435","26.217525143864435","852","852","852"
"81888","17.62729402186125","14.492631162107179","20.76195688161532","853","853","853"
"81984","19.302794343016103","10.807310166713853","27.79827851931835","854","854","854"
"82080","22.347538311620784","22.168336420186787","22.526740203054782","855","855","855"
"82176","12.378494702071327","12.378494702071327","12.378494702071327","856","856","856"
"82272","28.31715315965772","28.31715315965772","28.31715315965772","857","857","857"
"82368","23.20701019854185","19.693201075916754","26.720819321166946","858","858","858"
"82464","11.534541141250475","11.534541141250475","11.534541141250475","859","859","859"
"82560","19.6045668174162","19.6045668174162","19.6045668174162","860","860","860"
"82656","24.453987722369575","24.210917890546387","24.697057554192764","861","861","861"
"82752","19.639044777476986","16.3006073633524","22.977482191601574","862","862","862"
"82848","17.674185843466283","17.13199252907954","18.216379157853027","863","863","863"
"82944","10.713610918975029","4.312008202703767","17.11521363524629","864","864","864"
"83040","21.774453448782857","20.71436367461189","22.834543222953823","865","865","865"
"83136","22.758156883567107","17.179339834594348","28.336973932539866","866","866","866"
"83232","16.58213860782184","16.049063580397387","17.11521363524629","867","867","867"
"83328","21.60550804885682","17.20740010509569","26.00361599261795","868","868","868"
"83424","12.353889816749511","4.272724295663407","20.435055337835617","869","869","869"
"83520","18.21824083589275","18.21824083589275","18.21824083589275","870","870","870"
"83616","21.673345191300065","19.94936957598722","23.397320806612914","871","871","871"
"83712","12.171639747437535","8.240398906739864","16.102880588135204","872","872","872"
"83808","21.593698615313865","21.593698615313865","21.593698615313865","873","873","873"
"83904","16.478257942674304","12.427427772559724","20.529088112788884","874","874","874"
"84000","20.51465797062435","20.51465797062435","20.51465797062435","875","875","875"
"84096","16.345938519846236","15.57666340444618","17.11521363524629","876","876","876"
"84192","25.136915074713638","25.136915074713638","25.136915074713638","877","877","877"
"84288","17.336641233326922","14.91912158326197","19.754160883391872","878","878","878"
"84384","14.76111047085506","14.76111047085506","14.76111047085506","879","879","879"
"84480","6.562707902640039","-8.66020325142038","21.785619056700458","880","880","880"
"84576","13.984423178694108","5.559913471878957","22.40893288550926","881","881","881"
"84768","26.175719527916904","25.122327822162276","27.229111233671528","883","883","883"
"84864","13.736247251479028","9.337000041254834","18.135494461703225","884","884","884"
"84960","17.085746756980658","9.337000041254834","24.834493472706484","885","885","885"
"85056","15.939947557264441","15.939947557264441","15.939947557264441","886","886","886"
"85152","16.36573013028161","16.36573013028161","16.36573013028161","887","887","887"
"85248","15.735343187585723","15.735343187585723","15.735343187585723","888","888","888"
"85344","14.37979436229736","0.3836174986676703","28.37597122592705","889","889","889"
"85440","26.617835337385145","25.13180267055493","28.103868004215357","890","890","890"
"85536","17.11521363524629","17.11521363524629","17.11521363524629","891","891","891"
"85632","21.47728581152608","21.47728581152608","21.47728581152608","892","892","892"
"85728","-0.15940108890928073","-8.66020325142038","8.34140107360182","893","893","893"
"85824","11.03207070783584","11.03207070783584","11.03207070783584","894","894","894"
"85920","15.25123890659184","9.751240916071701","20.75123689711198","895","895","895"
"86016","21.39801456409507","17.11521363524629","25.680815492943854","896","896","896"
"86112","24.230762679880943","24.230762679880943","24.230762679880943","897","897","897"
"86208","20.43799005851457","20.43799005851457","20.43799005851457","898","898","898"
"86304","23.77280593932064","19.877541021556254","27.668070857085024","899","899","899"
"86400","21.745807391568228","14.597695527582914","28.893919255553545","900","900","900"
"86496","16.420821802444284","15.229539157741929","17.61210444714664","901","901","901"
"86592","25.46129245711457","21.745899823702683","29.17668509052646","902","902","902"
"86688","19.078848781603636","19.078848781603636","19.078848781603636","903","903","903"
"86880","17.382972722289523","17.11521363524629","17.650731809332758","905","905","905"
"86976","15.650844594849415","14.186475554452542","17.11521363524629","906","906","906"
"87072","11.116121269635272","9.337000041254834","12.895242498015708","907","907","907"
"87168","20.3782951516368","20.3782951516368","20.3782951516368","908","908","908"
"87264","8.869210349428926","8.401420657603019","9.337000041254834","909","909","909"
"87360","5.961013812054999","5.961013812054999","5.961013812054999","910","910","910"
"87456","21.14798428032362","17.11521363524629","25.180754925400947","911","911","911"
"87552","27.361870978031213","25.562753958580856","29.160987997481566","912","912","912"
"87648","13.401329540948076","13.401329540948076","13.401329540948076","913","913","913"
"87744","16.56069638804933","16.56069638804933","16.56069638804933","914","914","914"
"87840","25.11273662142077","25.11273662142077","25.11273662142077","915","915","915"
"87936","11.993033555723068","6.870853476199847","17.11521363524629","916","916","916"
"88032","10.72341489820702","5.683713734312032","15.763116062102009","917","917","917"
"88128","25.484932482579197","25.484932482579197","25.484932482579197","918","918","918"
"88224","16.667588450641098","16.667588450641098","16.667588450641098","919","919","919"
"88320","17.22147165388266","17.22147165388266","17.22147165388266","920","920","920"
"88416","22.63324571610505","22.63324571610505","22.63324571610505","921","921","921"
"88512","15.134889765430634","15.134889765430634","15.134889765430634","922","922","922"
"88608","23.709223970914934","23.709223970914934","23.709223970914934","923","923","923"
"88704","2.134530734277403","-8.66020325142038","12.929264719975187","924","924","924"
"88800","11.26542924242754","11.26542924242754","11.26542924242754","925","925","925"
"88896","10.369780517761022","9.337000041254834","11.402560994267208","926","926","926"
"88992","7.65136954096482","0.3836174986676703","14.91912158326197","927","927","927"
"89088","16.984613991557783","16.88419291329115","17.085035069824414","928","928","928"
"89184","11.918179277842384","4.227505191912954","19.608853363771814","929","929","929"
"89280","8.78869947399735","8.240398906739864","9.337000041254834","930","930","930"
"89376","11.291167650127093","11.291167650127093","11.291167650127093","931","931","931"
"89472","16.072565506356202","16.072565506356202","16.072565506356202","932","932","932"
"89568","15.262484654838453","13.226106838250562","17.298862471426343","933","933","933"
"89664","23.273738040116637","23.273738040116637","23.273738040116637","934","934","934"
"89760","21.157947967460082","17.11521363524629","25.200682299673872","935","935","935"
"89856","4.860308769961252","0.3836174986676703","9.337000041254834","936","936","936"
"89952","17.28722392567868","17.28722392567868","17.28722392567868","937","937","937"
"90048","21.407563911795258","21.407563911795258","21.407563911795258","938","938","938"
"90144","20.93922004905365","20.93922004905365","20.93922004905365","939","939","939"
"90240","22.634254919315737","22.634254919315737","22.634254919315737","940","940","940"
"90336","16.161290747937976","16.161290747937976","16.161290747937976","941","941","941"
"90432","12.925847985175821","12.925847985175821","12.925847985175821","942","942","942"
"90528","16.667709560956553","15.812490234218505","17.522928887694604","943","943","943"
"90624","22.660579661938606","21.714919404946897","23.60623991893031","944","944","944"
"90720","20.467735280284966","20.467735280284966","20.467735280284966","945","945","945"
"90816","21.509882082690453","19.478434509287435","23.54132965609347","946","946","946"
"90912","14.794896923308073","14.794896923308073","14.794896923308073","947","947","947"
"91008","24.500607409061107","19.997311550613354","29.00390326750886","948","948","948"
"91104","18.51362342571913","18.51362342571913","18.51362342571913","949","949","949"
"91200","25.236576140821022","25.236576140821022","25.236576140821022","950","950","950"
"91392","9.867041170554419","9.867041170554419","9.867041170554419","952","952","952"
"91488","25.27754227632916","25.27754227632916","25.27754227632916","953","953","953"
"91584","25.549389065073466","25.549389065073466","25.549389065073466","954","954","954"
"91680","18.6756970712247","18.6756970712247","18.6756970712247","955","955","955"
"91776","8.240398906739864","8.240398906739864","8.240398906739864","956","956","956"
"91872","25.113387362698475","25.113387362698475","25.113387362698475","957","957","957"
"91968","21.95671376148558","18.945436425958096","24.967991097013066","958","958","958"
"92064","22.870764739080265","17.07211465562629","28.66941482253424","959","959","959"
"92160","21.30793528731358","17.11521363524629","25.50065693938087","960","960","960"
"92256","20.450987323509445","19.66946629459613","21.232508352422755","961","961","961"
"92352","20.830901790202226","20.830901790202226","20.830901790202226","962","962","962"
"92448","0.3836174986676703","0.3836174986676703","0.3836174986676703","963","963","963"
"92544","19.816610310313163","19.816610310313163","19.816610310313163","964","964","964"
"92640","13.226106838250562","13.226106838250562","13.226106838250562","965","965","965"
"92736","22.29595372348182","22.29595372348182","22.29595372348182","966","966","966"
"92832","25.738350967941546","25.738350967941546","25.738350967941546","967","967","967"
"92928","19.15166657120639","13.226106838250562","25.077226304162217","968","968","968"
"93024","21.00525758480548","21.00525758480548","21.00525758480548","969","969","969"
"93120","12.638522363952717","8.161831092659144","17.11521363524629","970","970","970"
"93312","14.046581132012825","14.046581132012825","14.046581132012825","972","972","972"
"93408","23.35811493035081","20.313789594930665","26.40244026577095","973","973","973"
"93504","18.271631225459288","12.87145660993085","23.671805840987723","974","974","974"
"93600","19.99590415505991","19.99590415505991","19.99590415505991","975","975","975"
"93696","17.635969560828492","17.635969560828492","17.635969560828492","976","976","976"
"93792","19.36351062432666","19.36351062432666","19.36351062432666","977","977","977"
"93888","5.511656830536676","5.511656830536676","5.511656830536676","978","978","978"
"93984","16.812101712325678","10.71002168891314","22.914181735738218","979","979","979"
"94080","16.581606390039994","16.581606390039994","16.581606390039994","980","980","980"
"94176","23.469291389069394","23.469291389069394","23.469291389069394","981","981","981"
"94272","20.140292138253358","20.140292138253358","20.140292138253358","982","982","982"
"94368","18.36256135338497","17.11521363524629","19.60990907152365","983","983","983"
"94464","23.72983816382753","23.72983816382753","23.72983816382753","984","984","984"
"94560","16.818564755012293","16.818564755012293","16.818564755012293","985","985","985"
"94656","20.815105690789288","18.76983959189364","22.860371789684937","986","986","986"
"94752","12.782502784904583","12.782502784904583","12.782502784904583","987","987","987"
"94848","-3.052858470060539","-3.052858470060539","-3.052858470060539","988","988","988"
"94944","20.097078198039505","20.097078198039505","20.097078198039505","989","989","989"
"95040","13.115591356227345","9.337000041254834","16.894182671199857","990","990","990"
"95136","24.960999729843852","24.960999729843852","24.960999729843852","991","991","991"
"95232","25.28488875721221","25.28488875721221","25.28488875721221","992","992","992"
"95328","5.059227855256806","5.059227855256806","5.059227855256806","993","993","993"
"95424","24.0226698744727","24.0226698744727","24.0226698744727","994","994","994"
"95520","21.764306143595018","20.343771856333703","23.184840430856333","995","995","995"
"95712","17.964070702802445","10.297131987522997","25.631009418081895","997","997","997"
"95808","0.3836174986676703","0.3836174986676703","0.3836174986676703","998","998","998"
"95904","-8.66020325142038","-8.66020325142038","-8.66020325142038","999","999","999"
"96000","8.74941556695698","0.3836174986676703","17.11521363524629","1000","1000","1000"
"96096","22.15829392194815","22.15829392194815","22.15829392194815","1001","1001","1001"
"96192","26.33720217332382","26.33720217332382","26.33720217332382","1002","1002","1002"
"96384","16.7696448423847","13.226106838250562","20.31318284651884","1004","1004","1004"
"96480","25.55941831567352","25.55941831567352","25.55941831567352","1005","1005","1005"
"96576","20.458274199396556","17.11521363524629","23.801334763546823","1006","1006","1006"
"96672","17.151893981052766","17.151893981052766","17.151893981052766","1007","1007","1007"
"96768","24.392580872575827","23.60623991893031","25.178921826221348","1008","1008","1008"
"96864","20.81949235661301","20.81949235661301","20.81949235661301","1009","1009","1009"
"96960","17.71831538388557","17.395908931749958","18.040721836021184","1010","1010","1010"
"97056","25.66042215967301","25.66042215967301","25.66042215967301","1011","1011","1011"
"97248","14.015027010143143","9.337000041254834","18.693053979031454","1013","1013","1013"
"97344","23.062587019045786","22.8370589934224","23.28811504466917","1014","1014","1014"
"97440","13.193622691232571","0.3836174986676703","26.00362788379747","1015","1015","1015"
"97536","15.134889765430634","15.134889765430634","15.134889765430634","1016","1016","1016"
"97632","25.488974561150506","25.488974561150506","25.488974561150506","1017","1017","1017"
"97728","22.93958402935578","22.93958402935578","22.93958402935578","1018","1018","1018"
"97824","14.384192758519042","11.653171881791796","17.11521363524629","1019","1019","1019"
"97920","23.563728388175733","23.563728388175733","23.563728388175733","1020","1020","1020"
"98016","19.99591663805092","17.11521363524629","22.87661964085556","1021","1021","1021"
"98112","4.289398650828545","0.3383983949172267","8.240398906739864","1022","1022","1022"
"98208","4.195540493452663","0.3383983949172267","8.0526825919881","1023","1023","1023"
"98304","18.295601570901482","17.11521363524629","19.475989506556672","1024","1024","1024"
"98400","15.686204548854167","9.337000041254834","22.035409056453503","1025","1025","1025"
"98496","25.699954326668802","25.699954326668802","25.699954326668802","1026","1026","1026"
"98592","20.269903688211535","20.269903688211535","20.269903688211535","1027","1027","1027"
"98688","25.54133745603579","25.54133745603579","25.54133745603579","1028","1028","1028"
"98784","24.960104326885496","20.81949235661301","29.10071629715798","1029","1029","1029"
"98880","16.762751561598698","9.337000041254834","24.188503081942564","1030","1030","1030"
"98976","0.3836174986676703","0.3836174986676703","0.3836174986676703","1031","1031","1031"
"99072","11.165022226236248","-4.138292876376355","26.46833732884885","1032","1032","1032"
"99168","21.77693297355206","21.77693297355206","21.77693297355206","1033","1033","1033"
"99264","20.17876716104349","17.11521363524629","23.242320686840685","1034","1034","1034"
"99360","25.62105567903333","25.62105567903333","25.62105567903333","1035","1035","1035"
"99456","27.15104951882303","25.386803689164605","28.91529534848145","1036","1036","1036"
"99552","20.541163209521297","17.11521363524629","23.967112783796306","1037","1037","1037"
"99648","11.77027231129831","4.272724295663407","19.26782032693321","1038","1038","1038"
"99744","14.249888700384261","14.249888700384261","14.249888700384261","1039","1039","1039"
"99840","21.97508725386149","20.212140462636853","23.73803404508612","1040","1040","1040"
"99936","17.042927771696824","17.042927771696824","17.042927771696824","1041","1041","1041"
"100032","8.41475314523989","-8.66020325142038","25.48970954190016","1042","1042","1042"
"100128","21.08661462794678","17.025679809820417","25.147549446073146","1043","1043","1043"
"100224","17.24743751871809","17.24743751871809","17.24743751871809","1044","1044","1044"
"100320","14.268415689527004","14.268415689527004","14.268415689527004","1045","1045","1045"
"100416","21.32257441713022","20.32183570911834","22.323313125142104","1046","1046","1046"
"100512","27.300060721889338","25.456749178883328","29.143372264895344","1047","1047","1047"
"100608","13.062869195079598","0.3383983949172267","25.787339995241968","1048","1048","1048"
"100704","14.880351724138837","0.3836174986676703","29.377085949610002","1049","1049","1049"
"100896","17.51354718392705","9.337000041254834","25.690094326599265","1051","1051","1051"
"100992","19.84627616326531","10.614745983692682","29.07780634283793","1052","1052","1052"
"101088","23.46623260337871","23.46623260337871","23.46623260337871","1053","1053","1053"
"101184","17.2114019663196","17.2114019663196","17.2114019663196","1054","1054","1054"
"101280","14.999314254083071","14.999314254083071","14.999314254083071","1055","1055","1055"
"101376","22.9614792502722","22.9614792502722","22.9614792502722","1056","1056","1056"
"101472","25.584302210259295","25.584302210259295","25.584302210259295","1057","1057","1057"
"101568","22.111673486820774","22.111673486820774","22.111673486820774","1058","1058","1058"
"101664","20.030073831946677","17.11521363524629","22.944934028647065","1059","1059","1059"
"101760","7.737527376826965","6.1380547123990965","9.337000041254834","1060","1060","1060"
"101856","-8.66020325142038","-8.66020325142038","-8.66020325142038","1061","1061","1061"
"101952","25.421786044249842","25.421786044249842","25.421786044249842","1062","1062","1062"
"102048","14.282865794776148","14.282865794776148","14.282865794776148","1063","1063","1063"
"102144","16.664580986869776","9.722922054809242","23.60623991893031","1064","1064","1064"
"102240","8.240398906739864","8.240398906739864","8.240398906739864","1065","1065","1065"
"102336","17.17345131940835","9.337000041254834","25.00990259756187","1066","1066","1066"
"102432","12.444034224980191","12.444034224980191","12.444034224980191","1067","1067","1067"
"102528","11.327366910542127","11.327366910542127","11.327366910542127","1068","1068","1068"
"102720","25.688392132678864","25.688392132678864","25.688392132678864","1070","1070","1070"
"102912","13.060672370300228","13.060672370300228","13.060672370300228","1072","1072","1072"
"103008","22.402144349230504","19.180045359926844","25.624243338534164","1073","1073","1073"
"103104","23.13760906275761","22.96242939033983","23.312788735175385","1074","1074","1074"
"103200","17.242235466303374","17.242235466303374","17.242235466303374","1075","1075","1075"
"103296","10.584397095660211","4.227505191912954","16.94128899940747","1076","1076","1076"
"103392","10.713610918975029","4.312008202703767","17.11521363524629","1077","1077","1077"
"103488","19.7173729337365","17.062549089480253","22.372196777992745","1078","1078","1078"
"103584","25.428207938317158","25.428207938317158","25.428207938317158","1079","1079","1079"
"103680","26.51423220599416","24.523321763015957","28.50514264897236","1080","1080","1080"
"103776","25.776511728066875","25.776511728066875","25.776511728066875","1081","1081","1081"
"103872","-8.66020325142038","-8.66020325142038","-8.66020325142038","1082","1082","1082"
"103968","28.66941482253424","28.66941482253424","28.66941482253424","1083","1083","1083"
"104064","22.631360650431784","20.3607267770883","24.90199452377527","1084","1084","1084"
"104352","8.70136063850862","8.70136063850862","8.70136063850862","1087","1087","1087"
"104448","23.39841903124385","23.39841903124385","23.39841903124385","1088","1088","1088"
"104544","11.86704254141298","0.3836174986676703","23.350467584158288","1089","1089","1089"
"104640","17.40765007478289","9.337000041254834","25.478300108310947","1090","1090","1090"
"104736","18.74328650774072","17.11521363524629","20.371359380235155","1091","1091","1091"
"104832","19.671074296859498","17.11521363524629","22.226934958472707","1092","1092","1092"
"104928","22.520517011775166","22.520517011775166","22.520517011775166","1093","1093","1093"
"105024","16.837747959562407","16.560282283878525","17.11521363524629","1094","1094","1094"
"105120","25.86375193751968","25.86375193751968","25.86375193751968","1095","1095","1095"
"105216","17.11521363524629","17.11521363524629","17.11521363524629","1096","1096","1096"
"105312","15.405543190991235","9.337000041254834","21.474086340727634","1097","1097","1097"
"105408","15.322781419296865","15.322781419296865","15.322781419296865","1098","1098","1098"
"105504","25.800095784982677","25.800095784982677","25.800095784982677","1099","1099","1099"
"105600","22.834886014416696","22.834886014416696","22.834886014416696","1100","1100","1100"
"105696","25.95364418080755","25.95364418080755","25.95364418080755","1101","1101","1101"
"105792","25.782757382582247","25.782757382582247","25.782757382582247","1102","1102","1102"
"105888","11.094013285385284","9.337000041254834","12.851026529515732","1103","1103","1103"
"105984","14.55518034405792","14.55518034405792","14.55518034405792","1104","1104","1104"
"106080","14.178095298887598","14.178095298887598","14.178095298887598","1105","1105","1105"
"106176","27.37757427498119","25.786226378960205","28.968922171002173","1106","1106","1106"
"106272","16.525208392432642","16.525208392432642","16.525208392432642","1107","1107","1107"
"106368","25.852660027583543","22.947708961998735","28.75761109316835","1108","1108","1108"
"106464","13.02732844034546","13.02732844034546","13.02732844034546","1109","1109","1109"
"106560","3.011562541747378","3.011562541747378","3.011562541747378","1110","1110","1110"
"106656","13.962455845216084","10.809698055185882","17.11521363524629","1111","1111","1111"
"106752","9.91121498517024","8.161831092659144","11.660598877681336","1112","1112","1112"
"106848","25.532200290157277","25.532200290157277","25.532200290157277","1113","1113","1113"
"106944","8.544975426446666","8.385754389686792","8.70419646320654","1114","1114","1114"
"107040","22.335392664507367","19.244670922679834","25.426114406334904","1115","1115","1115"
"107136","13.726073187567724","10.214226674617942","17.23791970051751","1116","1116","1116"
"107232","4.201220387326515","-8.66020325142038","17.06264402607341","1117","1117","1117"
"107328","2.2375046400047047","-8.66020325142038","13.13521253142979","1118","1118","1118"
"107424","16.751870086859277","7.440563202336545","26.063176971382013","1119","1119","1119"
"107520","23.938557557434024","23.938557557434024","23.938557557434024","1120","1120","1120"
"107616","28.502413840473253","28.502413840473253","28.502413840473253","1121","1121","1121"
"107712","14.238580597346077","14.238580597346077","14.238580597346077","1122","1122","1122"
"107808","20.480442679728764","20.480442679728764","20.480442679728764","1123","1123","1123"
"107904","19.148092604796187","12.37151113251178","25.924674077080596","1124","1124","1124"
"108000","25.617477258986437","25.617477258986437","25.617477258986437","1125","1125","1125"
"108096","18.42486236963359","18.42486236963359","18.42486236963359","1126","1126","1126"
"108192","17.013343194436086","17.013343194436086","17.013343194436086","1127","1127","1127"
"108288","25.86596879515984","25.86596879515984","25.86596879515984","1128","1128","1128"
"108384","14.831635153053563","14.831635153053563","14.831635153053563","1129","1129","1129"
"108480","23.68981558581038","23.68981558581038","23.68981558581038","1130","1130","1130"
"108576","21.214486333032262","17.11521363524629","25.31375903081824","1131","1131","1131"
"108672","17.156456015292342","17.11521363524629","17.1976983953384","1132","1132","1132"
"108768","29.254467226466375","29.254467226466375","29.254467226466375","1133","1133","1133"
"108864","17.089756690497197","8.70419646320654","25.475316917787854","1134","1134","1134"
"108960","22.23326162122293","16.819304990998813","27.64721825144705","1135","1135","1135"
"109056","12.835857395027276","12.835857395027276","12.835857395027276","1136","1136","1136"
"109152","27.55168461829811","25.91446793218726","29.18890130440896","1137","1137","1137"
"109248","17.20849745018794","14.120853834810239","20.296141065565642","1138","1138","1138"
"109440","0.3383983949172309","0.3383983949172309","0.3383983949172309","1140","1140","1140"
"109536","20.995609320858723","20.995609320858723","20.995609320858723","1141","1141","1141"
"109632","16.964395519709363","16.964395519709363","16.964395519709363","1142","1142","1142"
"109728","25.53641674972276","25.53641674972276","25.53641674972276","1143","1143","1143"
"109824","20.946553906611733","20.946553906611733","20.946553906611733","1144","1144","1144"
"109920","17.243758957537317","17.243758957537317","17.243758957537317","1145","1145","1145"
"110016","21.757147491143275","21.757147491143275","21.757147491143275","1146","1146","1146"
"110112","10.733252872495214","8.240398906739864","13.226106838250562","1147","1147","1147"
"110208","15.701900664312788","15.701900664312788","15.701900664312788","1148","1148","1148"
"110304","20.07975978743398","16.87140453019879","23.28811504466917","1149","1149","1149"
"110400","20.403549780765157","17.11521363524629","23.691885926284026","1150","1150","1150"
"110496","25.528153538778362","25.528153538778362","25.528153538778362","1151","1151","1151"
"110592","17.354459064535703","9.337000041254834","25.371918087816574","1152","1152","1152"
"110688","25.855171287547112","25.855171287547112","25.855171287547112","1153","1153","1153"
"110784","22.495302273602697","22.191822276666972","22.798782270538425","1154","1154","1154"
"110880","13.019705037191265","13.019705037191265","13.019705037191265","1155","1155","1155"
"110976","14.317290426874166","9.337000041254834","19.297580812493496","1156","1156","1156"
"111072","12.731893279485803","8.43810674915119","17.025679809820417","1157","1157","1157"
"111168","16.8019277390164","16.8019277390164","16.8019277390164","1158","1158","1158"
"111264","24.56348965611258","23.350467584158288","25.776511728066875","1159","1159","1159"
"111360","26.0129408254477","26.0129408254477","26.0129408254477","1160","1160","1160"
"111456","20.547431862560533","20.547431862560533","20.547431862560533","1161","1161","1161"
"111648","9.337000041254834","9.337000041254834","9.337000041254834","1163","1163","1163"
"111744","9.15998136627191","9.15998136627191","9.15998136627191","1164","1164","1164"
"111840","20.621367228910465","18.269977286724206","22.972757171096724","1165","1165","1165"
"111936","21.43818104942988","17.11521363524629","25.76114846361347","1166","1166","1166"
"112032","16.547816138332337","14.03906615636202","19.056566120302655","1167","1167","1167"
"112128","25.266818925462044","25.266818925462044","25.266818925462044","1168","1168","1168"
"112320","16.55674527543962","16.55674527543962","16.55674527543962","1170","1170","1170"
"112416","14.42382639754219","13.226106838250562","15.621545956833819","1171","1171","1171"
"112512","24.584408464267455","20.499402106000673","28.66941482253424","1172","1172","1172"
"112608","21.455581232359915","17.11521363524629","25.79594882947354","1173","1173","1173"
"112704","19.883421493164718","19.373333248212433","20.393509738117004","1174","1174","1174"
"112800","25.737727241932784","25.737727241932784","25.737727241932784","1175","1175","1175"
"112896","8.893900976507535","8.893900976507535","8.893900976507535","1176","1176","1176"
"112992","19.872284654061776","11.022063931293802","28.72250537682975","1177","1177","1177"
"113088","25.639403105378445","25.639403105378445","25.639403105378445","1178","1178","1178"
"113184","21.29191194788588","17.11521363524629","25.46861026052547","1179","1179","1179"
"113280","24.818889472385642","20.679598529009265","28.95818041576202","1180","1180","1180"
"113376","19.344725237476293","19.344725237476293","19.344725237476293","1181","1181","1181"
"113472","23.472157453759277","23.472157453759277","23.472157453759277","1182","1182","1182"
"113568","17.11521363524629","17.11521363524629","17.11521363524629","1183","1183","1183"
"113760","12.9734944729986","12.9734944729986","12.9734944729986","1185","1185","1185"
"113856","17.00846912971839","17.00846912971839","17.00846912971839","1186","1186","1186"
"114048","20.46207507955773","20.46207507955773","20.46207507955773","1188","1188","1188"
"114144","9.833875134477454","9.833875134477454","9.833875134477454","1189","1189","1189"
"114240","26.05450328240427","26.05450328240427","26.05450328240427","1190","1190","1190"
"114336","25.930001808290328","22.966084361027107","28.893919255553545","1191","1191","1191"
"114432","-8.66020325142038","-8.66020325142038","-8.66020325142038","1192","1192","1192"
"114624","21.926579777678523","20.393509738117004","23.45964981724004","1194","1194","1194"
"114816","25.20860659091455","25.20860659091455","25.20860659091455","1196","1196","1196"
"114912","17.11521363524629","17.11521363524629","17.11521363524629","1197","1197","1197"
"115008","26.12993923764783","26.12993923764783","26.12993923764783","1198","1198","1198"
"115104","-8.66020325142038","-8.66020325142038","-8.66020325142038","1199","1199","1199"
"115200","4.815089666210813","0.2931792911667915","9.337000041254834","1200","1200","1200"
"115296","23.71487410956491","18.11889047361821","29.31085774551161","1201","1201","1201"
"115392","16.19659645239833","16.19659645239833","16.19659645239833","1202","1202","1202"
"115584","0.2931792911667915","0.2931792911667915","0.2931792911667915","1204","1204","1204"
"115680","12.436825174282127","0.3383983949172267","24.535251953647027","1205","1205","1205"
"115776","5.5236064777733755","0.2931792911667915","10.754033664379959","1206","1206","1206"
"115872","11.186252935992329","11.186252935992329","11.186252935992329","1207","1207","1207"
"115968","21.05550492150534","21.05550492150534","21.05550492150534","1208","1208","1208"
"116064","14.62817166098213","14.62817166098213","14.62817166098213","1209","1209","1209"
"116160","10.674342106336065","10.674342106336065","10.674342106336065","1210","1210","1210"
"116256","21.020190136066773","21.020190136066773","21.020190136066773","1211","1211","1211"
"116352","10.266616088754768","9.337000041254834","11.196232136254702","1212","1212","1212"
"116448","20.851918327469022","20.851918327469022","20.851918327469022","1213","1213","1213"
"116640","25.174864646495827","20.848786047276967","29.50094324571469","1215","1215","1215"
"116736","15.928041770264116","9.337000041254834","22.519083499273396","1216","1216","1216"
"116832","21.478467132746736","21.478467132746736","21.478467132746736","1217","1217","1217"
"116928","22.206223930853557","22.206223930853557","22.206223930853557","1218","1218","1218"
"117024","21.6425712150266","15.07187624732897","28.213266182724226","1219","1219","1219"
"117120","25.502341938807113","23.19290612715573","27.811777750458496","1220","1220","1220"
"117216","24.659467781902364","23.804931220943093","25.514004342861632","1221","1221","1221"
"117312","21.797622583767712","18.736438144418884","24.858807023116537","1222","1222","1222"
"117408","14.403491341071046","14.403491341071046","14.403491341071046","1223","1223","1223"
"117504","25.943995916860793","25.943995916860793","25.943995916860793","1224","1224","1224"
"117600","19.17793499795836","19.17793499795836","19.17793499795836","1225","1225","1225"
"117696","9.418701697435667","-0.2099021723402581","19.04730556721159","1226","1226","1226"
"117792","24.664594678861135","23.54132965609347","25.787859701628804","1227","1227","1227"
"117888","19.73824384870601","15.870247778481707","23.60623991893031","1228","1228","1228"
"117984","6.973871366157185","-8.66020325142038","22.60794598373475","1229","1229","1229"
"118080","17.11521363524629","17.11521363524629","17.11521363524629","1230","1230","1230"
"118176","14.330713559801922","14.330713559801922","14.330713559801922","1231","1231","1231"
"118272","24.341366987874665","23.499345719727355","25.183388256021978","1232","1232","1232"
"118368","20.148814785323253","17.11521363524629","23.182415935400222","1233","1233","1233"
"118464","24.505970962430236","20.29879208863032","28.71314983623015","1234","1234","1234"
"118560","0.2931792911667915","0.2931792911667915","0.2931792911667915","1235","1235","1235"
"118656","24.585187686939275","20.51085236016912","28.65952301370943","1236","1236","1236"
"118752","5.917394612337931","-8.66020325142038","20.494992476096243","1237","1237","1237"
"118848","10.634203374127067","4.153193113007845","17.11521363524629","1238","1238","1238"
"118944","24.050140253264704","19.14210009076739","28.95818041576202","1239","1239","1239"
"119040","16.846885692484136","14.637205264665614","19.056566120302655","1240","1240","1240"
"119136","9.995297022660324","-8.66020325142038","28.65079729674103","1241","1241","1241"
"119232","20.88649889992374","20.88649889992374","20.88649889992374","1242","1242","1242"
"119328","20.986617938684606","20.986617938684606","20.986617938684606","1243","1243","1243"
"119424","21.06455422944563","21.06455422944563","21.06455422944563","1244","1244","1244"
"119520","24.972122120325672","20.995609320858723","28.948634919792624","1245","1245","1245"
"119616","19.860403787295656","19.860403787295656","19.860403787295656","1246","1246","1246"
"119712","25.580699427184694","25.580699427184694","25.580699427184694","1247","1247","1247"
"119808","23.453278014996545","23.234750189005368","23.671805840987723","1248","1248","1248"
"119904","23.223468762204966","23.223468762204966","23.223468762204966","1249","1249","1249"
"120000","0.2931792911667915","0.2931792911667915","0.2931792911667915","1250","1250","1250"
"120096","17.003646763431515","9.337000041254834","24.670293485608195","1251","1251","1251"
"120192","25.7245253358342","25.7245253358342","25.7245253358342","1252","1252","1252"
"120288","27.66073102328344","25.95364418080755","29.367817865759328","1253","1253","1253"
"120384","22.32074308585983","19.2629506728319","25.37853549888776","1254","1254","1254"
"120480","-8.66020325142038","-8.66020325142038","-8.66020325142038","1255","1255","1255"
"120576","22.298686432926335","15.529208438135342","29.068164427717328","1256","1256","1256"
"120672","10.64722564109558","10.64722564109558","10.64722564109558","1257","1257","1257"
"120864","15.408075066098895","15.408075066098895","15.408075066098895","1259","1259","1259"
"120960","24.3013685147994","23.28811504466917","25.31462198492963","1260","1260","1260"
"121056","21.566928832941016","17.11521363524629","26.01864403063575","1261","1261","1261"
"121152","25.56426803486686","25.56426803486686","25.56426803486686","1262","1262","1262"
"121248","27.137321752491133","25.380724249428717","28.893919255553545","1263","1263","1263"
"121344","25.769912013611368","25.769912013611368","25.769912013611368","1264","1264","1264"
"121440","17.667778121074914","9.337000041254834","25.998556200894996","1265","1265","1265"
"121536","26.180513785578658","25.96345695948768","26.397570611669636","1266","1266","1266"
"121632","23.40678198518071","23.40678198518071","23.40678198518071","1267","1267","1267"
"121728","12.677806270993077","8.240398906739864","17.11521363524629","1268","1268","1268"
"121824","21.50705249147504","13.711853039248163","29.302251943701915","1269","1269","1269"
"121920","20.234747227926288","20.234747227926288","20.234747227926288","1270","1270","1270"
"122016","25.079821896394286","20.848786047276967","29.31085774551161","1271","1271","1271"
"122112","15.683193213003088","14.251172790759888","17.11521363524629","1272","1272","1272"
"122208","16.69513107696067","16.69513107696067","16.69513107696067","1273","1273","1273"
"122304","26.32520444606223","23.339551146612855","29.31085774551161","1274","1274","1274"
"122400","13.748753697508823","13.748753697508823","13.748753697508823","1275","1275","1275"
"122496","17.591983507257297","9.337000041254834","25.846966973259757","1276","1276","1276"
"122592","22.679154488401196","19.35240895350708","26.00590002329531","1277","1277","1277"
"122688","12.51471122331942","9.337000041254834","15.692422405384006","1278","1278","1278"
"122784","17.11521363524629","17.11521363524629","17.11521363524629","1279","1279","1279"
"122880","8.39845003077405","-8.66020325142038","25.45710331296848","1280","1280","1280"
"123072","9.337000041254834","9.337000041254834","9.337000041254834","1282","1282","1282"
"123168","25.38178433895783","25.38178433895783","25.38178433895783","1283","1283","1283"
"123264","6.445441950872463","6.445441950872463","6.445441950872463","1284","1284","1284"
"123360","21.06455422944563","21.06455422944563","21.06455422944563","1285","1285","1285"
"123456","21.327396408960922","19.35240895350708","23.302383864414765","1286","1286","1286"
"123552","13.990074380567151","8.915130989222638","19.065017771911666","1287","1287","1287"
"123648","25.247015082169824","25.247015082169824","25.247015082169824","1288","1288","1288"
"123744","25.02129943964849","25.02129943964849","25.02129943964849","1289","1289","1289"
"123840","12.895242498015708","12.895242498015708","12.895242498015708","1290","1290","1290"
"123936","14.652476568092748","14.652476568092748","14.652476568092748","1291","1291","1291"
"124128","9.38830066575801","7.40843262223231","11.368168709283708","1293","1293","1293"
"124320","21.692264384337932","14.5542280617287","28.83030070694716","1295","1295","1295"
"124416","23.21429877506833","23.21429877506833","23.21429877506833","1296","1296","1296"
"124512","21.167591427072413","17.11521363524629","25.219969218898537","1297","1297","1297"
"124608","21.00525758480548","21.00525758480548","21.00525758480548","1298","1298","1298"
"124704","24.275983886555434","19.431901129542993","29.120066643567874","1299","1299","1299"
"124800","4.815541857248316","0.3836174986676703","9.247466215828963","1300","1300","1300"
"124896","25.66071978181633","22.866893469133736","28.454546094498923","1301","1301","1301"
"124992","25.48970954190016","25.48970954190016","25.48970954190016","1302","1302","1302"
"125088","15.764764569240041","15.764764569240041","15.764764569240041","1303","1303","1303"
"125184","12.707725049881656","10.280560334332678","15.134889765430634","1304","1304","1304"
"125280","25.151603514674473","25.151603514674473","25.151603514674473","1305","1305","1305"
"125376","21.291109661063146","17.11521363524629","25.467005686880007","1306","1306","1306"
"125472","23.0134708072623","23.0134708072623","23.0134708072623","1307","1307","1307"
"125568","10.521877379846629","10.521877379846629","10.521877379846629","1308","1308","1308"
"125664","20.585430683597124","20.585430683597124","20.585430683597124","1309","1309","1309"
"125760","12.904853317894059","12.904853317894059","12.904853317894059","1310","1310","1310"
"125856","13.811393574795133","13.811393574795133","13.811393574795133","1311","1311","1311"
"125952","12.552117522414793","10.116858002066582","14.987377042763006","1312","1312","1312"
"126048","25.308088814286553","25.308088814286553","25.308088814286553","1313","1313","1313"
"126144","-8.66020325142038","-8.66020325142038","-8.66020325142038","1314","1314","1314"
"126240","25.701475736715224","25.701475736715224","25.701475736715224","1315","1315","1315"
"126336","19.11983173266927","17.11521363524629","21.124449830092246","1316","1316","1316"
"126432","26.162289040197436","23.420566172229538","28.904011908165334","1317","1317","1317"
"126528","23.448684425063234","23.101935117951278","23.79543373217519","1318","1318","1318"
"126624","15.072953115025282","10.023652937392011","20.122253292658552","1319","1319","1319"
"126720","20.785701659608762","17.11521363524629","24.456189683971232","1320","1320","1320"
"126816","26.32785505659531","26.32785505659531","26.32785505659531","1321","1321","1321"
"126912","21.39110693587969","17.11521363524629","25.66700023651309","1322","1322","1322"
"127008","18.231943050116215","16.51430536723758","19.94958073299485","1323","1323","1323"
"127104","21.46048024495184","19.796816327003448","23.12414416290023","1324","1324","1324"
"127200","21.256467931269107","21.256467931269107","21.256467931269107","1325","1325","1325"
"127296","23.298897894096378","23.298897894096378","23.298897894096378","1326","1326","1326"
"127488","12.814949302723718","8.514684970201147","17.11521363524629","1328","1328","1328"
"127584","14.819042362567023","0.3836174986676703","29.254467226466375","1329","1329","1329"
"127680","20.442482720177363","14.360519545055862","26.524445895298864","1330","1330","1330"
"127776","9.337000041254834","9.337000041254834","9.337000041254834","1331","1331","1331"
"127872","12.66588670655826","8.70419646320654","16.62757694990998","1332","1332","1332"
"127968","21.381563197843477","17.11521363524629","25.647912760440665","1333","1333","1333"
"128064","9.337000041254834","9.337000041254834","9.337000041254834","1334","1334","1334"
"128160","21.411915766883666","17.11521363524629","25.708617898521048","1335","1335","1335"
"128352","20.50979451882564","20.50979451882564","20.50979451882564","1337","1337","1337"
"128448","14.627728896104943","9.931528898826663","19.323928893383222","1338","1338","1338"
"128640","15.441223656804993","13.7672336783637","17.11521363524629","1340","1340","1340"
"128736","0.11198970350976815","-0.06919988414725517","0.2931792911667915","1341","1341","1341"
"128928","-8.66020325142038","-8.66020325142038","-8.66020325142038","1343","1343","1343"
"129120","16.537517043170478","16.537517043170478","16.537517043170478","1345","1345","1345"
"129216","20.204950056956925","19.414290793055123","20.995609320858723","1346","1346","1346"
"129408","17.11521363524629","17.11521363524629","17.11521363524629","1348","1348","1348"
"129504","18.393807951684238","18.393807951684238","18.393807951684238","1349","1349","1349"
"129600","19.291145932354514","19.291145932354514","19.291145932354514","1350","1350","1350"
"129696","20.910907620903593","17.407152280985514","24.414662960821676","1351","1351","1351"
"129792","19.52187225335391","19.52187225335391","19.52187225335391","1352","1352","1352"
"129888","2.7891183169706446","2.7891183169706446","2.7891183169706446","1353","1353","1353"
"129984","0.09976164142580313","-8.66020325142038","8.859726534271987","1354","1354","1354"
"130176","7.338075176997743","7.338075176997743","7.338075176997743","1356","1356","1356"
"130272","9.337000041254834","9.337000041254834","9.337000041254834","1357","1357","1357"
"130368","9.347551124477931","0.30087035856953204","18.39423189038633","1358","1358","1358"
"130464","7.770341016464452","7.770341016464452","7.770341016464452","1359","1359","1359"
"130560","-2.8618956431743428","-2.8618956431743428","-2.8618956431743428","1360","1360","1360"
"130752","19.319625992478375","19.319625992478375","19.319625992478375","1362","1362","1362"
"130848","-8.66020325142038","-8.66020325142038","-8.66020325142038","1363","1363","1363"
"130944","25.993979619850712","25.993979619850712","25.993979619850712","1364","1364","1364"
"131232","8.240398906739864","8.240398906739864","8.240398906739864","1367","1367","1367"
"131328","19.025074938742492","19.025074938742492","19.025074938742492","1368","1368","1368"
"131424","7.505801294783671","-8.66020325142038","23.671805840987723","1369","1369","1369"
"131520","13.111229902039018","13.111229902039018","13.111229902039018","1370","1370","1370"
"131712","23.771412809443362","23.771412809443362","23.771412809443362","1372","1372","1372"
"131808","17.11521363524629","17.11521363524629","17.11521363524629","1373","1373","1373"
"132000","29.18890130440896","29.18890130440896","29.18890130440896","1375","1375","1375"
"132096","7.073451909413957","-2.968309816418374","17.11521363524629","1376","1376","1376"
"132192","26.7638173686762","9.337000041254834","44.19063469609757","1377","1377","1377"
"132288","9.72262055059057","9.72262055059057","9.72262055059057","1378","1378","1378"
"132384","24.320278980604954","24.320278980604954","24.320278980604954","1379","1379","1379"
"132480","28.707599285678118","9.337000041254834","48.0781985301014","1380","1380","1380"
"132576","-4.138292876376355","-4.138292876376355","-4.138292876376355","1381","1381","1381"
"132672","13.26756836315929","13.26756836315929","13.26756836315929","1382","1382","1382"
"132960","12.852652739006361","6.680230539270231","19.025074938742492","1385","1385","1385"
"133056","16.45458933846204","4.312008202703767","28.59717047422031","1386","1386","1386"
"133152","8.240398906739864","8.240398906739864","8.240398906739864","1387","1387","1387"
"133248","-4.138292876376355","-8.66020325142038","0.3836174986676703","1388","1388","1388"
"133344","29.31085774551161","29.31085774551161","29.31085774551161","1389","1389","1389"
"133440","-2.1740975243583067","-8.66020325142038","4.312008202703767","1390","1390","1390"
"133632","23.60623991893031","23.60623991893031","23.60623991893031","1392","1392","1392"
"133728","14.777158036168299","9.337000041254834","20.21731603108176","1393","1393","1393"
"133824","8.240398906739864","8.240398906739864","8.240398906739864","1394","1394","1394"
"133920","-8.66020325142038","-8.66020325142038","-8.66020325142038","1395","1395","1395"
"134016","19.169274731462227","19.169274731462227","19.169274731462227","1396","1396","1396"
"134112","18.775628326125737","8.240398906739864","29.31085774551161","1397","1397","1397"
"134304","12.677806270993077","8.240398906739864","17.11521363524629","1399","1399","1399"
"134496","70.37184201726862","70.37184201726862","70.37184201726862","1401","1401","1401"
"134592","24.769487750673274","24.769487750673274","24.769487750673274","1402","1402","1402"
"134688","17.11521363524629","17.11521363524629","17.11521363524629","1403","1403","1403"
"134784","20.941615545158697","18.211425249329668","23.671805840987723","1404","1404","1404"
"134880","33.19302246092826","33.19302246092826","33.19302246092826","1405","1405","1405"
"135072","15.134889765430634","15.134889765430634","15.134889765430634","1407","1407","1407"
"135168","21.628255715289658","11.929737905918651","31.326773524660663","1408","1408","1408"
"135264","8.240398906739864","8.240398906739864","8.240398906739864","1409","1409","1409"
"135360","54.54830905348225","17.11521363524629","91.9814044717182","1410","1410","1410"
"135456","9.337000041254834","9.337000041254834","9.337000041254834","1411","1411","1411"
"135648","29.31085774551161","29.31085774551161","29.31085774551161","1413","1413","1413"
"135744","9.337000041254834","9.337000041254834","9.337000041254834","1414","1414","1414"
"135840","8.485210449750523","7.633420858246213","9.337000041254834","1415","1415","1415"
"135936","8.240398906739864","8.240398906739864","8.240398906739864","1416","1416","1416"
"136032","17.11521363524629","17.11521363524629","17.11521363524629","1417","1417","1417"
"136128","15.204531087235589","15.204531087235589","15.204531087235589","1418","1418","1418"
"136224","15.956102373863793","8.240398906739864","23.671805840987723","1419","1419","1419"
"136512","23.671805840987723","23.671805840987723","23.671805840987723","1422","1422","1422"
"136608","12.045257301302664","12.045257301302664","12.045257301302664","1423","1423","1423"
"136704","17.50921360311164","17.11521363524629","17.903213570976995","1424","1424","1424"
"136896","22.922190586122895","22.922190586122895","22.922190586122895","1426","1426","1426"
"136992","10.353807307169474","-8.66020325142038","29.367817865759328","1427","1427","1427"
"137088","24.340305957847356","24.340305957847356","24.340305957847356","1428","1428","1428"
"137184","22.217293890059516","20.76278193913131","23.671805840987723","1429","1429","1429"
"137280","-8.66020325142038","-8.66020325142038","-8.66020325142038","1430","1430","1430"
"137376","9.337000041254834","9.337000041254834","9.337000041254834","1431","1431","1431"
"137472","29.367817865759328","29.367817865759328","29.367817865759328","1432","1432","1432"
"137664","8.74941556695698","0.3836174986676703","17.11521363524629","1434","1434","1434"
"137760","9.809733463802402","9.809733463802402","9.809733463802402","1435","1435","1435"
"137856","29.31085774551161","29.31085774551161","29.31085774551161","1436","1436","1436"
"137952","7.16796867319149","3.9490159371643108","10.38692140921867","1437","1437","1437"
"138144","23.858926371380292","23.858926371380292","23.858926371380292","1439","1439","1439"
"138432","24.074803926036285","23.671805840987723","24.477802011084847","1442","1442","1442"
"138528","23.671805840987723","23.671805840987723","23.671805840987723","1443","1443","1443"
"138720","-0.7690615929249589","-0.7690615929249589","-0.7690615929249589","1445","1445","1445"
"138912","7.453375973787485","7.453375973787485","7.453375973787485","1447","1447","1447"
"139008","8.485210449750523","7.633420858246213","9.337000041254834","1448","1448","1448"
"139104","7.829246677701609","7.829246677701609","7.829246677701609","1449","1449","1449"
"139200","-8.66020325142038","-8.66020325142038","-8.66020325142038","1450","1450","1450"
"139296","2.784215103871604","2.784215103871604","2.784215103871604","1451","1451","1451"
"139392","18.759379245912005","8.240398906739864","29.278359585084146","1452","1452","1452"
"139488","18.586917999663065","17.11521363524629","20.058622364079845","1453","1453","1453"
"139584","15.345931179462774","15.345931179462774","15.345931179462774","1454","1454","1454"
"139872","-8.66020325142038","-8.66020325142038","-8.66020325142038","1457","1457","1457"
"140064","-8.66020325142038","-8.66020325142038","-8.66020325142038","1459","1459","1459"
"140256","21.99229675825631","21.99229675825631","21.99229675825631","1461","1461","1461"
"140352","19.311585610255364","19.311585610255364","19.311585610255364","1462","1462","1462"
"140448","20.39005408820355","20.39005408820355","20.39005408820355","1463","1463","1463"
"140736","13.941831254210001","13.226106838250562","14.657555670169442","1466","1466","1466"
"140832","4.312008202703767","4.312008202703767","4.312008202703767","1467","1467","1467"
"140928","0.8325619978126166","-8.66020325142038","10.325327247045614","1468","1468","1468"
"141024","12.225546460494773","9.337000041254834","15.114092879734713","1469","1469","1469"
"141120","14.988656098157204","14.988656098157204","14.988656098157204","1470","1470","1470"
"141216","14.536380156824368","-0.2099021723402581","29.282662485988993","1471","1471","1471"
"141312","9.616028066947262","9.616028066947262","9.616028066947262","1472","1472","1472"
"141504","7.156276959838172","-8.66020325142038","22.972757171096724","1474","1474","1474"
"141600","5.561179632381879","5.561179632381879","5.561179632381879","1475","1475","1475"
"141696","23.152057469827625","23.152057469827625","23.152057469827625","1476","1476","1476"
"141792","17.8804681379697","17.11521363524629","18.645722640693116","1477","1477","1477"
"141888","29.07780634283793","29.07780634283793","29.07780634283793","1478","1478","1478"
"141984","22.78977631024089","22.78977631024089","22.78977631024089","1479","1479","1479"
"142176","16.18849217969699","3.0562889288292148","29.320695430564765","1481","1481","1481"
"142272","14.77278110907881","14.77278110907881","14.77278110907881","1482","1482","1482"
"142464","10.405143757478678","3.695073879711066","17.11521363524629","1484","1484","1484"
"142656","5.837291244533466","-8.66020325142038","20.334785740487312","1486","1486","1486"
"142752","11.08521432608876","9.337000041254834","12.833428610922686","1487","1487","1487"
"142848","17.11521363524629","17.11521363524629","17.11521363524629","1488","1488","1488"
"142944","7.316376086997135","7.316376086997135","7.316376086997135","1489","1489","1489"
"143040","-8.66020325142038","-8.66020325142038","-8.66020325142038","1490","1490","1490"
"143136","9.337000041254834","9.337000041254834","9.337000041254834","1491","1491","1491"
"143424","22.221506009336515","14.95143047381762","29.49158154485541","1494","1494","1494"
"143520","-1.4650306895809624","-1.4650306895809624","-1.4650306895809624","1495","1495","1495"
"143712","12.677806270993077","8.240398906739864","17.11521363524629","1497","1497","1497"
"143904","8.240398906739864","8.240398906739864","8.240398906739864","1499","1499","1499"
"144000","-8.66020325142038","-8.66020325142038","-8.66020325142038","1500","1500","1500"
"144192","10.397725256135182","10.397725256135182","10.397725256135182","1502","1502","1502"
"144384","20.502271221103573","20.502271221103573","20.502271221103573","1504","1504","1504"
"144480","8.70419646320654","0.2931792911667915","17.11521363524629","1505","1505","1505"
"144576","18.679780584116358","17.11521363524629","20.24434753298643","1506","1506","1506"
"144768","-8.66020325142038","-8.66020325142038","-8.66020325142038","1508","1508","1508"
"144864","8.26563270124869","-8.66020325142038","25.19146865391776","1509","1509","1509"
"145056","0.2931792911667915","0.2931792911667915","0.2931792911667915","1511","1511","1511"
"145152","7.6239975360728645","5.910995030890895","9.337000041254834","1512","1512","1512"
"145248","17.599002528533504","17.599002528533504","17.599002528533504","1513","1513","1513"
"145344","4.227505191912954","-8.66020325142038","17.11521363524629","1514","1514","1514"
"145440","28.59717047422031","28.59717047422031","28.59717047422031","1515","1515","1515"
"145536","36.36356579998874","36.36356579998874","36.36356579998874","1516","1516","1516"
"145632","8.743480370246909","8.149960699238983","9.337000041254834","1517","1517","1517"
"145728","19.202274486336584","14.863219316579695","23.54132965609347","1518","1518","1518"
"145824","13.93651450894182","4.266789098953328","23.60623991893031","1519","1519","1519"
"145920","17.11521363524629","17.11521363524629","17.11521363524629","1520","1520","1520"
"146016","20.436043017005172","20.436043017005172","20.436043017005172","1521","1521","1521"
"146112","12.459164336765976","9.337000041254834","15.58132863227712","1522","1522","1522"
"146208","0.3383983949172267","-8.66020325142038","9.337000041254834","1523","1523","1523"
"146400","21.181254451509417","17.11521363524629","25.247295267772547","1525","1525","1525"
"146496","43.689217824565006","29.31085774551161","58.06757790361841","1526","1526","1526"
"146592","20.334785740487312","20.334785740487312","20.334785740487312","1527","1527","1527"
"146784","14.132791898156226","-8.66020325142038","36.92578704773283","1529","1529","1529"
"146880","20.057837742591534","20.057837742591534","20.057837742591534","1530","1530","1530"
"146976","6.446951803659557","6.446951803659557","6.446951803659557","1531","1531","1531"
"147264","14.863219316579695","14.863219316579695","14.863219316579695","1534","1534","1534"
"147360","20.170284430639708","13.82075700790589","26.519811853373525","1535","1535","1535"
"147552","29.31085774551161","29.31085774551161","29.31085774551161","1537","1537","1537"
"147648","9.337000041254834","9.337000041254834","9.337000041254834","1538","1538","1538"
"147744","20.63523929008323","11.94970960504855","29.32076897511791","1539","1539","1539"
"147840","-8.66020325142038","-8.66020325142038","-8.66020325142038","1540","1540","1540"
"148032","2.4270521161300658","2.4270521161300658","2.4270521161300658","1542","1542","1542"
"148128","16.626188543118673","16.626188543118673","16.626188543118673","1543","1543","1543"
"148320","0.3836174986676703","0.3836174986676703","0.3836174986676703","1545","1545","1545"
"148416","14.814454661060934","0.3836174986676703","29.245291823454195","1546","1546","1546"
"148512","12.922311751897578","9.337000041254834","16.50762346254032","1547","1547","1547"
"148608","24.96631720472309","24.96631720472309","24.96631720472309","1548","1548","1548"
"148704","15.251599175415972","6.961868694738472","23.54132965609347","1549","1549","1549"
"148800","18.469254614332336","18.469254614332336","18.469254614332336","1550","1550","1550"
"148896","17.11521363524629","17.11521363524629","17.11521363524629","1551","1551","1551"
"148992","-9.848166025361845","-9.848166025361845","-9.848166025361845","1552","1552","1552"
"149184","-4.138292876376355","-4.138292876376355","-4.138292876376355","1554","1554","1554"
"149280","20.334785740487312","20.334785740487312","20.334785740487312","1555","1555","1555"
"149376","8.118582681705163","6.900165322155495","9.337000041254834","1556","1556","1556"
"149568","20.3751769660891","20.3751769660891","20.3751769660891","1558","1558","1558"
"149664","-0.8936250498957987","-8.66020325142038","6.872953151628783","1559","1559","1559"
"149760","39.23031376951617","-8.66020325142038","87.12083079045273","1560","1560","1560"
"149952","5.315471340467067","-8.66020325142038","19.291145932354514","1562","1562","1562"
"150048","9.337000041254834","9.337000041254834","9.337000041254834","1563","1563","1563"
"150144","23.671805840987723","23.671805840987723","23.671805840987723","1564","1564","1564"
"150528","8.240398906739864","8.240398906739864","8.240398906739864","1568","1568","1568"
"150912","7.276416219479284","-8.66020325142038","23.21303569037895","1572","1572","1572"
"151104","17.11521363524629","17.11521363524629","17.11521363524629","1574","1574","1574"
"151200","29.49158154485541","29.49158154485541","29.49158154485541","1575","1575","1575"
"151296","16.58365931338646","12.806591849684619","20.3607267770883","1576","1576","1576"
"151392","13.871801381588096","13.871801381588096","13.871801381588096","1577","1577","1577"
"151488","2.305561345290312","0.3836174986676703","4.227505191912954","1578","1578","1578"
"151584","14.84723762208964","0.3836174986676703","29.31085774551161","1579","1579","1579"
"151680","9.337000041254834","9.337000041254834","9.337000041254834","1580","1580","1580"
"151968","23.042082973104026","16.65881260545104","29.425353340757013","1583","1583","1583"
"152064","17.621435907269813","17.621435907269813","17.621435907269813","1584","1584","1584"
"152160","-0.2099021723402581","-0.2099021723402581","-0.2099021723402581","1585","1585","1585"
"152352","20.445880702058336","20.445880702058336","20.445880702058336","1587","1587","1587"
"152448","29.31085774551161","29.31085774551161","29.31085774551161","1588","1588","1588"
"152544","29.367817865759328","29.367817865759328","29.367817865759328","1589","1589","1589"
"152640","-8.66020325142038","-8.66020325142038","-8.66020325142038","1590","1590","1590"
"152736","14.84723762208964","0.3836174986676703","29.31085774551161","1591","1591","1591"
"153024","29.18890130440896","29.18890130440896","29.18890130440896","1594","1594","1594"
"153216","14.863219316579695","14.863219316579695","14.863219316579695","1596","1596","1596"
"153312","-8.66020325142038","-8.66020325142038","-8.66020325142038","1597","1597","1597"
"153504","24.805661140393063","20.177276210928408","29.43404606985772","1599","1599","1599"
"153696","4.2327162452704865","4.2327162452704865","4.2327162452704865","1601","1601","1601"
"153792","18.966355619308338","17.11521363524629","20.81749760337039","1602","1602","1602"
"153888","12.62968548456121","12.62968548456121","12.62968548456121","1603","1603","1603"
"153984","8.240398906739864","8.240398906739864","8.240398906739864","1604","1604","1604"
"154080","50.468906849923265","50.468906849923265","50.468906849923265","1605","1605","1605"
"154176","29.28322923918546","29.28322923918546","29.28322923918546","1606","1606","1606"
"154272","17.11521363524629","17.11521363524629","17.11521363524629","1607","1607","1607"
"154368","24.53130199548057","19.628557921103422","29.43404606985772","1608","1608","1608"
"154464","12.266654041954826","7.418094448663366","17.11521363524629","1609","1609","1609"
"154560","19.061797460375168","14.45178907976261","23.671805840987723","1610","1610","1610"
"154656","4.51510673724257","-0.3067865667696934","9.337000041254834","1611","1611","1611"
"154752","19.862097857783166","19.862097857783166","19.862097857783166","1612","1612","1612"
"154848","20.910497499868974","-8.66020325142038","50.48119825115833","1613","1613","1613"
"155040","10.954076037048207","10.954076037048207","10.954076037048207","1615","1615","1615"
"155136","20.379652497959935","20.379652497959935","20.379652497959935","1616","1616","1616"
"155232","20.379652497959935","20.379652497959935","20.379652497959935","1617","1617","1617"
"155328","29.198640612611587","29.198640612611587","29.198640612611587","1618","1618","1618"
"155520","14.044663077415128","13.226106838250562","14.863219316579695","1620","1620","1620"
"155616","16.44390224748206","16.44390224748206","16.44390224748206","1621","1621","1621"
"155712","-8.66020325142038","-8.66020325142038","-8.66020325142038","1622","1622","1622"
"156096","20.379652497959935","20.379652497959935","20.379652497959935","1626","1626","1626"
"156192","17.11521363524629","17.11521363524629","17.11521363524629","1627","1627","1627"
"156288","19.19480753563705","9.078757325762494","29.31085774551161","1628","1628","1628"
"156384","14.84723762208964","0.3836174986676703","29.31085774551161","1629","1629","1629"
"156480","-8.66020325142038","-8.66020325142038","-8.66020325142038","1630","1630","1630"
"156576","20.379652497959935","20.379652497959935","20.379652497959935","1631","1631","1631"
"156768","14.886521529130004","9.337000041254834","20.436043017005172","1633","1633","1633"
"156960","20.26579554480583","20.138081351494655","20.393509738117004","1635","1635","1635"
"157152","16.244216090058924","16.244216090058924","16.244216090058924","1637","1637","1637"
"157248","11.718410348227499","9.337000041254834","14.099820655200164","1638","1638","1638"
"157344","-8.66020325142038","-8.66020325142038","-8.66020325142038","1639","1639","1639"
"157536","17.244373579584835","9.337000041254834","25.151747117914837","1641","1641","1641"
"157632","12.322037551537855","7.5288614678294214","17.11521363524629","1642","1642","1642"
"157824","29.49158154485541","29.49158154485541","29.49158154485541","1644","1644","1644"
"158016","11.551809111659779","11.551809111659779","11.551809111659779","1646","1646","1646"
"158208","88.01602058471668","88.01602058471668","88.01602058471668","1648","1648","1648"
"158400","10.57560339230182","10.57560339230182","10.57560339230182","1650","1650","1650"
"158496","110.73951317356912","110.73951317356912","110.73951317356912","1651","1651","1651"
"158592","23.73803404508612","23.73803404508612","23.73803404508612","1652","1652","1652"
"159072","22.05884327152303","20.445880702058336","23.671805840987723","1657","1657","1657"
"159168","13.439680450213714","13.439680450213714","13.439680450213714","1658","1658","1658"
"159456","98.81654848723718","98.81654848723718","98.81654848723718","1661","1661","1661"
"159552","18.74743306660311","17.11521363524629","20.379652497959935","1662","1662","1662"
"159648","-8.66020325142038","-8.66020325142038","-8.66020325142038","1663","1663","1663"
"159744","64.10034066148309","29.49158154485541","98.70909977811077","1664","1664","1664"
"159840","9.337000041254834","9.337000041254834","9.337000041254834","1665","1665","1665"
"159936","104.092651158671","104.092651158671","104.092651158671","1666","1666","1666"
"160032","38.813488876381115","38.813488876381115","38.813488876381115","1667","1667","1667"
"160128","22.14863269321871","14.863219316579695","29.43404606985772","1668","1668","1668"
"160320","22.120152633094847","14.863219316579695","29.377085949610002","1670","1670","1670"
"160416","14.863219316579695","14.863219316579695","14.863219316579695","1671","1671","1671"
"160704","12.100109678917264","9.337000041254834","14.863219316579695","1674","1674","1674"
"160800","26.966290166934655","9.337000041254834","44.59558029261448","1675","1675","1675"
"160896","0.2931792911667915","0.2931792911667915","0.2931792911667915","1676","1676","1676"
"160992","19.414290793055123","19.414290793055123","19.414290793055123","1677","1677","1677"
"161280","23.226386030574936","23.226386030574936","23.226386030574936","1680","1680","1680"
"161376","8.78869947399735","8.240398906739864","9.337000041254834","1681","1681","1681"
"161472","19.35704299543242","19.35704299543242","19.35704299543242","1682","1682","1682"
"161568","15.989216475912993","8.240398906739864","23.73803404508612","1683","1683","1683"
"161664","12.677806270993077","8.240398906739864","17.11521363524629","1684","1684","1684"
"161760","12.006374225208205","-5.364337499193591","29.377085949610002","1685","1685","1685"
"161856","17.11521363524629","17.11521363524629","17.11521363524629","1686","1686","1686"
"162144","25.352184923845204","25.352184923845204","25.352184923845204","1689","1689","1689"
"162240","12.580170577860128","12.580170577860128","12.580170577860128","1690","1690","1690"
"162432","24.739120378195203","24.739120378195203","24.739120378195203","1692","1692","1692"
"162528","20.445880702058336","20.445880702058336","20.445880702058336","1693","1693","1693"
"162624","14.863219316579695","14.863219316579695","14.863219316579695","1694","1694","1694"
"162720","0.2931792911667915","0.2931792911667915","0.2931792911667915","1695","1695","1695"
"163008","12.677806270993077","8.240398906739864","17.11521363524629","1698","1698","1698"
"163200","-8.66020325142038","-8.66020325142038","-8.66020325142038","1700","1700","1700"
"163392","2.598135371056281","2.598135371056281","2.598135371056281","1702","1702","1702"
"163488","-0.6800110174774228","-0.6800110174774228","-0.6800110174774228","1703","1703","1703"
"163584","29.49158154485541","29.49158154485541","29.49158154485541","1704","1704","1704"
"163776","23.671805840987723","23.671805840987723","23.671805840987723","1706","1706","1706"
"163872","20.445880702058336","20.445880702058336","20.445880702058336","1707","1707","1707"
"163968","29.43404606985772","29.43404606985772","29.43404606985772","1708","1708","1708"
"164352","-2.9277927062522484","-2.9277927062522484","-2.9277927062522484","1712","1712","1712"
"164448","29.377085949610002","29.377085949610002","29.377085949610002","1713","1713","1713"
"164736","17.418820780675198","9.337000041254834","25.500641520095563","1716","1716","1716"
"164832","29.425353340757013","29.425353340757013","29.425353340757013","1717","1717","1717"
"165024","12.390725061179689","12.390725061179689","12.390725061179689","1719","1719","1719"
"165120","29.372451907684663","29.372451907684663","29.372451907684663","1720","1720","1720"
"165216","29.43404606985772","29.43404606985772","29.43404606985772","1721","1721","1721"
"165408","14.863219316579695","14.863219316579695","14.863219316579695","1723","1723","1723"
"165504","0.3836174986676703","0.3836174986676703","0.3836174986676703","1724","1724","1724"
"165600","38.61177823862076","38.61177823862076","38.61177823862076","1725","1725","1725"
"165792","8.240398906739864","8.240398906739864","8.240398906739864","1727","1727","1727"
"165888","4.312008202703767","4.312008202703767","4.312008202703767","1728","1728","1728"
"165984","22.242503933092365","19.323928893383222","25.161078972801505","1729","1729","1729"
"166080","20.55923134135129","20.55923134135129","20.55923134135129","1730","1730","1730"
"166176","84.32768864434294","84.32768864434294","84.32768864434294","1731","1731","1731"
"166272","16.80980828818378","16.80980828818378","16.80980828818378","1732","1732","1732"
"166368","23.795492375500572","23.795492375500572","23.795492375500572","1733","1733","1733"
"166464","29.377085949610002","29.377085949610002","29.377085949610002","1734","1734","1734"
"166560","43.85227180006433","23.671805840987723","64.03273775914093","1735","1735","1735"
"166656","20.502271221103573","20.502271221103573","20.502271221103573","1736","1736","1736"
"166752","20.436043017005172","20.436043017005172","20.436043017005172","1737","1737","1737"
"166848","27.331521334678406","25.352184923845204","29.31085774551161","1738","1738","1738"
"166944","29.264868816709978","29.264868816709978","29.264868816709978","1739","1739","1739"
"167328","0.3836174986676703","0.3836174986676703","0.3836174986676703","1743","1743","1743"
"167424","29.254467226466375","29.254467226466375","29.254467226466375","1744","1744","1744"
"167520","29.377085949610002","29.377085949610002","29.377085949610002","1745","1745","1745"
"167616","12.862756916393371","5.332004094669738","20.393509738117004","1746","1746","1746"
"167712","42.086718199601115","-8.66020325142038","92.83363965062262","1747","1747","1747"
"167808","0.3836174986676703","0.3836174986676703","0.3836174986676703","1748","1748","1748"
"168000","-0.2099021723402581","-8.66020325142038","8.240398906739864","1750","1750","1750"
"168096","23.60623991893031","23.60623991893031","23.60623991893031","1751","1751","1751"
"168288","9.337000041254834","9.337000041254834","9.337000041254834","1753","1753","1753"
"168480","0.3836174986676703","0.3836174986676703","0.3836174986676703","1755","1755","1755"
"168576","22.988952521064377","22.988952521064377","22.988952521064377","1756","1756","1756"
"168672","23.66112255246748","23.66112255246748","23.66112255246748","1757","1757","1757"
"168960","-0.37977119286261773","-8.66020325142038","7.900660865695145","1760","1760","1760"
"169056","18.75244373269724","8.194029719882874","29.31085774551161","1761","1761","1761"
"169152","7.383210914577527","-8.66020325142038","23.426625080575434","1762","1762","1762"
"169248","20.379652497959935","20.379652497959935","20.379652497959935","1763","1763","1763"
"169344","17.11521363524629","17.11521363524629","17.11521363524629","1764","1764","1764"
"169440","21.96229339676507","21.96229339676507","21.96229339676507","1765","1765","1765"
"169632","18.837222488298792","8.240398906739864","29.43404606985772","1767","1767","1767"
"169824","14.796991112481292","14.796991112481292","14.796991112481292","1769","1769","1769"
"169920","11.518695009610578","11.518695009610578","11.518695009610578","1770","1770","1770"
"170016","0.3836174986676703","0.3836174986676703","0.3836174986676703","1771","1771","1771"
"170112","23.73803404508612","23.73803404508612","23.73803404508612","1772","1772","1772"
"170304","14.796991112481292","14.796991112481292","14.796991112481292","1774","1774","1774"
"170400","-8.66020325142038","-8.66020325142038","-8.66020325142038","1775","1775","1775"
"170496","9.337000041254834","9.337000041254834","9.337000041254834","1776","1776","1776"
"170592","9.337000041254834","9.337000041254834","9.337000041254834","1777","1777","1777"
"170688","5.916399942916254","-8.66020325142038","20.493003137252888","1778","1778","1778"
"170784","8.26462009282093","-8.66020325142038","25.18944343706224","1779","1779","1779"
"170880","12.542725086317741","4.312008202703767","20.773441969931714","1780","1780","1780"
"170976","17.11521363524629","17.11521363524629","17.11521363524629","1781","1781","1781"
"171072","55.304552517552274","55.304552517552274","55.304552517552274","1782","1782","1782"
"171168","57.12955178371317","57.12955178371317","57.12955178371317","1783","1783","1783"
"171360","33.5580187638624","23.73803404508612","43.37800348263868","1785","1785","1785"
"171456","20.436043017005172","20.436043017005172","20.436043017005172","1786","1786","1786"
"171552","8.240398906739864","8.240398906739864","8.240398906739864","1787","1787","1787"
"171744","19.333484426577655","19.333484426577655","19.333484426577655","1789","1789","1789"
"172032","26.615142280850055","26.615142280850055","26.615142280850055","1792","1792","1792"
"172128","91.51472211856725","91.51472211856725","91.51472211856725","1793","1793","1793"
"172320","10.35844134909481","-8.66020325142038","29.377085949610002","1795","1795","1795"
"172416","-8.66020325142038","-8.66020325142038","-8.66020325142038","1796","1796","1796"
"172512","29.320695430564765","29.320695430564765","29.320695430564765","1797","1797","1797"
"172704","23.73803404508612","23.73803404508612","23.73803404508612","1799","1799","1799"
"172896","18.74743306660312","8.240398906739864","29.254467226466375","1801","1801","1801"
"172992","17.11521363524629","17.11521363524629","17.11521363524629","1802","1802","1802"
"173088","13.81296098114807","8.240398906739864","19.385523055556277","1803","1803","1803"
"173184","13.226106838250562","13.226106838250562","13.226106838250562","1804","1804","1804"
"173280","25.491373436244878","25.491373436244878","25.491373436244878","1805","1805","1805"
"173376","17.11521363524629","17.11521363524629","17.11521363524629","1806","1806","1806"
"173472","14.796991112481292","14.796991112481292","14.796991112481292","1807","1807","1807"
"173568","13.694446525305757","12.59190193813022","14.796991112481292","1808","1808","1808"
"173760","29.377085949610002","29.377085949610002","29.377085949610002","1810","1810","1810"
"173856","0.2931792911667915","0.2931792911667915","0.2931792911667915","1811","1811","1811"
"174048","-8.66020325142038","-8.66020325142038","-8.66020325142038","1813","1813","1813"
"174144","29.377085949610002","29.377085949610002","29.377085949610002","1814","1814","1814"
"174240","19.14281748052373","19.14281748052373","19.14281748052373","1815","1815","1815"
"174336","17.20986646683736","14.757251605626264","19.66248132804846","1816","1816","1816"
"174528","0.3836174986676703","0.3836174986676703","0.3836174986676703","1818","1818","1818"
"174816","9.337000041254834","9.337000041254834","9.337000041254834","1821","1821","1821"
"174912","29.43404606985772","29.43404606985772","29.43404606985772","1822","1822","1822"
"175008","-8.66020325142038","-8.66020325142038","-8.66020325142038","1823","1823","1823"
"175104","7.864774339065222","7.864774339065222","7.864774339065222","1824","1824","1824"
"175296","10.085068406329258","8.240398906739864","11.929737905918651","1826","1826","1826"
"175488","-8.66020325142038","-8.66020325142038","-8.66020325142038","1828","1828","1828"
"175584","18.775628326125737","8.240398906739864","29.31085774551161","1829","1829","1829"
"175680","34.847251146710775","34.847251146710775","34.847251146710775","1830","1830","1830"
"175776","4.617701966912341","-0.01206228200428209","9.247466215828963","1831","1831","1831"
"175968","2.5993535824392415","0.3836174986676703","4.815089666210813","1833","1833","1833"
"176064","29.31085774551161","29.31085774551161","29.31085774551161","1834","1834","1834"
"176160","8.415585092412249","-8.66020325142038","25.491373436244878","1835","1835","1835"
"176448","0.3383983949172267","0.3383983949172267","0.3383983949172267","1838","1838","1838"
"176544","44.29122515479912","44.29122515479912","44.29122515479912","1839","1839","1839"
"176736","29.31085774551161","29.31085774551161","29.31085774551161","1841","1841","1841"
"176832","13.226106838250562","13.226106838250562","13.226106838250562","1842","1842","1842"
"176928","17.38242240101936","8.240398906739864","26.52444589529886","1843","1843","1843"
"177024","17.40014712614885","9.337000041254834","25.463294211042864","1844","1844","1844"
"177120","-0.5772009783183547","-8.66020325142038","7.505801294783671","1845","1845","1845"
"177216","0.3836174986676703","0.3836174986676703","0.3836174986676703","1846","1846","1846"
"177312","17.11521363524629","17.11521363524629","17.11521363524629","1847","1847","1847"
"177408","14.886521529130004","9.337000041254834","20.436043017005172","1848","1848","1848"
"177504","23.73803404508612","23.73803404508612","23.73803404508612","1849","1849","1849"
"177600","17.11521363524629","17.11521363524629","17.11521363524629","1850","1850","1850"
"177696","19.76169355228856","11.031952639433928","28.49143446514319","1851","1851","1851"
"177792","7.1600142150895625","7.1600142150895625","7.1600142150895625","1852","1852","1852"
"177888","13.226106838250562","13.226106838250562","13.226106838250562","1853","1853","1853"
"177984","8.240398906739864","8.240398906739864","8.240398906739864","1854","1854","1854"
"178080","29.15488480475467","29.15488480475467","29.15488480475467","1855","1855","1855"
"178176","6.804862168459116","0.3836174986676703","13.226106838250562","1856","1856","1856"
"178272","22.003295790737518","14.796991112481292","29.209600468993745","1857","1857","1857"
"178368","9.036604142392466","8.7362082435301","9.337000041254834","1858","1858","1858"
"178464","9.337000041254834","9.337000041254834","9.337000041254834","1859","1859","1859"
"178656","17.11521363524629","17.11521363524629","17.11521363524629","1861","1861","1861"
"178752","23.559904823555698","23.559904823555698","23.559904823555698","1862","1862","1862"
"178848","29.23723464285186","29.23723464285186","29.23723464285186","1863","1863","1863"
"178944","0.3383983949172267","0.3383983949172267","0.3383983949172267","1864","1864","1864"
"179328","9.337000041254834","9.337000041254834","9.337000041254834","1868","1868","1868"
"179424","19.951106961957567","19.951106961957567","19.951106961957567","1869","1869","1869"
"179520","6.233952049326409","4.227505191912954","8.240398906739864","1870","1870","1870"
"179616","29.254467226466375","29.254467226466375","29.254467226466375","1871","1871","1871"
"179712","29.377085949610002","29.377085949610002","29.377085949610002","1872","1872","1872"
"179808","29.49158154485541","29.49158154485541","29.49158154485541","1873","1873","1873"
"179904","-8.66020325142038","-8.66020325142038","-8.66020325142038","1874","1874","1874"
"180000","17.11521363524629","17.11521363524629","17.11521363524629","1875","1875","1875"
"180096","22.05392442899645","14.796991112481292","29.31085774551161","1876","1876","1876"
"180288","10.38692140921867","-8.66020325142038","29.43404606985772","1878","1878","1878"
"180480","29.43404606985772","29.43404606985772","29.43404606985772","1880","1880","1880"
"180576","25.246403557309957","25.246403557309957","25.246403557309957","1881","1881","1881"
"180768","8.240398906739864","8.240398906739864","8.240398906739864","1883","1883","1883"
"180864","62.710493783159315","17.11521363524629","108.30577393107234","1884","1884","1884"
"181248","14.562419168842274","14.562419168842274","14.562419168842274","1888","1888","1888"
"181344","51.00653233021875","24.39185893637882","77.62120572405867","1889","1889","1889"
"181440","17.11521363524629","17.11521363524629","17.11521363524629","1890","1890","1890"
"181536","8.240398906739864","8.240398906739864","8.240398906739864","1891","1891","1891"
"181632","8.240398906739864","8.240398906739864","8.240398906739864","1892","1892","1892"
"181728","29.31085774551161","29.31085774551161","29.31085774551161","1893","1893","1893"
"181824","0.3836174986676703","0.3836174986676703","0.3836174986676703","1894","1894","1894"
"181920","19.26782032693321","19.26782032693321","19.26782032693321","1895","1895","1895"
"182208","-0.2099021723402581","-0.2099021723402581","-0.2099021723402581","1898","1898","1898"
"182400","7.681177221793246","7.681177221793246","7.681177221793246","1900","1900","1900"
"182496","13.23868570523558","13.23868570523558","13.23868570523558","1901","1901","1901"
"182592","7.554054634043455","-8.66020325142038","23.76831251950729","1902","1902","1902"
"182784","49.52210497526252","25.541862025123585","73.50234792540145","1904","1904","1904"
"182976","100.98176512091607","100.98176512091607","100.98176512091607","1906","1906","1906"
"183168","12.862862720132188","8.61051180501809","17.11521363524629","1908","1908","1908"
"183360","29.43404606985772","29.43404606985772","29.43404606985772","1910","1910","1910"
"183456","21.681350597373346","19.295733633860603","24.066967560886084","1911","1911","1911"
"183552","8.240398906739864","8.240398906739864","8.240398906739864","1912","1912","1912"
"183840","22.087038531045646","14.796991112481292","29.377085949610002","1915","1915","1915"
"184128","3.152454415098585","2.077403638284216","4.227505191912954","1918","1918","1918"
"184608","9.337000041254834","9.337000041254834","9.337000041254834","1923","1923","1923"
"184704","25.491373436244878","25.491373436244878","25.491373436244878","1924","1924","1924"
"184800","17.11521363524629","17.11521363524629","17.11521363524629","1925","1925","1925"
"184896","4.860308769961252","0.3836174986676703","9.337000041254834","1926","1926","1926"
"184992","33.48055071739512","33.48055071739512","33.48055071739512","1927","1927","1927"
"185088","0.3836174986676703","0.3836174986676703","0.3836174986676703","1928","1928","1928"
"185184","-8.66020325142038","-8.66020325142038","-8.66020325142038","1929","1929","1929"
"185376","15.95610237386379","14.796991112481292","17.11521363524629","1931","1931","1931"
"185472","4.860308769961252","0.3836174986676703","9.337000041254834","1932","1932","1932"
"185568","17.11521363524629","17.11521363524629","17.11521363524629","1933","1933","1933"
"185856","10.405120669416938","0.3836174986676703","20.426623840166204","1936","1936","1936"
"185952","0.3836174986676703","0.3836174986676703","0.3836174986676703","1937","1937","1937"
"186048","26.55755999734806","26.55755999734806","26.55755999734806","1938","1938","1938"
"186240","-8.66020325142038","-8.66020325142038","-8.66020325142038","1940","1940","1940"
"186336","25.09401284493787","25.09401284493787","25.09401284493787","1941","1941","1941"
"186432","29.01289608000109","29.01289608000109","29.01289608000109","1942","1942","1942"
"186528","18.808742428174934","8.240398906739864","29.377085949610002","1943","1943","1943"
"186720","20.493003137252888","20.493003137252888","20.493003137252888","1945","1945","1945"
"186912","13.84067396917018","12.884356825859065","14.796991112481292","1947","1947","1947"
"187008","17.11521363524629","17.11521363524629","17.11521363524629","1948","1948","1948"
"187200","15.989216475912993","8.240398906739864","23.73803404508612","1950","1950","1950"
"187296","94.28031882861028","94.28031882861028","94.28031882861028","1951","1951","1951"
"187392","23.73803404508612","23.73803404508612","23.73803404508612","1952","1952","1952"
"187488","8.78869947399735","8.240398906739864","9.337000041254834","1953","1953","1953"
"187584","-4.138292876376355","-4.138292876376355","-4.138292876376355","1954","1954","1954"
"187680","22.164072523116985","22.164072523116985","22.164072523116985","1955","1955","1955"
"187776","20.436043017005172","20.436043017005172","20.436043017005172","1956","1956","1956"
"187968","19.57786913890436","15.4177042327226","23.73803404508612","1958","1958","1958"
"188160","10.325327247045614","10.325327247045614","10.325327247045614","1960","1960","1960"
"188256","9.337000041254834","9.337000041254834","9.337000041254834","1961","1961","1961"
"188448","9.337000041254834","9.337000041254834","9.337000041254834","1963","1963","1963"
"188736","113.42598346669615","113.42598346669615","113.42598346669615","1966","1966","1966"
"188928","46.36824583284874","29.43404606985772","63.302445595839764","1968","1968","1968"
"189024","12.066995576868063","9.337000041254834","14.796991112481292","1969","1969","1969"
"189120","27.14537446009558","25.002885639080368","29.287863281110795","1970","1970","1970"
"189216","14.343060994487072","8.193118851721255","20.493003137252888","1971","1971","1971"
"189312","17.11521363524629","17.11521363524629","17.11521363524629","1972","1972","1972"
"189504","2.243468865847745","-4.850062309559344","9.337000041254834","1974","1974","1974"
"189696","-6.6966481096313535","-8.66020325142038","-4.733092967842326","1976","1976","1976"
"189792","9.337000041254834","9.337000041254834","9.337000041254834","1977","1977","1977"
"189888","37.20455299128405","9.337000041254834","65.07210594131325","1978","1978","1978"
"189984","26.83666444751058","26.83666444751058","26.83666444751058","1979","1979","1979"
"190176","-8.66020325142038","-8.66020325142038","-8.66020325142038","1981","1981","1981"
"190272","29.31085774551161","29.31085774551161","29.31085774551161","1982","1982","1982"
"190368","26.24619885531112","23.77924787439209","28.71314983623015","1983","1983","1983"
"190560","102.59221774389508","102.59221774389508","102.59221774389508","1985","1985","1985"
"190656","29.254467226466375","29.254467226466375","29.254467226466375","1986","1986","1986"
"190848","44.351565057183656","16.273055389779227","72.43007472458808","1988","1988","1988"
"190944","4.007337677272634","4.007337677272634","4.007337677272634","1989","1989","1989"
"191040","43.04178476122218","43.04178476122218","43.04178476122218","1990","1990","1990"
"191136","-5.979736082251639","-5.979736082251639","-5.979736082251639","1991","1991","1991"
"191232","31.849116481968462","31.849116481968462","31.849116481968462","1992","1992","1992"
"191616","20.436043017005172","20.436043017005172","20.436043017005172","1996","1996","1996"
"191712","29.254467226466375","29.254467226466375","29.254467226466375","1997","1997","1997"
"191808","14.796991112481292","14.796991112481292","14.796991112481292","1998","1998","1998"
"192000","72.31870070867924","15.82768856583746","128.80971285152103","2000","2000","2000"
"192096","7.228898771095979","7.228898771095979","7.228898771095979","2001","2001","2001"
"192192","25.391905867294938","25.391905867294938","25.391905867294938","2002","2002","2002"
"192576","-8.66020325142038","-8.66020325142038","-8.66020325142038","2006","2006","2006"
"192672","101.03225370979477","101.03225370979477","101.03225370979477","2007","2007","2007"
"192864","23.73803404508612","23.73803404508612","23.73803404508612","2009","2009","2009"
"192960","-0.2099021723402581","-8.66020325142038","8.240398906739864","2010","2010","2010"
"193152","4.312008202703767","4.312008202703767","4.312008202703767","2012","2012","2012"
"193248","23.54132965609347","23.54132965609347","23.54132965609347","2013","2013","2013"
"193344","0.3836174986676703","0.3836174986676703","0.3836174986676703","2014","2014","2014"
"193440","7.316376086997135","7.316376086997135","7.316376086997135","2015","2015","2015"
"193536","-4.0588613857783775","-7.648703115776494","-0.46901965578026134","2016","2016","2016"
"193632","127.74493581392989","127.74493581392989","127.74493581392989","2017","2017","2017"
"194016","126.69080654671467","126.69080654671467","126.69080654671467","2021","2021","2021"
"194112","8.766749326605916","4.307391814961271","13.226106838250562","2022","2022","2022"
"194208","-8.66020325142038","-8.66020325142038","-8.66020325142038","2023","2023","2023"
"194304","4.227505191912954","-8.66020325142038","17.11521363524629","2024","2024","2024"
"194496","-8.66020325142038","-8.66020325142038","-8.66020325142038","2026","2026","2026"
"194592","14.00232919749788","14.00232919749788","14.00232919749788","2027","2027","2027"
"194688","8.240398906739864","8.240398906739864","8.240398906739864","2028","2028","2028"
"194784","127.81116401802828","127.81116401802828","127.81116401802828","2029","2029","2029"
"194880","0.3836174986676703","0.3836174986676703","0.3836174986676703","2030","2030","2030"
"194976","13.226106838250562","13.226106838250562","13.226106838250562","2031","2031","2031"
"195072","8.249414910480013","8.249414910480013","8.249414910480013","2032","2032","2032"
"195168","20.393509738117004","20.393509738117004","20.393509738117004","2033","2033","2033"
"195456","89.61972627271898","89.61972627271898","89.61972627271898","2036","2036","2036"
"195552","25.441389733254958","25.441389733254958","25.441389733254958","2037","2037","2037"
"195648","33.27916758632198","33.27916758632198","33.27916758632198","2038","2038","2038"
"195744","26.834603636540535","24.292121323471065","29.377085949610002","2039","2039","2039"
"195840","17.11521363524629","17.11521363524629","17.11521363524629","2040","2040","2040"
"195936","128.87594105561942","128.87594105561942","128.87594105561942","2041","2041","2041"
"196032","25.391905867294938","25.391905867294938","25.391905867294938","2042","2042","2042"
"196128","15.757514379645933","8.240398906739864","23.274629852552003","2043","2043","2043"
"196320","9.337000041254834","9.337000041254834","9.337000041254834","2045","2045","2045"
"196416","8.240398906739864","8.240398906739864","8.240398906739864","2046","2046","2046"
"196608","-8.66020325142038","-8.66020325142038","-8.66020325142038","2048","2048","2048"
"196800","9.337000041254834","9.337000041254834","9.337000041254834","2050","2050","2050"
"196896","7.986476187766215","7.26875591232589","8.70419646320654","2051","2051","2051"
"197088","25.094850768703104","25.094850768703104","25.094850768703104","2053","2053","2053"
"197184","7.234535586119259","7.234535586119259","7.234535586119259","2054","2054","2054"
"197280","12.112935882158109","7.110658129069929","17.11521363524629","2055","2055","2055"
"197376","8.415585092412249","-8.66020325142038","25.491373436244878","2056","2056","2056"
"197472","25.441389733254958","25.441389733254958","25.441389733254958","2057","2057","2057"
"197568","100.15650311633584","100.15650311633584","100.15650311633584","2058","2058","2058"
"197664","12.066995576868063","9.337000041254834","14.796991112481292","2059","2059","2059"
"197856","24.531971479974818","24.531971479974818","24.531971479974818","2061","2061","2061"
"198048","14.526783096880042","9.337000041254834","19.716566152505248","2063","2063","2063"
"198144","26.53533625222928","23.636626434600835","29.43404606985772","2064","2064","2064"
"198240","64.62977927714354","0.3836174986676703","128.87594105561942","2065","2065","2065"
"198336","23.73803404508612","23.73803404508612","23.73803404508612","2066","2066","2066"
"198432","8.125966221696665","8.125966221696665","8.125966221696665","2067","2067","2067"
"198624","10.707713826741127","10.707713826741127","10.707713826741127","2069","2069","2069"
"198720","49.178984895904556","49.178984895904556","49.178984895904556","2070","2070","2070"
"198912","10.26434902649429","-8.66020325142038","29.18890130440896","2072","2072","2072"
"199008","65.77549142522776","17.11521363524629","114.43576921520922","2073","2073","2073"
"199104","-8.66020325142038","-8.66020325142038","-8.66020325142038","2074","2074","2074"
"199200","16.35385271620968","9.337000041254834","23.370705391164527","2075","2075","2075"
"199392","9.337000041254834","9.337000041254834","9.337000041254834","2077","2077","2077"
"199584","25.34291683999452","25.34291683999452","25.34291683999452","2079","2079","2079"
"199680","9.337000041254834","9.337000041254834","9.337000041254834","2080","2080","2080"
"199776","5.748926088824727","5.748926088824727","5.748926088824727","2081","2081","2081"
"199968","13.326875685124417","10.38692140921867","16.26682996103016","2083","2083","2083"