"Episode","Grouped runs - Returns_Instruction/dont_use_the_left_cutting_board","Grouped runs - Returns_Instruction/dont_use_the_left_cutting_board__MIN","Grouped runs - Returns_Instruction/dont_use_the_left_cutting_board__MAX","Grouped runs - _step","Grouped runs - _step__MIN","Grouped runs - _step__MAX"
"0","-12.845394335061496","-19.82308013395827","-5.867708536164719","0","0","0"
"96","-11.459535787879151","-13.329255259628358","-9.589816316129946","1","1","1"
"192","-13.249254417079465","-14.752724562461177","-11.745784271697753","2","2","2"
"288","-9.739612814732318","-12.129029856988778","-7.35019577247586","3","3","3"
"384","-8.475938151089569","-10.875443159551237","-6.076433142627902","4","4","4"
"480","-12.920404548483223","-19.471594209366522","-6.3692148875999255","5","5","5"
"576","-10.300375759853766","-14.12432011652927","-6.476431403178262","6","6","6"
"672","-8.036751367316906","-8.265992266303313","-7.8075104683304986","7","7","7"
"768","-8.293467025899744","-8.661712980308453","-7.925221071491038","8","8","8"
"864","-7.621913118519252","-8.796081288126159","-6.447744948912347","9","9","9"
"960","-4.826552841160611","-5.58335961350493","-4.0697460688162925","10","10","10"
"1056","-4.4518431757532895","-6.0587927973296445","-2.844893554176935","11","11","11"
"1152","-4.249672180106922","-4.554823445857671","-3.944520914356172","12","12","12"
"1248","-5.118907127926498","-5.999772072993607","-4.238042182859389","13","13","13"
"1344","-5.3380204061284875","-8.214589603786472","-2.4614512084705025","14","14","14"
"1440","-1.1468725095839893","-1.4370635562375882","-0.8566814629303904","15","15","15"
"1536","-1.8521981417649147","-1.8521981417649147","-1.8521981417649147","16","16","16"
"1632","-1.723650691625505","-2.410525275301671","-1.0367761079493392","17","17","17"
"1728","-4.124231997781191","-4.886606815402215","-3.361857180160168","18","18","18"
"1824","-3.8569181242397117","-7.736180431677648","0.02234418319822488","19","19","19"
"1920","-3.7286341457508385","-6.5752786340727685","-0.8819896574289083","20","20","20"
"2016","-7.965228378971176","-7.965228378971176","-7.965228378971176","21","21","21"
"2112","-8.66020325142038","-8.66020325142038","-8.66020325142038","22","22","22"
"2208","-5.749464540824682","-8.66020325142038","-2.8387258302289826","23","23","23"
"2304","-8.66020325142038","-8.66020325142038","-8.66020325142038","24","24","24"
"2400","-7.69159256122353","-8.66020325142038","-6.72298187102668","25","25","25"
"2496","-8.66020325142038","-8.66020325142038","-8.66020325142038","26","26","26"
"2592","-7.951041341265249","-7.990086459128196","-7.911996223402302","27","27","27"
"2688","-7.316333523925433","-8.66020325142038","-5.972463796430486","28","28","28"
"2784","-7.460240853499708","-7.460240853499708","-7.460240853499708","29","29","29"
"2880","-6.348842125427433","-6.595454895750938","-6.10222935510393","30","30","30"
"2976","-8.66020325142038","-8.66020325142038","-8.66020325142038","31","31","31"
"3072","-5.281558006118963","-5.281558006118963","-5.281558006118963","32","32","32"
"3168","-8.66020325142038","-8.66020325142038","-8.66020325142038","33","33","33"
"3264","-8.66020325142038","-8.66020325142038","-8.66020325142038","34","34","34"
"3360","-6.645472323574837","-8.042402010869722","-5.248542636279952","35","35","35"
"3456","-8.05416163630893","-8.66020325142038","-7.44812002119748","36","36","36"
"3552","-7.824261109195597","-8.66020325142038","-6.988318966970814","37","37","37"
"3648","-6.635883580867233","-8.66020325142038","-4.611563910314086","38","38","38"
"3744","-8.66020325142038","-8.66020325142038","-8.66020325142038","39","39","39"
"3840","-6.087037990697276","-8.66020325142038","-3.513872729974171","40","40","40"
"3936","-8.66020325142038","-8.66020325142038","-8.66020325142038","41","41","41"
"4032","-7.197668213088766","-8.66020325142038","-5.735133174757152","42","42","42"
"4128","-4.359911478213935","-8.66020325142038","-0.05961970500749018","43","43","43"
"4224","-8.66020325142038","-8.66020325142038","-8.66020325142038","44","44","44"
"4320","-8.66020325142038","-8.66020325142038","-8.66020325142038","45","45","45"
"4416","-8.66020325142038","-8.66020325142038","-8.66020325142038","46","46","46"
"4512","-8.66020325142038","-8.66020325142038","-8.66020325142038","47","47","47"
"4608","-8.66020325142038","-8.66020325142038","-8.66020325142038","48","48","48"
"4704","-8.66020325142038","-8.66020325142038","-8.66020325142038","49","49","49"
"4800","-4.826520338740025","-5.447145240996787","-4.205895436483263","50","50","50"
"4896","-8.66020325142038","-8.66020325142038","-8.66020325142038","51","51","51"
"4992","-8.66020325142038","-8.66020325142038","-8.66020325142038","52","52","52"
"5088","-8.66020325142038","-8.66020325142038","-8.66020325142038","53","53","53"
"5184","-8.66020325142038","-8.66020325142038","-8.66020325142038","54","54","54"
"5280","-8.66020325142038","-8.66020325142038","-8.66020325142038","55","55","55"
"5376","-6.615435907427302","-6.615435907427302","-6.615435907427302","56","56","56"
"5472","-8.66020325142038","-8.66020325142038","-8.66020325142038","57","57","57"
"5568","-8.66020325142038","-8.66020325142038","-8.66020325142038","58","58","58"
"5664","-5.503909809639651","-6.869526742902946","-4.138292876376355","59","59","59"
"5760","-8.66020325142038","-8.66020325142038","-8.66020325142038","60","60","60"
"5856","-8.66020325142038","-8.66020325142038","-8.66020325142038","61","61","61"
"5952","-8.66020325142038","-8.66020325142038","-8.66020325142038","62","62","62"
"6048","-8.66020325142038","-8.66020325142038","-8.66020325142038","63","63","63"
"6144","-8.66020325142038","-8.66020325142038","-8.66020325142038","64","64","64"
"6240","-8.66020325142038","-8.66020325142038","-8.66020325142038","65","65","65"
"6336","-8.66020325142038","-8.66020325142038","-8.66020325142038","66","66","66"
"6432","-8.66020325142038","-8.66020325142038","-8.66020325142038","67","67","67"
"6528","-8.66020325142038","-8.66020325142038","-8.66020325142038","68","68","68"
"6624","-8.66020325142038","-8.66020325142038","-8.66020325142038","69","69","69"
"6720","-8.66020325142038","-8.66020325142038","-8.66020325142038","70","70","70"
"6816","-8.66020325142038","-8.66020325142038","-8.66020325142038","71","71","71"
"6912","-8.66020325142038","-8.66020325142038","-8.66020325142038","72","72","72"
"7008","-8.66020325142038","-8.66020325142038","-8.66020325142038","73","73","73"
"7104","-8.66020325142038","-8.66020325142038","-8.66020325142038","74","74","74"
"7200","-8.66020325142038","-8.66020325142038","-8.66020325142038","75","75","75"
"7296","-8.66020325142038","-8.66020325142038","-8.66020325142038","76","76","76"
"7392","-8.66020325142038","-8.66020325142038","-8.66020325142038","77","77","77"
"7488","-8.66020325142038","-8.66020325142038","-8.66020325142038","78","78","78"
"7584","-8.66020325142038","-8.66020325142038","-8.66020325142038","79","79","79"
"7680","-7.661943240643446","-8.66020325142038","-6.66368322986651","80","80","80"
"7776","-8.66020325142038","-8.66020325142038","-8.66020325142038","81","81","81"
"7872","-8.66020325142038","-8.66020325142038","-8.66020325142038","82","82","82"
"7968","-8.108481437552024","-8.66020325142038","-7.556759623683667","83","83","83"
"8064","-8.66020325142038","-8.66020325142038","-8.66020325142038","84","84","84"
"8160","-8.66020325142038","-8.66020325142038","-8.66020325142038","85","85","85"
"8256","-8.66020325142038","-8.66020325142038","-8.66020325142038","86","86","86"
"8352","-8.66020325142038","-8.66020325142038","-8.66020325142038","87","87","87"
"8448","-8.66020325142038","-8.66020325142038","-8.66020325142038","88","88","88"
"8544","-8.48052207997835","-8.66020325142038","-8.300840908536319","89","89","89"
"8640","-8.66020325142038","-8.660203251420382","-8.66020325142038","90","90","90"
"8736","-8.66020325142038","-8.66020325142038","-8.66020325142038","91","91","91"
"8832","-8.66020325142038","-8.66020325142038","-8.66020325142038","92","92","92"
"8928","-8.66020325142038","-8.66020325142038","-8.66020325142038","93","93","93"
"9024","-8.66020325142038","-8.66020325142038","-8.66020325142038","94","94","94"
"9120","-8.66020325142038","-8.66020325142038","-8.66020325142038","95","95","95"
"9216","-8.66020325142038","-8.66020325142038","-8.66020325142038","96","96","96"
"9312","-8.66020325142038","-8.66020325142038","-8.66020325142038","97","97","97"
"9408","-8.66020325142038","-8.66020325142038","-8.66020325142038","98","98","98"
"9504","-8.66020325142038","-8.66020325142038","-8.66020325142038","99","99","99"
"9600","-7.701278668125498","-8.66020325142038","-6.742354084830617","100","100","100"
"9696","-8.66020325142038","-8.66020325142038","-8.66020325142038","101","101","101"
"9792","-8.66020325142038","-8.66020325142038","-8.66020325142038","102","102","102"
"9888","-8.66020325142038","-8.66020325142038","-8.66020325142038","103","103","103"
"9984","-8.66020325142038","-8.66020325142038","-8.66020325142038","104","104","104"
"10080","-8.66020325142038","-8.66020325142038","-8.66020325142038","105","105","105"
"10176","-8.66020325142038","-8.66020325142038","-8.66020325142038","106","106","106"
"10272","-8.66020325142038","-8.66020325142038","-8.66020325142038","107","107","107"
"10368","-8.66020325142038","-8.66020325142038","-8.66020325142038","108","108","108"
"10464","-8.66020325142038","-8.66020325142038","-8.66020325142038","109","109","109"
"10560","-8.66020325142038","-8.66020325142038","-8.66020325142038","110","110","110"
"10656","-8.66020325142038","-8.66020325142038","-8.66020325142038","111","111","111"
"10752","-8.66020325142038","-8.66020325142038","-8.66020325142038","112","112","112"
"10848","-8.080048060599644","-8.66020325142038","-7.499892869778907","113","113","113"
"10944","-8.66020325142038","-8.66020325142038","-8.66020325142038","114","114","114"
"11040","-8.66020325142038","-8.66020325142038","-8.66020325142038","115","115","115"
"11136","-8.66020325142038","-8.66020325142038","-8.66020325142038","116","116","116"
"11232","-8.66020325142038","-8.66020325142038","-8.66020325142038","117","117","117"
"11328","-8.66020325142038","-8.66020325142038","-8.66020325142038","118","118","118"
"11424","-8.66020325142038","-8.66020325142038","-8.66020325142038","119","119","119"
"11520","-8.66020325142038","-8.66020325142038","-8.66020325142038","120","120","120"
"11616","-8.39161019178778","-8.66020325142038","-8.123017132155182","121","121","121"
"11712","-8.66020325142038","-8.66020325142038","-8.66020325142038","122","122","122"
"11808","-8.66020325142038","-8.66020325142038","-8.66020325142038","123","123","123"
"11904","-8.66020325142038","-8.66020325142038","-8.66020325142038","124","124","124"
"12000","-6.594781691831413","-8.66020325142038","-4.529360132242444","125","125","125"
"12096","-8.66020325142038","-8.66020325142038","-8.66020325142038","126","126","126"
"12192","-8.66020325142038","-8.66020325142038","-8.66020325142038","127","127","127"
"12288","-4.138292876376355","-4.138292876376355","-4.138292876376355","128","128","128"
"12384","-8.66020325142038","-8.66020325142038","-8.66020325142038","129","129","129"
"12480","-8.66020325142038","-8.66020325142038","-8.66020325142038","130","130","130"
"12576","-8.66020325142038","-8.66020325142038","-8.66020325142038","131","131","131"
"12672","-7.840629225702701","-8.66020325142038","-7.02105519998502","132","132","132"
"12768","-4.611563910314086","-8.66020325142038","-0.5629245692077901","133","133","133"
"12864","-8.66020325142038","-8.66020325142038","-8.66020325142038","134","134","134"
"12960","-8.66020325142038","-8.66020325142038","-8.66020325142038","135","135","135"
"13056","-8.66020325142038","-8.66020325142038","-8.66020325142038","136","136","136"
"13152","-8.66020325142038","-8.66020325142038","-8.66020325142038","137","137","137"
"13248","-8.66020325142038","-8.66020325142038","-8.66020325142038","138","138","138"
"13344","-8.66020325142038","-8.66020325142038","-8.66020325142038","139","139","139"
"13440","-8.66020325142038","-8.66020325142038","-8.66020325142038","140","140","140"
"13536","-8.66020325142038","-8.66020325142038","-8.66020325142038","141","141","141"
"13632","-8.66020325142038","-8.66020325142038","-8.66020325142038","142","142","142"
"13728","-4.138292876376355","-8.66020325142038","0.3836174986676703","143","143","143"
"13824","-8.66020325142038","-8.66020325142038","-8.66020325142038","144","144","144"
"13920","-8.66020325142038","-8.66020325142038","-8.66020325142038","145","145","145"
"14016","-7.8745251106131615","-8.66020325142038","-7.088846969805942","146","146","146"
"14112","-8.66020325142038","-8.66020325142038","-8.66020325142038","147","147","147"
"14208","-6.3992480638983675","-8.66020325142038","-4.138292876376355","148","148","148"
"14304","-8.66020325142038","-8.66020325142038","-8.66020325142038","149","149","149"
"14400","-8.66020325142038","-8.66020325142038","-8.66020325142038","150","150","150"
"14496","-4.138292876376355","-8.66020325142038","0.3836174986676703","151","151","151"
"14592","-8.66020325142038","-8.66020325142038","-8.66020325142038","152","152","152"
"14688","-5.268770470137362","-8.66020325142038","-1.8773376888543425","153","153","153"
"14784","-7.152899793072372","-8.66020325142038","-5.645596334724364","154","154","154"
"14880","-4.160902428251575","-4.160902428251575","-4.160902428251575","155","155","155"
"14976","-4.183511980126794","-8.66020325142038","0.2931792911667915","156","156","156"
"15072","-6.3992480638983675","-8.66020325142038","-4.138292876376355","157","157","157"
"15168","-5.660669369307843","-8.66020325142038","-2.661135487195306","158","158","158"
"15264","-5.660669369307843","-8.66020325142038","-2.661135487195306","159","159","159"
"15360","-4.138292876376355","-8.66020325142038","0.3836174986676703","160","160","160"
"15456","-4.138292876376355","-8.66020325142038","0.3836174986676703","161","161","161"
"15552","-4.160902428251575","-8.66020325142038","0.3383983949172309","162","162","162"
"15648","0.32362682102542034","0.32362682102542034","0.32362682102542034","163","163","163"
"15744","-8.66020325142038","-8.66020325142038","-8.66020325142038","164","164","164"
"15840","-4.183511980126794","-8.66020325142038","0.2931792911667915","165","165","165"
"15936","-4.228278892839731","-8.66020325142038","0.20364546574092035","166","166","166"
"16032","0.36100794679245063","0.3383983949172309","0.3836174986676703","167","167","167"
"16128","0.3383983949172309","0.3383983949172309","0.3383983949172309","168","168","168"
"16320","-6.410552839835978","-8.66020325142038","-4.160902428251575","170","170","170"
"16416","-8.66020325142038","-8.66020325142038","-8.66020325142038","171","171","171"
"16512","0.2931792911667915","0.2931792911667915","0.2931792911667915","172","172","172"
"16608","-2.6760577914329517","-5.645596334724364","0.29348075185846073","173","173","173"
"16704","-4.2987946974986775","-8.66020325142038","0.06261385642302521","174","174","174"
"16800","-4.183511980126794","-8.66020325142038","0.2931792911667915","175","175","175"
"16896","-4.183511980126794","-4.183511980126794","-4.183511980126794","176","176","176"
"16992","-5.268770470137362","-8.66020325142038","-1.8773376888543425","177","177","177"
"17088","-8.66020325142038","-8.66020325142038","-8.66020325142038","178","178","178"
"17184","0.019029007538046844","0.019029007538046844","0.019029007538046844","179","179","179"
"17280","-4.183511980126794","-8.66020325142038","0.2931792911667915","180","180","180"
"17472","-4.168438945543315","-8.66020325142038","0.3233253603337511","182","182","182"
"17568","-6.85143910140277","-8.66020325142038","-5.04267495138516","183","183","183"
"17664","-6.596127880246243","-6.596127880246243","-6.596127880246243","184","184","184"
"17760","-1.150817421930602","-2.630989418028347","0.329354574167143","185","185","185"
"17856","-2.6985919781352536","-5.645596334724363","0.24841237845385591","186","186","186"
"17952","-8.66020325142038","-8.66020325142038","-8.66020325142038","187","187","187"
"18048","-8.66020325142038","-8.66020325142038","-8.66020325142038","188","188","188"
"18144","-4.2281296697973545","-8.66020325142038","0.20394391182567237","189","189","189"
"18240","-1.9218830166541252","-4.227383531975921","0.3836174986676703","190","190","190"
"18336","0.2633346826915011","0.2633346826915011","0.2633346826915011","191","191","191"
"18432","-4.168438945543315","-5.675742403891323","-2.661135487195306","192","192","192"
"18528","0.2934053866855434","0.2931792911667915","0.29363148220429536","193","193","193"
"18624","-1.9449402489612497","-4.228278892839731","0.3383983949172309","194","194","194"
"18720","-1.1839780980142574","-2.661135487195306","0.2931792911667915","195","195","195"
"18816","0.2931792911667915","0.2931792911667915","0.2931792911667915","196","196","196"
"18912","-0.004799659839734571","-0.34799771459670004","0.3383983949172309","197","197","197"
"19008","-1.8773376888543425","-4.138292876376355","0.3836174986676703","198","198","198"
"19104","0.28431634683170515","0.27545340249661876","0.2931792911667915","199","199","199"
"19200","0.3836174986676703","0.3836174986676703","0.3836174986676703","200","200","200"
"19296","0.2707958348103237","0.24841237845385591","0.2931792911667915","201","201","201"
"19392","0.24841237845385591","0.24841237845385591","0.24841237845385591","202","202","202"
"19488","0.11764856083044528","-0.057882169505900916","0.2931792911667915","203","203","203"
"19584","-4.183511980126794","-8.66020325142038","0.2931792911667915","204","204","204"
"19680","0.20424086568000138","0.11530244019321127","0.2931792911667915","205","205","205"
"19776","-1.9675498008364696","-4.228278892839731","0.2931792911667915","206","206","206"
"19872","0.2633346826915011","0.2633346826915011","0.2633346826915011","207","207","207"
"19968","-1.1764415807225173","-2.691281556362265","0.3383983949172309","208","208","208"
"20064","-2.033366093523572","-4.359911478213935","0.2931792911667915","209","209","209"
"20160","-1.1989004022519025","-2.6909800956705965","0.2931792911667915","210","210","210"
"20256","0.2931792911667915","0.2931792911667915","0.2931792911667915","211","211","211"
"20352","0.2931792911667915","0.2931792911667915","0.2931792911667915","212","212","212"
"20448","0.2117758832048005","0.16021708371809987","0.2633346826915011","213","213","213"
"20544","0.2931792911667915","0.2931792911667915","0.2931792911667915","214","214","214"
"20640","0.20409164263762536","0.17469321105904","0.2334900742162107","215","215","215"
"20832","0.29392993582556515","0.20424237298346","0.3836174986676703","217","217","217"
"20928","0.2934807518584607","0.2334900742162107","0.3534714295007107","218","218","218"
"21024","0.29363148220429536","0.20364546574092035","0.3836174986676703","219","219","219"
"21120","0.2931792911667915","0.2931792911667915","0.2931792911667915","220","220","220"
"21216","0.3383983949172309","0.2931792911667915","0.3836174986676703","221","221","221"
"21312","0.25982907167324776","0.22647885217970404","0.2931792911667915","222","222","222"
"21408","0.3534714295007107","0.3233253603337511","0.3836174986676703","223","223","223"
"21504","0.10670862517126355","-0.07976204082426439","0.2931792911667915","224","224","224"
"21600","0.1154501710051643","0.02725487626940827","0.20364546574092035","225","225","225"
"21696","0.3233253603337511","0.2931792911667915","0.3534714295007107","226","226","226"
"21792","-0.1385912588121169","-0.5405172003157349","0.2633346826915011","227","227","227"
"21888","0.29947891524061054","0.27563247014747","0.3233253603337511","228","228","228"
"21984","-1.8999472407295621","-1.8999472407295621","-1.8999472407295621","229","229","229"
"22080","0.31578884304201116","0.2931792911667915","0.3383983949172309","230","230","230"
"22176","-4.228278892839731","-8.66020325142038","0.20364546574092035","231","231","231"
"22272","-4.153365910959835","-8.66020325142038","0.3534714295007107","232","232","232"
"22368","0.24841237845385591","0.24841237845385591","0.24841237845385591","233","233","233"
"22464","0.2334900742162107","0.2334900742162107","0.2334900742162107","234","234","234"
"22560","0.2931792911667915","0.2931792911667915","0.2931792911667915","235","235","235"
"22656","0.327206666738997","0.2934053866855434","0.36100794679245063","236","236","236"
"22752","0.2931792911667915","0.2931792911667915","0.2931792911667915","237","237","237"
"22848","0.2785569403173569","0.2639345894679223","0.2931792911667915","238","238","238"
"22944","-2.661135487195306","-2.661135487195306","-2.661135487195306","239","239","239"
"23040","-1.9670991171024244","-4.228278892839731","0.2940806586348819","240","240","240"
"23136","0.3009419039772833","0.24841237845385591","0.3534714295007107","241","241","241"
"23232","0.20364546574092035","0.20364546574092035","0.20364546574092035","242","242","242"
"23328","0.3836174986676703","0.3836174986676703","0.3836174986676703","243","243","243"
"23424","-0.8145380203731605","-1.9225567926047817","0.29348075185846073","244","244","244"
"23520","0.2785584476208155","0.20364546574092035","0.3534714295007107","245","245","245"
"23616","-1.922556792604782","-1.922556792604782","-1.922556792604782","246","246","246"
"23712","-1.9337485207830158","-4.138292876376355","0.2707958348103237","247","247","247"
"23808","0.327093618979621","0.2931792911667915","0.3610079467924506","248","248","248"
"23904","-1.922556792604782","-4.138292876376355","0.2931792911667915","249","249","249"
"24000","0.29329233892616746","0.2931792911667915","0.2934053866855434","250","250","250"
"24096","0.2931792911667915","0.2931792911667915","0.2931792911667915","251","251","251"
"24192","0.26202242430066297","0.24841237845385591","0.27563247014747","252","252","252"
"24288","-1.1839780980142574","-2.661135487195306","0.2931792911667915","253","253","253"
"24384","0.2931792911667915","0.2931792911667915","0.2931792911667915","254","254","254"
"24480","0.2707958348103237","0.24841237845385591","0.2931792911667915","255","255","255"
"24576","-1.273364207701211","-2.780516935703385","0.23378852030096273","256","256","256"
"24672","0.22987141543858142","0.22625275666095213","0.2334900742162107","257","257","257"
"24768","0.2785584476208155","0.20364546574092035","0.3534714295007107","258","258","258"
"24864","-1.1913638849601629","-2.7211261648375564","0.3383983949172309","259","259","259"
"24960","0.29363148220429536","0.20364546574092035","0.3836174986676703","260","260","260"
"25056","-1.9897094226293732","-4.272598136425538","0.2931792911667915","261","261","261"
"25152","0.23722065027562203","0.20364546574092035","0.2707958348103237","262","262","262"
"25248","0.15943813943689478","0.11500697856930522","0.20386930030448436","263","263","263"
"25344","0.31578884304201116","0.2931792911667915","0.3383983949172309","264","264","264"
"25440","-1.50645059989323","-3.3060804909532515","0.2931792911667915","265","265","265"
"25536","0.29363148220429536","0.20364546574092035","0.3836174986676703","266","266","266"
"25632","0.3233253603337511","0.2931792911667915","0.3534714295007107","267","267","267"
"25728","0.3836174986676703","0.3836174986676703","0.3836174986676703","268","268","268"
"25824","-1.1949814132601984","-2.7509707733128472","0.36100794679245063","269","269","269"
"25920","0.3383983949172309","0.3383983949172309","0.3383983949172309","270","270","270"
"26016","-1.922556792604782","-4.138292876376355","0.2931792911667915","271","271","271"
"26112","0.24841237845385591","0.20364546574092035","0.2931792911667915","272","272","272"
"26208","0.29363148220429536","0.20364546574092035","0.3836174986676703","273","273","273"
"26304","0.237332567557404","0.18148584394801656","0.2931792911667915","274","274","274"
"26400","0.2561734839608891","0.24841237845385591","0.26393458946792236","275","275","275"
"26496","0.2561734839608891","0.24841237845385591","0.26393458946792236","276","276","276"
"26592","-4.228278892839731","-8.66020325142038","0.20364546574092035","277","277","277"
"26688","0.22625275666095213","0.15932622215511277","0.2931792911667915","278","278","278"
"26784","-2.012167490507029","-4.228278892839731","0.20394391182567237","279","279","279"
"26880","0.25971602391387183","0.22625275666095213","0.2931792911667915","280","280","280"
"26976","0.27545249811454364","0.25772570506229575","0.2931792911667915","281","281","281"
"27072","-1.688173380843963","-1.688173380843963","-1.688173380843963","282","282","282"
"27168","0.2633346826915011","0.2633346826915011","0.2633346826915011","283","283","283"
"27264","-4.9986864031483895","-8.66020325142038","-1.3371695548763987","284","284","284"
"27360","0.3160149385607631","0.24841237845385591","0.3836174986676703","285","285","285"
"27456","0.2784077172749809","0.2636361433831704","0.2931792911667915","286","286","286"
"27552","0.30448406710440135","0.2931792911667915","0.31578884304201116","287","287","287"
"27648","0.2931792911667915","0.2931792911667915","0.2931792911667915","288","288","288"
"27744","0.2710219303290756","0.20364546574092035","0.3383983949172309","289","289","289"
"27840","0.29348075185846073","0.29348075185846073","0.29348075185846073","290","290","290"
"27936","-1.9225567926047815","-4.183511980126794","0.3383983949172309","291","291","291"
"28032","0.2707958348103237","0.24841237845385591","0.2931792911667915","292","292","292"
"28128","0.1891708306304032","0.11500697856930522","0.2633346826915011","293","293","293"
"28224","0.24841237845385591","0.20364546574092035","0.2931792911667915","294","294","294"
"28320","0.2710219303290756","0.20364546574092035","0.3383983949172309","295","295","295"
"28416","0.20431473108597786","0.20431473108597786","0.20431473108597786","296","296","296"
"28512","-0.8483769830130728","-1.9899332571929371","0.2931792911667915","297","297","297"
"28608","0.21901394687527057","0.14484860258374965","0.2931792911667915","298","298","298"
"28704","-3.9654137953658033","-4.183511980126794","-3.7473156106048124","299","299","299"
"28800","0.3836174986676703","0.3836174986676703","0.3836174986676703","300","300","300"
"28896","0.2782569869291463","0.2633346826915011","0.2931792911667915","301","301","301"
"28992","-2.3161905778554512","-8.66020325142038","4.027822095709478","302","302","302"
"29088","0.2931792911667915","0.2931792911667915","0.2931792911667915","303","303","303"
"29184","0.2409512263350333","0.2334900742162107","0.24841237845385591","304","304","304"
"29280","0.2045378195343304","0.2045378195343304","0.2045378195343304","305","305","305"
"29376","0.2931792911667915","0.2931792911667915","0.2931792911667915","306","306","306"
"29472","-0.8258427963107702","-1.9451663444800011","0.29348075185846073","307","307","307"
"29568","0.26333468269150107","0.2334900742162107","0.2931792911667915","308","308","308"
"29664","0.2931792911667915","0.2931792911667915","0.2931792911667915","309","309","309"
"29760","0.2931792911667915","0.2931792911667915","0.2931792911667915","310","310","310"
"29856","0.2931792911667915","0.2931792911667915","0.2931792911667915","311","311","311"
"29952","-4.228278892839731","-4.228278892839731","-4.228278892839731","312","312","312"
"30144","0.24863621301741992","0.20409313486804836","0.2931792911667915","314","314","314"
"30240","0.3836174986676703","0.3836174986676703","0.3836174986676703","315","315","315"
"30336","0.2710219303290756","0.20364546574092035","0.3383983949172309","316","316","316"
"30432","0.3234760906795857","0.2633346826915011","0.3836174986676703","317","317","317"
"30528","0.25639882582791174","0.15932622215511277","0.3534714295007107","318","318","318"
"30624","1.0652995430337453","0.22670268674326807","1.9038963993242224","319","319","319"
"30720","1.955162989996122","0.3836174986676703","3.5267084813245737","320","320","320"
"30816","0.3383983949172309","0.2931792911667915","0.3836174986676703","321","321","321"
"30912","1.6091159177114924","0.3836174986676703","2.8346143367553145","322","322","322"
"31008","0.3836174986676703","0.3836174986676703","0.3836174986676703","323","323","323"
"31104","0.29363148220429536","0.20364546574092035","0.3836174986676703","324","324","324"
"31200","0.2785584476208155","0.20364546574092035","0.3534714295007107","325","325","325"
"31296","2.67225033472839","1.4264196985007196","3.9180809709560607","326","326","326"
"31392","-1.228745010727193","-2.6611354871953066","0.20364546574092035","327","327","327"
"31488","0.9569467194174892","0.2931792911667915","1.620714147668187","328","328","328"
"31584","3.4454503027810706","0.3836174986676703","6.507283106894471","329","329","329"
"31680","3.273362060252501","3.273362060252501","3.273362060252501","330","330","330"
"31776","1.3004636081598966","0.11500697856930522","2.485920237750488","331","331","331"
"31872","0.3383983949172309","0.2931792911667915","0.3836174986676703","332","332","332"
"31968","3.8506105543320612","0.3534714295007107","7.347749679163412","333","333","333"
"32064","3.987557420120366","0.3836174986676703","7.591497341573062","334","334","334"
"32160","0.3383983949172309","0.2931792911667915","0.3836174986676703","335","335","335"
"32256","0.3685444640841905","0.3534714295007107","0.3836174986676703","336","336","336"
"32352","1.4935938801249677","0.3836174986676703","2.603570261582265","337","337","337"
"32448","-1.922556792604782","-1.922556792604782","-1.922556792604782","338","338","338"
"32544","-3.685327854050735","-8.66020325142038","1.289547543318911","339","339","339"
"32640","4.368295759149831","1.2603063261294967","7.476285192170166","340","340","340"
"32736","4.046836819290103","2.836167701998793","5.257505936581413","341","341","341"
"32832","0.3383983949172309","0.2931792911667915","0.3836174986676703","342","342","342"
"32928","3.6553230396618677","3.500228313159095","3.81041776616464","343","343","343"
"33024","-0.5623181715168726","-8.66020325142038","7.5355669083866355","344","344","344"
"33120","-0.5035026225200978","-8.66020325142038","7.653198006380185","345","345","345"
"33216","1.6523896137311351","0.2931792911667915","3.011599936295479","346","346","346"
"33312","3.9237773528922992","0.3836174986676703","7.4639372071169285","347","347","347"
"33408","4.063361558900636","0.3233253603337511","7.803397757467521","348","348","348"
"33504","2.206328630746223","0.2931792911667915","4.119477970325654","349","349","349"
"33600","7.085501791045295","7.085501791045295","7.085501791045295","350","350","350"
"33696","5.442023274625764","5.442023274625764","5.442023274625764","351","351","351"
"33792","-0.11747860998507725","-0.5733556148873854","0.3383983949172309","352","352","352"
"33888","3.9189768752872944","3.9189768752872944","3.9189768752872944","353","353","353"
"33984","6.763181307848036","4.111994830935396","9.414367784760676","354","354","354"
"34080","1.070389556410066","-1.838213053952369","3.978992166772501","355","355","355"
"34176","0.2931792911667915","0.2931792911667915","0.2931792911667915","356","356","356"
"34272","3.2486977622773745","0.20543618746853928","6.29195933708621","357","357","357"
"34368","2.0167130492524095","0.3383983949172309","3.695027703587588","358","358","358"
"34464","2.582028442810687","-2.691281556362265","7.855338441983639","359","359","359"
"34560","0.011401250469505825","-0.27037679022777983","0.2931792911667915","360","360","360"
"34656","8.600239530724817","7.453448825319459","9.747030236130175","361","361","361"
"34752","3.6110054661064765","-0.5586103003375253","7.780621232550478","362","362","362"
"34848","2.079170802589851","0.2931792911667915","3.86516231401291","363","363","363"
"34944","-4.293213188036397","-8.66020325142038","0.07377687534758604","364","364","364"
"35136","2.26350625943012","0.2931792911667915","4.233833227693449","366","366","366"
"35232","3.518818708120202","0.3383983949172309","6.699239021323173","367","367","367"
"35328","0.29363148220429114","-8.66020325142038","9.247466215828963","368","368","368"
"35424","5.450522067139358","-1.9225567926047817","12.823600926883499","369","369","369"
"35520","1.099319750436084","-3.643389169188962","5.84202867006113","370","370","370"
"35616","6.931528779825968","0.3383983949172309","13.524659164734706","371","371","371"
"35712","-0.2746804365027528","-0.2746804365027528","-0.2746804365027528","372","372","372"
"35808","8.098509483537708","0.2931792911667915","15.903839675908625","373","373","373"
"35904","2.3019404206634646","-2.0114213526855957","6.615302194012525","374","374","374"
"36000","-1.2646413297660877","-2.691281556362266","0.16199889683009072","375","375","375"
"36096","9.274534052036604","2.051798528665716","16.49726957540749","376","376","376"
"36192","12.403150521185449","12.403150521185449","12.403150521185449","377","377","377"
"36288","2.9452231639543944","-8.66020325142038","14.55064957932917","378","378","378"
"36384","10.601203303331646","7.470484617149543","13.731921989513749","379","379","379"
"36480","6.530436018675585","-1.9451663444800011","15.006038381831171","380","380","380"
"36576","2.2327012707286116","2.2327012707286116","2.2327012707286116","381","381","381"
"36672","0.2931792911667915","0.2931792911667915","0.2931792911667915","382","382","382"
"36768","6.267532137760632","0.2931792911667915","12.241884984354472","383","383","383"
"36864","8.961295986991793","8.961295986991793","8.961295986991793","384","384","384"
"36960","3.856690832993393","-2.7506723272280946","10.46405399321488","385","385","385"
"37056","1.268198173363262","-6.444241072130056","8.98063741885658","386","386","386"
"37152","12.11489006707298","12.11489006707298","12.11489006707298","387","387","387"
"37248","-0.9339385798498012","-2.251494658367273","0.3836174986676703","388","388","388"
"37344","3.422634551672206","-2.691281556362266","9.536550659706679","389","389","389"
"37440","0.24931223861848562","-8.66020325142038","9.158827728657352","390","390","390"
"37536","8.208069600159936","0.2931792911667915","16.12295990915308","391","391","391"
"37632","7.233717442035672","5.175201755529445","9.292233128541898","392","392","392"
"37728","-0.9404131343694303","-1.4569517503404275","-0.42387451839843315","393","393","393"
"37824","9.247466215828963","9.247466215828963","9.247466215828963","394","394","394"
"38016","3.0704772314700146","-5.675742403891323","11.816696866831352","396","396","396"
"38112","5.989306669119354","-0.4850101131853908","12.463623451424098","397","397","397"
"38208","0.2931792911667915","0.2931792911667915","0.2931792911667915","398","398","398"
"38304","4.54971228431971","-4.183511980126794","13.282936548766216","399","399","399"
"38400","5.180405404497798","-3.273000391488894","13.633811200484491","400","400","400"
"38496","7.354943340448099","1.6601793407327716","13.049707340163426","401","401","401"
"38592","7.611125319331401","3.81041776616464","11.411832872498161","402","402","402"
"38688","4.770546588061443","0.2931792911667915","9.247913884956093","403","403","403"
"38784","3.7189962340021516","0.2931792911667915","7.144813176837512","404","404","404"
"38880","6.483544912568055","0.3383983949172309","12.628691430218879","405","405","405"
"38976","8.835791268220646","3.9999152431892204","13.67166729325207","406","406","406"
"39072","11.895808930717198","7.764900234482758","16.026717626951637","407","407","407"
"39168","12.118134555658063","12.118134555658063","12.118134555658063","408","408","408"
"39264","3.516401012934387","3.141637494590082","3.891164531278692","409","409","409"
"39360","11.829313924377358","6.698200664028856","16.96042718472586","410","410","410"
"39456","8.705386572530509","0.6915859859161015","16.719187159144916","411","411","411"
"39552","-1.8390142354007029","-1.8390142354007029","-1.8390142354007029","412","412","412"
"39648","11.424324028558603","11.424324028558603","11.424324028558603","413","413","413"
"39744","9.187174077495042","9.187174077495042","9.187174077495042","414","414","414"
"39840","0.27079583481031744","-8.66020325142038","9.201794921041015","415","415","415"
"39936","6.599298451526603","0.2931792911667915","12.905417611886413","416","416","416"
"40032","5.225166767857544","1.2930070813022556","9.157326454412834","417","417","417"
"40128","6.679278332344672","0.2931792911667915","13.065377373522551","418","418","418"
"40224","15.189490043098388","15.189490043098388","15.189490043098388","419","419","419"
"40320","0.26621082393516726","-8.66020325142038","9.192624899290715","420","420","420"
"40416","12.557972038673867","12.557972038673867","12.557972038673867","421","421","421"
"40512","0.2931792911667915","0.2931792911667915","0.2931792911667915","422","422","422"
"40608","10.53783613920281","10.53783613920281","10.53783613920281","423","423","423"
"40704","4.754948258222726","0.2633346826915011","9.24656183375395","424","424","424"
"40800","6.000291849934912","0.2931792911667915","11.707404408703031","425","425","425"
"40896","13.293379883537645","13.293379883537645","13.293379883537645","426","426","426"
"40992","0.2931792911667915","0.2931792911667915","0.2931792911667915","427","427","427"
"41088","3.1881063132699747","-2.691281556362265","9.067494182902214","428","428","428"
"41184","4.998631404359607","-1.841582354041235","11.838845162760448","429","429","429"
"41280","15.16182908911315","15.16182908911315","15.16182908911315","430","430","430"
"41376","10.882095301259419","7.764900234482758","13.999290368036078","431","431","431"
"41472","-1.0110881788061357","-8.66020325142038","6.638026893808109","432","432","432"
"41568","-2.630989418028347","-2.630989418028347","-2.630989418028347","433","433","433"
"41664","11.651246286062035","11.651246286062035","11.651246286062035","434","434","434"
"41760","2.380832914459459","-8.66020325142038","13.421869080339299","435","435","435"
"41856","2.591527970643374","-8.66020325142038","13.843259192707128","436","436","436"
"41952","9.24656183375395","9.24656183375395","9.24656183375395","437","437","437"
"42048","4.815541857248316","0.3836174986676703","9.247466215828963","438","438","438"
"42144","8.353519589183719","0.3836174986676703","16.323421679699766","439","439","439"
"42240","2.53175102233233","-4.138292876376355","9.201794921041015","440","440","440"
"42336","12.249452004810191","7.855338441983639","16.64356556763674","441","441","441"
"42432","2.458187244693966","-8.66020325142038","13.576577740808313","442","442","442"
"42528","9.233462906518891","1.5199325212322903","16.94699329180549","443","443","443"
"42624","8.04831739567692","0.29348075185846073","15.803154039495379","444","444","444"
"42720","6.455840780472867","-3.288173725868077","16.19985528681381","445","445","445"
"42816","3.2778662342145957","-2.691281556362266","9.247014024791458","446","446","446"
"42912","8.382670143346916","2.7399264801932652","14.025413806500566","447","447","447"
"43008","-0.36469644035819027","-0.36469644035819027","-0.36469644035819027","448","448","448"
"43104","6.737033512833455","0.2931792911667915","13.180887734500118","449","449","449"
"43200","7.525162543865058","0.3836174986676703","14.666707589062446","450","450","450"
"43296","-6.3992480638983675","-6.3992480638983675","-6.3992480638983675","451","451","451"
"43392","6.293929634653502","-4.205895436483263","16.793754705790267","452","452","452"
"43488","4.0369002618586345","4.0369002618586345","4.0369002618586345","453","453","453"
"43584","12.362282538247133","7.930810370704","16.793754705790267","454","454","454"
"43680","7.371271100696791","0.2931792911667915","14.449362910226789","455","455","455"
"43776","6.351297849015984","-4.205895436483262","16.90849113451523","456","456","456"
"43872","2.9695609166224615","1.214018183497486","4.725103649747437","457","457","457"
"43968","4.067192408382283","-8.66020325142038","16.794588068184947","458","458","458"
"44064","-4.183511980126794","-4.183511980126794","-4.183511980126794","459","459","459"
"44160","5.640470246885278","-1.8999472407295621","13.180887734500118","460","460","460"
"44256","-4.183511980126794","-4.183511980126794","-4.183511980126794","461","461","461"
"44352","-1.9587676432196144","-1.9587676432196144","-1.9587676432196144","462","462","462"
"44448","5.771101819264427","-4.183511980126794","15.725715618655649","463","463","463"
"44544","6.6489584893175","-3.6490763131704917","16.94699329180549","464","464","464"
"44640","4.318535680071603","-5.675742403891324","14.31281376403453","465","465","465"
"44736","3.9180809709560607","3.9180809709560607","3.9180809709560607","466","466","466"
"44832","12.172852427847602","7.398711563889714","16.94699329180549","467","467","467"
"44928","8.277320505653856","3.792417299389809","12.762223711917905","468","468","468"
"45024","7.8056248018360135","7.8056248018360135","7.8056248018360135","469","469","469"
"45120","13.280072240314844","8.071392885158263","18.488751595471424","470","470","470"
"45216","22.046850754301143","22.046850754301143","22.046850754301143","471","471","471"
"45312","6.058835785486929","-8.66020325142038","20.77787482239424","472","472","472"
"45408","7.186203103401017","4.725103649747437","9.647302557054598","473","473","473"
"45504","10.570288764159192","10.570288764159192","10.570288764159192","474","474","474"
"45600","7.993610749218346","7.993610749218346","7.993610749218346","475","475","475"
"45696","-2.6912815563622705","-2.6912815563622705","-2.6912815563622705","476","476","476"
"45792","14.032099273450367","8.716484264065258","19.347714282835476","477","477","477"
"45888","14.485994671920384","10.041422101728527","18.93056724211224","478","478","478"
"45984","14.405221722202466","10.377780356746696","18.432663087658234","479","479","479"
"46080","13.605310878305808","11.296021861528224","15.914599895083391","480","480","480"
"46176","22.476467176570697","22.476467176570697","22.476467176570697","481","481","481"
"46272","12.211643111649092","7.629531517507918","16.793754705790267","482","482","482"
"46368","13.013013528532758","13.013013528532758","13.013013528532758","483","483","483"
"46464","18.282985211777774","18.282985211777774","18.282985211777774","484","484","484"
"46560","7.561411081006828","3.977689570886204","11.145132591127451","485","485","485"
"46656","6.683583838615018","6.038788703250592","7.3283789739794445","486","486","486"
"46752","15.721955137085558","15.721955137085558","15.721955137085558","487","487","487"
"46848","21.33285134188842","21.33285134188842","21.33285134188842","488","488","488"
"46944","9.424220843399361","1.5337605002440757","17.314681186554647","489","489","489"
"47040","13.906857662395677","10.866722032985864","16.94699329180549","490","490","490"
"47136","7.896946138802218","7.896946138802218","7.896946138802218","491","491","491"
"47232","-0.11999310603829254","-0.11999310603829254","-0.11999310603829254","492","492","492"
"47328","12.014640977052238","12.014640977052238","12.014640977052238","493","493","493"
"47424","14.118886111583912","7.993610749218346","20.24416147394948","494","494","494"
"47520","12.958289402110235","11.813372319771128","14.103206484449341","495","495","495"
"47616","9.606922074908763","9.247466215828963","9.966377933988564","496","496","496"
"47712","16.714845716789025","11.252276774072074","22.177414659505978","497","497","497"
"47808","11.907696578446629","10.37862856029086","13.436764596602398","498","498","498"
"47904","8.296202371979437","7.255404702704041","9.337000041254834","499","499","499"
"48000","6.699436852220746","-0.40991554410863085","13.808789248550124","500","500","500"
"48096","11.73411831217334","7.769381722453144","15.698854901893538","501","501","501"
"48192","6.964747475196708","-8.66020325142038","22.589698201813796","502","502","502"
"48288","18.083747333444265","14.683328334915137","21.48416633197339","503","503","503"
"48384","17.41739736317939","17.41739736317939","17.41739736317939","504","504","504"
"48480","16.49401745227894","10.90615976626907","22.08187513828881","505","505","505"
"48576","12.449655006545875","7.512010712452113","17.387299300639636","506","506","506"
"48672","16.291971576292884","10.047874395716347","22.536068756869422","507","507","507"
"48768","10.99513101734287","7.193270922204446","14.796991112481292","508","508","508"
"48864","7.073335084364475","7.073335084364475","7.073335084364475","509","509","509"
"48960","16.68554870243386","16.652814627797817","16.718282777069902","510","510","510"
"49056","17.91188588634853","14.643301532233497","21.180470240463556","511","511","511"
"49152","14.387949922829826","12.890444333435536","15.885455512224116","512","512","512"
"49248","23.34487547826305","23.34487547826305","23.34487547826305","513","513","513"
"49344","14.824626368605397","14.824626368605397","14.824626368605397","514","514","514"
"49440","12.544041604102752","11.040106808737356","14.04797639946815","515","515","515"
"49536","11.034406662035217","7.916606434637833","14.152206889432598","516","516","516"
"49632","12.762732865192415","10.552691181006344","14.972774549378485","517","517","517"
"49728","18.483709057726333","9.524904918566907","27.44251319688576","518","518","518"
"49824","16.058665669828272","12.392327940333235","19.72500339932331","519","519","519"
"49920","13.756737073226942","13.756737073226942","13.756737073226942","520","520","520"
"50016","11.481416993639936","5.9254024879735","17.037431499306372","521","521","521"
"50112","17.121997083754444","8.155895895949064","26.088098271559826","522","522","522"
"50208","9.015417136209589","2.1679499294488354","15.862884342970343","523","523","523"
"50304","14.683328334915137","14.683328334915137","14.683328334915137","524","524","524"
"50400","0.20364546574092035","0.20364546574092035","0.20364546574092035","525","525","525"
"50496","9.806345115479765","7.545085201824042","12.067605029135485","526","526","526"
"50592","12.41753081522735","12.41753081522735","12.41753081522735","527","527","527"
"50688","17.276267043820077","10.142972861396979","24.409561226243174","528","528","528"
"50784","13.019303048279177","11.64890574384539","14.389700352712964","529","529","529"
"50880","9.525982827931013","0.2931792911667915","18.758786364695236","530","530","530"
"50976","18.168124172783166","11.306401797521627","25.029846548044702","531","531","531"
"51072","13.363697732659007","13.148713612990345","13.57868185232767","532","532","532"
"51168","6.307800572520593","-8.66020325142038","21.275804396461567","533","533","533"
"51264","17.899679116571754","9.078519175244987","26.72083905789852","534","534","534"
"51360","11.585948539787518","7.955882524180691","15.216014555394345","535","535","535"
"51456","21.47963901074062","14.660839339742285","28.29843868173895","536","536","536"
"51552","14.683328334915137","14.683328334915137","14.683328334915137","537","537","537"
"51648","18.471273770555843","14.930116492436662","22.012431048675026","538","538","538"
"51744","16.77853252199289","11.458406548081008","22.098658495904772","539","539","539"
"51840","19.236238408100263","14.562039695388545","23.91043712081198","540","540","540"
"51936","20.24438592736678","16.383183550456963","24.105588304276594","541","541","541"
"52032","15.710025042234452","13.01394228338905","18.406107801079855","542","542","542"
"52128","15.00386355725334","12.89251347926039","17.11521363524629","543","543","543"
"52224","12.129902375433186","12.114018890678189","12.145785860188184","544","544","544"
"52320","19.867488152195563","12.451246873368753","27.28372943102237","545","545","545"
"52416","14.776215540701113","11.138127422207985","18.41430365919424","546","546","546"
"52608","27.85761801925773","27.85761801925773","27.85761801925773","548","548","548"
"52704","14.48031427575626","11.021521146113558","17.93910740539896","549","549","549"
"52800","28.247196071949972","28.247196071949972","28.247196071949972","550","550","550"
"52896","16.747954607100063","14.34599534836316","19.149913865836968","551","551","551"
"52992","13.242509396068451","9.369805156890614","17.11521363524629","552","552","552"
"53088","19.83065865722246","12.225055130557758","27.436262183887166","553","553","553"
"53184","11.437353384481261","11.437353384481261","11.437353384481261","554","554","554"
"53280","7.832235759168839","0.3383983949172267","15.32607312342045","555","555","555"
"53376","17.41732568614177","8.837055959759477","25.997595412524063","556","556","556"
"53472","19.782800970021245","14.241864621461264","25.323737318581227","557","557","557"
"53568","16.579771991726997","14.279070688517276","18.880473294936717","558","558","558"
"53664","28.254159276298346","28.254159276298346","28.254159276298346","559","559","559"
"53760","13.101355328355266","13.101355328355266","13.101355328355266","560","560","560"
"53856","14.278461295276534","14.278461295276534","14.278461295276534","561","561","561"
"53952","15.79321451887095","10.941072386070973","20.64535665167093","562","562","562"
"54048","9.191355750444401","9.191355750444401","9.191355750444401","563","563","563"
"54144","7.996954781785253","7.355592657902836","8.63831690566767","564","564","564"
"54240","15.028865355706735","14.455787028680591","15.60194368273288","565","565","565"
"54336","21.447002325312486","15.940270161782225","26.953734488842745","566","566","566"
"54432","5.7511730505273935","2.752930534097808","8.74941556695698","567","567","567"
"54528","14.198140143290898","12.052546473875235","16.34373381270656","568","568","568"
"54624","11.047331538489775","-1.1521426447491958","23.246805721728744","569","569","569"
"54720","13.119447872530623","10.665037784420733","15.573857960640513","570","570","570"
"54816","6.711901693424582","0.3836174986676703","13.040185888181494","571","571","571"
"54912","3.5515082503622724","0.2931792911667915","6.809837209557753","572","572","572"
"55104","16.450269437937592","14.753557415627235","18.14698146024795","574","574","574"
"55200","2.997952826262269","-8.66020325142038","14.656108903944919","575","575","575"
"55296","19.663080118875108","13.167248368410107","26.158911869340113","576","576","576"
"55392","20.034392925453265","17.969807786773025","22.098978064133505","577","577","577"
"55488","16.396244047939867","7.910341679215154","24.882146416664582","578","578","578"
"55584","17.811438905387256","13.144981923456372","22.47789588731814","579","579","579"
"55680","9.842441907456541","9.842441907456541","9.842441907456541","580","580","580"
"55776","15.41591230465177","13.296024614672339","17.535799994631198","581","581","581"
"55872","20.71336317926088","12.788063019299804","28.638663339221957","582","582","582"
"55968","18.167221334081006","12.023688075688735","24.310754592473273","583","583","583"
"56064","11.771239894945305","8.713796414129522","14.828683375761088","584","584","584"
"56160","19.641449942021417","14.61643115905817","24.666468724984668","585","585","585"
"56256","27.506017957285884","27.506017957285884","27.506017957285884","586","586","586"
"56352","15.12313502704166","13.131056418837032","17.11521363524629","587","587","587"
"56448","8.80157899999146","7.7697685263797975","9.833389473603123","588","588","588"
"56544","16.076482345800155","16.076482345800155","16.076482345800155","589","589","589"
"56640","16.952046392637186","14.868397776503357","19.035695008771018","590","590","590"
"56736","21.043739908021657","20.201601683474813","21.885878132568497","591","591","591"
"56832","22.244158543514526","22.244158543514526","22.244158543514526","592","592","592"
"56928","21.391479996144447","21.391479996144447","21.391479996144447","593","593","593"
"57024","14.389837472630749","6.795287899493698","21.9843870457678","594","594","594"
"57120","18.45460185095132","16.945126369723084","19.964077332179556","595","595","595"
"57216","8.584052871439384","7.488253813040965","9.679851929837804","596","596","596"
"57312","10.095357567959718","10.095357567959718","10.095357567959718","597","597","597"
"57408","16.815219594209637","13.688665864282981","19.941773324136296","598","598","598"
"57504","13.997535540582488","0.11500697856930522","27.88006410259567","599","599","599"
"57600","11.652187770458951","4.243674998157855","19.06070054276005","600","600","600"
"57696","16.09044786636457","15.23390244092365","16.94699329180549","601","601","601"
"57792","22.39711525347343","17.740764096239506","27.053466410707358","602","602","602"
"57888","19.30537742518853","14.452934946914953","24.15781990346211","603","603","603"
"57984","12.106191911027818","1.4125023012041513","22.799881520851482","604","604","604"
"58080","20.387039509220934","18.03268122184161","22.741397796600253","605","605","605"
"58176","-2.2163490297537063","-8.66020325142038","4.227505191912968","606","606","606"
"58272","19.316835871647974","10.257812166811954","28.375859576483997","607","607","607"
"58368","18.59266352118572","10.740132353497494","26.445194688873944","608","608","608"
"58464","14.743234267650925","14.163994284053341","15.322474251248508","609","609","609"
"58560","21.268894510319775","15.33090555663156","27.206883464007994","610","610","610"
"58656","18.696333032927594","18.696333032927594","18.696333032927594","611","611","611"
"58752","18.11700930722888","14.640641162460652","21.593377451997107","612","612","612"
"58848","18.302867564448334","15.026902210926382","21.578832917970285","613","613","613"
"58944","21.373563227330067","18.705191109039575","24.041935345620562","614","614","614"
"59040","5.508801089661399","5.508801089661399","5.508801089661399","615","615","615"
"59136","9.801184263271022","9.766157490151171","9.836211036390871","616","616","616"
"59232","16.216261516555925","13.489009719752492","18.94351331335936","617","617","617"
"59328","8.721401694677223","8.240398906739864","9.20240448261458","618","618","618"
"59424","14.077155979706038","11.207318667606586","16.94699329180549","619","619","619"
"59520","3.317223647857006","3.317223647857006","3.317223647857006","620","620","620"
"59616","20.75827130413265","20.592779628467582","20.92376297979771","621","621","621"
"59712","16.869988977224974","16.869988977224974","16.869988977224974","622","622","622"
"59808","20.966963704561643","13.430504485370736","28.503422923752552","623","623","623"
"59904","9.521089556115381","7.347749679163412","11.694429433067352","624","624","624"
"60000","21.30331095147165","14.228864698130337","28.377757204812966","625","625","625"
"60096","7.6597573544843724","5.982514667713911","9.337000041254834","626","626","626"
"60192","12.47214856919311","7.633476869922725","17.310820268463495","627","627","627"
"60288","16.251137173938243","16.251137173938243","16.251137173938243","628","628","628"
"60384","20.251629958213066","19.58902775846273","20.914232157963404","629","629","629"
"60480","22.2537426138969","17.150802455370943","27.356682772422857","630","630","630"
"60576","13.979158671691033","0.2931792911667915","27.665138052215276","631","631","631"
"60672","22.038625795898998","15.759633361748643","28.31761823004935","632","632","632"
"60768","14.260823123039234","0.3836174986676703","28.138028747410797","633","633","633"
"60864","14.175417379777826","12.007100946849093","16.34373381270656","634","634","634"
"60960","17.319113960727055","12.002226901110555","22.636001020343556","635","635","635"
"61056","12.386040315399228","7.656866995552166","17.11521363524629","636","636","636"
"61152","16.511716922589144","14.828683375761088","18.194750469417205","637","637","637"
"61248","4.553114361836869","4.553114361836869","4.553114361836869","638","638","638"
"61344","23.226713413282823","18.116452894025777","28.336973932539866","639","639","639"
"61440","9.337000041254834","9.337000041254834","9.337000041254834","640","640","640"
"61536","6.195281639848769","6.195281639848769","6.195281639848769","641","641","641"
"61632","21.552006274275033","16.843061018856247","26.26095152969382","642","642","642"
"61728","2.9838909197396557","-8.66020325142038","14.627985090899692","643","643","643"
"61824","17.222474238935508","6.634308362106617","27.8106401157644","644","644","644"
"61920","14.85154867835594","14.85154867835594","14.85154867835594","645","645","645"
"62016","16.801516263818204","14.017727548785412","19.585304978850996","646","646","646"
"62112","17.33903974393789","13.53850230766205","21.139577180213724","647","647","647"
"62208","23.0219034658764","19.010753684771245","27.03305324698155","648","648","648"
"62304","19.435341342299914","18.163034987443133","20.70764769715669","649","649","649"
"62400","17.98648819141667","17.96134399450739","18.01163238832595","650","650","650"
"62496","23.035930335959442","19.158560472553255","26.91330019936563","651","651","651"
"62592","15.942328847124756","3.684198504565593","28.20045918968392","652","652","652"
"62688","25.32266988901732","25.32266988901732","25.32266988901732","653","653","653"
"62784","15.549192224563122","8.161831092659144","22.9365533564671","654","654","654"
"62880","23.71014116494274","19.71630374124576","27.703978588639725","655","655","655"
"62976","17.675917615073452","17.206937898056573","18.144897332090334","656","656","656"
"63072","19.788724357417284","18.00929273727589","21.56815597755868","657","657","657"
"63168","9.817353785405949","9.817353785405949","9.817353785405949","658","658","658"
"63264","19.60017852856514","16.836513005656258","22.363844051474025","659","659","659"
"63360","22.188826414271468","19.656497149040625","24.72115567950231","660","660","660"
"63456","17.909386084115383","13.80425613640373","22.014516031827032","661","661","661"
"63552","27.817147731017645","27.817147731017645","27.817147731017645","662","662","662"
"63648","22.433144810397494","22.433144810397494","22.433144810397494","663","663","663"
"63744","21.122096045477143","19.55095233559794","22.69323975535635","664","664","664"
"63840","5.431077925602402","-8.66020325142038","19.522359102625185","665","665","665"
"63936","-8.66020325142038","-8.66020325142038","-8.66020325142038","666","666","666"
"64032","22.818375786590405","19.674747747797635","25.962003825383174","667","667","667"
"64128","8.204701036597722","6.648556838727448","9.760845234467999","668","668","668"
"64224","18.339158131844684","14.305280954171026","22.373035309518343","669","669","669"
"64320","6.946688290867245","-8.66020325142038","22.55357983315487","670","670","670"
"64416","25.64370991498949","22.950445897439113","28.336973932539866","671","671","671"
"64512","16.889803955502323","16.166572549751336","17.613035361253313","672","672","672"
"64608","13.95332784925521","9.837326514501186","18.069329184009234","673","673","673"
"64704","19.527532664182573","13.8758350060059","25.179230322359246","674","674","674"
"64800","9.997320836132182","9.997320836132182","9.997320836132182","675","675","675"
"64896","8.65611057533604","0.3383983949172267","16.973822755754853","676","676","676"
"64992","15.594276995523323","4.272724295663407","26.915829695383238","677","677","677"
"65088","23.98298768553868","19.782409022137372","28.183566348939987","678","678","678"
"65184","22.93369026489365","18.652663202149405","27.214717327637896","679","679","679"
"65280","18.480114870924073","14.91912158326197","22.041108158586173","680","680","680"
"65376","12.238677353113017","-2.6309894180283466","27.10834412425438","681","681","681"
"65472","18.974315923857866","15.717683590949312","22.230948256766418","682","682","682"
"65568","10.746533836655356","4.3778540380644255","17.11521363524629","683","683","683"
"65664","16.93866051047045","14.70686936655905","19.170451654381846","684","684","684"
"65760","4.610795340276046","4.610795340276046","4.610795340276046","685","685","685"
"65856","22.786667026348507","19.224603573483403","26.34873047921361","686","686","686"
"65952","12.736740092031926","8.358266548817564","17.11521363524629","687","687","687"
"66048","10.663386103165346","10.663386103165346","10.663386103165346","688","688","688"
"66144","18.040923806247374","8.00704464213871","28.074802970356036","689","689","689"
"66240","18.480496678269308","8.240398906739864","28.72059444979875","690","690","690"
"66336","6.643055349362693","3.488139887362611","9.797970811362775","691","691","691"
"66432","18.918933925908163","9.311940468060627","28.5259273837557","692","692","692"
"66528","10.597707472744535","9.337000041254834","11.858414904234237","693","693","693"
"66624","20.711648024675853","14.85154867835594","26.571747370995766","694","694","694"
"66720","17.134809714562117","11.613887974751435","22.655731454372802","695","695","695"
"66816","22.926704342045745","19.724661924943643","26.128746759147845","696","696","696"
"66912","21.270146035478913","14.85154867835594","27.688743392601886","697","697","697"
"67008","20.874131739278948","13.503788677621044","28.24447480093685","698","698","698"
"67104","27.55126010030254","27.55126010030254","27.55126010030254","699","699","699"
"67200","17.336255541177756","14.500236336224678","20.17227474613083","700","700","700"
"67296","20.829225818149514","19.387320039030342","22.271131597268685","701","701","701"
"67392","5.068978731102237","4.227505191912954","5.91045227029152","702","702","702"
"67488","15.427037882958441","3.596675509091261","27.257400256825623","703","703","703"
"67584","20.32079226725822","17.714706758089058","22.926877776427382","704","704","704"
"67680","20.664957019945515","18.055919167510762","23.273994872380268","705","705","705"
"67776","22.47789588731814","22.47789588731814","22.47789588731814","706","706","706"
"67872","14.114586862162085","12.10075544498905","16.12841827933512","707","707","707"
"67968","11.19534789539474","11.19534789539474","11.19534789539474","708","708","708"
"68064","13.147366736271223","3.129459165920795","23.16527430662165","709","709","709"
"68160","15.330504831887946","12.063673869292074","18.59733579448382","710","710","710"
"68256","11.47860153792451","5.56909322799532","17.3881098478537","711","711","711"
"68352","16.85745808961733","12.291554444935045","21.42336173429962","712","712","712"
"68448","16.217281726234987","13.065903916674255","19.368659535795715","713","713","713"
"68544","20.14429923217126","13.636182188397873","26.65241627594465","714","714","714"
"68640","15.868876267404676","14.992533220052849","16.745219314756504","715","715","715"
"68736","22.648847341923542","17.505211175832997","27.792483508014083","716","716","716"
"68832","19.320980406702787","13.941992115538621","24.69996869786695","717","717","717"
"68928","20.482679384335576","17.217888217979485","23.74747055069167","718","718","718"
"69024","4.143395020192555","-8.66020325142038","16.94699329180549","719","719","719"
"69120","26.484742928107288","26.484742928107288","26.484742928107288","720","720","720"
"69216","11.892653202849283","-0.24918607938061843","24.034492485079184","721","721","721"
"69312","21.465805830339743","14.683328334915137","28.248283325764348","722","722","722"
"69408","22.339588949593534","18.542841761866942","26.13633613732012","723","723","723"
"69504","19.652963244070154","19.652963244070154","19.652963244070154","724","724","724"
"69600","15.563456409214403","8.161831092659144","22.96508172576966","725","725","725"
"69696","11.662076989850219","-4.183511980126794","27.507665959827232","726","726","726"
"69792","11.903843873677879","11.903843873677879","11.903843873677879","727","727","727"
"69888","18.075096423510715","14.332861100940407","21.81733174608102","728","728","728"
"69984","18.11551166941011","8.778000284744834","27.453023054075384","729","729","729"
"70080","15.232015708932034","13.348817782617779","17.11521363524629","730","730","730"
"70176","23.902703684580665","23.028544343892634","24.776863025268696","731","731","731"
"70272","19.722891792764216","16.57702245051286","22.868761135015575","732","732","732"
"70368","19.610666723348714","18.84294999671764","20.378383449979793","733","733","733"
"70464","8.108661807327968","7.035141299583347","9.18218231507259","734","734","734"
"70560","20.007411837435882","12.07104284556843","27.943780829303332","735","735","735"
"70656","16.868126564963042","10.225121020875218","23.511132109050862","736","736","736"
"70752","14.031119329442891","14.031119329442891","14.031119329442891","737","737","737"
"70848","21.527170646535524","15.53534567824399","27.51899561482706","738","738","738"
"70944","25.63214672430299","23.525311573927787","27.7389818746782","739","739","739"
"71040","21.679362511701417","15.134889765430634","28.223835257972198","740","740","740"
"71136","3.05045360971734","3.05045360971734","3.05045360971734","741","741","741"
"71232","22.587587898865536","19.58697355226899","25.588202245462085","742","742","742"
"71328","19.205406548488043","19.205406548488043","19.205406548488043","743","743","743"
"71424","16.276418313248005","14.686295845456993","17.866540781039017","744","744","744"
"71520","15.598080412637117","14.522475770582469","16.673685054691767","745","745","745"
"71616","12.109504265247415","12.109504265247415","12.109504265247415","746","746","746"
"71712","17.82168571570623","9.686780344538953","25.95659108687351","747","747","747"
"71808","13.923128654004348","9.247466215828963","18.598791092179734","748","748","748"
"71904","20.265483337133755","14.997689397342691","25.53327727692482","749","749","749"
"72000","13.084428268133006","9.337000041254834","16.831856495011177","750","750","750"
"72096","20.48247931071356","13.962911223701644","27.002047397725477","751","751","751"
"72192","6.001339000538977","6.001339000538977","6.001339000538977","752","752","752"
"72288","23.648179424314726","20.816431817597447","26.479927031032002","753","753","753"
"72384","22.26467251347726","21.424571327046625","23.1047736999079","754","754","754"
"72480","22.06862154221727","17.101185290019778","27.03605779441476","755","755","755"
"72576","16.672673958335608","9.10716457126152","24.2381833454097","756","756","756"
"72672","16.890006034403925","16.74258056950148","17.037431499306372","757","757","757"
"72768","13.262230132487716","9.337000041254834","17.1874602237206","758","758","758"
"72864","25.760835026376768","23.14514725035249","28.376522802401045","759","759","759"
"72960","21.75647302589789","20.606456189338246","22.906489862457537","760","760","760"
"73056","24.784705280385186","24.784705280385186","24.784705280385186","761","761","761"
"73152","20.774096156789177","13.788580057558407","27.75961225601995","762","762","762"
"73248","17.803724343412583","16.094290531857663","19.513158154967506","763","763","763"
"73344","21.06117588312241","19.25359063122924","22.868761135015575","764","764","764"
"73440","19.61985461491865","17.11521363524629","22.12449559459101","765","765","765"
"73536","22.850947765613984","19.791382960269733","25.910512570958236","766","766","766"
"73632","20.82890328554162","18.959931550358313","22.697875020724926","767","767","767"
"73728","19.725579418292064","18.835529905276495","20.615628931307633","768","768","768"
"73824","18.355444358410764","14.053091255748424","22.657797461073102","769","769","769"
"73920","14.169657725339047","14.169657725339047","14.169657725339047","770","770","770"
"74016","21.608382971836836","20.747118096890738","22.469647846782934","771","771","771"
"74112","17.246499577720318","17.246499577720318","17.246499577720318","772","772","772"
"74208","17.236533933022955","11.787795362468591","22.685272503577316","773","773","773"
"74304","18.348636276392607","8.161831092659144","28.535441460126073","774","774","774"
"74400","17.91168261609662","10.449241732045326","25.374123500147917","775","775","775"
"74496","21.394450789377796","19.865044669812427","22.923856908943165","776","776","776"
"74592","15.237075705753634","15.237075705753634","15.237075705753634","777","777","777"
"74688","15.399665306669416","9.101933826998435","21.697396786340395","778","778","778"
"74784","17.637886512272782","7.686852194267051","27.58892083027851","779","779","779"
"74880","18.50335388405162","11.4614707817571","25.54523698634614","780","780","780"
"74976","20.657370052311794","19.88673356141821","21.428006543205377","781","781","781"
"75072","20.70511179941749","13.593075867817337","27.817147731017645","782","782","782"
"75168","22.3039854800516","16.25882712405225","28.349143836050956","783","783","783"
"75264","17.387158861290658","7.724781177755699","27.049536544825617","784","784","784"
"75360","8.288892201076823","-8.66020325142038","25.237987653574027","785","785","785"
"75456","26.223636157945357","24.20572598601396","28.241546329876755","786","786","786"
"75552","17.47264211705634","12.062278768119015","22.88300546599366","787","787","787"
"75648","9.556637106129244","-2.6611354871953092","21.7744096994538","788","788","788"
"75744","24.426546304086145","24.426546304086145","24.426546304086145","789","789","789"
"75840","18.244661503681147","11.50668988550754","24.982633121854754","790","790","790"
"75936","18.95063312335604","14.295026327781775","23.60623991893031","791","791","791"
"76032","28.146071634350157","28.146071634350157","28.146071634350157","792","792","792"
"76128","12.193817253689673","-4.138292876376355","28.5259273837557","793","793","793"
"76224","22.982799360445448","22.982799360445448","22.982799360445448","794","794","794"
"76320","15.195896326178161","15.113190963538377","15.278601688817943","795","795","795"
"76416","28.303771439022242","28.303771439022242","28.303771439022242","796","796","796"
"76608","17.767988404504937","12.900349197647559","22.635627611362317","798","798","798"
"76704","24.42448530222976","20.488232029295993","28.360738575163523","799","799","799"
"76800","21.20000184062173","19.724752608541664","22.675251072701794","800","800","800"
"76896","14.393233567564575","13.335843744562007","15.450623390567145","801","801","801"
"76992","17.88511054760173","17.87327139429344","17.89694970091002","802","802","802"
"77088","19.674026708447695","13.916786938224966","25.431266478670423","803","803","803"
"77184","13.711421009971813","-0.2099021723402581","27.632744192283884","804","804","804"
"77280","22.342727315259676","20.071102599607137","24.614352030912215","805","805","805"
"77376","20.021045705836833","20.021045705836833","20.021045705836833","806","806","806"
"77472","8.78869947399735","8.240398906739864","9.337000041254834","807","807","807"
"77568","18.632082046086317","15.652755087547119","21.611409004625518","808","808","808"
"77664","24.653069334247892","24.653069334247892","24.653069334247892","809","809","809"
"77760","19.161936244805673","16.8148997852874","21.508972704323952","810","810","810"
"77856","21.3124171659119","14.027663857603489","28.59717047422031","811","811","811"
"77952","20.790842493303423","14.997689397342691","26.583995589264152","812","812","812"
"78048","16.781669108642944","12.545851124433062","21.01748709285283","813","813","813"
"78144","23.585312974822678","21.77362668200398","25.396999267641373","814","814","814"
"78240","21.547598946389044","14.225105249453843","28.87009264332424","815","815","815"
"78336","18.7433308045319","18.606132206842144","18.88052940222166","816","816","816"
"78432","3.9787366453994064","-8.66020325142038","16.617676542219193","817","817","817"
"78528","21.558105623077154","20.006596886567376","23.10961435958693","818","818","818"
"78624","24.188991597639788","20.024049666467157","28.35393352881242","819","819","819"
"78720","14.42574713628838","13.716604507146126","15.134889765430634","820","820","820"
"78816","19.1524891008944","12.689171042511198","25.6158071592776","821","821","821"
"78912","17.11521363524629","17.11521363524629","17.11521363524629","822","822","822"
"79008","22.034433561823633","19.780030195178295","24.288836928468967","823","823","823"
"79104","14.659669906383664","14.659669906383664","14.659669906383664","824","824","824"
"79200","18.740867801505885","18.740867801505885","18.740867801505885","825","825","825"
"79296","17.466073650577655","9.739877665774893","25.19226963538042","826","826","826"
"79392","24.05859614639173","20.414540157011228","27.702652135772233","827","827","827"
"79488","7.039518179417521","0.3836174986676703","13.695418860167372","828","828","828"
"79584","23.047445447453924","23.047445447453924","23.047445447453924","829","829","829"
"79680","20.361725383850573","20.361725383850573","20.361725383850573","830","830","830"
"79776","14.61643115905817","14.61643115905817","14.61643115905817","831","831","831"
"79872","23.045037803072514","19.38528172629657","26.70479387984846","832","832","832"
"79968","19.596470865445315","13.358681800069526","25.834259930821105","833","833","833"
"80064","16.699844618178425","5.419274327751056","27.980414908605795","834","834","834"
"80160","22.808292586297227","17.648969598505698","27.967615574088757","835","835","835"
"80256","13.142448857567668","13.142448857567668","13.142448857567668","836","836","836"
"80352","24.444925252402697","20.800492114561006","28.089358390244392","837","837","837"
"80448","20.095199031746088","15.400182332503556","24.79021573098862","838","838","838"
"80544","17.060097626914473","11.424965976982985","22.69522927684596","839","839","839"
"80640","18.927211335244394","9.671912664898489","28.182510005590302","840","840","840"
"80736","15.75869091692799","7.724781177755699","23.79260065610028","841","841","841"
"80832","25.6296759998185","25.6296759998185","25.6296759998185","842","842","842"
"80928","21.71285467426061","20.418331717352714","23.007377631168502","843","843","843"
"81024","23.368792236160893","19.36468303667027","27.37290143565151","844","844","844"
"81120","27.08467707285661","25.603899491409653","28.56545465430357","845","845","845"
"81216","21.76488702917329","19.14281748052373","24.386956577822854","846","846","846"
"81312","21.05848134778843","20.323115102263557","21.793847593313306","847","847","847"
"81408","23.530740237502343","19.86165749901488","27.199822975989804","848","848","848"
"81504","24.487233630847644","24.487233630847644","24.487233630847644","849","849","849"
"81600","24.420689298610736","23.94945206000186","24.89192653721961","850","850","850"
"81696","11.552265354096557","11.552265354096557","11.552265354096557","851","851","851"
"81792","13.911169600220067","13.414291549181582","14.40804765125855","852","852","852"
"81888","23.693594365086568","19.296579532581628","28.090609197591505","853","853","853"
"81984","18.5924503648976","17.50957728595965","19.675323443835556","854","854","854"
"82080","21.707687060999184","15.547553243155628","27.86782087884274","855","855","855"
"82176","24.434608453561967","24.434608453561967","24.434608453561967","856","856","856"
"82272","21.830474525845958","18.2323797961572","25.428569255534715","857","857","857"
"82368","21.344374231048253","14.92108459703888","27.767663865057624","858","858","858"
"82464","25.388223002884764","22.973321578128665","27.80312442764086","859","859","859"
"82560","28.606432459413913","28.606432459413913","28.606432459413913","860","860","860"
"82656","21.609298960341512","20.999414990808567","22.21918292987446","861","861","861"
"82752","18.780584995066057","17.11521363524629","20.445956354885823","862","862","862"
"82848","24.099851122068955","19.960838899218146","28.238863344919768","863","863","863"
"82944","26.89763452871124","26.89763452871124","26.89763452871124","864","864","864"
"83040","24.172159599764495","20.08777096088722","28.25654823864177","865","865","865"
"83136","15.146715627182768","13.178217619119248","17.11521363524629","866","866","866"
"83232","24.80001359175042","21.393519723593858","28.206507459906987","867","867","867"
"83328","9.687273917479503","-8.66020325142038","28.034751086379387","868","868","868"
"83424","23.026289344663553","21.298764560478016","24.753814128849086","869","869","869"
"83520","12.509645279519383","7.904076923792475","17.11521363524629","870","870","870"
"83616","25.131430082411605","24.89432613673258","25.368534028090632","871","871","871"
"83712","6.364657996596847","-8.66020325142038","21.389519244614075","872","872","872"
"83808","20.044496799171696","20.044496799171696","20.044496799171696","873","873","873"
"83904","22.104567468911277","21.73453334010304","22.474601597719513","874","874","874"
"84000","10.290287013160741","10.290287013160741","10.290287013160741","875","875","875"
"84096","21.868871458153244","20.946553906611733","22.791189009694754","876","876","876"
"84192","12.819877446793512","12.819877446793512","12.819877446793512","877","877","877"
"84288","16.064818144512873","16.064818144512873","16.064818144512873","878","878","878"
"84384","18.722057388704147","11.998215322779648","25.44589945462865","879","879","879"
"84480","0.3836174986676703","0.3836174986676703","0.3836174986676703","880","880","880"
"84576","16.151596426267098","12.01693191286553","20.28626093966867","881","881","881"
"84672","8.514747593939514","4.312008202703767","12.71748698517526","882","882","882"
"84768","19.466976886711567","19.466976886711567","19.466976886711567","883","883","883"
"84864","6.193726825486086","3.05045360971734","9.337000041254834","884","884","884"
"84960","10.58006665237098","4.044919669495673","17.11521363524629","885","885","885"
"85056","23.474443518706853","20.592779628467582","26.356107408946123","886","886","886"
"85152","1.4758231363078718","-8.66020325142038","11.611849524036124","887","887","887"
"85248","18.334241385505937","18.247863163700377","18.420619607311497","888","888","888"
"85344","16.770070240330327","16.770070240330327","16.770070240330327","889","889","889"
"85440","9.649469396482392","9.649469396482392","9.649469396482392","890","890","890"
"85536","23.027086451970053","19.889800256060077","26.16437264788003","891","891","891"
"85632","23.250493495525674","20.615133608033563","25.885853383017782","892","892","892"
"85728","12.553895182957223","7.992576730668158","17.11521363524629","893","893","893"
"85824","24.971149447110793","21.59346101107131","28.348837883150278","894","894","894"
"85920","9.469105212631675","7.40843262223231","11.529777803031038","895","895","895"
"86016","17.693927294471536","17.693927294471536","17.693927294471536","896","896","896"
"86112","13.226106838250562","13.226106838250562","13.226106838250562","897","897","897"
"86208","21.90927028439973","18.50132413325091","25.317216435548556","898","898","898"
"86304","14.80856646516243","14.80856646516243","14.80856646516243","899","899","899"
"86400","15.757773297531838","15.757773297531838","15.757773297531838","900","900","900"
"86496","25.33255937778428","25.33255937778428","25.33255937778428","901","901","901"
"86688","14.997689397342691","14.997689397342691","14.997689397342691","903","903","903"
"86784","18.306355031178608","18.306355031178608","18.306355031178608","904","904","904"
"86880","13.569536417297652","9.337000041254834","17.802072793340468","905","905","905"
"86976","24.835225986293544","24.835225986293544","24.835225986293544","906","906","906"
"87072","13.757465494623254","9.337000041254834","18.177930947991676","907","907","907"
"87168","25.173172183786495","25.173172183786495","25.173172183786495","908","908","908"
"87264","20.467735280284966","20.467735280284966","20.467735280284966","909","909","909"
"87360","5.665833839127535","-8.66020325142038","19.99187092967545","910","910","910"
"87456","17.11521363524629","17.11521363524629","17.11521363524629","911","911","911"
"87552","20.938745012260384","20.938745012260384","20.938745012260384","912","912","912"
"87648","12.986075454894824","9.337000041254834","16.63515086853481","913","913","913"
"87744","18.475583199214867","17.11521363524629","19.835952763183442","914","914","914"
"87840","20.860643137266543","18.04948043354536","23.671805840987723","915","915","915"
"87936","16.030766970662494","16.030766970662494","16.030766970662494","916","916","916"
"88032","24.88016060793941","20.88511014838803","28.875211067490792","917","917","917"
"88128","16.99180687875942","16.407034268569916","17.576579488948923","918","918","918"
"88224","-8.66020325142038","-8.66020325142038","-8.66020325142038","919","919","919"
"88320","14.507170288347186","14.507170288347186","14.507170288347186","920","920","920"
"88416","12.040733644703701","6.915501641948715","17.165965647458687","921","921","921"
"88512","15.754927409495433","13.852772786276958","17.65708203271391","922","922","922"
"88608","22.059463442031387","18.64250876488781","25.476418119174966","923","923","923"
"88704","20.104099957561974","11.579760245000918","28.628439670123033","924","924","924"
"88800","22.351683457170065","15.493766445346383","29.209600468993745","925","925","925"
"88896","14.997689397342691","14.997689397342691","14.997689397342691","926","926","926"
"88992","5.005657829226646","-8.66020325142038","18.671518909873672","927","927","927"
"89088","25.428421151539272","25.428421151539272","25.428421151539272","928","928","928"
"89184","-4.138292876376355","-8.66020325142038","0.3836174986676703","929","929","929"
"89280","24.540492493808976","20.18706573206441","28.893919255553545","930","930","930"
"89376","15.591901707726851","14.997689397342691","16.18611401811101","931","931","931"
"89472","13.50146338509795","13.50146338509795","13.50146338509795","932","932","932"
"89568","16.18611401811101","16.18611401811101","16.18611401811101","933","933","933"
"89664","12.91371549682639","2.2861013375593076","23.54132965609347","934","934","934"
"89760","19.700987242869783","19.700987242869783","19.700987242869783","935","935","935"
"89856","7.505801294783671","-8.66020325142038","23.671805840987723","936","936","936"
"89952","23.226370480653124","17.43984488130516","29.01289608000109","937","937","937"
"90048","17.55603076717486","17.55603076717486","17.55603076717486","938","938","938"
"90144","14.419334753711556","-0.294405183131059","29.13307469055417","939","939","939"
"90240","3.7647653709331745","0.3383983949172267","7.191132346949122","940","940","940"
"90336","21.369728960595378","21.369728960595378","21.369728960595378","941","941","941"
"90432","13.747835460486083","10.380457285725878","17.11521363524629","942","942","942"
"90528","11.35607409270205","5.930670141693581","16.781478043710518","943","943","943"
"90624","24.685438014146445","24.685438014146445","24.685438014146445","944","944","944"
"90816","20.767306654636972","20.767306654636972","20.767306654636972","946","946","946"
"91104","16.492801997440193","16.492801997440193","16.492801997440193","949","949","949"
"91200","18.32422783645153","17.11521363524629","19.533242037656773","950","950","950"
"91296","-4.183511980126794","-4.183511980126794","-4.183511980126794","951","951","951"
"91488","23.758684410672345","23.758684410672345","23.758684410672345","953","953","953"
"91584","22.820303302580395","22.820303302580395","22.820303302580395","954","954","954"
"91680","25.038978589990087","25.038978589990087","25.038978589990087","955","955","955"
"91776","7.155209050487601","-4.138292876376355","18.448710977351556","956","956","956"
"91968","8.49932153775526","8.49932153775526","8.49932153775526","958","958","958"
"92064","14.683328334915137","14.683328334915137","14.683328334915137","959","959","959"
"92160","17.460650848564907","9.337000041254834","25.58430165587498","960","960","960"
"92256","13.226106838250562","13.226106838250562","13.226106838250562","961","961","961"
"92352","13.03800439365374","8.960795152061193","17.11521363524629","962","962","962"
"92448","25.30319753445482","25.30319753445482","25.30319753445482","963","963","963"
"92544","0.3383983949172267","-8.66020325142038","9.337000041254834","964","964","964"
"92640","17.466416565739443","17.11521363524629","17.817619496232595","965","965","965"
"92736","25.83682386120199","25.83682386120199","25.83682386120199","966","966","966"
"92832","12.391191550128328","12.391191550128328","12.391191550128328","967","967","967"
"92928","21.11841816028396","21.11841816028396","21.11841816028396","968","968","968"
"93024","14.788573510121985","14.788573510121985","14.788573510121985","969","969","969"
"93120","17.90590991593602","12.205579912941735","23.60623991893031","970","970","970"
"93216","9.20037523028915","-4.138292876376355","22.539043336954656","971","971","971"
"93312","22.653022581348452","20.1779612305236","25.128083932173308","972","972","972"
"93408","20.41134476123973","20.41134476123973","20.41134476123973","973","973","973"
"93504","21.41228071215472","13.633220929484267","29.191340494825173","974","974","974"
"93600","24.410223507220135","19.742640671602338","29.07780634283793","975","975","975"
"93696","7.417091475335197","0.24931223861848778","14.584870712051906","976","976","976"
"93888","14.216510766752151","9.337000041254834","19.09602149224947","978","978","978"
"93984","7.9818590597323915","7.9818590597323915","7.9818590597323915","979","979","979"
"94080","12.334746343743268","12.334746343743268","12.334746343743268","980","980","980"
"94176","16.34799459588523","16.34799459588523","16.34799459588523","981","981","981"
"94272","13.226106838250562","13.226106838250562","13.226106838250562","982","982","982"
"94368","-4.138292876376355","-4.138292876376355","-4.138292876376355","983","983","983"
"94464","21.874847805171008","19.061561983345488","24.688133626996528","984","984","984"
"94560","26.11843257187035","23.56745032120646","28.66941482253424","985","985","985"
"94656","7.505801294783671","7.505801294783671","7.505801294783671","986","986","986"
"94752","12.973193255937515","12.973193255937515","12.973193255937515","987","987","987"
"94848","19.80560684743183","18.893662543954385","20.717551150909273","988","988","988"
"94944","17.68216327813562","17.68216327813562","17.68216327813562","989","989","989"
"95040","8.240398906739864","8.240398906739864","8.240398906739864","990","990","990"
"95136","9.024180825178249","4.227505191912954","13.820856458443542","991","991","991"
"95232","25.641837685256988","25.641837685256988","25.641837685256988","992","992","992"
"95328","26.085774435177242","22.803731004595154","29.367817865759328","993","993","993"
"95424","24.65101690222479","24.65101690222479","24.65101690222479","994","994","994"
"95520","23.16698944505235","23.16698944505235","23.16698944505235","995","995","995"
"95616","22.082984572481294","22.082984572481294","22.082984572481294","996","996","996"
"95712","25.08464712986466","25.08464712986466","25.08464712986466","997","997","997"
"95808","-8.66020325142038","-8.66020325142038","-8.66020325142038","998","998","998"
"95904","20.075714847694933","19.22587851287634","20.925551182513523","999","999","999"
"96000","27.23911073290642","25.584302210259295","28.893919255553545","1000","1000","1000"
"96096","20.89107238975187","12.649070088949571","29.13307469055417","1001","1001","1001"
"96192","12.629694205039767","8.144174774833246","17.11521363524629","1002","1002","1002"
"96288","14.315543456954725","14.315543456954725","14.315543456954725","1003","1003","1003"
"96384","25.450020808036577","25.450020808036577","25.450020808036577","1004","1004","1004"
"96480","25.364175998892314","25.364175998892314","25.364175998892314","1005","1005","1005"
"96576","24.459672185512243","23.671805840987723","25.247538530036763","1006","1006","1006"
"96672","17.11521363524629","17.11521363524629","17.11521363524629","1007","1007","1007"
"96768","26.42057408131873","23.828252082636368","29.01289608000109","1008","1008","1008"
"96864","23.148397502730287","22.977482191601574","23.319312813859","1009","1009","1009"
"96960","15.134889765430634","15.134889765430634","15.134889765430634","1010","1010","1010"
"97056","8.74941556695698","0.3836174986676703","17.11521363524629","1011","1011","1011"
"97152","0.3836174986676703","0.3836174986676703","0.3836174986676703","1012","1012","1012"
"97248","17.07349764140449","17.031781647562692","17.11521363524629","1013","1013","1013"
"97344","27.447880496170313","25.8179546495027","29.07780634283793","1014","1014","1014"
"97440","13.135465144255319","13.044823450260076","13.226106838250562","1015","1015","1015"
"97536","22.680664322470296","22.680664322470296","22.680664322470296","1016","1016","1016"
"97632","25.845456636653783","25.845456636653783","25.845456636653783","1017","1017","1017"
"97728","15.35477684120525","9.58969898657615","21.119854695834352","1018","1018","1018"
"97824","4.227505191912954","-8.66020325142038","17.11521363524629","1019","1019","1019"
"97920","-8.66020325142038","-8.66020325142038","-8.66020325142038","1020","1020","1020"
"98016","25.50068694863941","25.50068694863941","25.50068694863941","1021","1021","1021"
"98208","20.010945195931743","20.010945195931743","20.010945195931743","1023","1023","1023"
"98304","18.591428574285978","17.11521363524629","20.06764351332567","1024","1024","1024"
"98400","26.02113061160828","26.02113061160828","26.02113061160828","1025","1025","1025"
"98496","19.7854960093282","19.35704299543242","20.21394902322398","1026","1026","1026"
"98592","13.215643165116507","9.337000041254834","17.09428628897818","1027","1027","1027"
"98688","12.524733469195171","12.524733469195171","12.524733469195171","1028","1028","1028"
"98784","2.5993535824392393","-4.138292876376355","9.337000041254834","1029","1029","1029"
"98880","18.07216457104474","18.07216457104474","18.07216457104474","1030","1030","1030"
"98976","18.66499864418923","18.66499864418923","18.66499864418923","1031","1031","1031"
"99072","25.99565126400901","25.63185487020553","26.35944765781249","1032","1032","1032"
"99168","21.955330379102584","18.29012157866594","25.620539179539232","1033","1033","1033"
"99264","24.222111984206308","19.463362697873755","28.980861270538863","1034","1034","1034"
"99360","16.79985925155513","16.79985925155513","16.79985925155513","1035","1035","1035"
"99456","23.101935117951278","23.101935117951278","23.101935117951278","1036","1036","1036"
"99552","7.0996416278552275","-8.66020325142038","22.859486507130836","1037","1037","1037"
"99648","13.119394393107392","13.119394393107392","13.119394393107392","1038","1038","1038"
"99744","25.57535623566872","25.57535623566872","25.57535623566872","1039","1039","1039"
"99840","13.624386828695378","13.624386828695378","13.624386828695378","1040","1040","1040"
"99936","10.636027381933795","10.636027381933795","10.636027381933795","1041","1041","1041"
"100032","27.402454369180855","25.77042064530213","29.03448809305958","1042","1042","1042"
"100128","17.315333781575696","9.337000041254834","25.29366752189656","1043","1043","1043"
"100224","25.284457365394935","25.284457365394935","25.284457365394935","1044","1044","1044"
"100320","25.51265138405088","25.51265138405088","25.51265138405088","1045","1045","1045"
"100416","21.282909037382716","17.11521363524629","25.450604439519147","1046","1046","1046"
"100512","20.22522830045618","16.778650759924638","23.671805840987723","1047","1047","1047"
"100608","-8.66020325142038","-8.66020325142038","-8.66020325142038","1048","1048","1048"
"100704","24.10600008124633","24.10600008124633","24.10600008124633","1049","1049","1049"
"100800","22.04216716925648","20.412528497525233","23.671805840987723","1050","1050","1050"
"100896","19.171248675252407","13.226106838250562","25.116390512254256","1051","1051","1051"
"100992","17.779270207893273","16.594388426484986","18.96415198930156","1052","1052","1052"
"101088","18.499130140263635","18.499130140263635","18.499130140263635","1053","1053","1053"
"101184","4.182738279200031","4.182738279200031","4.182738279200031","1054","1054","1054"
"101280","25.681381900042812","25.681381900042812","25.681381900042812","1055","1055","1055"
"101376","25.47886116750533","25.47886116750533","25.47886116750533","1056","1056","1056"
"101472","15.134889765430634","15.134889765430634","15.134889765430634","1057","1057","1057"
"101568","11.687644336085249","11.687644336085249","11.687644336085249","1058","1058","1058"
"101664","11.402772871888942","11.402772871888942","11.402772871888942","1059","1059","1059"
"101760","24.710068371412106","24.710068371412106","24.710068371412106","1060","1060","1060"
"101856","7.093919526762264","-8.66020325142038","22.848042304944908","1061","1061","1061"
"101952","25.317216435548556","25.317216435548556","25.317216435548556","1062","1062","1062"
"102048","8.817826761775711","0.3383983949172267","17.297255128634195","1063","1063","1063"
"102144","25.204100494870705","25.204100494870705","25.204100494870705","1064","1064","1064"
"102240","23.1422698336941","23.1422698336941","23.1422698336941","1065","1065","1065"
"102336","23.50742021933589","21.314886112002977","25.699954326668802","1066","1066","1066"
"102432","20.331288148691684","20.331288148691684","20.331288148691684","1067","1067","1067"
"102528","20.229195650484115","20.229195650484115","20.229195650484115","1068","1068","1068"
"102624","24.582730314281932","23.477068495885","25.688392132678864","1069","1069","1069"
"102720","21.589069081841956","17.11521363524629","26.06292452843762","1070","1070","1070"
"102816","19.790933205511696","19.790933205511696","19.790933205511696","1071","1071","1071"
"102912","20.456826567572776","20.456826567572776","20.456826567572776","1072","1072","1072"
"103008","15.721530172307565","2.2444197320035424","29.198640612611587","1073","1073","1073"
"103104","25.96345695948768","25.96345695948768","25.96345695948768","1074","1074","1074"
"103200","20.877608998024826","20.877608998024826","20.877608998024826","1075","1075","1075"
"103296","23.045219820523982","22.903957232788898","23.18648240825907","1076","1076","1076"
"103392","25.676773903626586","25.676773903626586","25.676773903626586","1077","1077","1077"
"103488","3.1687430729611554","-8.66020325142038","14.997689397342691","1078","1078","1078"
"103584","25.347506682553956","25.347506682553956","25.347506682553956","1079","1079","1079"
"103680","19.69400690357961","19.69400690357961","19.69400690357961","1080","1080","1080"
"103776","23.948828515118567","23.948828515118567","23.948828515118567","1081","1081","1081"
"103872","11.998398465083996","6.881583294921704","17.11521363524629","1082","1082","1082"
"103968","23.09498867373518","20.393509738117004","25.79646760935336","1083","1083","1083"
"104064","16.516958389510943","16.516958389510943","16.516958389510943","1084","1084","1084"
"104160","26.217624455823508","26.217624455823508","26.217624455823508","1085","1085","1085"
"104256","21.899021144126333","20.256712632159196","23.54132965609347","1086","1086","1086"
"104352","25.48982867220578","25.48982867220578","25.48982867220578","1087","1087","1087"
"104448","17.067669704676835","17.067669704676835","17.067669704676835","1088","1088","1088"
"104544","16.756815051038505","16.756815051038505","16.756815051038505","1089","1089","1089"
"104640","12.51652294299751","12.51652294299751","12.51652294299751","1090","1090","1090"
"104736","24.18777645102729","23.41344994727861","24.962102954775972","1091","1091","1091"
"104832","0.3836174986676703","0.3836174986676703","0.3836174986676703","1092","1092","1092"
"104928","8.282179948069343","-8.66020325142038","25.224563147559067","1093","1093","1093"
"105024","16.401764236938","4.312008202703767","28.491520271172234","1094","1094","1094"
"105120","8.149960699238983","8.149960699238983","8.149960699238983","1095","1095","1095"
"105216","2.658917651508972","-8.66020325142038","13.978038554438324","1096","1096","1096"
"105312","21.115545194362184","13.207999710125513","29.023090678598855","1097","1097","1097"
"105408","-4.138292876376355","-4.138292876376355","-4.138292876376355","1098","1098","1098"
"105504","21.157169329376174","21.157169329376174","21.157169329376174","1099","1099","1099"
"105600","25.4866550046082","25.4866550046082","25.4866550046082","1100","1100","1100"
"105696","18.392006296439625","8.475833666468283","28.308178926410967","1101","1101","1101"
"105792","12.902191065990463","12.902191065990463","12.902191065990463","1102","1102","1102"
"105888","4.312008202703767","4.312008202703767","4.312008202703767","1103","1103","1103"
"105984","25.89537222756953","25.89537222756953","25.89537222756953","1104","1104","1104"
"106080","14.36124003159048","8.42633899761532","20.296141065565642","1105","1105","1105"
"106176","26.303159427679226","25.737727241932784","26.868591613425664","1106","1106","1106"
"106272","24.623843492920443","23.445259221581807","25.80242776425908","1107","1107","1107"
"106368","8.850847576807572","8.36469511236031","9.337000041254834","1108","1108","1108"
"106464","0.3383983949172267","0.3383983949172267","0.3383983949172267","1109","1109","1109"
"106560","24.50172555870703","20.206156586064957","28.7972945313491","1110","1110","1110"
"106656","23.142302695232654","23.142302695232654","23.142302695232654","1111","1111","1111"
"106752","25.88008297512571","22.79124377924925","28.968922171002173","1112","1112","1112"
"106848","13.14840358748213","13.14840358748213","13.14840358748213","1113","1113","1113"
"106944","20.966305723081582","20.966305723081582","20.966305723081582","1114","1114","1114"
"107040","25.783147644104545","25.783147644104545","25.783147644104545","1115","1115","1115"
"107136","4.860308769961252","0.3836174986676703","9.337000041254834","1116","1116","1116"
"107328","17.344125278457735","5.912118357564997","28.776132199350474","1118","1118","1118"
"107424","25.55552619996533","22.334920200580182","28.776132199350474","1119","1119","1119"
"107520","14.727461016964657","4.227505191912954","25.22741684201636","1120","1120","1120"
"107616","8.506206611394324","-8.66020325142038","25.67261647420903","1121","1121","1121"
"107712","13.303962395627785","13.303962395627785","13.303962395627785","1122","1122","1122"
"107808","23.122755093120787","22.892314228890264","23.35319595735131","1123","1123","1123"
"107904","21.56905405784716","19.724658168415715","23.41344994727861","1124","1124","1124"
"108000","12.888144694499184","12.888144694499184","12.888144694499184","1125","1125","1125"
"108096","21.5545966275485","17.11521363524629","25.993979619850712","1126","1126","1126"
"108288","20.392229819194252","20.392229819194252","20.392229819194252","1128","1128","1128"
"108384","0.2931792911667915","0.2931792911667915","0.2931792911667915","1129","1129","1129"
"108480","-8.66020325142038","-8.66020325142038","-8.66020325142038","1130","1130","1130"
"108576","21.58466505396123","17.11521363524629","26.054116472676178","1131","1131","1131"
"108672","22.348997226007107","21.34721195604033","23.35078249597389","1132","1132","1132"
"108768","17.785282299200915","17.785282299200915","17.785282299200915","1133","1133","1133"
"108960","23.249257960176024","23.249257960176024","23.249257960176024","1135","1135","1135"
"109056","22.43527880600597","22.43527880600597","22.43527880600597","1136","1136","1136"
"109152","23.89559736278271","21.690768390663965","26.10042633490145","1137","1137","1137"
"109248","8.604415364356118","0.2931792911667915","16.915651437545446","1138","1138","1138"
"109344","13.114537067660727","13.114537067660727","13.114537067660727","1139","1139","1139"
"109632","8.240398906739864","8.240398906739864","8.240398906739864","1142","1142","1142"
"109728","8.240398906739864","8.240398906739864","8.240398906739864","1143","1143","1143"
"109824","20.29269220664986","11.862879036469966","28.72250537682975","1144","1144","1144"
"109920","24.381513279383853","22.997053963180853","25.76597259558685","1145","1145","1145"
"110016","12.190725799592293","9.337000041254834","15.044451557929754","1146","1146","1146"
"110112","25.685544214065963","22.52070334248732","28.850385085644607","1147","1147","1147"
"110304","19.99042976101421","19.99042976101421","19.99042976101421","1149","1149","1149"
"110400","17.571836095887264","9.337000041254834","25.80667215051969","1150","1150","1150"
"110496","20.88843726519992","20.88843726519992","20.88843726519992","1151","1151","1151"
"110592","0.2931792911667915","0.2931792911667915","0.2931792911667915","1152","1152","1152"
"110688","13.226106838250562","13.226106838250562","13.226106838250562","1153","1153","1153"
"110784","20.441949753173212","20.441949753173212","20.441949753173212","1154","1154","1154"
"110880","28.767318343826837","28.767318343826837","28.767318343826837","1155","1155","1155"
"110976","24.14056145111694","22.615441180772663","25.66568172146122","1156","1156","1156"
"111072","10.678797770769373","10.678797770769373","10.678797770769373","1157","1157","1157"
"111168","24.47707501726724","24.47707501726724","24.47707501726724","1158","1158","1158"
"111264","18.235343575006212","18.235343575006212","18.235343575006212","1159","1159","1159"
"111360","14.436125577091467","13.226106838250562","15.646144315932373","1160","1160","1160"
"111456","21.12394425285275","17.11521363524629","25.13267487045921","1161","1161","1161"
"111552","19.455339108851103","19.455339108851103","19.455339108851103","1162","1162","1162"
"111648","19.440261955403606","13.226106838250562","25.654417072556654","1163","1163","1163"
"111744","26.556073158460308","24.34482797309378","28.767318343826837","1164","1164","1164"
"111840","25.90416031484753","25.90416031484753","25.90416031484753","1165","1165","1165"
"111936","14.271422030291305","14.271422030291305","14.271422030291305","1166","1166","1166"
"112032","20.995609320858723","20.995609320858723","20.995609320858723","1167","1167","1167"
"112128","23.60623991893031","23.60623991893031","23.60623991893031","1168","1168","1168"
"112224","17.442766195827183","9.337000041254834","25.54853235039953","1169","1169","1169"
"112320","14.350416887905663","9.337000041254834","19.363833734556493","1170","1170","1170"
"112416","18.705687092592242","18.705687092592242","18.705687092592242","1171","1171","1171"
"112512","8.67636878701366","8.67636878701366","8.67636878701366","1172","1172","1172"
"112608","14.930116492436662","14.930116492436662","14.930116492436662","1173","1173","1173"
"112704","8.240398906739864","8.240398906739864","8.240398906739864","1174","1174","1174"
"112800","23.030582776180186","23.030582776180186","23.030582776180186","1175","1175","1175"
"112896","0.3836174986676703","0.3836174986676703","0.3836174986676703","1176","1176","1176"
"112992","20.549173362459157","20.549173362459157","20.549173362459157","1177","1177","1177"
"113088","19.67816453102468","19.67816453102468","19.67816453102468","1178","1178","1178"
"113184","17.977191061021824","17.977191061021824","17.977191061021824","1179","1179","1179"
"113280","1.7480250469392327","0.2931792911667915","3.202870802711674","1180","1180","1180"
"113376","20.32003826600687","17.11521363524629","23.524862896767452","1181","1181","1181"
"113472","22.539759728498556","22.539759728498556","22.539759728498556","1182","1182","1182"
"113568","7.847712662889836","7.847712662889836","7.847712662889836","1183","1183","1183"
"113664","22.210976488133152","22.210976488133152","22.210976488133152","1184","1184","1184"
"113760","28.553872810661357","28.553872810661357","28.553872810661357","1185","1185","1185"
"113856","23.41344994727861","23.41344994727861","23.41344994727861","1186","1186","1186"
"113952","17.11521363524629","17.11521363524629","17.11521363524629","1187","1187","1187"
"114048","16.780019099125372","9.337000041254834","24.22303815699591","1188","1188","1188"
"114144","17.11521363524629","17.11521363524629","17.11521363524629","1189","1189","1189"
"114240","20.446456914360134","20.446456914360134","20.446456914360134","1190","1190","1190"
"114336","23.876891760978985","23.477068495885","24.27671502607297","1191","1191","1191"
"114432","4.860308769961252","0.3836174986676703","9.337000041254834","1192","1192","1192"
"114624","2.2896694447953214","-8.66020325142038","13.239542141011023","1194","1194","1194"
"114720","4.2697566973083605","4.227505191912954","4.312008202703767","1195","1195","1195"
"114816","5.872784916620364","5.872784916620364","5.872784916620364","1196","1196","1196"
"114912","26.122820129084236","26.122820129084236","26.122820129084236","1197","1197","1197"
"115008","25.835215406260623","25.835215406260623","25.835215406260623","1198","1198","1198"
"115104","13.720083512804399","5.93067014169358","21.50949688391522","1199","1199","1199"
"115200","25.647437791138003","25.647437791138003","25.647437791138003","1200","1200","1200"
"115296","27.36563433519254","25.78263375059245","28.948634919792624","1201","1201","1201"
"115392","23.282239648958004","23.282239648958004","23.282239648958004","1202","1202","1202"
"115488","19.54069045370271","19.54069045370271","19.54069045370271","1203","1203","1203"
"115584","20.495904626325093","20.495904626325093","20.495904626325093","1204","1204","1204"
"115680","23.184840430856333","23.184840430856333","23.184840430856333","1205","1205","1205"
"115776","22.23277763546113","22.23277763546113","22.23277763546113","1206","1206","1206"
"115872","19.47587422153421","19.47587422153421","19.47587422153421","1207","1207","1207"
"115968","10.939885938253548","10.939885938253548","10.939885938253548","1208","1208","1208"
"116064","15.692263237383097","15.692263237383097","15.692263237383097","1209","1209","1209"
"116160","20.848786047276967","20.848786047276967","20.848786047276967","1210","1210","1210"
"116256","15.898819001831171","14.682424368416054","17.11521363524629","1211","1211","1211"
"116352","5.772450168313366","4.227505191912954","7.317395144713779","1212","1212","1212"
"116448","12.45576557113449","12.45576557113449","12.45576557113449","1213","1213","1213"
"116544","25.235513601517503","21.06455422944563","29.40647297358938","1214","1214","1214"
"116640","20.892057013005243","20.892057013005243","20.892057013005243","1215","1215","1215"
"116736","16.98396080375316","16.98396080375316","16.98396080375316","1216","1216","1216"
"116832","19.086093965676046","17.778678193235088","20.393509738117004","1217","1217","1217"
"116928","8.853044707556236","0.2931792911667915","17.412910123945682","1218","1218","1218"
"117024","15.134889765430634","15.134889765430634","15.134889765430634","1219","1219","1219"
"117120","21.496289371525066","19.320772902062412","23.671805840987723","1220","1220","1220"
"117216","13.929287856477266","9.337000041254834","18.5215756716997","1221","1221","1221"
"117312","17.266938446859573","9.337000041254834","25.196876852464314","1222","1222","1222"
"117504","20.843369826696016","12.9660749245336","28.72066472885843","1224","1224","1224"
"117696","25.370167236406054","25.370167236406054","25.370167236406054","1226","1226","1226"
"117792","8.240398906739864","8.240398906739864","8.240398906739864","1227","1227","1227"
"117888","25.654417072556654","25.654417072556654","25.654417072556654","1228","1228","1228"
"117984","17.94362949001534","16.504402941121278","19.382856038909406","1229","1229","1229"
"118080","23.563160365212635","23.563160365212635","23.563160365212635","1230","1230","1230"
"118176","18.998261527482132","18.998261527482132","18.998261527482132","1231","1231","1231"
"118272","22.842657036030317","22.842657036030317","22.842657036030317","1232","1232","1232"
"118368","8.877808442704499","8.418616844154165","9.337000041254834","1233","1233","1233"
"118464","14.414310375646432","0.2931792911667915","28.535441460126073","1234","1234","1234"
"118560","24.80232845841283","20.656021997033037","28.948634919792624","1235","1235","1235"
"118656","10.648749861704408","4.1822860881625274","17.11521363524629","1236","1236","1236"
"118752","20.88649889992374","20.88649889992374","20.88649889992374","1237","1237","1237"
"118848","-8.66020325142038","-8.66020325142038","-8.66020325142038","1238","1238","1238"
"118944","16.96517673725806","14.900600765473826","19.02975270904229","1239","1239","1239"
"119040","20.873927949041484","20.873927949041484","20.873927949041484","1240","1240","1240"
"119136","19.770351571919733","11.00526168371339","28.535441460126073","1241","1241","1241"
"119232","24.470798780554944","21.124449830092246","27.817147731017645","1242","1242","1242"
"119328","19.85990511737284","19.85990511737284","19.85990511737284","1243","1243","1243"
"119424","17.144614808793122","17.11521363524629","17.17401598233996","1244","1244","1244"
"119520","15.543393501252343","9.337000041254834","21.749786961249853","1245","1245","1245"
"119616","23.765167401682902","23.765167401682902","23.765167401682902","1246","1246","1246"
"119712","26.40244026577095","26.40244026577095","26.40244026577095","1247","1247","1247"
"119808","9.337000041254834","9.337000041254834","9.337000041254834","1248","1248","1248"
"119904","24.914367892256884","24.914367892256884","24.914367892256884","1249","1249","1249"
"120000","20.179407614585454","17.159229925851328","23.19958530331958","1250","1250","1250"
"120096","19.416350485893986","19.416350485893986","19.416350485893986","1251","1251","1251"
"120192","9.709057201507607","0.2931792911667915","19.124935111848423","1252","1252","1252"
"120288","18.69246672112935","17.11521363524629","20.26971980701241","1253","1253","1253"
"120384","13.09029748690958","9.337000041254834","16.84359493256433","1254","1254","1254"
"120480","20.14296458501715","17.11521363524629","23.170715534788012","1255","1255","1255"
"120576","5.6214717707158","5.6214717707158","5.6214717707158","1256","1256","1256"
"120672","25.72336198114356","25.72336198114356","25.72336198114356","1257","1257","1257"
"120768","15.543316457891539","9.337000041254834","21.749632874528242","1258","1258","1258"
"120864","25.306554695809844","23.089541439388906","27.523567952230778","1259","1259","1259"
"120960","18.476774371485007","8.240398906739864","28.71314983623015","1260","1260","1260"
"121056","16.34373381270656","16.34373381270656","16.34373381270656","1261","1261","1261"
"121152","17.364816654678297","17.364816654678297","17.364816654678297","1262","1262","1262"
"121248","21.539335297366982","17.11521363524629","25.96345695948768","1263","1263","1263"
"121344","21.030081775152176","21.030081775152176","21.030081775152176","1264","1264","1264"
"121440","24.459742193949836","22.94567291729838","25.973811470601294","1265","1265","1265"
"121536","0.3836174986676703","0.3836174986676703","0.3836174986676703","1266","1266","1266"
"121632","24.120780772176744","24.120780772176744","24.120780772176744","1267","1267","1267"
"121728","21.507148277635977","17.11521363524629","25.899082920025663","1268","1268","1268"
"121824","23.531400343477657","23.531400343477657","23.531400343477657","1269","1269","1269"
"121920","13.24491565501645","7.28724907554682","19.20258223448608","1270","1270","1270"
"122016","9.337000041254834","9.337000041254834","9.337000041254834","1271","1271","1271"
"122112","20.848786047276967","20.848786047276967","20.848786047276967","1272","1272","1272"
"122208","18.981999841261626","17.11521363524629","20.848786047276967","1273","1273","1273"
"122304","0.3836174986676703","0.3836174986676703","0.3836174986676703","1274","1274","1274"
"122400","-8.66020325142038","-8.66020325142038","-8.66020325142038","1275","1275","1275"
"122496","14.234287959776484","14.234287959776484","14.234287959776484","1276","1276","1276"
"122592","0.3836174986676703","0.3836174986676703","0.3836174986676703","1277","1277","1277"
"122688","19.221279507348363","19.221279507348363","19.221279507348363","1278","1278","1278"
"122784","23.799513984110153","20.444978998410697","27.154048969809608","1279","1279","1279"
"122880","20.868057216717535","20.868057216717535","20.868057216717535","1280","1280","1280"
"122976","19.295433333542675","13.226106838250562","25.364759828834792","1281","1281","1281"
"123072","14.429131127688535","-0.2099021723402581","29.068164427717328","1282","1282","1282"
"123168","0.3836174986676703","0.3836174986676703","0.3836174986676703","1283","1283","1283"
"123264","19.549863905780274","19.549863905780274","19.549863905780274","1284","1284","1284"
"123360","5.441424066905931","-8.66020325142038","19.543051385232243","1285","1285","1285"
"123552","11.316681476511095","11.316681476511095","11.316681476511095","1287","1287","1287"
"123648","0.3836174986676703","0.3836174986676703","0.3836174986676703","1288","1288","1288"
"123744","0.3836174986676703","0.3836174986676703","0.3836174986676703","1289","1289","1289"
"123840","14.208247269119601","14.208247269119601","14.208247269119601","1290","1290","1290"
"123936","17.996317313784242","17.996317313784242","17.996317313784242","1291","1291","1291"
"124032","19.56287031938483","19.56287031938483","19.56287031938483","1292","1292","1292"
"124128","23.083031284227765","20.860178259917756","25.30588430853777","1293","1293","1293"
"124224","21.00525758480548","21.00525758480548","21.00525758480548","1294","1294","1294"
"124320","28.83030070694716","28.83030070694716","28.83030070694716","1295","1295","1295"
"124512","5.630077455812739","5.630077455812739","5.630077455812739","1297","1297","1297"
"124608","-4.138292876376355","-8.66020325142038","0.3836174986676703","1298","1298","1298"
"124704","-4.138292876376355","-8.66020325142038","0.3836174986676703","1299","1299","1299"
"124800","25.796449264739948","25.796449264739948","25.796449264739948","1300","1300","1300"
"124896","22.99595035876193","17.101882984094196","28.890017733429666","1301","1301","1301"
"124992","12.677806270993077","8.240398906739864","17.11521363524629","1302","1302","1302"
"125088","-8.66020325142038","-8.66020325142038","-8.66020325142038","1303","1303","1303"
"125184","17.18140869328166","17.18140869328166","17.18140869328166","1304","1304","1304"
"125280","12.811239475847241","7.473018333754965","18.149460617939518","1305","1305","1305"
"125376","23.23356731747313","23.184840430856333","23.282294204089926","1306","1306","1306"
"125568","24.04453422901501","24.04453422901501","24.04453422901501","1308","1308","1308"
"125664","16.87223111500764","16.87223111500764","16.87223111500764","1309","1309","1309"
"125760","25.45826944606678","22.381097432007486","28.535441460126073","1310","1310","1310"
"125856","8.796684892938458","8.256369744622084","9.337000041254834","1311","1311","1311"
"125952","12.177470659367373","10.144215834186122","14.210725484548623","1312","1312","1312"
"126048","5.6870924945468655","-8.66020325142038","20.03438824051411","1313","1313","1313"
"126144","2.188439575839576","-8.66020325142038","13.037082403099532","1314","1314","1314"
"126240","25.6565841882331","25.6565841882331","25.6565841882331","1315","1315","1315"
"126336","13.175156342052436","9.337000041254834","17.013312642850035","1316","1316","1316"
"126432","4.227505191912954","4.227505191912954","4.227505191912954","1317","1317","1317"
"126528","25.79490526918036","25.79490526918036","25.79490526918036","1318","1318","1318"
"126624","7.2972282758091955","7.2972282758091955","7.2972282758091955","1319","1319","1319"
"126720","23.825822862729424","23.217954532905527","24.433691192553326","1320","1320","1320"
"126816","4.227505191912954","4.227505191912954","4.227505191912954","1321","1321","1321"
"126912","15.631351576694442","9.337000041254834","21.92570311213405","1322","1322","1322"
"127008","27.63304219220624","25.832038314554758","29.43404606985772","1323","1323","1323"
"127104","25.676773903626586","25.676773903626586","25.676773903626586","1324","1324","1324"
"127200","19.610121903068745","19.610121903068745","19.610121903068745","1325","1325","1325"
"127296","10.644394306012757","0.2931792911667915","20.995609320858723","1326","1326","1326"
"127392","20.28504986255738","20.28504986255738","20.28504986255738","1327","1327","1327"
"127488","21.52960477605354","17.11521363524629","25.943995916860793","1328","1328","1328"
"127584","8.74941556695698","0.3836174986676703","17.11521363524629","1329","1329","1329"
"127776","17.065766738730144","17.065766738730144","17.065766738730144","1331","1331","1331"
"127872","23.37849032911028","23.37849032911028","23.37849032911028","1332","1332","1332"
"127968","14.240365860404452","11.365518085562615","17.11521363524629","1333","1333","1333"
"128064","23.11572133191197","23.11572133191197","23.11572133191197","1334","1334","1334"
"128160","20.856115699110852","20.856115699110852","20.856115699110852","1335","1335","1335"
"128256","23.19094430199838","23.19094430199838","23.19094430199838","1336","1336","1336"
"128352","20.501261072161583","17.11521363524629","23.887308509076874","1337","1337","1337"
"128448","20.97750200458027","20.97750200458027","20.97750200458027","1338","1338","1338"
"128544","6.898412900249227","-8.66020325142038","22.457029051918834","1339","1339","1339"
"128640","22.893832777320615","22.893832777320615","22.893832777320615","1340","1340","1340"
"128736","35.89654865238954","35.89654865238954","35.89654865238954","1341","1341","1341"
"128832","14.191160678843191","-1.051724712171338","29.43404606985772","1342","1342","1342"
"128928","16.634478529485346","16.634478529485346","16.634478529485346","1343","1343","1343"
"129120","24.119519578654135","23.671805840987723","24.56723331632055","1345","1345","1345"
"129216","15.134889765430634","15.134889765430634","15.134889765430634","1346","1346","1346"
"129312","-8.66020325142038","-8.66020325142038","-8.66020325142038","1347","1347","1347"
"129408","9.337000041254834","9.337000041254834","9.337000041254834","1348","1348","1348"
"129504","3.272163917907604","-8.66020325142038","15.204531087235589","1349","1349","1349"
"129600","20.266766558297054","11.099487046736385","29.43404606985772","1350","1350","1350"
"129696","9.337000041254834","9.337000041254834","9.337000041254834","1351","1351","1351"
"129792","17.595627247918877","17.11521363524629","18.076040860591462","1352","1352","1352"
"129888","12.99976212909496","6.585233465134795","19.414290793055123","1353","1353","1353"
"129984","24.223578931102253","19.070071912594504","29.377085949610002","1354","1354","1354"
"130080","0.20364546574092035","0.20364546574092035","0.20364546574092035","1355","1355","1355"
"130176","4.714204941387252","4.714204941387252","4.714204941387252","1356","1356","1356"
"130272","9.52449421784088","9.52449421784088","9.52449421784088","1357","1357","1357"
"130368","9.337000041254834","9.337000041254834","9.337000041254834","1358","1358","1358"
"130464","19.287853519922677","9.264849294333743","29.31085774551161","1359","1359","1359"
"130560","19.288446046213423","19.28574616007233","19.291145932354514","1360","1360","1360"
"130656","11.835519677540738","6.555825719835186","17.11521363524629","1361","1361","1361"
"130752","21.079854729779314","21.079854729779314","21.079854729779314","1362","1362","1362"
"130848","13.895443729049891","13.895443729049891","13.895443729049891","1363","1363","1363"
"131040","19.39700457623634","19.39700457623634","19.39700457623634","1365","1365","1365"
"131136","20.611940006307705","20.611940006307705","20.611940006307705","1366","1366","1366"
"131328","19.060235610025885","17.11521363524629","21.00525758480548","1368","1368","1368"
"131520","29.31085774551161","29.31085774551161","29.31085774551161","1370","1370","1370"
"131616","4.860308769961252","0.3836174986676703","9.337000041254834","1371","1371","1371"
"131712","17.11521363524629","17.11521363524629","17.11521363524629","1372","1372","1372"
"131808","21.741171792968622","21.741171792968622","21.741171792968622","1373","1373","1373"
"131904","14.854109632240538","14.854109632240538","14.854109632240538","1374","1374","1374"
"132000","11.263832545750585","5.412451456254881","17.11521363524629","1375","1375","1375"
"132096","3.529970081734799","3.529970081734799","3.529970081734799","1376","1376","1376"
"132192","-8.66020325142038","-8.66020325142038","-8.66020325142038","1377","1377","1377"
"132288","6.989965168826405","-8.66020325142038","22.64013358907319","1378","1378","1378"
"132384","3.684682722562382","3.684682722562382","3.684682722562382","1379","1379","1379"
"132480","11.722464996987727","11.722464996987727","11.722464996987727","1380","1380","1380"
"132576","24.345141521449104","24.345141521449104","24.345141521449104","1381","1381","1381"
"132672","19.96798047113267","19.96798047113267","19.96798047113267","1382","1382","1382"
"132768","1.7878708259611766","0.3383983949172267","3.2373432570051266","1383","1383","1383"
"132864","16.504498980012567","15.893784324778844","17.11521363524629","1384","1384","1384"
"132960","24.692548168719867","24.692548168719867","24.692548168719867","1385","1385","1385"
"133056","-1.206327820428047","-1.206327820428047","-1.206327820428047","1386","1386","1386"
"133152","7.250233586739505","0.3383983949172267","14.162068778561784","1387","1387","1387"
"133248","24.791793407693948","20.3382949919337","29.245291823454195","1388","1388","1388"
"133344","17.11521363524629","17.11521363524629","17.11521363524629","1389","1389","1389"
"133536","1.861402432382027","1.861402432382027","1.861402432382027","1391","1391","1391"
"133632","8.240398906739864","8.240398906739864","8.240398906739864","1392","1392","1392"
"133728","1.7360924002539495","1.7360924002539495","1.7360924002539495","1393","1393","1393"
"133824","0.3836174986676703","0.3836174986676703","0.3836174986676703","1394","1394","1394"
"134016","8.240398906739864","8.240398906739864","8.240398906739864","1396","1396","1396"
"134112","20.810320846634347","17.948835852280972","23.671805840987723","1397","1397","1397"
"134208","24.619042476216666","24.619042476216666","24.619042476216666","1398","1398","1398"
"134304","-8.66020325142038","-8.66020325142038","-8.66020325142038","1399","1399","1399"
"134400","13.396729677224785","13.396729677224785","13.396729677224785","1400","1400","1400"
"134496","10.734075749958846","10.734075749958846","10.734075749958846","1401","1401","1401"
"134592","18.85655705555437","18.85655705555437","18.85655705555437","1402","1402","1402"
"134688","1.6526364253039425","-8.66020325142038","11.965476102028266","1403","1403","1403"
"134784","12.554325773720347","9.337000041254834","15.77165150618586","1404","1404","1404"
"134880","13.850759789675616","13.850759789675616","13.850759789675616","1405","1405","1405"
"134976","-4.138292876376355","-4.138292876376355","-4.138292876376355","1406","1406","1406"
"135072","9.337000041254834","9.337000041254834","9.337000041254834","1407","1407","1407"
"135168","20.583931286286685","20.583931286286685","20.583931286286685","1408","1408","1408"
"135360","23.671805840987723","23.671805840987723","23.671805840987723","1410","1410","1410"
"135456","-0.8666836404658289","-8.66020325142038","6.926835970488723","1411","1411","1411"
"135552","15.134889765430634","15.134889765430634","15.134889765430634","1412","1412","1412"
"135648","1.7628832422835972","1.7628832422835972","1.7628832422835972","1413","1413","1413"
"135840","9.337000041254834","9.337000041254834","9.337000041254834","1415","1415","1415"
"136032","16.12505170033846","15.134889765430634","17.11521363524629","1417","1417","1417"
"136128","3.272163917907604","3.272163917907604","3.272163917907604","1418","1418","1418"
"136224","20.637558108807404","20.637558108807404","20.637558108807404","1419","1419","1419"
"136320","55.13066821238639","29.49158154485541","80.76975487991737","1420","1420","1420"
"136416","22.054095541864324","9.337000041254834","34.771191042473816","1421","1421","1421"
"136512","17.11521363524629","17.11521363524629","17.11521363524629","1422","1422","1422"
"136608","18.451280150307007","7.9085613802722605","28.99399892034175","1423","1423","1423"
"136704","41.97993801453729","17.11521363524629","66.84466239382829","1424","1424","1424"
"136896","22.35687452261105","15.345931179462774","29.367817865759328","1426","1426","1426"
"136992","15.923319412835088","8.240398906739864","23.60623991893031","1427","1427","1427"
"137088","26.554375461742225","23.91011031087286","29.198640612611587","1428","1428","1428"
"137184","5.850261762833959","-8.66020325142038","20.3607267770883","1429","1429","1429"
"137376","21.071450431416785","18.536660943903257","23.60623991893031","1431","1431","1431"
"137472","8.600887190160028","7.864774339065222","9.337000041254834","1432","1432","1432"
"137664","15.134889765430634","15.134889765430634","15.134889765430634","1434","1434","1434"
"137760","7.663837249977449","-1.787539135291389","17.11521363524629","1435","1435","1435"
"137856","20.822266580738894","15.274875856735548","26.36965730474224","1436","1436","1436"
"137952","16.5063182361722","3.758169245878022","29.254467226466375","1437","1437","1437"
"138048","29.254467226466375","29.254467226466375","29.254467226466375","1438","1438","1438"
"138144","11.982585851118479","10.739064863986396","13.226106838250562","1439","1439","1439"
"138240","22.13098036757924","15.128886044604315","29.13307469055417","1440","1440","1440"
"138336","23.180252729350244","23.180252729350244","23.180252729350244","1441","1441","1441"
"138432","14.674846026398846","9.337000041254834","20.01269201154286","1442","1442","1442"
"138528","29.31085774551161","29.31085774551161","29.31085774551161","1443","1443","1443"
"138624","11.887989274514233","9.337000041254834","14.438978507773633","1444","1444","1444"
"138720","2.4045388378552324","2.4045388378552324","2.4045388378552324","1445","1445","1445"
"138816","15.204531087235589","15.204531087235589","15.204531087235589","1446","1446","1446"
"139008","8.26182115887618","-8.66020325142038","25.18384556917274","1448","1448","1448"
"139104","14.828683375761088","14.828683375761088","14.828683375761088","1449","1449","1449"
"139296","9.337000041254834","9.337000041254834","9.337000041254834","1451","1451","1451"
"139392","6.813622321497275","6.813622321497275","6.813622321497275","1452","1452","1452"
"139488","4.0290358410916856","-8.66020325142038","16.71827493360375","1453","1453","1453"
"139584","-0.7694374198775689","-0.7694374198775689","-0.7694374198775689","1454","1454","1454"
"139680","8.240398906739864","8.240398906739864","8.240398906739864","1455","1455","1455"
"139776","39.1175529473504","29.13307469055417","49.10203120414663","1456","1456","1456"
"139872","8.452655731453016","-0.2099021723402581","17.11521363524629","1457","1457","1457"
"139968","9.337000041254834","9.337000041254834","9.337000041254834","1458","1458","1458"
"140064","2.391702860129742","-8.66020325142038","13.443608971679865","1459","1459","1459"
"140160","13.226106838250562","13.226106838250562","13.226106838250562","1460","1460","1460"
"140544","8.240398906739864","8.240398906739864","8.240398906739864","1464","1464","1464"
"140640","15.925167060292026","15.345931179462774","16.504402941121278","1465","1465","1465"
"140736","5.892838725318978","-8.66020325142038","20.445880702058336","1466","1466","1466"
"140832","30.432730353971014","6.716003601976658","54.14945710596537","1467","1467","1467"
"140928","13.226106838250562","13.226106838250562","13.226106838250562","1468","1468","1468"
"141024","19.18951051400456","14.77278110907881","23.60623991893031","1469","1469","1469"
"141120","15.686579294285576","1.9478052478141394","29.425353340757013","1470","1470","1470"
"141216","25.436123753967443","25.436123753967443","25.436123753967443","1471","1471","1471"
"141312","20.587610687424878","14.77278110907881","26.40244026577095","1472","1472","1472"
"141408","-0.2099021723402581","-8.66020325142038","8.240398906739864","1473","1473","1473"
"141504","14.627985090899692","14.627985090899692","14.627985090899692","1474","1474","1474"
"141600","8.149960699238983","8.149960699238983","8.149960699238983","1475","1475","1475"
"141792","21.035682600444492","17.11521363524629","24.956151565642696","1477","1477","1477"
"141888","-8.66020325142038","-8.66020325142038","-8.66020325142038","1478","1478","1478"
"141984","-8.66020325142038","-8.66020325142038","-8.66020325142038","1479","1479","1479"
"142080","20.18963186874735","20.18963186874735","20.18963186874735","1480","1480","1480"
"142272","14.77278110907881","14.77278110907881","14.77278110907881","1482","1482","1482"
"142368","-0.8854672841037257","-8.66020325142038","6.889268683212929","1483","1483","1483"
"142464","102.72616118540844","102.72616118540844","102.72616118540844","1484","1484","1484"
"142656","14.708585166369454","0.2931792911667915","29.12399104157212","1486","1486","1486"
"142752","24.845586262756264","20.445880702058336","29.245291823454195","1487","1487","1487"
"142848","25.151747117914837","25.151747117914837","25.151747117914837","1488","1488","1488"
"142944","8.766089922122129","8.195179802989424","9.337000041254834","1489","1489","1489"
"143040","11.217453497001255","-1.2368988469852127","23.671805840987723","1490","1490","1490"
"143136","17.30842706715272","14.755356605344573","19.86149752896087","1491","1491","1491"
"143328","14.863219316579695","14.863219316579695","14.863219316579695","1493","1493","1493"
"143424","8.133497708145995","6.929995375037155","9.337000041254834","1494","1494","1494"
"143520","9.337000041254834","9.337000041254834","9.337000041254834","1495","1495","1495"
"143712","33.72153595650686","-8.66020325142038","76.10327516443411","1497","1497","1497"
"143808","25.552629748228085","21.761002848294122","29.344256648162048","1498","1498","1498"
"143904","-8.66020325142038","-8.66020325142038","-8.66020325142038","1499","1499","1499"
"144000","14.77278110907881","14.77278110907881","14.77278110907881","1500","1500","1500"
"144192","7.861165148448773","7.861165148448773","7.861165148448773","1502","1502","1502"
"144288","30.80505344163759","29.31085774551161","32.299249137763574","1503","1503","1503"
"144480","7.532980200122801","0.2931792911667915","14.77278110907881","1505","1505","1505"
"144576","14.670898957214845","0.3836174986676703","28.95818041576202","1506","1506","1506"
"144768","23.246149792428145","23.246149792428145","23.246149792428145","1508","1508","1508"
"144864","9.337000041254834","9.337000041254834","9.337000041254834","1509","1509","1509"
"144960","66.41877335055065","66.41877335055065","66.41877335055065","1510","1510","1510"
"145152","24.404003073594623","23.671805840987723","25.136200306201523","1512","1512","1512"
"145248","14.310901821577813","11.506590007909338","17.11521363524629","1513","1513","1513"
"145536","12.859281622857447","12.859281622857447","12.859281622857447","1516","1516","1516"
"145632","9.337000041254834","9.337000041254834","9.337000041254834","1517","1517","1517"
"145824","23.45648791850374","23.41344994727861","23.499525889728872","1519","1519","1519"
"146016","-8.66020325142038","-8.66020325142038","-8.66020325142038","1521","1521","1521"
"146112","29.31085774551161","29.31085774551161","29.31085774551161","1522","1522","1522"
"146208","29.068164427717328","29.068164427717328","29.068164427717328","1523","1523","1523"
"146304","12.677806270993077","8.240398906739864","17.11521363524629","1524","1524","1524"
"146400","12.135501224613321","-0.8909313048138756","25.16193375404052","1525","1525","1525"
"146496","20.379652497959935","20.379652497959935","20.379652497959935","1526","1526","1526"
"146592","8.240398906739864","8.240398906739864","8.240398906739864","1527","1527","1527"
"146688","20.39005408820355","20.39005408820355","20.39005408820355","1528","1528","1528"
"146784","17.11521363524629","17.11521363524629","17.11521363524629","1529","1529","1529"
"146880","17.11521363524629","17.11521363524629","17.11521363524629","1530","1530","1530"
"146976","7.505801294783671","-8.66020325142038","23.671805840987723","1531","1531","1531"
"147072","14.796991112481292","14.796991112481292","14.796991112481292","1532","1532","1532"
"147168","2.3025937469352793","0.2931792911667915","4.312008202703767","1533","1533","1533"
"147264","9.096395845111902","8.240398906739864","9.952392783483939","1534","1534","1534"
"147360","18.669431001823973","8.149960699238983","29.18890130440896","1535","1535","1535"
"147456","17.11521363524629","17.11521363524629","17.11521363524629","1536","1536","1536"
"147552","14.863219316579695","14.863219316579695","14.863219316579695","1537","1537","1537"
"147648","9.337000041254834","9.337000041254834","9.337000041254834","1538","1538","1538"
"147744","9.337000041254834","9.337000041254834","9.337000041254834","1539","1539","1539"
"147840","-8.66020325142038","-8.66020325142038","-8.66020325142038","1540","1540","1540"
"148128","22.454624638851143","22.454624638851143","22.454624638851143","1543","1543","1543"
"148320","28.129539906323327","28.129539906323327","28.129539906323327","1545","1545","1545"
"148512","-8.66020325142038","-8.66020325142038","-8.66020325142038","1547","1547","1547"
"148608","24.244167535380868","23.54132965609347","24.947005414668265","1548","1548","1548"
"148704","29.068164427717328","29.068164427717328","29.068164427717328","1549","1549","1549"
"148896","17.11521363524629","17.11521363524629","17.11521363524629","1551","1551","1551"
"148992","16.447565730613942","16.447565730613942","16.447565730613942","1552","1552","1552"
"149088","13.453915838877371","13.453915838877371","13.453915838877371","1553","1553","1553"
"149280","-8.66020325142038","-8.66020325142038","-8.66020325142038","1555","1555","1555"
"149472","17.11521363524629","17.11521363524629","17.11521363524629","1557","1557","1557"
"149568","20.3607267770883","20.3607267770883","20.3607267770883","1558","1558","1558"
"149760","-8.66020325142038","-8.66020325142038","-8.66020325142038","1560","1560","1560"
"149856","-8.66020325142038","-8.66020325142038","-8.66020325142038","1561","1561","1561"
"149952","21.618323857680377","14.056266154743394","29.18038156061736","1562","1562","1562"
"150048","4.227505191912954","-8.66020325142038","17.11521363524629","1563","1563","1563"
"150144","16.02835307360144","2.932715105630764","29.12399104157212","1564","1564","1564"
"150240","25.083301379345894","25.083301379345894","25.083301379345894","1565","1565","1565"
"150336","17.11521363524629","17.11521363524629","17.11521363524629","1566","1566","1566"
"150432","0.3836174986676703","0.3836174986676703","0.3836174986676703","1567","1567","1567"
"150528","14.270007393721265","14.270007393721265","14.270007393721265","1568","1568","1568"
"150624","11.467010969280853","8.562686874639985","14.37133506392172","1569","1569","1569"
"150720","16.537517043170478","16.537517043170478","16.537517043170478","1570","1570","1570"
"150816","-8.66020325142038","-8.66020325142038","-8.66020325142038","1571","1571","1571"
"150912","17.11521363524629","17.11521363524629","17.11521363524629","1572","1572","1572"
"151008","3.0683939305304557","3.0683939305304557","3.0683939305304557","1573","1573","1573"
"151200","29.31085774551161","29.31085774551161","29.31085774551161","1575","1575","1575"
"151296","9.337000041254834","9.337000041254834","9.337000041254834","1576","1576","1576"
"151392","16.586592801974827","6.681853810699993","26.491331793249664","1577","1577","1577"
"151488","9.337000041254834","9.337000041254834","9.337000041254834","1578","1578","1578"
"151584","14.814454661060934","0.3836174986676703","29.245291823454195","1579","1579","1579"
"151680","-8.66020325142038","-8.66020325142038","-8.66020325142038","1580","1580","1580"
"151776","14.796991112481292","14.796991112481292","14.796991112481292","1581","1581","1581"
"151872","17.11521363524629","17.11521363524629","17.11521363524629","1582","1582","1582"
"151968","6.7655443604839975","4.194088679713161","9.337000041254834","1583","1583","1583"
"152064","17.11521363524629","17.11521363524629","17.11521363524629","1584","1584","1584"
"152352","14.796991112481292","14.796991112481292","14.796991112481292","1587","1587","1587"
"152640","22.053924428996446","20.436043017005172","23.671805840987723","1590","1590","1590"
"152832","14.796991112481292","14.796991112481292","14.796991112481292","1592","1592","1592"
"152928","20.502271221103573","20.502271221103573","20.502271221103573","1593","1593","1593"
"153024","14.992009540667224","10.688285447473845","19.295733633860603","1594","1594","1594"
"153120","13.226106838250562","13.226106838250562","13.226106838250562","1595","1595","1595"
"153216","17.396662431081293","8.240398906739864","26.552925955422722","1596","1596","1596"
"153504","15.426414578212622","7.57819930387324","23.274629852552003","1599","1599","1599"
"153792","20.482886776731405","20.482886776731405","20.482886776731405","1602","1602","1602"
"153888","29.31085774551161","29.31085774551161","29.31085774551161","1603","1603","1603"
"153984","10.766144614280204","6.758465969743826","14.773823258816583","1604","1604","1604"
"154080","17.444686736628473","17.444686736628473","17.444686736628473","1605","1605","1605"
"154176","35.566375643816414","9.337000041254834","61.79575124637799","1606","1606","1606"
"154368","17.09678362421111","9.337000041254834","24.856567207167384","1608","1608","1608"
"154464","23.671805840987723","23.671805840987723","23.671805840987723","1609","1609","1609"
"154560","15.989216475912992","14.863219316579695","17.11521363524629","1610","1610","1610"
"154656","11.03675920852724","9.337000041254834","12.736518375799644","1611","1611","1611"
"154752","8.149434367996644","-0.8163448992530011","17.11521363524629","1612","1612","1612"
"154848","-8.66020325142038","-8.66020325142038","-8.66020325142038","1613","1613","1613"
"154944","26.37576954674109","23.383721227722848","29.367817865759328","1614","1614","1614"
"155040","28.893919255553545","28.893919255553545","28.893919255553545","1615","1615","1615"
"155136","29.18890130440896","29.18890130440896","29.18890130440896","1616","1616","1616"
"155328","8.240398906739864","8.240398906739864","8.240398906739864","1618","1618","1618"
"155520","9.839675566264138","0.3836174986676703","19.295733633860603","1620","1620","1620"
"155616","0.3836174986676703","0.3836174986676703","0.3836174986676703","1621","1621","1621"
"155712","0.3836174986676703","0.3836174986676703","0.3836174986676703","1622","1622","1622"
"155808","17.666243880207507","13.226106838250562","22.10638092216445","1623","1623","1623"
"155904","10.747914366264286","9.337000041254834","12.15882869127374","1624","1624","1624"
"156000","-8.66020325142038","-8.66020325142038","-8.66020325142038","1625","1625","1625"
"156192","29.31085774551161","29.31085774551161","29.31085774551161","1627","1627","1627"
"156384","7.505801294783671","-8.66020325142038","23.671805840987723","1629","1629","1629"
"156480","14.796991112481292","14.796991112481292","14.796991112481292","1630","1630","1630"
"156576","-8.66020325142038","-8.66020325142038","-8.66020325142038","1631","1631","1631"
"156672","18.775628326125737","8.240398906739864","29.31085774551161","1632","1632","1632"
"156768","9.337000041254834","9.337000041254834","9.337000041254834","1633","1633","1633"
"156960","9.337000041254834","9.337000041254834","9.337000041254834","1635","1635","1635"
"157152","17.11521363524629","17.11521363524629","17.11521363524629","1637","1637","1637"
"157248","9.337000041254834","9.337000041254834","9.337000041254834","1638","1638","1638"
"157344","8.240398906739864","8.240398906739864","8.240398906739864","1639","1639","1639"
"157440","10.297131987522997","-8.66020325142038","29.254467226466375","1640","1640","1640"
"157536","29.254467226466375","29.254467226466375","29.254467226466375","1641","1641","1641"
"157632","17.11521363524629","17.11521363524629","17.11521363524629","1642","1642","1642"
"157728","17.11521363524629","17.11521363524629","17.11521363524629","1643","1643","1643"
"157824","55.39428946954344","29.43404606985772","81.35453286922916","1644","1644","1644"
"157920","0.3836174986676703","0.3836174986676703","0.3836174986676703","1645","1645","1645"
"158016","23.639681850589795","23.639681850589795","23.639681850589795","1646","1646","1646"
"158112","23.73803404508612","23.73803404508612","23.73803404508612","1647","1647","1647"
"158208","-8.66020325142038","-8.66020325142038","-8.66020325142038","1648","1648","1648"
"158304","15.78853123702437","14.461848838802453","17.11521363524629","1649","1649","1649"
"158400","8.282949406175407","7.228898771095979","9.337000041254834","1650","1650","1650"
"158496","21.126004259827656","19.35240895350708","22.899599566148233","1651","1651","1651"
"158592","12.341465610358803","9.337000041254834","15.345931179462774","1652","1652","1652"
"158784","-8.66020325142038","-8.66020325142038","-8.66020325142038","1654","1654","1654"
"158880","4.227505191912954","-8.66020325142038","17.11521363524629","1655","1655","1655"
"158976","20.864488491267227","15.204531087235589","26.524445895298864","1656","1656","1656"
"159072","40.80289998904285","23.156927123928938","58.44887285415676","1657","1657","1657"
"159264","25.344783432100385","25.344783432100385","25.344783432100385","1659","1659","1659"
"159360","23.73803404508612","23.73803404508612","23.73803404508612","1660","1660","1660"
"159456","10.611611658769093","9.337000041254834","11.886223276283351","1661","1661","1661"
"159552","27.467343794976642","25.500641520095563","29.43404606985772","1662","1662","1662"
"159648","9.337000041254834","9.337000041254834","9.337000041254834","1663","1663","1663"
"159840","12.677806270993077","8.240398906739864","17.11521363524629","1665","1665","1665"
"159936","6.954195227913386","3.492701309109258","10.415689146717515","1666","1666","1666"
"160128","-0.7575348020090329","-0.7575348020090329","-0.7575348020090329","1668","1668","1668"
"160224","24.939678585356788","20.502271221103573","29.377085949610002","1669","1669","1669"
"160416","38.139066460376945","9.337000041254834","66.94113287949905","1671","1671","1671"
"160512","18.895905808727107","17.11521363524629","20.67659798220793","1672","1672","1672"
"160608","8.240398906739864","8.240398906739864","8.240398906739864","1673","1673","1673"
"160704","12.388957974955172","8.240398906739864","16.537517043170478","1674","1674","1674"
"160800","-0.2099021723402581","-8.66020325142038","8.240398906739864","1675","1675","1675"
"160896","14.863219316579695","14.863219316579695","14.863219316579695","1676","1676","1676"
"161184","4.860308769961252","0.3836174986676703","9.337000041254834","1679","1679","1679"
"161280","12.843651642742728","12.843651642742728","12.843651642742728","1680","1680","1680"
"161376","10.35844134909481","10.35844134909481","10.35844134909481","1681","1681","1681"
"161472","10.733252872495214","8.240398906739864","13.226106838250562","1682","1682","1682"
"161568","16.606948050225082","16.606948050225082","16.606948050225082","1683","1683","1683"
"161664","10.369529996612563","0.2931792911667915","20.445880702058336","1684","1684","1684"
"161760","65.67611682030562","26.55755999734806","104.79467364326318","1685","1685","1685"
"161856","20.406596795017975","20.406596795017975","20.406596795017975","1686","1686","1686"
"161952","-0.2099021723402581","-8.66020325142038","8.240398906739864","1687","1687","1687"
"162048","8.78869947399735","8.240398906739864","9.337000041254834","1688","1688","1688"
"162240","14.891440371656586","9.337000041254834","20.445880702058336","1690","1690","1690"
"162336","9.337000041254834","9.337000041254834","9.337000041254834","1691","1691","1691"
"162528","17.11521363524629","17.11521363524629","17.11521363524629","1693","1693","1693"
"162624","8.240398906739864","8.240398906739864","8.240398906739864","1694","1694","1694"
"162816","26.49625063577625","26.49625063577625","26.49625063577625","1696","1696","1696"
"162912","8.74941556695698","0.3836174986676703","17.11521363524629","1697","1697","1697"
"163104","15.147177983363127","15.147177983363127","15.147177983363127","1699","1699","1699"
"163200","-8.66020325142038","-8.66020325142038","-8.66020325142038","1700","1700","1700"
"163296","14.908831784262697","0.3836174986676703","29.43404606985772","1701","1701","1701"
"163392","-8.66020325142038","-8.66020325142038","-8.66020325142038","1702","1702","1702"
"163488","-7.736180431677648","-8.66020325142038","-6.812157611934916","1703","1703","1703"
"163584","25.146978168216307","25.146978168216307","25.146978168216307","1704","1704","1704"
"163680","8.240398906739864","8.240398906739864","8.240398906739864","1705","1705","1705"
"163776","29.43404606985772","29.43404606985772","29.43404606985772","1706","1706","1706"
"163872","14.78519385892955","9.337000041254834","20.233387676604266","1707","1707","1707"
"164160","25.425915884125633","25.425915884125633","25.425915884125633","1710","1710","1710"
"164352","17.11521363524629","17.11521363524629","17.11521363524629","1712","1712","1712"
"164448","4.227505191912954","-8.66020325142038","17.11521363524629","1713","1713","1713"
"164544","26.49625063577625","26.49625063577625","26.49625063577625","1714","1714","1714"
"164640","-8.66020325142038","-8.66020325142038","-8.66020325142038","1715","1715","1715"
"164736","-8.66020325142038","-8.66020325142038","-8.66020325142038","1716","1716","1716"
"164832","8.240398906739864","8.240398906739864","8.240398906739864","1717","1717","1717"
"165216","23.671805840987723","23.671805840987723","23.671805840987723","1721","1721","1721"
"165312","27.43422969292744","25.491373436244878","29.377085949610002","1722","1722","1722"
"165408","8.452655731453016","-0.2099021723402581","17.11521363524629","1723","1723","1723"
"165600","58.38374639900583","9.337000041254834","107.43049275675682","1725","1725","1725"
"165792","25.352184923845204","25.352184923845204","25.352184923845204","1727","1727","1727"
"165888","8.74941556695698","0.3836174986676703","17.11521363524629","1728","1728","1728"
"165984","85.37487294938256","85.37487294938256","85.37487294938256","1729","1729","1729"
"166080","35.491918081622416","13.226106838250562","57.757729324994266","1730","1730","1730"
"166176","13.088275044852146","9.061336454458003","17.11521363524629","1731","1731","1731"
"166272","23.152057469827625","23.152057469827625","23.152057469827625","1732","1732","1732"
"166464","14.863219316579695","14.863219316579695","14.863219316579695","1734","1734","1734"
"166656","19.3288477359098","19.3288477359098","19.3288477359098","1736","1736","1736"
"166752","8.327123202155036","8.327123202155036","8.327123202155036","1737","1737","1737"
"167040","4.312008202703767","4.312008202703767","4.312008202703767","1740","1740","1740"
"167136","7.805424335549206","7.805424335549206","7.805424335549206","1741","1741","1741"
"167328","10.269218680595603","-8.66020325142038","29.198640612611587","1743","1743","1743"
"167424","26.473817257039933","26.473817257039933","26.473817257039933","1744","1744","1744"
"167520","14.796991112481292","14.796991112481292","14.796991112481292","1745","1745","1745"
"167616","-8.66020325142038","-8.66020325142038","-8.66020325142038","1746","1746","1746"
"167712","-8.66020325142038","-8.66020325142038","-8.66020325142038","1747","1747","1747"
"167808","9.282863076892738","8.240398906739864","10.325327247045614","1748","1748","1748"
"167904","26.603523107267616","24.01814491012627","29.18890130440896","1749","1749","1749"
"168000","9.337000041254834","9.337000041254834","9.337000041254834","1750","1750","1750"
"168096","22.57065618061482","15.952411056820676","29.18890130440896","1751","1751","1751"
"168192","17.11521363524629","17.11521363524629","17.11521363524629","1752","1752","1752"
"168384","29.367817865759328","29.367817865759328","29.367817865759328","1754","1754","1754"
"168480","8.240398906739864","8.240398906739864","8.240398906739864","1755","1755","1755"
"168576","0.3836174986676703","0.3836174986676703","0.3836174986676703","1756","1756","1756"
"168672","9.337000041254834","9.337000041254834","9.337000041254834","1757","1757","1757"
"168864","14.796991112481292","14.796991112481292","14.796991112481292","1759","1759","1759"
"168960","7.600962729823209","5.864925418391584","9.337000041254834","1760","1760","1760"
"169056","8.427857194731176","7.518714348207519","9.337000041254834","1761","1761","1761"
"169152","13.507555634085563","9.337000041254834","17.67811122691629","1762","1762","1762"
"169248","12.066995576868063","9.337000041254834","14.796991112481292","1763","1763","1763"
"169344","0.3383983949172267","0.3383983949172267","0.3383983949172267","1764","1764","1764"
"169632","2.5993535824392393","-4.138292876376355","9.337000041254834","1767","1767","1767"
"169728","22.068015122518332","22.068015122518332","22.068015122518332","1768","1768","1768"
"169824","19.910783036280726","19.385523055556277","20.436043017005172","1769","1769","1769"
"170016","14.796991112481292","14.796991112481292","14.796991112481292","1771","1771","1771"
"170304","12.810537540693527","12.810537540693527","12.810537540693527","1774","1774","1774"
"170400","25.384429613007242","25.384429613007242","25.384429613007242","1775","1775","1775"
"170496","27.427912624951382","25.421779180045043","29.43404606985772","1776","1776","1776"
"170592","25.55760164034328","25.55760164034328","25.55760164034328","1777","1777","1777"
"170784","29.43404606985772","29.43404606985772","29.43404606985772","1779","1779","1779"
"170880","5.93067014169358","5.93067014169358","5.93067014169358","1780","1780","1780"
"171072","-8.66020325142038","-8.66020325142038","-8.66020325142038","1782","1782","1782"
"171360","29.43404606985772","29.43404606985772","29.43404606985772","1785","1785","1785"
"171456","12.369316021434985","7.623418407623682","17.11521363524629","1786","1786","1786"
"171552","25.491373436244878","25.491373436244878","25.491373436244878","1787","1787","1787"
"171648","8.74941556695698","0.3836174986676703","17.11521363524629","1788","1788","1788"
"171840","-4.138292876376355","-8.66020325142038","0.3836174986676703","1790","1790","1790"
"171936","21.817441310031533","19.89684857497695","23.73803404508612","1791","1791","1791"
"172032","8.240398906739864","8.240398906739864","8.240398906739864","1792","1792","1792"
"172224","14.996009681564319","6.253985318042517","23.73803404508612","1794","1794","1794"
"172320","8.42370734296649","-8.66020325142038","25.50761793735336","1795","1795","1795"
"172512","13.420250284177694","7.505801294783671","19.334699273571715","1797","1797","1797"
"172608","6.804862168459116","0.3836174986676703","13.226106838250562","1798","1798","1798"
"172704","26.49625063577625","26.49625063577625","26.49625063577625","1799","1799","1799"
"172896","23.73803404508612","23.73803404508612","23.73803404508612","1801","1801","1801"
"172992","0.3836174986676703","0.3836174986676703","0.3836174986676703","1802","1802","1802"
"173088","8.240398906739864","8.240398906739864","8.240398906739864","1803","1803","1803"
"173184","8.240398906739864","8.240398906739864","8.240398906739864","1804","1804","1804"
"173472","-8.66020325142038","-8.66020325142038","-8.66020325142038","1807","1807","1807"
"173664","29.377085949610002","29.377085949610002","29.377085949610002","1809","1809","1809"
"173760","9.337000041254834","9.337000041254834","9.337000041254834","1810","1810","1810"
"173856","9.247466215828963","9.247466215828963","9.247466215828963","1811","1811","1811"
"174144","25.450657817105643","25.450657817105643","25.450657817105643","1814","1814","1814"
"174336","14.904485419712342","0.3836174986676703","29.425353340757013","1816","1816","1816"
"174432","17.11521363524629","17.11521363524629","17.11521363524629","1817","1817","1817"
"174528","23.73803404508612","23.73803404508612","23.73803404508612","1818","1818","1818"
"174624","8.240398906739864","8.240398906739864","8.240398906739864","1819","1819","1819"
"174720","16.87400842204661","16.87400842204661","16.87400842204661","1820","1820","1820"
"174912","20.502271221103573","20.502271221103573","20.502271221103573","1822","1822","1822"
"175008","17.414186738749855","9.337000041254834","25.491373436244878","1823","1823","1823"
"175200","9.337000041254834","9.337000041254834","9.337000041254834","1825","1825","1825"
"175296","29.49158154485541","29.49158154485541","29.49158154485541","1826","1826","1826"
"175488","13.557139024439477","-8.66020325142038","35.774481300299335","1828","1828","1828"
"175776","29.31085774551161","29.31085774551161","29.31085774551161","1831","1831","1831"
"175872","25.491373436244878","25.491373436244878","25.491373436244878","1832","1832","1832"
"176160","22.02114146796774","20.436043017005172","23.60623991893031","1835","1835","1835"
"176256","25.220390797689387","25.220390797689387","25.220390797689387","1836","1836","1836"
"176448","19.428460100304417","19.428460100304417","19.428460100304417","1838","1838","1838"
"176544","8.526724169623405","8.240398906739864","8.813049432506945","1839","1839","1839"
"176832","15.989216475912993","8.240398906739864","23.73803404508612","1842","1842","1842"
"177024","9.337000041254834","9.337000041254834","9.337000041254834","1844","1844","1844"
"177120","23.960890746641265","23.960890746641265","23.960890746641265","1845","1845","1845"
"177216","29.43404606985772","29.43404606985772","29.43404606985772","1846","1846","1846"
"177312","18.68673679864702","8.240398906739864","29.13307469055417","1847","1847","1847"
"177408","-8.66020325142038","-8.66020325142038","-8.66020325142038","1848","1848","1848"
"177504","29.15488480475467","29.15488480475467","29.15488480475467","1849","1849","1849"
"177600","-0.3265793046408344","-1.0367761079493392","0.3836174986676703","1850","1850","1850"
"177696","22.10487170557548","20.47170936606484","23.73803404508612","1851","1851","1851"
"177792","10.06334484076822","10.06334484076822","10.06334484076822","1852","1852","1852"
"177888","0.3836174986676703","0.3836174986676703","0.3836174986676703","1853","1853","1853"
"178176","14.731425190423874","14.731425190423874","14.731425190423874","1856","1856","1856"
"178272","25.384429613007242","25.384429613007242","25.384429613007242","1857","1857","1857"
"178368","22.082404489120307","20.493003137252888","23.671805840987723","1858","1858","1858"
"178560","23.671805840987723","23.671805840987723","23.671805840987723","1860","1860","1860"
"178656","17.11521363524629","17.11521363524629","17.11521363524629","1861","1861","1861"
"178752","29.198640612611587","29.198640612611587","29.198640612611587","1862","1862","1862"
"178848","25.500641520095563","25.500641520095563","25.500641520095563","1863","1863","1863"
"178944","9.81190182587138","0.3836174986676703","19.24018615307509","1864","1864","1864"
"179040","51.22797158207299","23.217954532905527","79.23798863124046","1865","1865","1865"
"179232","29.377085949610002","29.377085949610002","29.377085949610002","1867","1867","1867"
"179328","17.11521363524629","17.11521363524629","17.11521363524629","1868","1868","1868"
"179424","25.14531109090302","25.14531109090302","25.14531109090302","1869","1869","1869"
"179808","7.53891539683287","-8.66020325142038","23.73803404508612","1873","1873","1873"
"179904","22.052181613337197","18.562501201550813","25.541862025123585","1874","1874","1874"
"180096","29.31085774551161","29.31085774551161","29.31085774551161","1876","1876","1876"
"180192","12.338068229948357","12.338068229948357","12.338068229948357","1877","1877","1877"
"180384","6.824504121979301","4.312008202703767","9.337000041254834","1879","1879","1879"
"180480","20.00468180397005","16.337557766952383","23.671805840987723","1880","1880","1880"
"180672","22.678707972252216","22.678707972252216","22.678707972252216","1882","1882","1882"
"180768","14.796991112481292","14.796991112481292","14.796991112481292","1883","1883","1883"
"180864","29.254467226466375","29.254467226466375","29.254467226466375","1884","1884","1884"
"180960","93.68591051512477","93.68591051512477","93.68591051512477","1885","1885","1885"
"181056","8.452655731453016","-0.2099021723402581","17.11521363524629","1886","1886","1886"
"181152","27.836669904654993","9.337000041254834","46.336339768055154","1887","1887","1887"
"181248","70.40280980286614","12.937495467456275","127.86812413827602","1888","1888","1888"
"181344","9.337000041254834","9.337000041254834","9.337000041254834","1889","1889","1889"
"181440","14.796991112481292","14.796991112481292","14.796991112481292","1890","1890","1890"
"181536","16.647129270512913","9.337000041254834","23.95725849977099","1891","1891","1891"
"181728","17.324815901331597","9.337000041254834","25.31263176140836","1893","1893","1893"
"181920","-8.66020325142038","-8.66020325142038","-8.66020325142038","1895","1895","1895"
"182016","3.902488278433549","3.902488278433549","3.902488278433549","1896","1896","1896"
"182304","20.0788185097734","20.0788185097734","20.0788185097734","1899","1899","1899"
"182592","16.891130465931724","16.891130465931724","16.891130465931724","1902","1902","1902"
"183072","59.621485609982734","9.337000041254834","109.90597117871063","1907","1907","1907"
"183168","0.2931792911667843","-8.66020325142038","9.24656183375395","1908","1908","1908"
"183264","29.137872585964757","9.337000041254834","48.93874513067468","1909","1909","1909"
"183360","14.530872589668865","-0.1927220471286443","29.254467226466375","1910","1910","1910"
"183456","8.819067500748469","8.301134960242104","9.337000041254834","1911","1911","1911"
"183552","29.254467226466375","29.254467226466375","29.254467226466375","1912","1912","1912"
"183648","17.11521363524629","17.11521363524629","17.11521363524629","1913","1913","1913"
"183840","89.56923768384027","89.56923768384027","89.56923768384027","1915","1915","1915"
"183936","15.923319412835081","14.731425190423874","17.11521363524629","1916","1916","1916"
"184032","23.73803404508612","23.73803404508612","23.73803404508612","1917","1917","1917"
"184128","25.434413315997162","25.434413315997162","25.434413315997162","1918","1918","1918"
"184224","128.87594105561942","128.87594105561942","128.87594105561942","1919","1919","1919"
"184320","-8.66020325142038","-8.66020325142038","-8.66020325142038","1920","1920","1920"
"184416","23.326622116992723","23.326622116992723","23.326622116992723","1921","1921","1921"
"184512","9.337000041254834","9.337000041254834","9.337000041254834","1922","1922","1922"
"184608","0.3836174986676703","0.3836174986676703","0.3836174986676703","1923","1923","1923"
"184704","8.240398906739864","8.240398906739864","8.240398906739864","1924","1924","1924"
"184800","8.558810636902656","8.558810636902656","8.558810636902656","1925","1925","1925"
"185088","25.99128259005716","25.541862025123585","26.440703154990732","1928","1928","1928"
"185184","14.796991112481292","14.796991112481292","14.796991112481292","1929","1929","1929"
"185280","9.337000041254834","9.337000041254834","9.337000041254834","1930","1930","1930"
"185376","22.113789865237017","-8.66020325142038","52.88778298189442","1931","1931","1931"
"185760","11.518695009610578","11.518695009610578","11.518695009610578","1935","1935","1935"
"185856","14.796991112481292","14.796991112481292","14.796991112481292","1936","1936","1936"
"185952","71.40153470815308","29.377085949610002","113.42598346669615","1937","1937","1937"
"186048","4.860308769961252","0.3836174986676703","9.337000041254834","1938","1938","1938"
"186144","14.796991112481292","14.796991112481292","14.796991112481292","1939","1939","1939"
"186336","17.11521363524629","17.11521363524629","17.11521363524629","1941","1941","1941"
"186432","8.78869947399735","8.240398906739864","9.337000041254834","1942","1942","1942"
"186528","16.537517043170478","16.537517043170478","16.537517043170478","1943","1943","1943"
"186720","20.91173688145864","16.537517043170478","25.285956719746803","1945","1945","1945"
"186816","17.11521363524629","17.11521363524629","17.11521363524629","1946","1946","1946"
"186912","20.5118985092514","20.5118985092514","20.5118985092514","1947","1947","1947"
"187200","-8.66020325142038","-8.66020325142038","-8.66020325142038","1950","1950","1950"
"187296","21.229065237620404","17.11521363524629","25.34291683999452","1951","1951","1951"
"187392","-0.2099021723402581","-0.2099021723402581","-0.2099021723402581","1952","1952","1952"
"187488","7.567694753699259","0.3383983949172267","14.796991112481292","1953","1953","1953"
"187680","17.11521363524629","17.11521363524629","17.11521363524629","1955","1955","1955"
"187776","14.757251605626264","14.757251605626264","14.757251605626264","1956","1956","1956"
"187872","23.73803404508612","23.73803404508612","23.73803404508612","1957","1957","1957"
"187968","25.434413315997162","25.434413315997162","25.434413315997162","1958","1958","1958"
"188160","7.590304305574481","7.590304305574481","7.590304305574481","1960","1960","1960"
"188256","23.46368740512742","17.61651706474323","29.31085774551161","1961","1961","1961"
"188352","10.427307809025645","10.427307809025645","10.427307809025645","1962","1962","1962"
"188544","9.870330247050045","0.3836174986676703","19.35704299543242","1964","1964","1964"
"188640","14.522282527063059","-0.2099021723402581","29.254467226466375","1965","1965","1965"
"188736","11.401409037791069","11.401409037791069","11.401409037791069","1966","1966","1966"
"188832","95.35818415934656","61.84042726307371","128.87594105561942","1967","1967","1967"
"188928","9.337000041254834","9.337000041254834","9.337000041254834","1968","1968","1968"
"189024","9.337000041254834","9.337000041254834","9.337000041254834","1969","1969","1969"
"189120","72.43007472458808","72.43007472458808","72.43007472458808","1970","1970","1970"
"189216","9.337000041254834","9.337000041254834","9.337000041254834","1971","1971","1971"
"189312","-2.1740975243583067","-8.66020325142038","4.312008202703767","1972","1972","1972"
"189504","14.908831784262697","0.3836174986676703","29.43404606985772","1974","1974","1974"
"189600","0.3836174986676703","0.3836174986676703","0.3836174986676703","1975","1975","1975"
"189696","0.2931792911667915","0.2931792911667915","0.2931792911667915","1976","1976","1976"
"189792","-8.66020325142038","-8.66020325142038","-8.66020325142038","1977","1977","1977"
"189888","11.979645232006952","9.337000041254834","14.62229042275907","1978","1978","1978"
"189984","7.505801294783671","7.505801294783671","7.505801294783671","1979","1979","1979"
"190080","11.858595269284919","-1.6257263014246823","25.34291683999452","1980","1980","1980"
"190176","126.69080654671467","126.69080654671467","126.69080654671467","1981","1981","1981"
"190272","29.068164427717328","29.068164427717328","29.068164427717328","1982","1982","1982"
"190368","17.11521363524629","17.11521363524629","17.11521363524629","1983","1983","1983"
"190560","-3.1886368275127626","-3.1886368275127626","-3.1886368275127626","1985","1985","1985"
"190656","8.240398906739864","8.240398906739864","8.240398906739864","1986","1986","1986"
"190752","-6.4456853790317705","-6.4456853790317705","-6.4456853790317705","1987","1987","1987"
"190848","13.226106838250562","13.226106838250562","13.226106838250562","1988","1988","1988"
"190944","30.940637832940634","0.3836174986676703","61.4976581672136","1989","1989","1989"
"191232","120.0087109326617","114.43576921520922","125.58165265011418","1992","1992","1992"
"191328","23.671805840987723","23.671805840987723","23.671805840987723","1993","1993","1993"
"191424","20.493003137252888","20.493003137252888","20.493003137252888","1994","1994","1994"
"191520","23.671805840987723","23.671805840987723","23.671805840987723","1995","1995","1995"
"191712","-8.66020325142038","-8.66020325142038","-8.66020325142038","1997","1997","1997"
"191808","25.391905867294938","25.391905867294938","25.391905867294938","1998","1998","1998"
"191904","0.3836174986676703","0.3836174986676703","0.3836174986676703","1999","1999","1999"
"192000","25.541862025123585","25.541862025123585","25.541862025123585","2000","2000","2000"
"192288","9.337000041254834","9.337000041254834","9.337000041254834","2003","2003","2003"
"192384","3.0683939305304557","3.0683939305304557","3.0683939305304557","2004","2004","2004"
"192480","29.367817865759328","29.367817865759328","29.367817865759328","2005","2005","2005"
"192672","29.254467226466375","29.254467226466375","29.254467226466375","2007","2007","2007"
"192768","127.80189593417761","127.80189593417761","127.80189593417761","2008","2008","2008"
"192864","-8.66020325142038","-8.66020325142038","-8.66020325142038","2009","2009","2009"
"192960","128.80971285152103","128.80971285152103","128.80971285152103","2010","2010","2010"
"193056","17.61651706474323","17.61651706474323","17.61651706474323","2011","2011","2011"
"193152","23.671805840987723","23.671805840987723","23.671805840987723","2012","2012","2012"
"193344","9.337000041254834","9.337000041254834","9.337000041254834","2014","2014","2014"
"193440","20.436043017005172","20.436043017005172","20.436043017005172","2015","2015","2015"
"193824","14.010224701942343","14.010224701942343","14.010224701942343","2019","2019","2019"
"194016","78.62260504394301","78.62260504394301","78.62260504394301","2021","2021","2021"
"194112","13.226106838250562","13.226106838250562","13.226106838250562","2022","2022","2022"
"194208","24.529133239011166","24.529133239011166","24.529133239011166","2023","2023","2023"
"194304","9.337000041254834","9.337000041254834","9.337000041254834","2024","2024","2024"
"194400","25.246403557309957","25.246403557309957","25.246403557309957","2025","2025","2025"
"194496","59.54236628125475","59.54236628125475","59.54236628125475","2026","2026","2026"
"194592","-8.66020325142038","-8.66020325142038","-8.66020325142038","2027","2027","2027"
"194688","17.11521363524629","17.11521363524629","17.11521363524629","2028","2028","2028"
"194784","20.16942656880244","20.16942656880244","20.16942656880244","2029","2029","2029"
"194880","-8.66020325142038","-8.66020325142038","-8.66020325142038","2030","2030","2030"
"194976","17.11521363524629","17.11521363524629","17.11521363524629","2031","2031","2031"
"195072","15.550677648836274","13.98614166242626","17.11521363524629","2032","2032","2032"
"195168","25.541862025123585","25.541862025123585","25.541862025123585","2033","2033","2033"
"195360","9.337000041254834","9.337000041254834","9.337000041254834","2035","2035","2035"
"195456","22.98558145462113","22.98558145462113","22.98558145462113","2036","2036","2036"
"195552","-3.026669198700299","-3.026669198700299","-3.026669198700299","2037","2037","2037"
"195648","10.35844134909481","10.35844134909481","10.35844134909481","2038","2038","2038"
"195744","12.066995576868063","9.337000041254834","14.796991112481292","2039","2039","2039"
"195840","-8.66020325142038","-8.66020325142038","-8.66020325142038","2040","2040","2040"
"196032","16.56576707016918","14.796991112481292","18.334543027857066","2042","2042","2042"
"196320","76.53994078048855","25.33494574704722","127.74493581392989","2045","2045","2045"
"196416","19.876131171941548","19.876131171941548","19.876131171941548","2046","2046","2046"
"196512","25.66741130611202","25.66741130611202","25.66741130611202","2047","2047","2047"
"196608","93.18861125805225","58.697852624232","127.67936989187248","2048","2048","2048"
"197088","25.541862025123585","25.541862025123585","25.541862025123585","2053","2053","2053"
"197184","0.3836174986676703","0.3836174986676703","0.3836174986676703","2054","2054","2054"
"197472","39.89527189365161","12.815010527988814","66.9755332593144","2057","2057","2057"
"197568","25.34291683999452","25.34291683999452","25.34291683999452","2058","2058","2058"
"197760","35.6103628898903","29.49158154485541","41.72914423492518","2060","2060","2060"
"197856","14.796991112481292","14.796991112481292","14.796991112481292","2061","2061","2061"
"198048","8.33737124781342","-8.66020325142038","25.33494574704722","2063","2063","2063"
"198144","-8.66020325142038","-8.66020325142038","-8.66020325142038","2064","2064","2064"
"198240","17.11521363524629","17.11521363524629","17.11521363524629","2065","2065","2065"
"198336","20.413172162993163","20.413172162993163","20.413172162993163","2066","2066","2066"
"198432","17.11521363524629","17.11521363524629","17.11521363524629","2067","2067","2067"
"198528","23.73803404508612","23.73803404508612","23.73803404508612","2068","2068","2068"
"198720","127.81116401802828","127.81116401802828","127.81116401802828","2070","2070","2070"
"198816","9.24656183375395","9.24656183375395","9.24656183375395","2071","2071","2071"
"198912","113.42598346669615","113.42598346669615","113.42598346669615","2072","2072","2072"
"199104","26.8859008941408","26.8859008941408","26.8859008941408","2074","2074","2074"
"199296","68.55816998117965","8.240398906739864","128.87594105561942","2076","2076","2076"
"199392","38.94231781788929","8.240398906739864","69.64423672903871","2077","2077","2077"
"199584","9.337000041254834","9.337000041254834","9.337000041254834","2079","2079","2079"
"199776","8.240398906739864","8.240398906739864","8.240398906739864","2081","2081","2081"
"199872","6.804862168459116","0.3836174986676703","13.226106838250562","2082","2082","2082"