"Episode","Grouped runs - Instruction_Compliance","Grouped runs - Instruction_Compliance__MIN","Grouped runs - Instruction_Compliance__MAX","Grouped runs - _step","Grouped runs - _step__MIN","Grouped runs - _step__MAX"
"0","0.7375","0.6625000000000001","0.8125000000000001","0","0","0"
"96","0.8577083333333333","0.8110416666666667","0.9043749999999999","1","1","1"
"192","0.7615624999999999","0.7266666666666666","0.7964583333333334","2","2","2"
"288","0.7008333333333332","0.6535416666666666","0.7481249999999999","3","3","3"
"384","0.8160416666666666","0.7277083333333333","0.9043749999999999","4","4","4"
"480","0.7841666666666667","0.74625","0.8220833333333334","5","5","5"
"576","0.7396875","0.7312500000000002","0.7481249999999999","6","6","6"
"672","0.8626041666666668","0.8229166666666669","0.9022916666666667","7","7","7"
"768","0.9136458333333333","0.8635416666666668","0.9637499999999998","8","8","8"
"864","0.8252083333333333","0.8216666666666667","0.82875","9","9","9"
"960","0.7836458333333334","0.7670833333333333","0.8002083333333334","10","10","10"
"1056","0.83125","0.7572916666666667","0.9052083333333334","11","11","11"
"1152","0.9082291666666666","0.8456250000000001","0.9708333333333333","12","12","12"
"1248","0.8694791666666666","0.7641666666666667","0.9747916666666666","13","13","13"
"1344","0.8558333333333332","0.8168749999999999","0.8947916666666665","14","14","14"
"1440","0.8435416666666666","0.8256249999999999","0.8614583333333333","15","15","15"
"1536","0.8402083333333334","0.8279166666666667","0.8525","16","16","16"
"1632","0.8078125","0.7462500000000002","0.8693749999999999","17","17","17"
"1728","0.8032291666666667","0.7599999999999999","0.8464583333333334","18","18","18"
"1824","0.85625","0.7933333333333333","0.9191666666666666","19","19","19"
"1920","0.8094791666666666","0.78625","0.8327083333333333","20","20","20"
"2016","0.8970833333333332","0.8647916666666666","0.929375","21","21","21"
"2112","0.7873958333333334","0.7781250000000001","0.7966666666666667","22","22","22"
"2208","0.9069791666666667","0.8164583333333333","0.9975","23","23","23"
"2304","0.8706250000000002","0.8020833333333335","0.9391666666666668","24","24","24"
"2400","0.8989583333333333","0.8014583333333333","0.9964583333333334","25","25","25"
"2496","0.8361458333333334","0.7687499999999999","0.9035416666666668","26","26","26"
"2592","0.8842708333333333","0.8841666666666667","0.884375","27","27","27"
"2688","0.8566666666666667","0.7820833333333335","0.9312499999999999","28","28","28"
"2784","0.8667708333333334","0.8464583333333334","0.8870833333333333","29","29","29"
"2880","0.8315625","0.82","0.843125","30","30","30"
"2976","0.8869791666666667","0.8391666666666667","0.9347916666666666","31","31","31"
"3072","0.7675","0.7512499999999999","0.7837500000000001","32","32","32"
"3168","0.9432291666666668","0.9427083333333334","0.9437500000000001","33","33","33"
"3264","0.8243750000000001","0.6879166666666666","0.9608333333333334","34","34","34"
"3360","0.9403125","0.8970833333333333","0.9835416666666666","35","35","35"
"3456","0.9198958333333334","0.884375","0.9554166666666667","36","36","36"
"3552","0.8688541666666667","0.8575","0.8802083333333334","37","37","37"
"3648","0.8567708333333333","0.7960416666666665","0.9175000000000001","38","38","38"
"3744","0.9198958333333334","0.84","0.9997916666666667","39","39","39"
"3840","0.9708333333333333","0.9452083333333333","0.9964583333333333","40","40","40"
"3936","0.9165625","0.9072916666666666","0.9258333333333333","41","41","41"
"4032","0.8994791666666667","0.8835416666666668","0.9154166666666667","42","42","42"
"4128","0.9730208333333334","0.9512499999999999","0.9947916666666669","43","43","43"
"4224","0.9214583333333335","0.8768750000000001","0.9660416666666668","44","44","44"
"4320","0.8080208333333334","0.7712500000000001","0.8447916666666666","45","45","45"
"4416","0.9010416666666667","0.8722916666666668","0.9297916666666666","46","46","46"
"4512","0.836875","0.8270833333333334","0.8466666666666667","47","47","47"
"4608","0.9139583333333333","0.8624999999999999","0.9654166666666667","48","48","48"
"4704","0.8987499999999999","0.8893749999999999","0.9081250000000001","49","49","49"
"4800","0.9735416666666666","0.9508333333333333","0.99625","50","50","50"
"4896","0.9507291666666666","0.938125","0.9633333333333334","51","51","51"
"4992","0.9391666666666667","0.9172916666666667","0.9610416666666667","52","52","52"
"5088","0.9098958333333333","0.875","0.9447916666666667","53","53","53"
"5184","0.9645833333333333","0.9508333333333333","0.9783333333333334","54","54","54"
"5280","0.8954166666666665","0.8049999999999998","0.9858333333333333","55","55","55"
"5376","0.8889583333333333","0.8818750000000001","0.8960416666666666","56","56","56"
"5472","0.9208333333333334","0.895","0.9466666666666667","57","57","57"
"5568","0.9672916666666667","0.9489583333333332","0.9856250000000001","58","58","58"
"5664","0.9165625000000002","0.8966666666666668","0.9364583333333334","59","59","59"
"5760","0.9265625000000001","0.8916666666666667","0.9614583333333334","60","60","60"
"5856","0.9280208333333333","0.8652083333333334","0.9908333333333333","61","61","61"
"5952","0.8853125","0.8677083333333333","0.9029166666666667","62","62","62"
"6048","0.9875000000000002","0.9850000000000002","0.9900000000000001","63","63","63"
"6144","0.9192708333333333","0.8964583333333334","0.9420833333333333","64","64","64"
"6240","0.8912500000000001","0.8468750000000002","0.9356249999999999","65","65","65"
"6336","0.9521875","0.9129166666666667","0.9914583333333332","66","66","66"
"6432","0.941875","0.8872916666666666","0.9964583333333333","67","67","67"
"6528","0.9269791666666666","0.8639583333333333","0.9899999999999999","68","68","68"
"6624","0.9208333333333334","0.8972916666666667","0.9443750000000001","69","69","69"
"6720","0.9438541666666667","0.8979166666666666","0.9897916666666666","70","70","70"
"6816","0.9586458333333332","0.9547916666666666","0.9624999999999999","71","71","71"
"6912","0.9655208333333333","0.9333333333333332","0.9977083333333333","72","72","72"
"7008","0.9194791666666666","0.8854166666666666","0.9535416666666667","73","73","73"
"7104","0.9139583333333332","0.8297916666666666","0.9981249999999999","74","74","74"
"7200","0.9748958333333334","0.9666666666666667","0.9831250000000001","75","75","75"
"7296","0.8600000000000001","0.7962500000000001","0.92375","76","76","76"
"7392","0.8541666666666667","0.8129166666666667","0.8954166666666667","77","77","77"
"7488","0.8832291666666667","0.8147916666666668","0.9516666666666667","78","78","78"
"7584","0.9175","0.8658333333333333","0.9691666666666667","79","79","79"
"7680","0.9738541666666666","0.9514583333333332","0.99625","80","80","80"
"7776","0.9546875000000001","0.9147916666666668","0.9945833333333334","81","81","81"
"7872","0.9297916666666666","0.8799999999999999","0.9795833333333333","82","82","82"
"7968","0.8266666666666667","0.6954166666666666","0.9579166666666666","83","83","83"
"8064","0.9605208333333333","0.9239583333333333","0.9970833333333333","84","84","84"
"8160","0.9847916666666667","0.973125","0.9964583333333333","85","85","85"
"8256","0.8841666666666668","0.850625","0.9177083333333335","86","86","86"
"8352","0.9030208333333333","0.8708333333333332","0.9352083333333333","87","87","87"
"8448","0.9473958333333334","0.910625","0.9841666666666667","88","88","88"
"8544","0.9370833333333333","0.9120833333333334","0.9620833333333333","89","89","89"
"8640","0.8165624999999999","0.7985416666666666","0.8345833333333332","90","90","90"
"8736","0.9054166666666666","0.813125","0.9977083333333333","91","91","91"
"8832","0.8488541666666667","0.7875","0.9102083333333333","92","92","92"
"8928","0.8956250000000001","0.8706250000000001","0.9206250000000001","93","93","93"
"9024","0.8474999999999999","0.7714583333333334","0.9235416666666666","94","94","94"
"9120","0.8982291666666665","0.8591666666666665","0.9372916666666665","95","95","95"
"9216","0.9567708333333333","0.9510416666666668","0.9625","96","96","96"
"9312","0.9165625","0.8991666666666666","0.9339583333333333","97","97","97"
"9408","0.8986458333333333","0.8785416666666667","0.9187499999999998","98","98","98"
"9504","0.8952083333333334","0.8841666666666668","0.90625","99","99","99"
"9600","0.9052083333333334","0.8560416666666667","0.9543750000000001","100","100","100"
"9696","0.8752083333333333","0.8541666666666666","0.8962499999999999","101","101","101"
"9792","0.9463541666666666","0.9327083333333333","0.96","102","102","102"
"9888","0.8884375","0.8145833333333333","0.9622916666666668","103","103","103"
"9984","0.9632291666666667","0.9389583333333335","0.9874999999999999","104","104","104"
"10080","0.911875","0.9081250000000001","0.915625","105","105","105"
"10176","0.8845833333333334","0.7722916666666667","0.9968750000000001","106","106","106"
"10272","0.9448958333333333","0.9077083333333333","0.9820833333333333","107","107","107"
"10368","0.8030208333333333","0.7616666666666667","0.844375","108","108","108"
"10464","0.9135416666666667","0.9072916666666667","0.9197916666666668","109","109","109"
"10560","0.930625","0.9095833333333333","0.9516666666666667","110","110","110"
"10656","0.8332291666666667","0.7339583333333333","0.9325","111","111","111"
"10752","0.9546875000000001","0.9364583333333334","0.9729166666666668","112","112","112"
"10848","0.878125","0.84375","0.9125000000000001","113","113","113"
"10944","0.9377083333333334","0.9281250000000001","0.9472916666666666","114","114","114"
"11040","0.9167708333333333","0.9154166666666667","0.918125","115","115","115"
"11136","0.8559375","0.825625","0.88625","116","116","116"
"11232","0.8729166666666667","0.8379166666666668","0.9079166666666666","117","117","117"
"11328","0.9446874999999999","0.9389583333333333","0.9504166666666666","118","118","118"
"11424","0.9504166666666667","0.9037499999999999","0.9970833333333333","119","119","119"
"11520","0.9101041666666666","0.9077083333333332","0.9125","120","120","120"
"11616","0.9514583333333333","0.90375","0.9991666666666666","121","121","121"
"11712","0.8984375","0.8887499999999999","0.9081250000000001","122","122","122"
"11808","0.8565624999999999","0.7970833333333333","0.9160416666666666","123","123","123"
"11904","0.9465625000000002","0.9122916666666668","0.9808333333333334","124","124","124"
"12000","0.9362499999999999","0.898125","0.9743749999999999","125","125","125"
"12096","0.9860416666666667","0.9764583333333334","0.995625","126","126","126"
"12192","0.9430208333333334","0.8895833333333334","0.9964583333333333","127","127","127"
"12288","0.973125","0.953125","0.993125","128","128","128"
"12384","0.8810416666666667","0.870625","0.8914583333333334","129","129","129"
"12480","0.8993749999999999","0.8879166666666666","0.9108333333333333","130","130","130"
"12576","0.9976041666666666","0.9960416666666667","0.9991666666666666","131","131","131"
"12672","0.9325000000000001","0.9208333333333334","0.9441666666666667","132","132","132"
"12768","0.9471875000000001","0.944375","0.9500000000000001","133","133","133"
"12864","0.9758333333333333","0.9539583333333334","0.9977083333333333","134","134","134"
"12960","0.9430208333333332","0.8912499999999999","0.9947916666666666","135","135","135"
"13056","0.8680208333333335","0.8070833333333334","0.9289583333333334","136","136","136"
"13152","0.9414583333333334","0.9333333333333335","0.9495833333333333","137","137","137"
"13248","0.9897916666666667","0.9852083333333334","0.9943750000000001","138","138","138"
"13344","0.935","0.8737500000000001","0.99625","139","139","139"
"13440","0.9657291666666667","0.9539583333333334","0.9775","140","140","140"
"13536","0.8923958333333333","0.8345833333333333","0.9502083333333333","141","141","141"
"13632","0.97","0.956875","0.9831249999999999","142","142","142"
"13728","0.8946875000000001","0.8691666666666666","0.9202083333333334","143","143","143"
"13824","0.9444791666666666","0.9054166666666666","0.9835416666666666","144","144","144"
"13920","0.9691666666666666","0.945","0.9933333333333333","145","145","145"
"14016","0.9273958333333332","0.8831249999999998","0.9716666666666667","146","146","146"
"14112","0.9962499999999999","0.9952083333333333","0.9972916666666666","147","147","147"
"14208","0.9155208333333333","0.8795833333333333","0.9514583333333334","148","148","148"
"14304","0.8363541666666667","0.7539583333333333","0.9187500000000001","149","149","149"
"14400","0.8831250000000002","0.7733333333333334","0.9929166666666668","150","150","150"
"14496","0.9604166666666667","0.9343750000000001","0.9864583333333333","151","151","151"
"14592","0.9682291666666667","0.96125","0.9752083333333333","152","152","152"
"14688","0.9405208333333335","0.8875000000000001","0.9935416666666668","153","153","153"
"14784","0.9583333333333333","0.9572916666666665","0.9593750000000001","154","154","154"
"14880","0.9568750000000001","0.9147916666666668","0.9989583333333334","155","155","155"
"14976","0.9285416666666666","0.9183333333333333","0.9387499999999999","156","156","156"
"15072","0.9854166666666666","0.9722916666666667","0.9985416666666667","157","157","157"
"15168","0.9686458333333334","0.9422916666666667","0.995","158","158","158"
"15264","0.9419791666666667","0.8885416666666667","0.9954166666666667","159","159","159"
"15360","0.9312500000000001","0.9252083333333334","0.9372916666666667","160","160","160"
"15456","0.8783333333333334","0.8208333333333333","0.9358333333333334","161","161","161"
"15552","0.9774999999999999","0.9620833333333333","0.9929166666666666","162","162","162"
"15648","0.9105208333333334","0.8608333333333335","0.9602083333333334","163","163","163"
"15744","0.9022916666666667","0.8779166666666667","0.9266666666666667","164","164","164"
"15840","0.9159375000000001","0.8547916666666667","0.9770833333333333","165","165","165"
"15936","0.8938541666666666","0.8016666666666667","0.9860416666666666","166","166","166"
"16032","0.8969791666666667","0.8858333333333334","0.9081250000000001","167","167","167"
"16128","0.928125","0.915625","0.9406249999999999","168","168","168"
"16224","0.9097916666666666","0.85125","0.9683333333333333","169","169","169"
"16320","0.9137500000000001","0.8291666666666666","0.9983333333333334","170","170","170"
"16416","0.8458333333333334","0.8239583333333335","0.8677083333333334","171","171","171"
"16512","0.9022916666666665","0.8904166666666665","0.9141666666666666","172","172","172"
"16608","0.8102083333333334","0.7352083333333335","0.8852083333333334","173","173","173"
"16704","0.9210416666666666","0.8629166666666667","0.9791666666666666","174","174","174"
"16800","0.8561458333333334","0.8237500000000001","0.8885416666666667","175","175","175"
"16896","0.8809375","0.8283333333333335","0.9335416666666666","176","176","176"
"16992","0.9497916666666668","0.9050000000000001","0.9945833333333334","177","177","177"
"17088","0.9175","0.8977083333333332","0.9372916666666667","178","178","178"
"17184","0.8351041666666668","0.7406250000000001","0.9295833333333334","179","179","179"
"17280","0.9584375","0.9404166666666667","0.9764583333333334","180","180","180"
"17376","0.965625","0.93125","1","181","181","181"
"17472","0.8673958333333334","0.8258333333333333","0.9089583333333334","182","182","182"
"17568","0.9444791666666666","0.9258333333333334","0.9631249999999999","183","183","183"
"17664","0.915625","0.8745833333333334","0.9566666666666667","184","184","184"
"17760","0.96875","0.9635416666666666","0.9739583333333334","185","185","185"
"17856","0.9229166666666666","0.8764583333333333","0.969375","186","186","186"
"17952","0.9019791666666668","0.8185416666666668","0.9854166666666666","187","187","187"
"18048","0.8982291666666667","0.8595833333333335","0.936875","188","188","188"
"18144","0.9608333333333332","0.9512499999999999","0.9704166666666666","189","189","189"
"18240","0.9169791666666667","0.9164583333333334","0.9175000000000001","190","190","190"
"18336","0.9288541666666668","0.8929166666666667","0.9647916666666667","191","191","191"
"18432","0.9453124999999999","0.9118749999999999","0.9787499999999999","192","192","192"
"18528","0.9376041666666666","0.8858333333333333","0.989375","193","193","193"
"18624","0.9762500000000001","0.9700000000000001","0.9825","194","194","194"
"18720","0.8678125","0.78625","0.949375","195","195","195"
"18816","0.8902083333333334","0.851875","0.9285416666666667","196","196","196"
"18912","0.9373958333333334","0.9164583333333334","0.9583333333333334","197","197","197"
"19008","0.9127083333333332","0.8937499999999999","0.9316666666666666","198","198","198"
"19104","0.9509375","0.9083333333333332","0.9935416666666668","199","199","199"
"19200","0.8717708333333334","0.8647916666666666","0.87875","200","200","200"
"19296","0.9481250000000001","0.94125","0.9550000000000001","201","201","201"
"19392","0.8296874999999999","0.801875","0.8574999999999999","202","202","202"
"19488","0.8775","0.8452083333333335","0.9097916666666666","203","203","203"
"19584","0.8753124999999999","0.8256249999999999","0.9249999999999999","204","204","204"
"19680","0.9621875000000001","0.9397916666666667","0.9845833333333335","205","205","205"
"19776","0.9002083333333333","0.8627083333333334","0.9377083333333333","206","206","206"
"19872","0.9771875000000001","0.9543750000000001","1","207","207","207"
"19968","0.9413541666666667","0.8954166666666667","0.9872916666666667","208","208","208"
"20064","0.9644791666666667","0.9389583333333335","0.9899999999999999","209","209","209"
"20160","0.9760416666666667","0.9579166666666667","0.9941666666666666","210","210","210"
"20256","0.9112500000000001","0.8539583333333334","0.9685416666666667","211","211","211"
"20352","0.9420833333333333","0.9318749999999999","0.9522916666666666","212","212","212"
"20448","0.8831249999999999","0.8150000000000001","0.9512499999999999","213","213","213"
"20544","0.9416666666666667","0.9325","0.9508333333333333","214","214","214"
"20640","0.9139583333333333","0.8610416666666666","0.966875","215","215","215"
"20736","0.9454166666666666","0.9229166666666666","0.9679166666666666","216","216","216"
"20832","0.8760416666666667","0.7977083333333334","0.9543750000000001","217","217","217"
"20928","0.9681249999999999","0.9404166666666667","0.9958333333333332","218","218","218"
"21024","0.8951041666666668","0.8566666666666668","0.9335416666666667","219","219","219"
"21120","0.9275","0.9004166666666668","0.9545833333333333","220","220","220"
"21216","0.9054166666666665","0.8945833333333333","0.9162499999999999","221","221","221"
"21312","0.9606250000000001","0.9295833333333333","0.9916666666666667","222","222","222"
"21408","0.89125","0.8639583333333333","0.9185416666666667","223","223","223"
"21504","0.9801041666666668","0.9797916666666667","0.9804166666666667","224","224","224"
"21600","0.9071875","0.9054166666666666","0.9089583333333334","225","225","225"
"21696","0.9184374999999999","0.9177083333333332","0.9191666666666666","226","226","226"
"21792","0.8396874999999999","0.7760416666666665","0.9033333333333333","227","227","227"
"21888","0.9891666666666667","0.98375","0.9945833333333334","228","228","228"
"21984","0.8688541666666667","0.8047916666666667","0.9329166666666667","229","229","229"
"22080","0.9089583333333333","0.8602083333333334","0.9577083333333333","230","230","230"
"22176","0.9636458333333333","0.9320833333333334","0.9952083333333334","231","231","231"
"22272","0.9381250000000001","0.88375","0.9925","232","232","232"
"22368","0.9501041666666667","0.9343750000000001","0.9658333333333333","233","233","233"
"22464","0.8956249999999999","0.8535416666666666","0.9377083333333333","234","234","234"
"22560","0.9288541666666668","0.9281250000000001","0.9295833333333334","235","235","235"
"22656","0.9482291666666667","0.9008333333333334","0.995625","236","236","236"
"22752","0.89375","0.88125","0.90625","237","237","237"
"22848","0.9362499999999999","0.9322916666666666","0.9402083333333332","238","238","238"
"22944","0.9651041666666667","0.9325","0.9977083333333333","239","239","239"
"23040","0.8851041666666666","0.7814583333333333","0.98875","240","240","240"
"23136","0.9026041666666667","0.8854166666666665","0.9197916666666668","241","241","241"
"23232","0.8340624999999999","0.8002083333333333","0.8679166666666666","242","242","242"
"23328","0.9230208333333334","0.861875","0.9841666666666667","243","243","243"
"23424","0.9861458333333333","0.9783333333333332","0.9939583333333334","244","244","244"
"23520","0.9548958333333334","0.92","0.9897916666666667","245","245","245"
"23616","0.9044791666666666","0.8639583333333333","0.945","246","246","246"
"23712","0.9790625","0.9622916666666667","0.9958333333333332","247","247","247"
"23808","0.9380208333333333","0.9295833333333334","0.9464583333333333","248","248","248"
"23904","0.9846874999999999","0.9704166666666666","0.9989583333333334","249","249","249"
"24000","0.861875","0.8560416666666667","0.8677083333333333","250","250","250"
"24096","0.9521875","0.94625","0.9581249999999999","251","251","251"
"24192","0.9370833333333334","0.93","0.9441666666666667","252","252","252"
"24288","0.96375","0.9295833333333333","0.9979166666666667","253","253","253"
"24384","0.9500000000000001","0.9202083333333334","0.9797916666666667","254","254","254"
"24480","0.9165625","0.9052083333333333","0.9279166666666666","255","255","255"
"24576","0.955625","0.9160416666666666","0.9952083333333334","256","256","256"
"24672","0.9653124999999999","0.958125","0.9724999999999998","257","257","257"
"24768","0.9226041666666666","0.8972916666666665","0.9479166666666666","258","258","258"
"24864","0.9173958333333332","0.8395833333333332","0.9952083333333333","259","259","259"
"24960","0.9012500000000001","0.8110416666666667","0.9914583333333334","260","260","260"
"25056","0.8469791666666667","0.8114583333333333","0.8825000000000002","261","261","261"
"25152","0.9328125","0.8695833333333334","0.9960416666666667","262","262","262"
"25248","0.8942708333333333","0.8883333333333333","0.9002083333333334","263","263","263"
"25344","0.9568749999999999","0.9237500000000001","0.9899999999999999","264","264","264"
"25440","0.949375","0.9195833333333333","0.9791666666666666","265","265","265"
"25536","0.8779166666666667","0.87","0.8858333333333333","266","266","266"
"25632","0.9623958333333333","0.9497916666666666","0.975","267","267","267"
"25728","0.9042708333333334","0.8985416666666667","0.91","268","268","268"
"25824","0.9473958333333333","0.9322916666666666","0.9625","269","269","269"
"25920","0.9881249999999999","0.9833333333333333","0.9929166666666666","270","270","270"
"26016","0.9066666666666666","0.9054166666666666","0.9079166666666666","271","271","271"
"26112","0.95875","0.9533333333333333","0.9641666666666668","272","272","272"
"26208","0.8956249999999999","0.8112499999999999","0.98","273","273","273"
"26304","0.9684375000000001","0.9425000000000002","0.9943749999999999","274","274","274"
"26400","0.9540625","0.9110416666666667","0.9970833333333333","275","275","275"
"26496","0.9539583333333335","0.9137500000000002","0.9941666666666666","276","276","276"
"26592","0.8912500000000001","0.8029166666666668","0.9795833333333334","277","277","277"
"26688","0.8339583333333334","0.7122916666666667","0.9556250000000001","278","278","278"
"26784","0.916875","0.8710416666666666","0.9627083333333334","279","279","279"
"26880","0.9022916666666667","0.899375","0.9052083333333334","280","280","280"
"26976","0.8424999999999999","0.8420833333333332","0.8429166666666666","281","281","281"
"27072","0.9075","0.8700000000000001","0.945","282","282","282"
"27168","0.9236458333333335","0.9183333333333334","0.9289583333333334","283","283","283"
"27264","0.9202083333333333","0.8691666666666666","0.97125","284","284","284"
"27360","0.853125","0.7654166666666667","0.9408333333333333","285","285","285"
"27456","0.9257291666666667","0.8572916666666667","0.9941666666666666","286","286","286"
"27552","0.9880208333333333","0.9877083333333333","0.9883333333333334","287","287","287"
"27648","0.8845833333333334","0.8322916666666668","0.936875","288","288","288"
"27744","0.9724999999999999","0.9708333333333333","0.9741666666666666","289","289","289"
"27840","0.865","0.805","0.9249999999999999","290","290","290"
"27936","0.9664583333333333","0.938125","0.9947916666666666","291","291","291"
"28032","0.876875","0.8375","0.9162499999999999","292","292","292"
"28128","0.9338541666666667","0.9110416666666667","0.9566666666666667","293","293","293"
"28224","0.9873958333333333","0.9772916666666664","0.9975","294","294","294"
"28320","0.8997916666666665","0.8718749999999998","0.9277083333333332","295","295","295"
"28416","0.9177083333333333","0.868125","0.9672916666666667","296","296","296"
"28512","0.9034374999999999","0.87125","0.9356249999999998","297","297","297"
"28608","0.8979166666666667","0.89","0.9058333333333333","298","298","298"
"28704","0.9133333333333333","0.8500000000000001","0.9766666666666666","299","299","299"
"28800","0.9626041666666667","0.9429166666666666","0.9822916666666667","300","300","300"
"28896","0.89625","0.8445833333333334","0.9479166666666665","301","301","301"
"28992","0.9362500000000001","0.9108333333333335","0.9616666666666668","302","302","302"
"29088","0.9841666666666666","0.9770833333333334","0.99125","303","303","303"
"29184","0.8567708333333334","0.8472916666666667","0.8662500000000001","304","304","304"
"29280","0.8857291666666667","0.8464583333333334","0.9249999999999999","305","305","305"
"29376","0.9007291666666667","0.8547916666666667","0.9466666666666667","306","306","306"
"29472","0.9498958333333334","0.9158333333333335","0.9839583333333333","307","307","307"
"29568","0.8954166666666666","0.8883333333333333","0.9025","308","308","308"
"29664","0.9642708333333334","0.9589583333333334","0.9695833333333334","309","309","309"
"29760","0.9377083333333334","0.8841666666666668","0.99125","310","310","310"
"29856","0.9632291666666667","0.9408333333333333","0.9856250000000001","311","311","311"
"29952","0.8716666666666667","0.8150000000000001","0.9283333333333333","312","312","312"
"30048","0.9282291666666667","0.92625","0.9302083333333333","313","313","313"
"30144","0.8901041666666667","0.8816666666666667","0.8985416666666666","314","314","314"
"30240","0.8990625000000001","0.8125","0.9856250000000001","315","315","315"
"30336","0.875","0.8260416666666667","0.9239583333333332","316","316","316"
"30432","0.9373958333333333","0.8829166666666667","0.991875","317","317","317"
"30528","0.9470833333333335","0.927291666666667","0.9668749999999999","318","318","318"
"30624","0.8871875","0.815","0.959375","319","319","319"
"30720","0.9905208333333333","0.988125","0.9929166666666666","320","320","320"
"30816","0.8816666666666667","0.8702083333333334","0.8931250000000001","321","321","321"
"30912","0.9481250000000001","0.9285416666666667","0.9677083333333334","322","322","322"
"31008","0.8857291666666666","0.8195833333333332","0.9518749999999999","323","323","323"
"31104","0.9234374999999999","0.8964583333333334","0.9504166666666666","324","324","324"
"31200","0.9686458333333332","0.9568749999999998","0.9804166666666667","325","325","325"
"31296","0.9551041666666666","0.9343749999999998","0.9758333333333334","326","326","326"
"31392","0.91","0.9","0.92","327","327","327"
"31488","0.8919791666666668","0.8710416666666667","0.9129166666666667","328","328","328"
"31584","0.9120833333333335","0.8893750000000001","0.9347916666666668","329","329","329"
"31680","0.8609375","0.8470833333333333","0.8747916666666667","330","330","330"
"31776","0.9020833333333332","0.8141666666666666","0.9899999999999999","331","331","331"
"31872","0.8189583333333335","0.7691666666666666","0.8687500000000002","332","332","332"
"31968","0.8469791666666666","0.7691666666666667","0.9247916666666667","333","333","333"
"32064","0.8944791666666667","0.87125","0.9177083333333335","334","334","334"
"32160","0.8388541666666667","0.8295833333333333","0.848125","335","335","335"
"32256","0.9115625","0.904375","0.9187500000000002","336","336","336"
"32352","0.8880208333333333","0.8710416666666667","0.9049999999999999","337","337","337"
"32448","0.8635416666666665","0.8631249999999998","0.8639583333333333","338","338","338"
"32544","0.8420833333333333","0.7845833333333334","0.8995833333333333","339","339","339"
"32640","0.9682291666666667","0.9466666666666667","0.9897916666666666","340","340","340"
"32736","0.9834375","0.9804166666666667","0.9864583333333333","341","341","341"
"32832","0.8711458333333334","0.8493750000000001","0.8929166666666667","342","342","342"
"32928","0.8521875000000001","0.7912500000000001","0.913125","343","343","343"
"33024","0.8640625","0.793125","0.9349999999999999","344","344","344"
"33120","0.9393749999999998","0.9147916666666666","0.9639583333333333","345","345","345"
"33216","0.8953125","0.88625","0.9043749999999999","346","346","346"
"33312","0.9456249999999999","0.9418749999999999","0.949375","347","347","347"
"33408","0.9326041666666668","0.8860416666666667","0.9791666666666669","348","348","348"
"33504","0.9820833333333334","0.9743750000000001","0.9897916666666667","349","349","349"
"33600","0.7979166666666667","0.77625","0.8195833333333334","350","350","350"
"33696","0.8957291666666667","0.8747916666666667","0.9166666666666666","351","351","351"
"33792","0.9183333333333332","0.90875","0.9279166666666666","352","352","352"
"33888","0.8484375","0.8129166666666667","0.8839583333333333","353","353","353"
"33984","0.8795833333333334","0.8675","0.8916666666666666","354","354","354"
"34080","0.8878125000000001","0.8625000000000002","0.913125","355","355","355"
"34176","0.8430208333333333","0.7774999999999999","0.9085416666666667","356","356","356"
"34272","0.9153125","0.8510416666666667","0.9795833333333334","357","357","357"
"34368","0.9051041666666666","0.8525","0.9577083333333333","358","358","358"
"34464","0.833125","0.8120833333333334","0.8541666666666666","359","359","359"
"34560","0.9552083333333333","0.9141666666666667","0.99625","360","360","360"
"34656","0.9490624999999999","0.9158333333333332","0.9822916666666667","361","361","361"
"34752","0.9065624999999999","0.8854166666666665","0.9277083333333334","362","362","362"
"34848","0.8498958333333333","0.8218749999999999","0.8779166666666666","363","363","363"
"34944","0.9092708333333333","0.835","0.9835416666666666","364","364","364"
"35040","0.9293749999999998","0.9133333333333332","0.9454166666666666","365","365","365"
"35136","0.9154166666666668","0.8325","0.9983333333333334","366","366","366"
"35232","0.9207291666666666","0.9039583333333333","0.9375","367","367","367"
"35328","0.8803125","0.8179166666666667","0.9427083333333334","368","368","368"
"35424","0.921875","0.9206249999999999","0.9231250000000002","369","369","369"
"35520","0.9570833333333333","0.9352083333333333","0.9789583333333334","370","370","370"
"35616","0.9280208333333333","0.8941666666666667","0.961875","371","371","371"
"35712","0.9488541666666667","0.9166666666666666","0.9810416666666667","372","372","372"
"35808","0.9080208333333333","0.8335416666666666","0.9825","373","373","373"
"35904","0.8986458333333334","0.801875","0.9954166666666667","374","374","374"
"36000","0.9000000000000001","0.8889583333333334","0.9110416666666667","375","375","375"
"36096","0.9508333333333332","0.9152083333333332","0.9864583333333333","376","376","376"
"36192","0.9337500000000001","0.8791666666666668","0.9883333333333333","377","377","377"
"36288","0.7780208333333334","0.7464583333333333","0.8095833333333333","378","378","378"
"36384","0.9403125","0.9164583333333333","0.9641666666666667","379","379","379"
"36480","0.974375","0.973125","0.9756250000000001","380","380","380"
"36576","0.8233333333333333","0.7754166666666666","0.87125","381","381","381"
"36672","0.8773958333333334","0.77625","0.9785416666666666","382","382","382"
"36768","0.9059375000000001","0.8710416666666667","0.9408333333333333","383","383","383"
"36864","0.8708333333333333","0.7764583333333334","0.9652083333333333","384","384","384"
"36960","0.930625","0.92625","0.9349999999999999","385","385","385"
"37056","0.8625","0.8262499999999999","0.89875","386","386","386"
"37152","0.9313541666666667","0.894375","0.9683333333333333","387","387","387"
"37248","0.9070833333333334","0.9004166666666668","0.91375","388","388","388"
"37344","0.901875","0.8354166666666667","0.9683333333333333","389","389","389"
"37440","0.9530208333333334","0.9485416666666667","0.9575","390","390","390"
"37536","0.9251041666666666","0.9","0.9502083333333333","391","391","391"
"37632","0.9197916666666668","0.9010416666666669","0.9385416666666666","392","392","392"
"37728","0.9543750000000001","0.9475000000000001","0.96125","393","393","393"
"37824","0.9492708333333333","0.9302083333333333","0.9683333333333334","394","394","394"
"37920","0.8747916666666666","0.7600000000000001","0.9895833333333331","395","395","395"
"38016","0.9441666666666666","0.8975","0.9908333333333333","396","396","396"
"38112","0.9245833333333333","0.8952083333333333","0.9539583333333334","397","397","397"
"38208","0.8908333333333334","0.8631250000000001","0.9185416666666666","398","398","398"
"38304","0.9384375","0.9275000000000001","0.949375","399","399","399"
"38400","0.9397916666666668","0.9364583333333334","0.9431250000000001","400","400","400"
"38496","0.8872916666666666","0.8516666666666667","0.9229166666666666","401","401","401"
"38592","0.8947916666666667","0.8672916666666666","0.9222916666666668","402","402","402"
"38688","0.94875","0.9120833333333334","0.9854166666666667","403","403","403"
"38784","0.9415625000000001","0.938125","0.9450000000000002","404","404","404"
"38880","0.8788541666666667","0.8197916666666667","0.9379166666666667","405","405","405"
"38976","0.9680208333333333","0.9570833333333333","0.9789583333333334","406","406","406"
"39072","0.8944791666666667","0.86","0.9289583333333334","407","407","407"
"39168","0.9455208333333334","0.9254166666666669","0.9656249999999998","408","408","408"
"39264","0.8604166666666667","0.8025000000000001","0.9183333333333333","409","409","409"
"39360","0.9464583333333334","0.9002083333333334","0.9927083333333334","410","410","410"
"39456","0.9129166666666666","0.8447916666666666","0.9810416666666666","411","411","411"
"39552","0.9811458333333334","0.968125","0.9941666666666666","412","412","412"
"39648","0.9094791666666666","0.9058333333333334","0.913125","413","413","413"
"39744","0.9594791666666667","0.94375","0.9752083333333333","414","414","414"
"39840","0.7921875","0.754375","0.83","415","415","415"
"39936","0.8657291666666667","0.8229166666666666","0.9085416666666667","416","416","416"
"40032","0.8641666666666666","0.8385416666666666","0.8897916666666666","417","417","417"
"40128","0.9463541666666666","0.896875","0.9958333333333332","418","418","418"
"40224","0.8607291666666668","0.805625","0.9158333333333334","419","419","419"
"40320","0.8269791666666666","0.7920833333333334","0.861875","420","420","420"
"40416","0.9540625","0.9179166666666666","0.9902083333333334","421","421","421"
"40512","0.9254166666666666","0.9214583333333333","0.929375","422","422","422"
"40608","0.9203125000000001","0.8752083333333335","0.9654166666666666","423","423","423"
"40704","0.9513541666666667","0.9385416666666666","0.9641666666666667","424","424","424"
"40800","0.9092708333333335","0.8664583333333334","0.9520833333333334","425","425","425"
"40896","0.8633333333333333","0.8429166666666666","0.8837499999999999","426","426","426"
"40992","0.9286458333333332","0.9283333333333332","0.9289583333333332","427","427","427"
"41088","0.9705208333333333","0.9618749999999999","0.9791666666666666","428","428","428"
"41184","0.9514583333333333","0.9204166666666667","0.9825","429","429","429"
"41280","0.9089583333333333","0.90625","0.9116666666666666","430","430","430"
"41376","0.8744791666666667","0.8300000000000001","0.9189583333333333","431","431","431"
"41472","0.9224999999999999","0.8975","0.9474999999999999","432","432","432"
"41568","0.9541666666666668","0.9435416666666668","0.9647916666666667","433","433","433"
"41664","0.9483333333333333","0.9185416666666666","0.978125","434","434","434"
"41760","0.8338541666666667","0.7864583333333334","0.88125","435","435","435"
"41856","0.9183333333333332","0.9147916666666666","0.921875","436","436","436"
"41952","0.9003125000000001","0.8779166666666667","0.9227083333333334","437","437","437"
"42048","0.8229166666666666","0.8116666666666666","0.8341666666666666","438","438","438"
"42144","0.9632291666666666","0.9335416666666667","0.9929166666666666","439","439","439"
"42240","0.794375","0.723125","0.8656250000000001","440","440","440"
"42336","0.9407291666666668","0.9085416666666668","0.9729166666666668","441","441","441"
"42432","0.9411458333333333","0.9016666666666667","0.980625","442","442","442"
"42528","0.9272916666666666","0.9008333333333334","0.95375","443","443","443"
"42624","0.8965625","0.8706250000000001","0.9225","444","444","444"
"42720","0.986875","0.9787499999999999","0.9950000000000001","445","445","445"
"42816","0.88125","0.8570833333333333","0.9054166666666666","446","446","446"
"42912","0.9329166666666666","0.9079166666666666","0.9579166666666666","447","447","447"
"43008","0.9277083333333332","0.9152083333333333","0.9402083333333332","448","448","448"
"43104","0.8939583333333333","0.8754166666666666","0.9125","449","449","449"
"43200","0.8892708333333335","0.8666666666666667","0.9118750000000001","450","450","450"
"43296","0.8695833333333333","0.7927083333333332","0.9464583333333333","451","451","451"
"43392","0.8848958333333334","0.8452083333333333","0.9245833333333334","452","452","452"
"43488","0.8652083333333334","0.804375","0.9260416666666668","453","453","453"
"43584","0.845","0.7704166666666667","0.9195833333333333","454","454","454"
"43680","0.8927083333333333","0.8268749999999999","0.9585416666666667","455","455","455"
"43776","0.9641666666666667","0.9541666666666667","0.9741666666666667","456","456","456"
"43872","0.8632291666666667","0.7764583333333334","0.9500000000000001","457","457","457"
"43968","0.97125","0.961875","0.980625","458","458","458"
"44064","0.9553125","0.9414583333333333","0.9691666666666667","459","459","459"
"44160","0.9043749999999999","0.90375","0.9049999999999999","460","460","460"
"44256","0.9540625","0.9091666666666667","0.9989583333333334","461","461","461"
"44352","0.9352083333333334","0.89875","0.9716666666666667","462","462","462"
"44448","0.96125","0.9243750000000001","0.998125","463","463","463"
"44544","0.8964583333333334","0.848125","0.9447916666666667","464","464","464"
"44640","0.9715625","0.9591666666666666","0.9839583333333334","465","465","465"
"44736","0.9660416666666667","0.9645833333333332","0.9675000000000001","466","466","466"
"44832","0.9683333333333334","0.9427083333333334","0.9939583333333334","467","467","467"
"44928","0.9830208333333335","0.97625","0.989791666666667","468","468","468"
"45024","0.9830208333333332","0.9829166666666667","0.9831249999999999","469","469","469"
"45120","0.9623958333333333","0.9291666666666666","0.995625","470","470","470"
"45216","0.8253125","0.7204166666666668","0.9302083333333332","471","471","471"
"45312","0.9652083333333332","0.9445833333333332","0.9858333333333332","472","472","472"
"45408","0.9841666666666666","0.9770833333333334","0.99125","473","473","473"
"45504","0.919375","0.8772916666666668","0.9614583333333333","474","474","474"
"45600","0.8853125","0.8387500000000001","0.9318749999999999","475","475","475"
"45696","0.8897916666666668","0.8777083333333334","0.9018750000000001","476","476","476"
"45792","0.8383333333333334","0.7766666666666667","0.9","477","477","477"
"45888","0.8757291666666667","0.841875","0.9095833333333333","478","478","478"
"45984","0.9405208333333333","0.9306249999999999","0.9504166666666666","479","479","479"
"46080","0.8813541666666667","0.80875","0.9539583333333335","480","480","480"
"46176","0.9332291666666668","0.8889583333333334","0.9775","481","481","481"
"46272","0.9628125000000001","0.9520833333333334","0.9735416666666666","482","482","482"
"46368","0.9389583333333333","0.9127083333333333","0.9652083333333333","483","483","483"
"46464","0.9166666666666667","0.9118750000000001","0.9214583333333334","484","484","484"
"46560","0.8720833333333333","0.8433333333333333","0.9008333333333334","485","485","485"
"46656","0.8958333333333335","0.8889583333333334","0.9027083333333334","486","486","486"
"46752","0.8792708333333333","0.8475","0.9110416666666666","487","487","487"
"46848","0.9285416666666668","0.895","0.9620833333333335","488","488","488"
"46944","0.8832291666666667","0.8710416666666667","0.8954166666666666","489","489","489"
"47040","0.9312499999999999","0.9258333333333333","0.9366666666666666","490","490","490"
"47136","0.9263541666666666","0.8975","0.9552083333333333","491","491","491"
"47232","0.9389583333333333","0.9160416666666666","0.961875","492","492","492"
"47328","0.8319791666666667","0.7258333333333334","0.9381249999999999","493","493","493"
"47424","0.8817708333333333","0.8393749999999999","0.9241666666666667","494","494","494"
"47520","0.9433333333333334","0.9202083333333334","0.9664583333333332","495","495","495"
"47616","0.903125","0.8368749999999999","0.969375","496","496","496"
"47712","0.9423958333333333","0.936875","0.9479166666666666","497","497","497"
"47808","0.8505208333333334","0.791875","0.9091666666666667","498","498","498"
"47904","0.8866666666666667","0.8085416666666667","0.9647916666666667","499","499","499"
"48000","0.868125","0.848125","0.8881249999999999","500","500","500"
"48096","0.9494791666666667","0.9427083333333334","0.9562499999999999","501","501","501"
"48192","0.8648958333333332","0.8620833333333332","0.8677083333333333","502","502","502"
"48288","0.9395833333333334","0.9362500000000001","0.9429166666666667","503","503","503"
"48384","0.9007291666666667","0.863125","0.9383333333333334","504","504","504"
"48480","0.8355208333333333","0.7129166666666666","0.958125","505","505","505"
"48576","0.9453125","0.9241666666666667","0.9664583333333333","506","506","506"
"48672","0.8433333333333334","0.8016666666666666","0.8850000000000001","507","507","507"
"48768","0.8704166666666666","0.8522916666666666","0.8885416666666667","508","508","508"
"48864","0.8664583333333334","0.7970833333333335","0.9358333333333334","509","509","509"
"48960","0.9393750000000001","0.9022916666666667","0.9764583333333333","510","510","510"
"49056","0.7889583333333334","0.7625000000000001","0.8154166666666667","511","511","511"
"49152","0.9111458333333333","0.8485416666666667","0.97375","512","512","512"
"49248","0.9368750000000001","0.9104166666666668","0.9633333333333334","513","513","513"
"49344","0.9585416666666666","0.9581249999999999","0.9589583333333334","514","514","514"
"49440","0.8847916666666666","0.8781249999999999","0.8914583333333334","515","515","515"
"49536","0.8341666666666667","0.7602083333333334","0.908125","516","516","516"
"49632","0.9029166666666666","0.8320833333333334","0.9737499999999999","517","517","517"
"49728","0.930625","0.9016666666666667","0.9595833333333333","518","518","518"
"49824","0.9351041666666666","0.8841666666666668","0.9860416666666666","519","519","519"
"49920","0.92875","0.8827083333333333","0.9747916666666666","520","520","520"
"50016","0.9439583333333335","0.8968750000000001","0.9910416666666667","521","521","521"
"50112","0.8984375","0.8460416666666667","0.9508333333333332","522","522","522"
"50208","0.9830208333333335","0.9787500000000001","0.9872916666666667","523","523","523"
"50304","0.9659374999999999","0.9502083333333333","0.9816666666666666","524","524","524"
"50400","0.9058333333333334","0.8758333333333334","0.9358333333333334","525","525","525"
"50496","0.8908333333333334","0.8522916666666668","0.929375","526","526","526"
"50592","0.8555208333333333","0.8520833333333334","0.8589583333333333","527","527","527"
"50688","0.9302083333333333","0.8995833333333332","0.9608333333333333","528","528","528"
"50784","0.8951041666666666","0.8760416666666666","0.9141666666666667","529","529","529"
"50880","0.9495833333333333","0.9214583333333334","0.9777083333333333","530","530","530"
"50976","0.8651041666666668","0.8347916666666667","0.8954166666666667","531","531","531"
"51072","0.9806250000000001","0.9656250000000001","0.995625","532","532","532"
"51168","0.8705208333333334","0.8197916666666668","0.92125","533","533","533"
"51264","0.9337500000000001","0.9170833333333334","0.9504166666666668","534","534","534"
"51360","0.9433333333333334","0.9347916666666666","0.9518750000000001","535","535","535"
"51456","0.8409374999999999","0.7489583333333334","0.9329166666666665","536","536","536"
"51552","0.7952083333333333","0.7675000000000001","0.8229166666666666","537","537","537"
"51648","0.9025","0.8814583333333333","0.9235416666666666","538","538","538"
"51744","0.9622916666666668","0.9539583333333335","0.9706250000000001","539","539","539"
"51840","0.9427083333333333","0.921875","0.9635416666666666","540","540","540"
"51936","0.8623958333333333","0.8181249999999999","0.9066666666666667","541","541","541"
"52032","0.9365625","0.89875","0.9743749999999999","542","542","542"
"52128","0.9286458333333332","0.8795833333333333","0.9777083333333332","543","543","543"
"52224","0.9389583333333333","0.9358333333333334","0.9420833333333333","544","544","544"
"52320","0.83125","0.7066666666666667","0.9558333333333334","545","545","545"
"52416","0.8223958333333334","0.8139583333333333","0.8308333333333334","546","546","546"
"52512","0.8758333333333332","0.8729166666666665","0.87875","547","547","547"
"52608","0.8043750000000001","0.7120833333333335","0.8966666666666666","548","548","548"
"52704","0.9041666666666668","0.8895833333333334","0.9187500000000001","549","549","549"
"52800","0.935","0.9010416666666666","0.9689583333333335","550","550","550"
"52896","0.9276041666666668","0.9272916666666667","0.9279166666666668","551","551","551"
"52992","0.8350000000000001","0.831875","0.8381250000000001","552","552","552"
"53088","0.9287500000000002","0.9237500000000001","0.9337500000000002","553","553","553"
"53184","0.9072916666666666","0.8537499999999999","0.9608333333333334","554","554","554"
"53280","0.8976041666666666","0.8091666666666667","0.9860416666666666","555","555","555"
"53376","0.8521874999999999","0.8047916666666666","0.8995833333333333","556","556","556"
"53472","0.8889583333333333","0.8452083333333332","0.9327083333333334","557","557","557"
"53568","0.951875","0.9452083333333333","0.9585416666666666","558","558","558"
"53664","0.8463541666666666","0.844375","0.8483333333333333","559","559","559"
"53760","0.8987499999999999","0.839375","0.9581249999999999","560","560","560"
"53856","0.9219791666666667","0.89125","0.9527083333333334","561","561","561"
"53952","0.9093749999999999","0.8910416666666666","0.9277083333333332","562","562","562"
"54048","0.8531250000000001","0.8147916666666667","0.8914583333333335","563","563","563"
"54144","0.8854166666666667","0.8802083333333334","0.890625","564","564","564"
"54240","0.9076041666666668","0.8845833333333335","0.9306250000000001","565","565","565"
"54336","0.9392708333333333","0.9372916666666665","0.94125","566","566","566"
"54432","0.8825000000000001","0.8206250000000002","0.944375","567","567","567"
"54528","0.8771875","0.8016666666666667","0.9527083333333334","568","568","568"
"54624","0.8903125000000001","0.884375","0.8962500000000001","569","569","569"
"54720","0.8338541666666667","0.7352083333333334","0.9325","570","570","570"
"54816","0.8586458333333333","0.77","0.9472916666666666","571","571","571"
"54912","0.8577083333333335","0.8043750000000002","0.9110416666666667","572","572","572"
"55008","0.8752083333333334","0.8095833333333333","0.9408333333333333","573","573","573"
"55104","0.9701041666666667","0.9479166666666666","0.9922916666666667","574","574","574"
"55200","0.9097916666666667","0.8702083333333334","0.949375","575","575","575"
"55296","0.8401041666666668","0.8068750000000001","0.8733333333333334","576","576","576"
"55392","0.9757291666666668","0.9602083333333334","0.99125","577","577","577"
"55488","0.9585416666666666","0.9254166666666667","0.9916666666666667","578","578","578"
"55584","0.9478125","0.9122916666666666","0.9833333333333334","579","579","579"
"55680","0.9080208333333334","0.89","0.9260416666666668","580","580","580"
"55776","0.9405208333333334","0.89875","0.9822916666666667","581","581","581"
"55872","0.9229166666666667","0.8672916666666667","0.9785416666666668","582","582","582"
"55968","0.9527083333333333","0.9389583333333333","0.9664583333333333","583","583","583"
"56064","0.93","0.9285416666666667","0.9314583333333334","584","584","584"
"56160","0.8494791666666666","0.8010416666666665","0.8979166666666667","585","585","585"
"56256","0.8867708333333334","0.8414583333333333","0.9320833333333335","586","586","586"
"56352","0.8564583333333333","0.855","0.8579166666666667","587","587","587"
"56448","0.8751041666666668","0.8464583333333334","0.9037500000000002","588","588","588"
"56544","0.850625","0.7808333333333334","0.9204166666666667","589","589","589"
"56640","0.9697916666666668","0.9689583333333335","0.9706250000000001","590","590","590"
"56736","0.8897916666666668","0.855","0.9245833333333334","591","591","591"
"56832","0.9158333333333333","0.8356249999999998","0.9960416666666667","592","592","592"
"56928","0.8567708333333335","0.7429166666666668","0.9706250000000001","593","593","593"
"57024","0.9065624999999999","0.8729166666666668","0.9402083333333332","594","594","594"
"57120","0.9371875000000001","0.936875","0.9375000000000001","595","595","595"
"57216","0.9435416666666666","0.9249999999999999","0.9620833333333333","596","596","596"
"57312","0.9548958333333333","0.9264583333333333","0.9833333333333334","597","597","597"
"57408","0.9286458333333334","0.9258333333333334","0.9314583333333335","598","598","598"
"57504","0.8367708333333334","0.7212500000000001","0.9522916666666666","599","599","599"
"57600","0.8403125","0.7983333333333333","0.8822916666666668","600","600","600"
"57696","0.9593750000000001","0.9231250000000001","0.995625","601","601","601"
"57792","0.9518749999999999","0.9216666666666665","0.9820833333333333","602","602","602"
"57888","0.9148958333333332","0.8433333333333333","0.9864583333333333","603","603","603"
"57984","0.8274999999999999","0.799375","0.855625","604","604","604"
"58080","0.9445833333333333","0.9297916666666666","0.9593750000000001","605","605","605"
"58176","0.8661458333333334","0.8212499999999999","0.9110416666666667","606","606","606"
"58272","0.9822916666666667","0.97375","0.9908333333333333","607","607","607"
"58368","0.9564583333333334","0.9402083333333334","0.9727083333333333","608","608","608"
"58464","0.9297916666666668","0.9070833333333335","0.9525","609","609","609"
"58560","0.95625","0.9325","0.9800000000000001","610","610","610"
"58656","0.8838541666666668","0.879375","0.8883333333333335","611","611","611"
"58752","0.8687499999999999","0.7733333333333333","0.9641666666666665","612","612","612"
"58848","0.9849999999999999","0.9802083333333332","0.9897916666666666","613","613","613"
"58944","0.8182291666666667","0.7141666666666667","0.9222916666666666","614","614","614"
"59040","0.9271875","0.8910416666666666","0.9633333333333334","615","615","615"
"59136","0.8923958333333333","0.8870833333333333","0.8977083333333332","616","616","616"
"59232","0.9286458333333333","0.8783333333333333","0.9789583333333333","617","617","617"
"59328","0.8201041666666666","0.7635416666666667","0.8766666666666666","618","618","618"
"59424","0.9103125","0.8854166666666666","0.9352083333333333","619","619","619"
"59520","0.8787499999999999","0.8720833333333333","0.8854166666666666","620","620","620"
"59616","0.9209375","0.9027083333333334","0.9391666666666666","621","621","621"
"59712","0.9837499999999999","0.9804166666666667","0.9870833333333332","622","622","622"
"59808","0.8778124999999999","0.8449999999999999","0.910625","623","623","623"
"59904","0.9073958333333334","0.8845833333333334","0.9302083333333333","624","624","624"
"60000","0.8359375","0.8212499999999999","0.850625","625","625","625"
"60096","0.9298958333333334","0.9210416666666666","0.9387500000000001","626","626","626"
"60192","0.9123958333333333","0.9025","0.9222916666666667","627","627","627"
"60288","0.9173958333333334","0.915","0.9197916666666668","628","628","628"
"60384","0.9034374999999999","0.8795833333333333","0.9272916666666666","629","629","629"
"60480","0.9215625","0.8637499999999999","0.979375","630","630","630"
"60576","0.9242708333333334","0.8941666666666667","0.9543750000000001","631","631","631"
"60672","0.9366666666666666","0.9239583333333333","0.949375","632","632","632"
"60768","0.9182291666666668","0.8602083333333334","0.9762500000000002","633","633","633"
"60864","0.8344791666666667","0.8135416666666666","0.8554166666666667","634","634","634"
"60960","0.9281250000000001","0.8997916666666668","0.9564583333333333","635","635","635"
"61056","0.9258333333333333","0.8937499999999999","0.9579166666666667","636","636","636"
"61152","0.9259375000000001","0.8847916666666668","0.9670833333333334","637","637","637"
"61248","0.8366666666666668","0.8164583333333334","0.8568750000000002","638","638","638"
"61344","0.9063541666666668","0.8210416666666668","0.9916666666666667","639","639","639"
"61440","0.9612499999999999","0.9297916666666667","0.9927083333333333","640","640","640"
"61536","0.92125","0.9108333333333333","0.9316666666666668","641","641","641"
"61632","0.8896875","0.8516666666666667","0.9277083333333334","642","642","642"
"61728","0.9154166666666665","0.8766666666666666","0.9541666666666666","643","643","643"
"61824","0.8274999999999999","0.8068749999999999","0.848125","644","644","644"
"61920","0.8852083333333333","0.8395833333333332","0.9308333333333333","645","645","645"
"62016","0.9240625","0.8739583333333334","0.9741666666666666","646","646","646"
"62112","0.8648958333333332","0.8537499999999999","0.8760416666666666","647","647","647"
"62208","0.941875","0.9245833333333332","0.9591666666666668","648","648","648"
"62304","0.8646875","0.8225000000000001","0.9068749999999999","649","649","649"
"62400","0.9515625000000001","0.9466666666666668","0.9564583333333334","650","650","650"
"62496","0.8946875000000001","0.8891666666666667","0.9002083333333334","651","651","651"
"62592","0.8513541666666666","0.7760416666666666","0.9266666666666667","652","652","652"
"62688","0.9277083333333334","0.915625","0.9397916666666667","653","653","653"
"62784","0.9210416666666668","0.9054166666666669","0.9366666666666666","654","654","654"
"62880","0.9459375000000001","0.89875","0.993125","655","655","655"
"62976","0.8816666666666666","0.8639583333333333","0.8993749999999999","656","656","656"
"63072","0.9183333333333334","0.8847916666666668","0.9518750000000001","657","657","657"
"63168","0.860625","0.7847916666666667","0.9364583333333334","658","658","658"
"63264","0.9428125","0.921875","0.9637500000000001","659","659","659"
"63360","0.9438541666666667","0.9364583333333333","0.9512499999999999","660","660","660"
"63456","0.8987499999999999","0.8962499999999999","0.90125","661","661","661"
"63552","0.9453125","0.9404166666666667","0.9502083333333333","662","662","662"
"63648","0.7836458333333334","0.7452083333333333","0.8220833333333334","663","663","663"
"63744","0.9614583333333334","0.9416666666666668","0.9812500000000001","664","664","664"
"63840","0.9055208333333334","0.8445833333333334","0.9664583333333335","665","665","665"
"63936","0.8922916666666666","0.8904166666666665","0.8941666666666667","666","666","666"
"64032","0.9296875","0.9047916666666667","0.9545833333333333","667","667","667"
"64128","0.87375","0.8218749999999999","0.925625","668","668","668"
"64224","0.860625","0.8527083333333333","0.8685416666666667","669","669","669"
"64320","0.9356249999999999","0.9122916666666666","0.9589583333333334","670","670","670"
"64416","0.8979166666666667","0.8741666666666666","0.9216666666666667","671","671","671"
"64512","0.9683333333333333","0.966875","0.9697916666666666","672","672","672"
"64608","0.9088541666666665","0.8852083333333334","0.9324999999999998","673","673","673"
"64704","0.8812500000000001","0.8404166666666666","0.9220833333333335","674","674","674"
"64800","0.9609375","0.9372916666666667","0.9845833333333333","675","675","675"
"64896","0.9085416666666667","0.8975000000000001","0.9195833333333333","676","676","676"
"64992","0.8543750000000001","0.7402083333333334","0.9685416666666667","677","677","677"
"65088","0.8692708333333334","0.8297916666666668","0.90875","678","678","678"
"65184","0.9378124999999999","0.9029166666666667","0.9727083333333333","679","679","679"
"65280","0.8814583333333335","0.8279166666666667","0.935","680","680","680"
"65376","0.8779166666666667","0.8562500000000001","0.8995833333333333","681","681","681"
"65472","0.9601041666666668","0.9545833333333332","0.9656250000000002","682","682","682"
"65568","0.9415625000000001","0.9168750000000001","0.96625","683","683","683"
"65664","0.9445833333333333","0.9052083333333333","0.9839583333333333","684","684","684"
"65760","0.8813541666666667","0.82","0.9427083333333334","685","685","685"
"65856","0.9219791666666667","0.8875000000000001","0.9564583333333333","686","686","686"
"65952","0.9017708333333333","0.8597916666666666","0.94375","687","687","687"
"66048","0.9415625000000002","0.8985416666666669","0.9845833333333335","688","688","688"
"66144","0.8003125000000001","0.7195833333333334","0.8810416666666668","689","689","689"
"66240","0.9377083333333334","0.90875","0.9666666666666668","690","690","690"
"66336","0.9621875","0.9383333333333335","0.9860416666666666","691","691","691"
"66432","0.9369791666666666","0.8820833333333332","0.991875","692","692","692"
"66528","0.9279166666666667","0.8639583333333335","0.991875","693","693","693"
"66624","0.9340625","0.8752083333333333","0.9929166666666668","694","694","694"
"66720","0.9279166666666667","0.8822916666666667","0.9735416666666667","695","695","695"
"66816","0.9170833333333334","0.8775000000000001","0.9566666666666667","696","696","696"
"66912","0.8680208333333334","0.7991666666666667","0.936875","697","697","697"
"67008","0.9308333333333334","0.9250000000000002","0.9366666666666666","698","698","698"
"67104","0.9503125000000001","0.90625","0.9943750000000001","699","699","699"
"67200","0.9384375","0.9197916666666668","0.9570833333333333","700","700","700"
"67296","0.8660416666666667","0.7908333333333334","0.94125","701","701","701"
"67392","0.9427083333333334","0.9387500000000001","0.9466666666666667","702","702","702"
"67488","0.8676041666666666","0.8527083333333333","0.8825","703","703","703"
"67584","0.8079166666666666","0.7470833333333333","0.86875","704","704","704"
"67680","0.8136458333333333","0.7066666666666667","0.9206249999999999","705","705","705"
"67776","0.9533333333333335","0.9250000000000002","0.9816666666666668","706","706","706"
"67872","0.9217708333333332","0.8972916666666665","0.94625","707","707","707"
"67968","0.9071875","0.83625","0.978125","708","708","708"
"68064","0.9534374999999999","0.936875","0.9699999999999999","709","709","709"
"68160","0.9131250000000001","0.8533333333333334","0.9729166666666668","710","710","710"
"68256","0.9162499999999999","0.9035416666666666","0.9289583333333332","711","711","711"
"68352","0.9182291666666667","0.9002083333333334","0.9362499999999999","712","712","712"
"68448","0.9266666666666667","0.9233333333333335","0.93","713","713","713"
"68544","0.9322916666666667","0.8916666666666666","0.9729166666666668","714","714","714"
"68640","0.9646874999999999","0.9497916666666667","0.9795833333333333","715","715","715"
"68736","0.9369791666666667","0.9222916666666667","0.9516666666666667","716","716","716"
"68832","0.880625","0.8560416666666665","0.9052083333333334","717","717","717"
"68928","0.87625","0.8052083333333333","0.9472916666666668","718","718","718"
"69024","0.8976041666666668","0.8675000000000002","0.9277083333333334","719","719","719"
"69120","0.9451041666666667","0.9372916666666667","0.9529166666666667","720","720","720"
"69216","0.9432291666666667","0.8960416666666667","0.9904166666666666","721","721","721"
"69312","0.8836458333333332","0.8595833333333333","0.9077083333333333","722","722","722"
"69408","0.9159375000000001","0.8729166666666668","0.9589583333333334","723","723","723"
"69504","0.9584375","0.9512499999999999","0.9656250000000001","724","724","724"
"69600","0.9015625","0.8583333333333334","0.9447916666666667","725","725","725"
"69696","0.9242708333333333","0.8825","0.9660416666666666","726","726","726"
"69792","0.8998958333333333","0.8622916666666667","0.9375","727","727","727"
"69888","0.9108333333333332","0.8631249999999998","0.9585416666666666","728","728","728"
"69984","0.8927083333333334","0.8245833333333334","0.9608333333333333","729","729","729"
"70080","0.8766666666666667","0.8552083333333335","0.898125","730","730","730"
"70176","0.9272916666666667","0.9116666666666667","0.9429166666666667","731","731","731"
"70272","0.9133333333333333","0.9039583333333333","0.9227083333333335","732","732","732"
"70368","0.9556250000000002","0.9539583333333335","0.9572916666666668","733","733","733"
"70464","0.9176041666666668","0.915","0.9202083333333334","734","734","734"
"70560","0.95","0.941875","0.958125","735","735","735"
"70656","0.9758333333333333","0.9747916666666668","0.9768749999999998","736","736","736"
"70752","0.8647916666666666","0.8010416666666665","0.9285416666666668","737","737","737"
"70848","0.9365625","0.9102083333333333","0.9629166666666666","738","738","738"
"70944","0.9158333333333334","0.8645833333333334","0.9670833333333334","739","739","739"
"71040","0.8672916666666666","0.8581249999999999","0.8764583333333333","740","740","740"
"71136","0.9063541666666666","0.875","0.9377083333333333","741","741","741"
"71232","0.9353125","0.925625","0.945","742","742","742"
"71328","0.9369791666666666","0.9274999999999999","0.9464583333333333","743","743","743"
"71424","0.8694791666666668","0.8612500000000001","0.8777083333333335","744","744","744"
"71520","0.9055208333333333","0.8854166666666666","0.9256250000000001","745","745","745"
"71616","0.8936458333333335","0.8800000000000002","0.9072916666666666","746","746","746"
"71712","0.961875","0.935625","0.988125","747","747","747"
"71808","0.9230208333333334","0.8714583333333334","0.9745833333333334","748","748","748"
"71904","0.8401041666666667","0.8389583333333333","0.8412499999999999","749","749","749"
"72000","0.9244791666666667","0.8768750000000001","0.9720833333333334","750","750","750"
"72096","0.9146875000000001","0.8710416666666667","0.9583333333333334","751","751","751"
"72192","0.9670833333333333","0.9545833333333333","0.9795833333333334","752","752","752"
"72288","0.8844791666666667","0.8337499999999999","0.9352083333333335","753","753","753"
"72384","0.9028125","0.9006250000000001","0.9049999999999999","754","754","754"
"72480","0.8611458333333333","0.8477083333333333","0.8745833333333334","755","755","755"
"72576","0.9117708333333333","0.8320833333333334","0.9914583333333332","756","756","756"
"72672","0.9683333333333333","0.9583333333333334","0.9783333333333332","757","757","757"
"72768","0.9075","0.855625","0.959375","758","758","758"
"72864","0.9490624999999999","0.9424999999999999","0.955625","759","759","759"
"72960","0.9221874999999999","0.8502083333333333","0.9941666666666666","760","760","760"
"73056","0.9356249999999999","0.9210416666666665","0.9502083333333333","761","761","761"
"73152","0.8920833333333335","0.8445833333333334","0.9395833333333335","762","762","762"
"73248","0.9141666666666667","0.8825","0.9458333333333334","763","763","763"
"73344","0.9715624999999999","0.9566666666666666","0.9864583333333332","764","764","764"
"73440","0.9370833333333334","0.9314583333333334","0.9427083333333334","765","765","765"
"73536","0.9127083333333332","0.9110416666666666","0.9143749999999998","766","766","766"
"73632","0.9160416666666665","0.9060416666666665","0.9260416666666665","767","767","767"
"73728","0.8064583333333335","0.7810416666666667","0.8318750000000001","768","768","768"
"73824","0.9053125","0.8922916666666666","0.9183333333333333","769","769","769"
"73920","0.8994791666666666","0.8252083333333333","0.97375","770","770","770"
"74016","0.8675","0.805","0.93","771","771","771"
"74112","0.9783333333333333","0.975625","0.9810416666666666","772","772","772"
"74208","0.9501041666666666","0.9408333333333333","0.959375","773","773","773"
"74304","0.9370833333333334","0.916875","0.9572916666666668","774","774","774"
"74400","0.93875","0.9364583333333334","0.9410416666666667","775","775","775"
"74496","0.8928125","0.8052083333333333","0.9804166666666667","776","776","776"
"74592","0.9094791666666667","0.8760416666666667","0.9429166666666667","777","777","777"
"74688","0.8703125","0.8147916666666667","0.9258333333333333","778","778","778"
"74784","0.9429166666666666","0.9029166666666667","0.9829166666666667","779","779","779"
"74880","0.9011458333333333","0.8624999999999999","0.9397916666666668","780","780","780"
"74976","0.8898958333333333","0.851875","0.9279166666666666","781","781","781"
"75072","0.8885416666666666","0.8456250000000001","0.9314583333333332","782","782","782"
"75168","0.9000000000000001","0.8702083333333334","0.9297916666666669","783","783","783"
"75264","0.9432291666666666","0.9025","0.9839583333333333","784","784","784"
"75360","0.6942708333333334","0.6552083333333334","0.7333333333333334","785","785","785"
"75456","0.9237500000000001","0.8775000000000001","0.9700000000000001","786","786","786"
"75552","0.9345833333333333","0.9116666666666666","0.9575","787","787","787"
"75648","0.9819791666666666","0.9677083333333334","0.99625","788","788","788"
"75744","0.8976041666666668","0.8445833333333334","0.950625","789","789","789"
"75840","0.9095833333333334","0.8943750000000001","0.9247916666666667","790","790","790"
"75936","0.9236458333333333","0.9091666666666667","0.938125","791","791","791"
"76032","0.8404166666666668","0.8387500000000001","0.8420833333333334","792","792","792"
"76128","0.8951041666666666","0.8270833333333334","0.9631249999999999","793","793","793"
"76224","0.938125","0.935625","0.9406249999999999","794","794","794"
"76320","0.9157291666666667","0.9122916666666666","0.9191666666666668","795","795","795"
"76416","0.8839583333333333","0.8297916666666666","0.938125","796","796","796"
"76512","0.8716666666666667","0.8602083333333334","0.883125","797","797","797"
"76608","0.8882291666666667","0.8060416666666667","0.9704166666666668","798","798","798"
"76704","0.9444791666666668","0.9247916666666667","0.9641666666666667","799","799","799"
"76800","0.9366666666666666","0.9127083333333333","0.960625","800","800","800"
"76896","0.8980208333333333","0.8408333333333333","0.9552083333333332","801","801","801"
"76992","0.9328125000000002","0.9250000000000002","0.9406250000000002","802","802","802"
"77088","0.9138541666666666","0.91","0.9177083333333332","803","803","803"
"77184","0.8925000000000001","0.84125","0.9437500000000001","804","804","804"
"77280","0.9057291666666667","0.8645833333333334","0.946875","805","805","805"
"77376","0.8858333333333335","0.8427083333333334","0.9289583333333334","806","806","806"
"77472","0.9103125","0.863125","0.9574999999999999","807","807","807"
"77568","0.9366666666666668","0.9135416666666666","0.9597916666666668","808","808","808"
"77664","0.9314583333333334","0.9037499999999999","0.9591666666666668","809","809","809"
"77760","0.8967708333333333","0.8891666666666667","0.904375","810","810","810"
"77856","0.8970833333333333","0.8941666666666667","0.9","811","811","811"
"77952","0.9071875","0.8658333333333333","0.9485416666666667","812","812","812"
"78048","0.9569791666666667","0.94125","0.9727083333333334","813","813","813"
"78144","0.9411458333333333","0.9339583333333333","0.9483333333333333","814","814","814"
"78240","0.8502083333333332","0.8389583333333334","0.8614583333333332","815","815","815"
"78336","0.9126041666666667","0.9025","0.9227083333333334","816","816","816"
"78432","0.8505208333333333","0.7047916666666666","0.99625","817","817","817"
"78528","0.9142708333333334","0.8893750000000001","0.9391666666666666","818","818","818"
"78624","0.9367708333333333","0.9172916666666667","0.9562499999999999","819","819","819"
"78720","0.8590625000000001","0.7918750000000001","0.9262500000000001","820","820","820"
"78816","0.8888541666666667","0.8395833333333335","0.938125","821","821","821"
"78912","0.9683333333333333","0.9420833333333333","0.9945833333333334","822","822","822"
"79008","0.9022916666666665","0.8962499999999999","0.9083333333333332","823","823","823"
"79104","0.9209375","0.895","0.946875","824","824","824"
"79200","0.9235416666666667","0.9060416666666667","0.9410416666666667","825","825","825"
"79296","0.9288541666666668","0.9179166666666668","0.9397916666666667","826","826","826"
"79392","0.9009375000000001","0.8618750000000001","0.9400000000000001","827","827","827"
"79488","0.9438541666666667","0.9214583333333334","0.96625","828","828","828"
"79584","0.9308333333333334","0.9172916666666667","0.944375","829","829","829"
"79680","0.9063541666666667","0.90125","0.9114583333333334","830","830","830"
"79776","0.9465625","0.9445833333333332","0.9485416666666668","831","831","831"
"79872","0.8843749999999999","0.8422916666666667","0.9264583333333333","832","832","832"
"79968","0.9123958333333334","0.8964583333333335","0.9283333333333333","833","833","833"
"80064","0.9352083333333334","0.8975","0.9729166666666668","834","834","834"
"80160","0.94875","0.9364583333333334","0.9610416666666667","835","835","835"
"80256","0.9440625","0.9","0.988125","836","836","836"
"80352","0.9354166666666666","0.90625","0.9645833333333332","837","837","837"
"80448","0.9314583333333334","0.925625","0.9372916666666667","838","838","838"
"80544","0.89875","0.8514583333333333","0.9460416666666668","839","839","839"
"80640","0.906875","0.8937499999999999","0.92","840","840","840"
"80736","0.8979166666666667","0.879375","0.9164583333333335","841","841","841"
"80832","0.8945833333333335","0.8375000000000002","0.9516666666666667","842","842","842"
"80928","0.828125","0.819375","0.836875","843","843","843"
"81024","0.9381250000000001","0.9175","0.9587500000000001","844","844","844"
"81120","0.8920833333333333","0.8827083333333334","0.9014583333333334","845","845","845"
"81216","0.8902083333333333","0.8058333333333333","0.9745833333333332","846","846","846"
"81312","0.8859375","0.8516666666666666","0.9202083333333334","847","847","847"
"81408","0.90125","0.8147916666666667","0.9877083333333333","848","848","848"
"81504","0.9561458333333335","0.9387500000000001","0.9735416666666667","849","849","849"
"81600","0.9178124999999999","0.9120833333333334","0.9235416666666666","850","850","850"
"81696","0.9213541666666666","0.8835416666666666","0.9591666666666666","851","851","851"
"81792","0.9659375","0.9389583333333335","0.9929166666666666","852","852","852"
"81888","0.8939583333333333","0.8845833333333332","0.9033333333333334","853","853","853"
"81984","0.9053125","0.843125","0.9674999999999999","854","854","854"
"82080","0.9320833333333334","0.9183333333333334","0.9458333333333333","855","855","855"
"82176","0.8147916666666667","0.7152083333333333","0.914375","856","856","856"
"82272","0.8734375","0.835625","0.91125","857","857","857"
"82368","0.9417708333333334","0.8977083333333334","0.9858333333333333","858","858","858"
"82464","0.9261458333333332","0.8760416666666666","0.97625","859","859","859"
"82560","0.8318749999999999","0.8233333333333334","0.8404166666666666","860","860","860"
"82656","0.9282291666666667","0.9102083333333333","0.94625","861","861","861"
"82752","0.9194791666666666","0.8854166666666666","0.9535416666666666","862","862","862"
"82848","0.9415624999999999","0.9145833333333333","0.9685416666666665","863","863","863"
"82944","0.9628125000000001","0.9345833333333333","0.9910416666666667","864","864","864"
"83040","0.9377083333333334","0.9172916666666667","0.958125","865","865","865"
"83136","0.8826458333333334","0.8522916666666666","0.913","866","866","866"
"83232","0.8616666666666667","0.8489583333333334","0.874375","867","867","867"
"83328","0.9427708333333333","0.9210416666666666","0.9644999999999999","868","868","868"
"83424","0.9378124999999999","0.914375","0.9612499999999999","869","869","869"
"83520","0.9436041666666666","0.93825","0.9489583333333332","870","870","870"
"83616","0.9703541666666666","0.968","0.9727083333333334","871","871","871"
"83712","0.8558541666666668","0.8052083333333334","0.9065000000000001","872","872","872"
"83808","0.8937916666666667","0.8133333333333334","0.97425","873","873","873"
"83904","0.9289375","0.928125","0.92975","874","874","874"
"84000","0.8657083333333333","0.85725","0.8741666666666666","875","875","875"
"84096","0.8571666666666666","0.7883333333333334","0.9259999999999999","876","876","876"
"84192","0.9902083333333334","0.9804166666666667","1","877","877","877"
"84288","0.9337291666666667","0.9239583333333333","0.9435","878","878","878"
"84384","0.9443958333333333","0.9110416666666666","0.97775","879","879","879"
"84480","0.8875416666666667","0.8670833333333334","0.908","880","880","880"
"84576","0.9603125","0.94375","0.976875","881","881","881"
"84672","0.8120625","0.801875","0.82225","882","882","882"
"84768","0.9073333333333333","0.8666666666666667","0.9480000000000001","883","883","883"
"84864","0.9282916666666666","0.9095000000000001","0.9470833333333332","884","884","884"
"84960","0.9406249999999998","0.8899999999999998","0.99125","885","885","885"
"85056","0.944625","0.9125","0.97675","886","886","886"
"85152","0.990375","0.9812500000000001","0.9995","887","887","887"
"85248","0.9765151515151516","0.9641666666666667","0.9888636363636365","888","888","888"
"85344","0.9708333333333333","0.9429166666666666","0.99875","889","889","889"
"85440","0.9408958333333334","0.9147916666666668","0.967","890","890","890"
"85536","0.8683958333333333","0.8094999999999999","0.9272916666666666","891","891","891"
"85632","0.9398541666666667","0.8939583333333334","0.98575","892","892","892"
"85728","0.9446666666666667","0.8920833333333333","0.99725","893","893","893"
"85824","0.9137916666666667","0.8695833333333334","0.958","894","894","894"
"85920","0.9447916666666667","0.9108333333333333","0.9787500000000001","895","895","895"
"86016","0.9045416666666667","0.8383333333333334","0.97075","896","896","896"
"86112","0.9711458333333334","0.9472916666666666","0.9950000000000001","897","897","897"
"86208","0.9602291666666667","0.9602083333333334","0.9602499999999999","898","898","898"
"86304","0.9614583333333333","0.9279166666666666","0.9949999999999999","899","899","899"
"86400","0.9771249999999999","0.9717499999999999","0.9824999999999999","900","900","900"
"86496","0.9286458333333334","0.8885416666666667","0.96875","901","901","901"
"86592","0.9367083333333334","0.8754166666666667","0.998","902","902","902"
"86688","0.9752083333333335","0.9504166666666668","1","903","903","903"
"86784","0.9426875","0.916875","0.9685","904","904","904"
"86880","0.9533333333333334","0.9091666666666667","0.9975000000000002","905","905","905"
"86976","0.9824999999999999","0.9662499999999999","0.99875","906","906","906"
"87072","0.9769791666666667","0.9577083333333335","0.9962500000000001","907","907","907"
"87168","0.9251041666666666","0.8502083333333332","1","908","908","908"
"87264","0.943125","0.895","0.99125","909","909","909"
"87360","0.9912708333333334","0.9890000000000001","0.9935416666666668","910","910","910"
"87456","0.9664375000000001","0.936875","0.9960000000000001","911","911","911"
"87552","0.9198958333333334","0.8422916666666668","0.9974999999999999","912","912","912"
"87648","0.9805208333333333","0.9622916666666667","0.99875","913","913","913"
"87744","0.9469583333333333","0.8966666666666666","0.99725","914","914","914"
"87840","0.9497291666666666","0.9252083333333333","0.97425","915","915","915"
"87936","0.9584375","0.918125","0.99875","916","916","916"
"88032","0.9858125","0.980625","0.991","917","917","917"
"88128","0.9519791666666667","0.9364583333333334","0.9675","918","918","918"
"88224","0.9413541666666667","0.8827083333333334","1","919","919","919"
"88320","0.9517291666666667","0.9177083333333335","0.98575","920","920","920"
"88416","0.8991041666666666","0.8977083333333332","0.9005000000000001","921","921","921"
"88512","0.97475","0.9562499999999999","0.9932500000000001","922","922","922"
"88608","0.9799583333333334","0.9666666666666667","0.9932500000000001","923","923","923"
"88704","0.9796458333333333","0.9647916666666666","0.9945","924","924","924"
"88800","0.9782291666666667","0.9725","0.9839583333333333","925","925","925"
"88896","0.9727291666666668","0.9627500000000001","0.9827083333333334","926","926","926"
"88992","0.938625","0.9125000000000001","0.9647500000000001","927","927","927"
"89088","0.9582499999999998","0.95275","0.9637499999999998","928","928","928"
"89184","0.9934791666666667","0.9889583333333333","0.998","929","929","929"
"89280","0.9043333333333332","0.8266666666666665","0.982","930","930","930"
"89376","0.95525","0.915","0.9955","931","931","931"
"89472","0.9133333333333334","0.9016666666666668","0.925","932","932","932"
"89568","0.9604375","0.93025","0.9906250000000001","933","933","933"
"89664","0.9575625","0.9556250000000001","0.9594999999999999","934","934","934"
"89760","0.9445833333333333","0.8904166666666667","0.99875","935","935","935"
"89856","0.8594583333333333","0.7241666666666666","0.99475","936","936","936"
"89952","0.9271458333333333","0.9010416666666666","0.9532499999999999","937","937","937"
"90048","0.9071875","0.8768750000000001","0.9375","938","938","938"
"90144","0.9416875","0.910625","0.9727499999999999","939","939","939"
"90240","0.9882291666666666","0.9777083333333332","0.99875","940","940","940"
"90336","0.9545833333333332","0.9116666666666665","0.9974999999999999","941","941","941"
"90432","0.9818541666666667","0.9664583333333333","0.99725","942","942","942"
"90528","0.8819375","0.7756249999999999","0.9882500000000001","943","943","943"
"90624","0.9259375000000001","0.853125","0.99875","944","944","944"
"90720","0.9584166666666667","0.9558333333333334","0.961","945","945","945"
"90816","0.9199999999999999","0.8412499999999999","0.99875","946","946","946"
"90912","0.9745208333333335","0.9585416666666667","0.9905000000000002","947","947","947"
"91008","0.9266666666666666","0.8545833333333333","0.99875","948","948","948"
"91104","0.9557291666666667","0.9152083333333333","0.9962500000000001","949","949","949"
"91200","0.9945208333333333","0.9922916666666666","0.9967499999999999","950","950","950"
"91296","0.9117708333333334","0.8360416666666667","0.9875","951","951","951"
"91392","0.9258333333333333","0.8516666666666667","1","952","952","952"
"91488","0.9507083333333333","0.9279166666666666","0.9734999999999999","953","953","953"
"91584","0.9815833333333334","0.9765","0.9866666666666667","954","954","954"
"91680","0.9116666666666666","0.8233333333333334","1","955","955","955"
"91776","0.951375","0.915","0.9877499999999999","956","956","956"
"91872","0.9440208333333333","0.9185416666666667","0.9695","957","957","957"
"91968","0.9813541666666666","0.9652083333333333","0.9974999999999999","958","958","958"
"92064","0.9655208333333334","0.9597916666666668","0.9712500000000001","959","959","959"
"92160","0.9937499999999999","0.9899999999999999","0.9974999999999999","960","960","960"
"92256","0.9410000000000001","0.90375","0.9782500000000001","961","961","961"
"92352","0.9666458333333333","0.9360416666666667","0.99725","962","962","962"
"92448","0.899","0.8955","0.9025000000000002","963","963","963"
"92544","0.9453750000000001","0.91125","0.9795","964","964","964"
"92640","0.9061458333333334","0.8185416666666668","0.99375","965","965","965"
"92736","0.9552083333333334","0.9104166666666668","1","966","966","966"
"92832","0.9625000000000001","0.9250000000000002","1","967","967","967"
"92928","0.9652083333333332","0.9329166666666665","0.9974999999999999","968","968","968"
"93024","0.9735416666666667","0.9470833333333334","1","969","969","969"
"93120","0.9563333333333333","0.9179166666666666","0.99475","970","970","970"
"93216","0.9727083333333334","0.9666666666666667","0.9787500000000001","971","971","971"
"93312","0.9688541666666666","0.9564583333333333","0.98125","972","972","972"
"93408","0.9255208333333333","0.8535416666666666","0.9975000000000002","973","973","973"
"93504","0.9829583333333334","0.9816666666666668","0.9842500000000001","974","974","974"
"93600","0.9024375000000002","0.8955000000000002","0.9093750000000002","975","975","975"
"93696","0.9601458333333334","0.9322916666666666","0.9880000000000001","976","976","976"
"93792","0.9155208333333333","0.8310416666666667","1","977","977","977"
"93888","0.9717499999999999","0.945","0.9984999999999999","978","978","978"
"93984","0.9619791666666666","0.9264583333333333","0.9974999999999999","979","979","979"
"94080","0.9584375","0.916875","1","980","980","980"
"94176","0.9707291666666666","0.9414583333333334","1","981","981","981"
"94272","0.9388333333333334","0.8816666666666667","0.9960000000000001","982","982","982"
"94368","0.9253333333333333","0.8829166666666666","0.96775","983","983","983"
"94464","0.9652083333333332","0.9549999999999998","0.9754166666666667","984","984","984"
"94560","0.9788125000000001","0.9706250000000001","0.9870000000000001","985","985","985"
"94656","0.9611458333333334","0.9285416666666667","0.99375","986","986","986"
"94752","0.9682291666666667","0.9539583333333334","0.9824999999999999","987","987","987"
"94848","0.9014583333333333","0.8116666666666666","0.99125","988","988","988"
"94944","0.9382291666666667","0.8764583333333335","1","989","989","989"
"95040","0.9670833333333333","0.9354166666666667","0.99875","990","990","990"
"95136","0.9141666666666667","0.8320833333333333","0.9962500000000001","991","991","991"
"95232","0.9607291666666666","0.9214583333333333","1","992","992","992"
"95328","0.9539583333333334","0.9141666666666667","0.99375","993","993","993"
"95424","0.9467708333333333","0.8935416666666667","1","994","994","994"
"95520","0.9881249999999999","0.9787499999999999","0.9974999999999999","995","995","995"
"95616","0.8747708333333335","0.7647916666666669","0.98475","996","996","996"
"95712","0.951875","0.9049999999999999","0.99875","997","997","997"
"95808","0.8932291666666667","0.8189583333333333","0.9675","998","998","998"
"95904","0.9897708333333333","0.9860416666666666","0.9935","999","999","999"
"96000","0.9803125000000001","0.9637500000000001","0.9968750000000001","1000","1000","1000"
"96096","0.960375","0.9275000000000001","0.99325","1001","1001","1001"
"96192","0.923","0.85125","0.9947500000000001","1002","1002","1002"
"96288","0.9781249999999999","0.9562499999999999","1","1003","1003","1003"
"96384","0.9803125000000001","0.9631250000000001","0.9975000000000002","1004","1004","1004"
"96480","0.9386458333333334","0.8797916666666667","0.9974999999999999","1005","1005","1005"
"96576","0.9611666666666667","0.9358333333333334","0.9865","1006","1006","1006"
"96672","0.9669791666666667","0.9377083333333335","0.9962500000000001","1007","1007","1007"
"96768","0.9486041666666667","0.9039583333333333","0.9932500000000001","1008","1008","1008"
"96864","0.9012689393939394","0.8695833333333334","0.9329545454545454","1009","1009","1009"
"96960","0.9533125","0.949375","0.9572500000000002","1010","1010","1010"
"97056","0.9120625","0.828125","0.9960000000000001","1011","1011","1011"
"97152","0.9393750000000001","0.87875","1","1012","1012","1012"
"97248","0.9124621212121213","0.8508333333333334","0.9740909090909091","1013","1013","1013"
"97344","0.9528333333333333","0.9116666666666666","0.994","1014","1014","1014"
"97440","0.8475833333333334","0.7004166666666666","0.99475","1015","1015","1015"
"97536","0.9732291666666666","0.96","0.9864583333333333","1016","1016","1016"
"97632","0.9701041666666668","0.9402083333333334","1","1017","1017","1017"
"97728","0.9094375","0.8718750000000002","0.9469999999999998","1018","1018","1018"
"97824","0.9813333333333334","0.9666666666666668","0.9960000000000001","1019","1019","1019"
"97920","0.9975","0.995","1","1020","1020","1020"
"98016","0.9582708333333334","0.9522916666666666","0.96425","1021","1021","1021"
"98112","0.9961458333333334","0.9935416666666668","0.99875","1022","1022","1022"
"98208","0.9671875000000001","0.935625","0.99875","1023","1023","1023"
"98304","0.9576041666666666","0.9477083333333333","0.9675","1024","1024","1024"
"98400","0.9209583333333333","0.8541666666666666","0.9877500000000001","1025","1025","1025"
"98496","0.9566041666666668","0.9214583333333336","0.99175","1026","1026","1026"
"98592","0.9755625","0.953125","0.998","1027","1027","1027"
"98688","0.9354166666666668","0.8708333333333335","1","1028","1028","1028"
"98784","0.9938541666666667","0.9902083333333334","0.9974999999999999","1029","1029","1029"
"98880","0.9885416666666667","0.9783333333333334","0.99875","1030","1030","1030"
"98976","0.9564791666666668","0.9539583333333335","0.959","1031","1031","1031"
"99072","0.9370549242424242","0.8872916666666666","0.9868181818181818","1032","1032","1032"
"99168","0.9697499999999999","0.9582499999999999","0.9812499999999998","1033","1033","1033"
"99264","0.928","0.86375","0.9922500000000001","1034","1034","1034"
"99360","0.9713541666666665","0.9427083333333331","1","1035","1035","1035"
"99456","0.8919602272727272","0.819375","0.9645454545454545","1036","1036","1036"
"99552","0.9704375000000001","0.9431250000000001","0.9977500000000001","1037","1037","1037"
"99648","0.9546666666666667","0.9358333333333334","0.9734999999999999","1038","1038","1038"
"99744","0.9411458333333333","0.8822916666666667","1","1039","1039","1039"
"99840","0.9819583333333333","0.9816666666666666","0.98225","1040","1040","1040"
"99936","0.9876666666666667","0.982","0.9933333333333333","1041","1041","1041"
"100032","0.9347291666666667","0.8802083333333335","0.98925","1042","1042","1042"
"100128","0.9057708333333334","0.8397916666666667","0.9717500000000001","1043","1043","1043"
"100224","0.9122083333333333","0.8579166666666667","0.9664999999999999","1044","1044","1044"
"100320","0.9282291666666667","0.8564583333333333","1","1045","1045","1045"
"100416","0.9878333333333333","0.9854166666666666","0.99025","1046","1046","1046"
"100512","0.9338333333333334","0.8729166666666668","0.99475","1047","1047","1047"
"100608","0.9461458333333335","0.9147916666666668","0.9775","1048","1048","1048"
"100704","0.973125","0.9475000000000001","0.99875","1049","1049","1049"
"100800","0.95075","0.9225","0.9789999999999999","1050","1050","1050"
"100896","0.8978958333333333","0.8260416666666668","0.96975","1051","1051","1051"
"100992","0.9831666666666667","0.9817500000000001","0.9845833333333333","1052","1052","1052"
"101088","0.9904166666666667","0.9808333333333333","1","1053","1053","1053"
"101184","0.9268541666666668","0.9127083333333333","0.9410000000000001","1054","1054","1054"
"101280","0.8974583333333332","0.8304166666666667","0.9644999999999999","1055","1055","1055"
"101376","0.9911458333333334","0.9822916666666667","1","1056","1056","1056"
"101472","0.9132708333333335","0.8610416666666668","0.9655000000000001","1057","1057","1057"
"101568","0.9630208333333334","0.9260416666666668","1","1058","1058","1058"
"101664","0.972625","0.9674999999999999","0.97775","1059","1059","1059"
"101760","0.9185416666666668","0.8758333333333335","0.96125","1060","1060","1060"
"101856","0.984","0.96875","0.99925","1061","1061","1061"
"101952","0.920625","0.84125","1","1062","1062","1062"
"102048","0.9505208333333334","0.9035416666666668","0.9974999999999999","1063","1063","1063"
"102144","0.9736458333333333","0.9575000000000001","0.9897916666666666","1064","1064","1064"
"102240","0.9612499999999999","0.9224999999999999","1","1065","1065","1065"
"102336","0.8615625","0.771875","0.9512499999999999","1066","1066","1066"
"102432","0.935","0.8700000000000001","1","1067","1067","1067"
"102528","0.9514583333333333","0.9029166666666666","1","1068","1068","1068"
"102624","0.9427916666666667","0.8895833333333334","0.9960000000000001","1069","1069","1069"
"102720","0.9045208333333333","0.8905","0.9185416666666667","1070","1070","1070"
"102816","0.9285833333333333","0.8816666666666667","0.9755","1071","1071","1071"
"102912","0.9644999999999999","0.9375","0.9914999999999999","1072","1072","1072"
"103008","0.9494583333333333","0.9079166666666666","0.991","1073","1073","1073"
"103104","0.9855833333333334","0.982","0.9891666666666667","1074","1074","1074"
"103200","0.993125","0.98625","1","1075","1075","1075"
"103296","0.9488333333333334","0.9454166666666667","0.95225","1076","1076","1076"
"103392","0.893191287878788","0.8147916666666668","0.9715909090909091","1077","1077","1077"
"103488","0.9913333333333333","0.9854166666666666","0.99725","1078","1078","1078"
"103584","0.9155625000000001","0.8656250000000001","0.9654999999999999","1079","1079","1079"
"103680","0.9705208333333333","0.9472916666666666","0.99375","1080","1080","1080"
"103776","0.9679166666666666","0.9525","0.9833333333333333","1081","1081","1081"
"103872","0.9851875","0.973125","0.99725","1082","1082","1082"
"103968","0.9492291666666666","0.9077083333333333","0.9907499999999999","1083","1083","1083"
"104064","0.986875","0.97625","0.9974999999999999","1084","1084","1084"
"104160","0.8871249999999999","0.81875","0.9555","1085","1085","1085"
"104256","0.8789375","0.789375","0.9685","1086","1086","1086"
"104352","0.954375","0.90875","1","1087","1087","1087"
"104448","0.91875","0.8375","1","1088","1088","1088"
"104544","0.9554166666666667","0.9120833333333334","0.99875","1089","1089","1089"
"104640","0.936875","0.875","0.99875","1090","1090","1090"
"104736","0.9645625","0.9343750000000001","0.99475","1091","1091","1091"
"104832","0.9908333333333333","0.9841666666666667","0.9974999999999999","1092","1092","1092"
"104928","0.9266666666666667","0.8533333333333335","1","1093","1093","1093"
"105024","0.9491666666666667","0.9208333333333334","0.9775","1094","1094","1094"
"105120","0.9890625","0.9781249999999999","1","1095","1095","1095"
"105216","0.9308958333333334","0.8710416666666667","0.99075","1096","1096","1096"
"105312","0.9871041666666667","0.9839583333333334","0.99025","1097","1097","1097"
"105408","0.9696875","0.939375","1","1098","1098","1098"
"105504","0.9905208333333333","0.9810416666666667","1","1099","1099","1099"
"105600","0.9370833333333333","0.8741666666666666","1","1100","1100","1100"
"105696","0.9406666666666667","0.8945833333333333","0.98675","1101","1101","1101"
"105792","0.9465208333333333","0.9285416666666667","0.9644999999999999","1102","1102","1102"
"105888","0.9791666666666667","0.9595833333333333","0.99875","1103","1103","1103"
"105984","0.9893750000000001","0.9787500000000001","1","1104","1104","1104"
"106080","0.9902708333333334","0.9872916666666667","0.9932500000000001","1105","1105","1105"
"106176","0.9342708333333334","0.8822916666666666","0.9862500000000001","1106","1106","1106"
"106272","0.9455625","0.9356249999999999","0.9555","1107","1107","1107"
"106368","0.9897916666666666","0.9820833333333332","0.9974999999999999","1108","1108","1108"
"106464","0.949875","0.9025","0.99725","1109","1109","1109"
"106560","0.9719375000000001","0.956875","0.9870000000000001","1110","1110","1110"
"106656","0.919875","0.86","0.9797499999999999","1111","1111","1111"
"106752","0.9343958333333333","0.8835416666666666","0.9852500000000001","1112","1112","1112"
"106848","0.9350833333333333","0.8941666666666667","0.976","1113","1113","1113"
"106944","0.8705416666666668","0.7745833333333335","0.9665000000000001","1114","1114","1114"
"107040","0.9747916666666667","0.9533333333333333","0.9962500000000001","1115","1115","1115"
"107136","0.9458125","0.8943749999999998","0.99725","1116","1116","1116"
"107232","0.974375","0.9487500000000001","1","1117","1117","1117"
"107328","0.9592916666666667","0.9245833333333334","0.994","1118","1118","1118"
"107424","0.9201666666666666","0.8720833333333333","0.9682499999999999","1119","1119","1119"
"107520","0.9413541666666667","0.8864583333333332","0.9962500000000001","1120","1120","1120"
"107616","0.9521250000000001","0.9187500000000001","0.9855","1121","1121","1121"
"107712","0.963125","0.9262500000000001","1","1122","1122","1122"
"107808","0.9388333333333333","0.8904166666666665","0.9872500000000001","1123","1123","1123"
"107904","0.9518541666666667","0.9102083333333333","0.9935","1124","1124","1124"
"108000","0.9839583333333333","0.9679166666666665","1","1125","1125","1125"
"108096","0.9642916666666667","0.9333333333333332","0.9952500000000001","1126","1126","1126"
"108192","0.8960625","0.8156249999999999","0.9765","1127","1127","1127"
"108288","0.9438333333333333","0.9141666666666666","0.9734999999999999","1128","1128","1128"
"108384","0.9163541666666667","0.8677083333333333","0.9650000000000001","1129","1129","1129"
"108480","0.9354583333333333","0.8891666666666667","0.9817499999999999","1130","1130","1130"
"108576","0.909875","0.8262499999999999","0.9935","1131","1131","1131"
"108672","0.9293958333333334","0.9252500000000001","0.9335416666666666","1132","1132","1132"
"108768","0.9157291666666667","0.8327083333333335","0.99875","1133","1133","1133"
"108864","0.9342708333333334","0.8710416666666667","0.9974999999999999","1134","1134","1134"
"108960","0.90175","0.8300000000000001","0.9734999999999999","1135","1135","1135"
"109056","0.9477083333333334","0.8954166666666666","1","1136","1136","1136"
"109152","0.9816874999999999","0.975625","0.9877499999999999","1137","1137","1137"
"109248","0.9470833333333334","0.9179166666666667","0.9762500000000001","1138","1138","1138"
"109344","0.9894791666666667","0.9789583333333333","1","1139","1139","1139"
"109440","0.9228541666666666","0.8577083333333334","0.9879999999999999","1140","1140","1140"
"109536","0.94875","0.8975","1","1141","1141","1141"
"109632","0.8614375000000001","0.754375","0.9685","1142","1142","1142"
"109728","0.9679583333333335","0.9454166666666667","0.9905000000000002","1143","1143","1143"
"109824","0.9520416666666667","0.9095833333333334","0.9945","1144","1144","1144"
"109920","0.9572708333333334","0.9185416666666667","0.9960000000000001","1145","1145","1145"
"110016","0.9405208333333334","0.8822916666666667","0.99875","1146","1146","1146"
"110112","0.906","0.84375","0.96825","1147","1147","1147"
"110208","0.9658333333333333","0.9316666666666666","1","1148","1148","1148"
"110304","0.9408125","0.921875","0.95975","1149","1149","1149"
"110400","0.9916666666666667","0.9858333333333333","0.9974999999999999","1150","1150","1150"
"110496","0.9229583333333333","0.9129166666666667","0.933","1151","1151","1151"
"110592","0.9587500000000001","0.92","0.9975000000000002","1152","1152","1152"
"110688","0.920375","0.8475","0.9932500000000001","1153","1153","1153"
"110784","0.9344791666666666","0.8714583333333333","0.9974999999999999","1154","1154","1154"
"110880","0.9587083333333334","0.9554166666666667","0.9620000000000001","1155","1155","1155"
"110976","0.9291875","0.8856250000000001","0.9727499999999999","1156","1156","1156"
"111072","0.9733333333333334","0.9479166666666666","0.99875","1157","1157","1157"
"111168","0.9608541666666667","0.9465","0.9752083333333333","1158","1158","1158"
"111264","0.933125","0.8675","0.99875","1159","1159","1159"
"111360","0.9932708333333333","0.9922916666666667","0.9942499999999999","1160","1160","1160"
"111456","0.917","0.8724999999999999","0.9615","1161","1161","1161"
"111552","0.9815208333333332","0.9660416666666666","0.9969999999999999","1162","1162","1162"
"111648","0.989375","0.985","0.99375","1163","1163","1163"
"111744","0.9406875","0.9318750000000001","0.9494999999999999","1164","1164","1164"
"111840","0.9888541666666667","0.9875","0.9902083333333334","1165","1165","1165"
"111936","0.9580208333333333","0.9185416666666666","0.9974999999999999","1166","1166","1166"
"112032","0.9936458333333333","0.9897916666666667","0.9974999999999999","1167","1167","1167"
"112128","0.9557083333333334","0.9279166666666666","0.9835","1168","1168","1168"
"112224","0.9957291666666667","0.9927083333333333","0.99875","1169","1169","1169"
"112320","0.9566666666666666","0.9358333333333332","0.9775","1170","1170","1170"
"112416","0.9809374999999999","0.9643749999999999","0.9974999999999999","1171","1171","1171"
"112512","0.951875","0.9049999999999999","0.99875","1172","1172","1172"
"112608","0.9561041666666668","0.9452083333333334","0.967","1173","1173","1173"
"112704","0.9625568181818182","0.9413636363636363","0.98375","1174","1174","1174"
"112800","0.9947916666666667","0.9895833333333334","1","1175","1175","1175"
"112896","0.9924999999999999","0.985","1","1176","1176","1176"
"112992","0.91625","0.8337500000000001","0.99875","1177","1177","1177"
"113088","0.9781249999999999","0.9562499999999999","1","1178","1178","1178"
"113184","0.8984583333333334","0.8641666666666666","0.9327500000000001","1179","1179","1179"
"113280","0.9854166666666667","0.9733333333333333","0.9975000000000002","1180","1180","1180"
"113376","0.9855","0.975","0.9960000000000001","1181","1181","1181"
"113472","0.9480416666666666","0.9145833333333332","0.9814999999999999","1182","1182","1182"
"113568","0.9581875000000002","0.9381250000000002","0.9782500000000001","1183","1183","1183"
"113664","0.8796875","0.759375","1","1184","1184","1184"
"113760","0.8850416666666667","0.7783333333333334","0.99175","1185","1185","1185"
"113856","0.9109674796747967","0.9002682926829267","0.9216666666666667","1186","1186","1186"
"113952","0.9260416666666667","0.8558333333333333","0.9962500000000001","1187","1187","1187"
"114048","0.9460833333333334","0.9066666666666667","0.9855","1188","1188","1188"
"114144","0.907625","0.875","0.94025","1189","1189","1189"
"114240","0.9723958333333333","0.9447916666666666","1","1190","1190","1190"
"114336","0.9324791666666667","0.8702083333333334","0.9947500000000001","1191","1191","1191"
"114432","0.9669375","0.9356249999999999","0.9982500000000002","1192","1192","1192"
"114528","0.9752083333333332","0.9504166666666666","1","1193","1193","1193"
"114624","0.9292083333333334","0.9079166666666668","0.9504999999999999","1194","1194","1194"
"114720","0.9310208333333333","0.8822916666666667","0.9797499999999999","1195","1195","1195"
"114816","0.9946875000000002","0.9893750000000002","1","1196","1196","1196"
"114912","0.9041250000000001","0.8300000000000001","0.9782500000000001","1197","1197","1197"
"115008","0.9496875","0.899375","1","1198","1198","1198"
"115104","0.9926875","0.991875","0.9934999999999998","1199","1199","1199"
"115200","0.9757291666666668","0.9527083333333334","0.99875","1200","1200","1200"
"115296","0.9473333333333334","0.9416666666666668","0.9530000000000001","1201","1201","1201"
"115392","0.9521041666666668","0.9202083333333334","0.984","1202","1202","1202"
"115488","0.9536875","0.929375","0.9780000000000001","1203","1203","1203"
"115584","0.9332291666666668","0.8664583333333334","1","1204","1204","1204"
"115680","0.9895416666666668","0.9882500000000001","0.9908333333333333","1205","1205","1205"
"115776","0.9850208333333332","0.9772916666666666","0.99275","1206","1206","1206"
"115872","0.97","0.9400000000000001","1","1207","1207","1207"
"115968","0.9521875","0.919375","0.985","1208","1208","1208"
"116064","0.9689791666666667","0.954","0.9839583333333334","1209","1209","1209"
"116160","0.9926041666666667","0.9852083333333334","1","1210","1210","1210"
"116256","0.9872916666666667","0.9833333333333334","0.99125","1211","1211","1211"
"116352","0.9745208333333333","0.9672916666666668","0.9817499999999999","1212","1212","1212"
"116448","0.9338541666666667","0.8677083333333334","1","1213","1213","1213"
"116544","0.9367083333333334","0.8854166666666666","0.9880000000000001","1214","1214","1214"
"116640","0.9456249999999999","0.8925","0.99875","1215","1215","1215"
"116736","0.9377272727272727","0.9279545454545454","0.9475000000000001","1216","1216","1216"
"116832","0.9857916666666666","0.9783333333333332","0.9932500000000001","1217","1217","1217"
"116928","0.96625","0.9337500000000002","0.99875","1218","1218","1218"
"117024","0.9707083333333335","0.9572500000000002","0.9841666666666667","1219","1219","1219"
"117120","0.9356249999999999","0.92125","0.9499999999999998","1220","1220","1220"
"117216","0.92375","0.85","0.9974999999999999","1221","1221","1221"
"117312","0.9365416666666666","0.8795833333333333","0.9934999999999998","1222","1222","1222"
"117408","0.9951041666666667","0.9902083333333334","1","1223","1223","1223"
"117504","0.8407500000000001","0.71125","0.9702500000000001","1224","1224","1224"
"117600","0.9452916666666666","0.9359999999999999","0.9545833333333333","1225","1225","1225"
"117696","0.9505625","0.9455","0.9556250000000001","1226","1226","1226"
"117792","0.9312499999999999","0.9062499999999999","0.95625","1227","1227","1227"
"117888","0.9786458333333333","0.9585416666666666","0.99875","1228","1228","1228"
"117984","0.9627916666666667","0.96225","0.9633333333333334","1229","1229","1229"
"118080","0.9592083333333332","0.9466666666666667","0.9717499999999999","1230","1230","1230"
"118176","0.9195208333333333","0.8497916666666666","0.98925","1231","1231","1231"
"118272","0.9391666666666668","0.8820833333333336","0.9962500000000001","1232","1232","1232"
"118368","0.9477083333333334","0.9079166666666666","0.9875","1233","1233","1233"
"118464","0.9852291666666667","0.9814583333333333","0.9890000000000001","1234","1234","1234"
"118560","0.9815833333333335","0.9665000000000001","0.9966666666666667","1235","1235","1235"
"118656","0.9158541666666666","0.8552083333333332","0.9765","1236","1236","1236"
"118752","0.9982291666666667","0.9964583333333333","1","1237","1237","1237"
"118848","0.9716666666666667","0.9445833333333332","0.99875","1238","1238","1238"
"118944","0.9099583333333334","0.8491666666666666","0.9707500000000001","1239","1239","1239"
"119040","0.9555625000000001","0.9530000000000001","0.958125","1240","1240","1240"
"119136","0.9009791666666667","0.8189583333333333","0.983","1241","1241","1241"
"119232","0.9633958333333335","0.9347916666666668","0.992","1242","1242","1242"
"119328","0.9177083333333333","0.8641666666666667","0.9712500000000001","1243","1243","1243"
"119424","0.9794583333333333","0.9629166666666666","0.9960000000000001","1244","1244","1244"
"119520","0.9654791666666667","0.9339583333333333","0.9970000000000001","1245","1245","1245"
"119616","0.8996875","0.8443749999999999","0.9550000000000001","1246","1246","1246"
"119712","0.9590208333333333","0.9285416666666667","0.9894999999999999","1247","1247","1247"
"119808","0.95","0.9025","0.9974999999999999","1248","1248","1248"
"119904","0.9253125","0.850625","1","1249","1249","1249"
"120000","0.959782196969697","0.9322916666666666","0.9872727272727274","1250","1250","1250"
"120096","0.9826041666666667","0.9664583333333333","0.99875","1251","1251","1251"
"120192","0.9653125","0.9318750000000001","0.99875","1252","1252","1252"
"120288","0.9902916666666667","0.9845833333333333","0.9960000000000001","1253","1253","1253"
"120384","0.9074791666666666","0.8202083333333333","0.99475","1254","1254","1254"
"120480","0.9602708333333334","0.9285416666666667","0.992","1255","1255","1255"
"120576","0.9879166666666667","0.9770833333333333","0.99875","1256","1256","1256"
"120672","0.9764583333333332","0.9529166666666665","1","1257","1257","1257"
"120768","0.8767708333333333","0.7547916666666666","0.99875","1258","1258","1258"
"120864","0.9154791666666666","0.9077083333333333","0.92325","1259","1259","1259"
"120960","0.9353541666666666","0.8764583333333333","0.9942499999999999","1260","1260","1260"
"121056","0.8946666666666667","0.7958333333333334","0.9935","1261","1261","1261"
"121152","0.97675","0.976","0.9775","1262","1262","1262"
"121248","0.9951875000000001","0.9947500000000001","0.995625","1263","1263","1263"
"121344","0.9161458333333334","0.8322916666666668","1","1264","1264","1264"
"121440","0.9828333333333334","0.9779166666666668","0.9877500000000001","1265","1265","1265"
"121536","0.8918750000000001","0.78625","0.9975000000000002","1266","1266","1266"
"121632","0.9766666666666666","0.9533333333333333","1","1267","1267","1267"
"121728","0.8973541666666667","0.8077083333333334","0.9870000000000001","1268","1268","1268"
"121824","0.961875","0.9249999999999999","0.99875","1269","1269","1269"
"121920","0.9822291666666667","0.9802083333333335","0.9842500000000001","1270","1270","1270"
"122016","0.8340625","0.6706249999999999","0.9975000000000002","1271","1271","1271"
"122112","0.9671875000000001","0.935625","0.99875","1272","1272","1272"
"122208","0.9142083333333334","0.8691666666666666","0.9592500000000002","1273","1273","1273"
"122304","0.9746875","0.950625","0.99875","1274","1274","1274"
"122400","0.9830208333333332","0.9660416666666666","1","1275","1275","1275"
"122496","0.989375","0.98","0.99875","1276","1276","1276"
"122592","0.9061250000000001","0.8462500000000001","0.966","1277","1277","1277"
"122688","0.9516041666666666","0.9089583333333332","0.9942500000000001","1278","1278","1278"
"122784","0.9573958333333334","0.9550000000000001","0.9597916666666667","1279","1279","1279"
"122880","0.9243125000000001","0.8493750000000001","0.99925","1280","1280","1280"
"122976","0.9552499999999999","0.9162499999999999","0.9942499999999999","1281","1281","1281"
"123072","0.9777708333333333","0.9635416666666666","0.992","1282","1282","1282"
"123168","0.9115625","0.8381250000000001","0.985","1283","1283","1283"
"123264","0.972375","0.9685","0.97625","1284","1284","1284"
"123360","0.9076041666666665","0.8152083333333332","1","1285","1285","1285"
"123456","0.9168939393939394","0.8483333333333333","0.9854545454545455","1286","1286","1286"
"123552","0.9477083333333333","0.8991666666666664","0.9962500000000001","1287","1287","1287"
"123648","0.9725625","0.9706250000000001","0.9744999999999999","1288","1288","1288"
"123744","0.9891666666666667","0.9783333333333335","1","1289","1289","1289"
"123840","0.9927916666666667","0.9895833333333334","0.9960000000000001","1290","1290","1290"
"123936","0.9874166666666667","0.9814999999999999","0.9933333333333335","1291","1291","1291"
"124032","0.9157083333333333","0.8479166666666668","0.9835","1292","1292","1292"
"124128","0.9354545454545455","0.9025","0.9684090909090911","1293","1293","1293"
"124224","0.9071666666666667","0.8308333333333334","0.9835","1294","1294","1294"
"124320","0.9624791666666668","0.9397500000000001","0.9852083333333334","1295","1295","1295"
"124416","0.9423958333333333","0.8847916666666666","1","1296","1296","1296"
"124512","0.9175","0.8375","0.9974999999999999","1297","1297","1297"
"124608","0.8906041666666666","0.8452083333333332","0.9359999999999999","1298","1298","1298"
"124704","0.9202916666666667","0.9008333333333335","0.9397500000000001","1299","1299","1299"
"124800","0.963125","0.9525","0.9737500000000001","1300","1300","1300"
"124896","0.9607083333333333","0.9379166666666666","0.9835","1301","1301","1301"
"124992","0.9808125000000001","0.9656250000000001","0.9960000000000001","1302","1302","1302"
"125088","0.9473958333333334","0.8947916666666668","1","1303","1303","1303"
"125184","0.969625","0.94125","0.998","1304","1304","1304"
"125280","0.9900625","0.984375","0.9957499999999999","1305","1305","1305"
"125376","0.9841041666666666","0.9827083333333332","0.9855","1306","1306","1306"
"125472","0.9659583333333333","0.9414999999999999","0.9904166666666666","1307","1307","1307"
"125568","0.9945833333333334","0.9891666666666667","1","1308","1308","1308"
"125664","0.9514583333333333","0.9029166666666667","1","1309","1309","1309"
"125760","0.9670000000000001","0.9437500000000001","0.99025","1310","1310","1310"
"125856","0.9488125000000001","0.9393750000000002","0.9582499999999999","1311","1311","1311"
"125952","0.9537500000000001","0.93375","0.9737500000000001","1312","1312","1312"
"126048","0.944625","0.91125","0.9780000000000001","1313","1313","1313"
"126144","0.8962708333333333","0.7935416666666666","0.999","1314","1314","1314"
"126240","0.9729166666666667","0.9458333333333333","1","1315","1315","1315"
"126336","0.9795208333333334","0.9655000000000001","0.9935416666666667","1316","1316","1316"
"126432","0.9777916666666668","0.9608333333333334","0.9947500000000001","1317","1317","1317"
"126528","0.9900000000000001","0.9825","0.9975000000000002","1318","1318","1318"
"126624","0.9884564393939395","0.9814583333333333","0.9954545454545456","1319","1319","1319"
"126720","0.9844791666666666","0.9777083333333333","0.99125","1320","1320","1320"
"126816","0.9347500000000001","0.8725","0.9970000000000001","1321","1321","1321"
"126912","0.9226041666666667","0.8514583333333333","0.99375","1322","1322","1322"
"127008","0.9866666666666667","0.9845833333333335","0.9887499999999999","1323","1323","1323"
"127104","0.9288541666666666","0.8602083333333334","0.9974999999999999","1324","1324","1324"
"127200","0.9885625","0.9781249999999999","0.999","1325","1325","1325"
"127296","0.9367708333333333","0.8747916666666667","0.99875","1326","1326","1326"
"127392","0.9729374999999999","0.9668749999999999","0.9789999999999999","1327","1327","1327"
"127488","0.9079166666666666","0.8270833333333333","0.9887499999999999","1328","1328","1328"
"127584","0.9682083333333333","0.9404166666666667","0.9960000000000001","1329","1329","1329"
"127680","0.9597916666666666","0.9220833333333333","0.9974999999999999","1330","1330","1330"
"127776","0.9736458333333333","0.9485416666666667","0.99875","1331","1331","1331"
"127872","0.9905208333333333","0.9835416666666665","0.9974999999999999","1332","1332","1332"
"127968","0.9705833333333334","0.9454166666666667","0.9957499999999999","1333","1333","1333"
"128064","0.99675","0.99475","0.99875","1334","1334","1334"
"128160","0.9942708333333333","0.9897916666666666","0.99875","1335","1335","1335"
"128256","0.942875","0.88575","1","1336","1336","1336"
"128352","0.990375","0.98925","0.9914999999999999","1337","1337","1337"
"128448","0.979625","0.96275","0.9964999999999999","1338","1338","1338"
"128544","0.993625","0.9872500000000001","1","1339","1339","1339"
"128640","0.9183555381400208","0.8392110762800418","0.9974999999999999","1340","1340","1340"
"128736","0.9768333333333333","0.96825","0.9854166666666666","1341","1341","1341"
"128832","0.991125","0.9835","0.99875","1342","1342","1342"
"128928","0.9741250000000001","0.9555","0.9927500000000002","1343","1343","1343"
"129024","0.9948750000000001","0.9945","0.9952500000000001","1344","1344","1344"
"129120","0.948625","0.943","0.95425","1345","1345","1345"
"129216","0.980125","0.96825","0.992","1346","1346","1346"
"129312","0.931875","0.88575","0.9780000000000001","1347","1347","1347"
"129408","0.984","0.9705","0.9974999999999999","1348","1348","1348"
"129504","0.9852045454545455","0.9709090909090908","0.9995","1349","1349","1349"
"129600","0.9645","0.9485000000000001","0.9804999999999999","1350","1350","1350"
"129696","0.90575","0.8172499999999999","0.9942500000000001","1351","1351","1351"
"129792","0.9768749999999999","0.9625","0.99125","1352","1352","1352"
"129888","0.987625","0.9834999999999999","0.99175","1353","1353","1353"
"129984","0.965125","0.95375","0.9765","1354","1354","1354"
"130080","0.9415","0.8969999999999999","0.986","1355","1355","1355"
"130176","0.9147916666666667","0.8295833333333333","1","1356","1356","1356"
"130272","0.9576041666666666","0.9164583333333333","0.99875","1357","1357","1357"
"130368","0.9692916666666667","0.9483333333333333","0.99025","1358","1358","1358"
"130464","0.9491666666666667","0.9083333333333333","0.99","1359","1359","1359"
"130560","0.929875","0.89725","0.9625","1360","1360","1360"
"130656","0.9785208333333333","0.9647500000000001","0.9922916666666666","1361","1361","1361"
"130752","0.9615000000000001","0.9255000000000001","0.9975000000000002","1362","1362","1362"
"130848","0.9848636363636364","0.9845","0.9852272727272727","1363","1363","1363"
"130944","0.9245","0.8525","0.9964999999999999","1364","1364","1364"
"131040","0.9677500000000001","0.9650000000000001","0.9705000000000001","1365","1365","1365"
"131136","0.96125","0.9225000000000001","1","1366","1366","1366"
"131232","0.9790000000000001","0.977","0.9810000000000001","1367","1367","1367"
"131328","0.9962500000000001","0.99375","0.99875","1368","1368","1368"
"131424","0.984375","0.9702500000000001","0.9984999999999999","1369","1369","1369"
"131520","0.987","0.9804999999999999","0.9935","1370","1370","1370"
"131616","0.9905000000000002","0.9822500000000002","0.99875","1371","1371","1371"
"131712","0.9553750000000001","0.91375","0.9970000000000001","1372","1372","1372"
"131808","0.998375","0.998","0.99875","1373","1373","1373"
"131904","0.9878750000000001","0.97575","1","1374","1374","1374"
"132000","0.973625","0.9585000000000001","0.9887499999999999","1375","1375","1375"
"132096","0.95525","0.94025","0.9702500000000001","1376","1376","1376"
"132192","0.9838173076923077","0.9696346153846154","0.998","1377","1377","1377"
"132288","0.985","0.97","1","1378","1378","1378"
"132384","0.977375","0.95475","1","1379","1379","1379"
"132480","0.9787022397891965","0.9762681159420291","0.9811363636363637","1380","1380","1380"
"132576","0.9924999999999999","0.9869999999999999","0.998","1381","1381","1381"
"132672","0.963375","0.92675","1","1382","1382","1382"
"132768","0.984625","0.9715","0.9977499999999999","1383","1383","1383"
"132864","0.958125","0.9432499999999999","0.9730000000000001","1384","1384","1384"
"132960","0.9718749999999998","0.9462499999999998","0.9974999999999999","1385","1385","1385"
"133056","0.9445","0.9237500000000001","0.9652499999999999","1386","1386","1386"
"133152","0.967625","0.9662499999999999","0.969","1387","1387","1387"
"133248","0.99525","0.9942499999999999","0.9962500000000001","1388","1388","1388"
"133344","0.998","0.9960000000000001","1","1389","1389","1389"
"133440","0.993875","0.99","0.9977499999999999","1390","1390","1390"
"133536","0.9766250000000001","0.9585000000000001","0.99475","1391","1391","1391"
"133632","0.9849431818181817","0.9711363636363636","0.99875","1392","1392","1392"
"133728","0.9853750000000001","0.9787500000000001","0.992","1393","1393","1393"
"133824","0.958","0.9475","0.9685","1394","1394","1394"
"133920","0.987","0.983","0.991","1395","1395","1395"
"134016","0.983125","0.9662500000000002","1","1396","1396","1396"
"134112","0.9850000000000001","0.97525","0.9947500000000001","1397","1397","1397"
"134208","0.95225","0.932","0.9724999999999999","1398","1398","1398"
"134304","0.9604999999999999","0.92875","0.99225","1399","1399","1399"
"134400","0.992375","0.98475","1","1400","1400","1400"
"134496","0.974125","0.96975","0.9785","1401","1401","1401"
"134592","0.995125","0.99025","1","1402","1402","1402"
"134688","0.9707500000000002","0.9585000000000001","0.9830000000000002","1403","1403","1403"
"134784","0.9861249999999999","0.9755","0.9967499999999999","1404","1404","1404"
"134880","0.9522854609929078","0.9125709219858156","0.992","1405","1405","1405"
"134976","0.9895","0.9802500000000001","0.99875","1406","1406","1406"
"135072","0.986375","0.97525","0.9974999999999999","1407","1407","1407"
"135168","0.9737779850746269","0.9513059701492537","0.9962500000000001","1408","1408","1408"
"135264","0.9785","0.9570000000000001","1","1409","1409","1409"
"135360","0.966219234496124","0.937688468992248","0.99475","1410","1410","1410"
"135456","0.9336249999999999","0.86975","0.9974999999999999","1411","1411","1411"
"135552","0.9735","0.9470000000000001","1","1412","1412","1412"
"135648","0.9910000000000001","0.9832500000000002","0.99875","1413","1413","1413"
"135744","0.975125","0.9502500000000002","1","1414","1414","1414"
"135840","0.977875","0.9705","0.98525","1415","1415","1415"
"135936","0.985875","0.9717499999999999","1","1416","1416","1416"
"136032","0.9955","0.9949999999999999","0.9960000000000001","1417","1417","1417"
"136128","0.9196798780487805","0.8708597560975608","0.9685","1418","1418","1418"
"136224","0.9941249999999999","0.99225","0.9959999999999999","1419","1419","1419"
"136320","0.9924134615384615","0.99125","0.9935769230769231","1420","1420","1420"
"136416","0.9947419354838709","0.9942338709677419","0.9952500000000001","1421","1421","1421"
"136512","0.9875","0.975","1","1422","1422","1422"
"136608","0.982875","0.9730000000000001","0.99275","1423","1423","1423"
"136704","0.9847410130718954","0.98225","0.9872320261437908","1424","1424","1424"
"136800","0.99675","0.9935","1","1425","1425","1425"
"136896","0.9748749999999999","0.959","0.99075","1426","1426","1426"
"136992","0.9845","0.9702500000000001","0.99875","1427","1427","1427"
"137088","0.9815625000000001","0.976125","0.9870000000000001","1428","1428","1428"
"137184","0.9625000000000001","0.95325","0.9717500000000001","1429","1429","1429"
"137280","0.9727386363636364","0.9577500000000001","0.9877272727272728","1430","1430","1430"
"137376","0.9806022727272726","0.9782499999999998","0.9829545454545454","1431","1431","1431"
"137472","0.965125","0.9327500000000001","0.9974999999999999","1432","1432","1432"
"137568","0.979","0.958","1","1433","1433","1433"
"137664","0.98325","0.96925","0.99725","1434","1434","1434"
"137760","0.993375","0.9897500000000001","0.9969999999999999","1435","1435","1435"
"137856","0.98375","0.9690000000000001","0.9984999999999999","1436","1436","1436"
"137952","0.982375","0.9702500000000001","0.9945","1437","1437","1437"
"138048","0.934375","0.89375","0.975","1438","1438","1438"
"138144","0.9524999999999999","0.9109999999999999","0.994","1439","1439","1439"
"138240","0.9958750000000001","0.9942499999999999","0.9975000000000002","1440","1440","1440"
"138336","0.996","0.992","1","1441","1441","1441"
"138432","0.9722499999999998","0.9572499999999999","0.9872499999999998","1442","1442","1442"
"138528","0.9803750000000001","0.9607500000000002","1","1443","1443","1443"
"138624","0.9973749999999999","0.99725","0.9974999999999999","1444","1444","1444"
"138720","0.9957499999999999","0.994","0.9974999999999999","1445","1445","1445"
"138816","0.999375","0.99875","1","1446","1446","1446"
"138912","0.9722500000000001","0.9615","0.983","1447","1447","1447"
"139008","0.9941249999999999","0.9934999999999998","0.9947500000000001","1448","1448","1448"
"139104","0.976875","0.9717500000000001","0.982","1449","1449","1449"
"139200","0.9995","0.99925","0.99975","1450","1450","1450"
"139296","0.98375","0.96875","0.99875","1451","1451","1451"
"139392","0.9920000000000001","0.9865","0.9975000000000002","1452","1452","1452"
"139488","0.9768749999999999","0.97625","0.9775","1453","1453","1453"
"139584","0.98225","0.9710000000000001","0.9934999999999998","1454","1454","1454"
"139680","0.962375","0.9504999999999999","0.97425","1455","1455","1455"
"139776","0.996125","0.9935","0.99875","1456","1456","1456"
"139872","0.9975","0.9962500000000001","0.99875","1457","1457","1457"
"139968","0.972","0.9712500000000001","0.9727499999999999","1458","1458","1458"
"140064","0.9766250000000001","0.9545","0.99875","1459","1459","1459"
"140160","0.9136834112149532","0.8321168224299065","0.9952500000000001","1460","1460","1460"
"140256","0.9600000000000001","0.9470000000000001","0.9730000000000001","1461","1461","1461"
"140352","0.974625","0.96675","0.9824999999999999","1462","1462","1462"
"140448","0.988","0.976","1","1463","1463","1463"
"140544","0.9370526315789474","0.9046052631578947","0.9695","1464","1464","1464"
"140640","0.9122500000000001","0.9002500000000001","0.9242500000000001","1465","1465","1465"
"140736","0.9672954545454546","0.9640909090909091","0.9705","1466","1466","1466"
"140832","0.9739385198135198","0.9659090909090909","0.9819679487179487","1467","1467","1467"
"140928","0.9960795454545456","0.9934090909090911","0.99875","1468","1468","1468"
"141024","0.9348120567375886","0.8748741134751773","0.99475","1469","1469","1469"
"141120","0.9880454545454544","0.984090909090909","0.992","1470","1470","1470"
"141216","0.9797500000000001","0.9795","0.9800000000000001","1471","1471","1471"
"141312","0.9904999999999999","0.99","0.991","1472","1472","1472"
"141408","0.99475","0.9907499999999999","0.99875","1473","1473","1473"
"141504","0.9982954545454545","0.9974999999999999","0.9990909090909091","1474","1474","1474"
"141600","0.9811249999999999","0.9622499999999998","1","1475","1475","1475"
"141696","0.9575909090909092","0.942","0.9731818181818184","1476","1476","1476"
"141792","0.9932500000000002","0.9905000000000002","0.9960000000000001","1477","1477","1477"
"141888","0.999375","0.99875","1","1478","1478","1478"
"141984","0.972875","0.9557500000000001","0.99","1479","1479","1479"
"142080","1","1","1","1480","1480","1480"
"142176","0.987375","0.976","0.99875","1481","1481","1481"
"142272","0.993","0.9914999999999999","0.9945","1482","1482","1482"
"142368","0.9770000000000001","0.9615","0.9925","1483","1483","1483"
"142464","0.9628749999999999","0.9469999999999998","0.97875","1484","1484","1484"
"142560","0.9585000000000001","0.9365","0.9805000000000001","1485","1485","1485"
"142656","0.9938750000000001","0.9932500000000001","0.9945","1486","1486","1486"
"142752","0.971125","0.96275","0.9795","1487","1487","1487"
"142848","0.9660000000000002","0.9567500000000001","0.9752500000000002","1488","1488","1488"
"142944","0.98125","0.9655000000000001","0.9969999999999999","1489","1489","1489"
"143040","0.997625","0.9952500000000001","1","1490","1490","1490"
"143136","0.9930000000000001","0.9860000000000001","1","1491","1491","1491"
"143232","0.98925","0.9785","1","1492","1492","1492"
"143328","0.981125","0.974","0.9882500000000001","1493","1493","1493"
"143424","0.986875","0.9852500000000001","0.9884999999999999","1494","1494","1494"
"143520","0.9628295454545455","0.94725","0.978409090909091","1495","1495","1495"
"143616","0.992875","0.98575","1","1496","1496","1496"
"143712","0.9772882194244603","0.9627014388489208","0.991875","1497","1497","1497"
"143808","0.9953749999999999","0.9907499999999999","1","1498","1498","1498"
"143904","0.9535","0.907","1","1499","1499","1499"
"144000","0.9924999999999999","0.985","1","1500","1500","1500"
"144096","0.98525","0.9795","0.991","1501","1501","1501"
"144192","0.965125","0.944","0.9862500000000001","1502","1502","1502"
"144288","0.982531007751938","0.9738120155038761","0.99125","1503","1503","1503"
"144384","0.9963749999999999","0.9942499999999999","0.9984999999999999","1504","1504","1504"
"144480","0.994125","0.9905000000000002","0.9977499999999999","1505","1505","1505"
"144576","0.9810000000000001","0.97325","0.9887500000000001","1506","1506","1506"
"144672","0.9545","0.9504999999999999","0.9585000000000001","1507","1507","1507"
"144768","0.9546250000000001","0.93625","0.9730000000000001","1508","1508","1508"
"144864","0.9784318181818181","0.9638636363636363","0.993","1509","1509","1509"
"144960","0.95921875","0.9214375","0.9969999999999999","1510","1510","1510"
"145056","0.9929999999999999","0.9874999999999998","0.9984999999999999","1511","1511","1511"
"145152","0.97","0.9432499999999999","0.9967500000000001","1512","1512","1512"
"145248","0.9842500000000001","0.98125","0.9872500000000001","1513","1513","1513"
"145344","0.99925","0.99875","0.99975","1514","1514","1514"
"145440","0.98775","0.97675","0.99875","1515","1515","1515"
"145536","0.9498681506849316","0.9480000000000001","0.9517363013698631","1516","1516","1516"
"145632","0.97875","0.961","0.9964999999999999","1517","1517","1517"
"145728","0.970625","0.9692500000000001","0.9719999999999999","1518","1518","1518"
"145824","0.996","0.9947500000000001","0.99725","1519","1519","1519"
"145920","0.9792500000000001","0.961","0.9975000000000002","1520","1520","1520"
"146016","0.9891249999999999","0.9789999999999999","0.99925","1521","1521","1521"
"146112","0.9817499999999999","0.9717499999999999","0.99175","1522","1522","1522"
"146208","0.9788749999999999","0.95875","0.999","1523","1523","1523"
"146304","0.998","0.99725","0.99875","1524","1524","1524"
"146400","0.9505","0.9235","0.9775","1525","1525","1525"
"146496","0.972","0.94525","0.99875","1526","1526","1526"
"146592","0.9817500000000001","0.9730000000000001","0.9905000000000002","1527","1527","1527"
"146688","0.992375","0.986","0.99875","1528","1528","1528"
"146784","0.9768295454545454","0.97425","0.9794090909090908","1529","1529","1529"
"146880","0.9945","0.993","0.9960000000000001","1530","1530","1530"
"146976","0.9811931818181818","0.9761363636363637","0.9862500000000001","1531","1531","1531"
"147072","0.9946250000000001","0.9892500000000002","1","1532","1532","1532"
"147168","0.995125","0.9914999999999999","0.99875","1533","1533","1533"
"147264","0.9807045454545454","0.9784090909090909","0.983","1534","1534","1534"
"147360","0.9938750000000001","0.99175","0.9960000000000001","1535","1535","1535"
"147456","0.9845","0.9717500000000001","0.99725","1536","1536","1536"
"147552","0.9975","0.9962500000000001","0.99875","1537","1537","1537"
"147648","0.99875","0.9974999999999999","1","1538","1538","1538"
"147744","0.9879110169491525","0.9810720338983051","0.99475","1539","1539","1539"
"147840","0.9523648648648649","0.9047297297297299","1","1540","1540","1540"
"147936","1","1","1","1541","1541","1541"
"148032","0.987125","0.9754999999999999","0.99875","1542","1542","1542"
"148128","0.9528750000000001","0.9192500000000001","0.9865","1543","1543","1543"
"148224","0.99425","0.9884999999999999","1","1544","1544","1544"
"148320","0.9775","0.9560000000000001","0.999","1545","1545","1545"
"148416","0.98325","0.9722499999999998","0.9942500000000001","1546","1546","1546"
"148512","0.97075","0.95975","0.9817499999999999","1547","1547","1547"
"148608","0.9846250000000001","0.976","0.9932500000000001","1548","1548","1548"
"148704","0.992625","0.98525","1","1549","1549","1549"
"148800","0.952625","0.93675","0.9685","1550","1550","1550"
"148896","0.9607500000000001","0.9215000000000002","1","1551","1551","1551"
"148992","0.979","0.958","1","1552","1552","1552"
"149088","0.999375","0.99875","1","1553","1553","1553"
"149184","0.992","0.98475","0.99925","1554","1554","1554"
"149280","0.9498750000000001","0.9280000000000002","0.9717500000000001","1555","1555","1555"
"149376","0.998375","0.998","0.99875","1556","1556","1556"
"149472","0.9802500000000001","0.96425","0.9962500000000001","1557","1557","1557"
"149568","0.977125","0.962","0.9922500000000001","1558","1558","1558"
"149664","0.997375","0.99475","1","1559","1559","1559"
"149760","0.9925833333333334","0.9861666666666666","0.999","1560","1560","1560"
"149856","0.98175","0.9635","1","1561","1561","1561"
"149952","0.988","0.9772500000000001","0.99875","1562","1562","1562"
"150048","0.955375","0.9344999999999999","0.9762500000000001","1563","1563","1563"
"150144","0.9473750000000001","0.932","0.9627500000000001","1564","1564","1564"
"150240","1","1","1","1565","1565","1565"
"150336","0.95375","0.946","0.9615","1566","1566","1566"
"150432","0.9804999999999999","0.97425","0.98675","1567","1567","1567"
"150528","0.97475","0.9620000000000001","0.9875","1568","1568","1568"
"150624","0.9857499999999999","0.974","0.9974999999999999","1569","1569","1569"
"150720","0.971125","0.9622499999999998","0.9800000000000001","1570","1570","1570"
"150816","0.99675","0.9935","1","1571","1571","1571"
"150912","0.9973863636363637","0.9947727272727274","1","1572","1572","1572"
"151008","0.99925","0.9984999999999999","1","1573","1573","1573"
"151104","0.9537500000000001","0.91625","0.9912500000000002","1574","1574","1574"
"151200","0.951125","0.9335000000000001","0.96875","1575","1575","1575"
"151296","0.9941136363636364","0.993","0.9952272727272727","1576","1576","1576"
"151392","0.9893750000000001","0.9855","0.9932500000000001","1577","1577","1577"
"151488","0.99825","0.9964999999999999","1","1578","1578","1578"
"151584","0.97475","0.9695","0.9800000000000001","1579","1579","1579"
"151680","0.9992500000000001","0.9985000000000002","1","1580","1580","1580"
"151776","0.983125","0.9675","0.99875","1581","1581","1581"
"151872","0.9588101851851851","0.9203703703703704","0.99725","1582","1582","1582"
"151968","0.9767500000000001","0.9630000000000001","0.9905000000000002","1583","1583","1583"
"152064","0.9861249999999999","0.9817499999999999","0.9904999999999999","1584","1584","1584"
"152160","0.9722499999999998","0.9469999999999998","0.9974999999999999","1585","1585","1585"
"152256","0.96875","0.9525","0.985","1586","1586","1586"
"152352","0.9601136363636364","0.9202272727272728","1","1587","1587","1587"
"152448","0.98775","0.97675","0.99875","1588","1588","1588"
"152544","0.999375","0.99875","1","1589","1589","1589"
"152640","0.974375","0.96075","0.9880000000000001","1590","1590","1590"
"152736","0.999375","0.99875","1","1591","1591","1591"
"152832","0.983125","0.9822500000000002","0.984","1592","1592","1592"
"152928","0.990125","0.9802500000000001","1","1593","1593","1593"
"153024","0.9735","0.9550000000000001","0.992","1594","1594","1594"
"153120","0.9593750000000001","0.9247500000000001","0.994","1595","1595","1595"
"153216","0.9782500000000001","0.96175","0.9947500000000001","1596","1596","1596"
"153312","0.99275","0.9855","1","1597","1597","1597"
"153408","1","1","1","1598","1598","1598"
"153504","0.978","0.9654999999999999","0.9905000000000002","1599","1599","1599"
"153600","0.99975","0.9995","1","1600","1600","1600"
"153696","0.9946250000000001","0.9945","0.99475","1601","1601","1601"
"153792","0.952375","0.908","0.9967499999999999","1602","1602","1602"
"153888","0.9743750000000002","0.9560000000000001","0.9927500000000002","1603","1603","1603"
"153984","0.9879886363636363","0.9852272727272727","0.9907499999999999","1604","1604","1604"
"154080","0.9472553191489361","0.9100106382978723","0.9845","1605","1605","1605"
"154176","0.9831263736263737","0.9702500000000001","0.9960027472527473","1606","1606","1606"
"154272","0.9853749999999999","0.9719999999999999","0.99875","1607","1607","1607"
"154368","0.9933863636363637","0.9897727272727272","0.9970000000000001","1608","1608","1608"
"154464","0.99075","0.98275","0.99875","1609","1609","1609"
"154560","0.993125","0.99075","0.9955000000000002","1610","1610","1610"
"154656","0.99675","0.9960000000000001","0.9974999999999999","1611","1611","1611"
"154752","0.9512954545454546","0.9185000000000001","0.984090909090909","1612","1612","1612"
"154848","0.9800126262626263","0.9600252525252525","1","1613","1613","1613"
"154944","0.9452499999999999","0.9177500000000001","0.9727499999999999","1614","1614","1614"
"155040","0.9647195767195766","0.9384391534391534","0.991","1615","1615","1615"
"155136","0.9841250000000001","0.9722500000000001","0.9960000000000001","1616","1616","1616"
"155232","0.99725","0.9945","1","1617","1617","1617"
"155328","0.9803977272727273","0.9620454545454545","0.99875","1618","1618","1618"
"155424","0.956475","0.91295","1","1619","1619","1619"
"155520","0.986375","0.98575","0.9870000000000001","1620","1620","1620"
"155616","0.9948750000000001","0.9897500000000001","1","1621","1621","1621"
"155712","0.979125","0.96425","0.994","1622","1622","1622"
"155808","0.9891249999999999","0.9807499999999999","0.9974999999999999","1623","1623","1623"
"155904","0.9742500000000001","0.9547500000000001","0.99375","1624","1624","1624"
"156000","0.9995","0.999","1","1625","1625","1625"
"156096","0.996375","0.99275","1","1626","1626","1626"
"156192","0.9808749999999999","0.96875","0.993","1627","1627","1627"
"156288","0.9930000000000001","0.9872500000000001","0.99875","1628","1628","1628"
"156384","0.9822500000000001","0.96975","0.99475","1629","1629","1629"
"156480","0.994625","0.98925","1","1630","1630","1630"
"156576","0.99725","0.9945","1","1631","1631","1631"
"156672","0.9511065573770492","0.9134631147540985","0.9887499999999999","1632","1632","1632"
"156768","0.9730000000000001","0.9484999999999999","0.9975000000000002","1633","1633","1633"
"156864","1","1","1","1634","1634","1634"
"156960","0.9490000000000001","0.90175","0.9962500000000001","1635","1635","1635"
"157056","0.9636752136752136","0.9273504273504273","1","1636","1636","1636"
"157152","0.9777727272727275","0.9595454545454547","0.9960000000000001","1637","1637","1637"
"157248","0.996","0.9957499999999999","0.9962500000000001","1638","1638","1638"
"157344","0.9966250000000001","0.9945","0.99875","1639","1639","1639"
"157440","0.99525","0.992","0.9984999999999999","1640","1640","1640"
"157536","0.97275","0.95275","0.99275","1641","1641","1641"
"157632","0.9921250000000001","0.9882500000000001","0.9960000000000001","1642","1642","1642"
"157728","0.998","0.9960000000000001","1","1643","1643","1643"
"157824","0.9699134615384615","0.95975","0.9800769230769231","1644","1644","1644"
"157920","0.9808749999999999","0.97775","0.984","1645","1645","1645"
"158016","0.9728750000000002","0.9712500000000001","0.9745000000000001","1646","1646","1646"
"158112","0.9870000000000001","0.9780000000000001","0.9960000000000001","1647","1647","1647"
"158208","0.9921071428571429","0.9842142857142857","1","1648","1648","1648"
"158304","0.9891249999999999","0.9809999999999999","0.99725","1649","1649","1649"
"158400","0.98325","0.9754999999999999","0.991","1650","1650","1650"
"158496","0.9756671348314607","0.9640842696629214","0.9872500000000001","1651","1651","1651"
"158592","0.9946250000000001","0.9932500000000001","0.9960000000000001","1652","1652","1652"
"158688","1","1","1","1653","1653","1653"
"158784","0.9844999999999999","0.969","1","1654","1654","1654"
"158880","0.975875","0.9702500000000001","0.9814999999999999","1655","1655","1655"
"158976","0.9840000000000001","0.9802500000000001","0.9877500000000001","1656","1656","1656"
"159072","0.9908317757009346","0.99075","0.9909135514018692","1657","1657","1657"
"159168","0.9808749999999999","0.9657499999999999","0.9960000000000001","1658","1658","1658"
"159264","0.983875","0.96775","1","1659","1659","1659"
"159360","0.9964999999999999","0.993","1","1660","1660","1660"
"159456","0.9820769230769231","0.9811538461538462","0.983","1661","1661","1661"
"159552","0.979875","0.9672499999999999","0.9925","1662","1662","1662"
"159648","0.998625","0.99725","1","1663","1663","1663"
"159744","0.9914423076923077","0.9841346153846153","0.99875","1664","1664","1664"
"159840","0.9973750000000001","0.9960000000000001","0.99875","1665","1665","1665"
"159936","0.9662448453608248","0.9419896907216495","0.9905000000000002","1666","1666","1666"
"160032","0.9446760330578512","0.9088520661157025","0.9804999999999999","1667","1667","1667"
"160128","0.9835","0.97325","0.99375","1668","1668","1668"
"160224","0.99575","0.99275","0.99875","1669","1669","1669"
"160320","0.97475","0.9672499999999999","0.98225","1670","1670","1670"
"160416","0.973921511627907","0.9490930232558139","0.99875","1671","1671","1671"
"160512","0.959125","0.9215","0.9967500000000001","1672","1672","1672"
"160608","0.991125","0.98225","1","1673","1673","1673"
"160704","0.9849318181818183","0.976","0.9938636363636365","1674","1674","1674"
"160800","0.9867921348314608","0.9760842696629215","0.9974999999999999","1675","1675","1675"
"160896","0.991","0.98325","0.99875","1676","1676","1676"
"160992","0.9902500000000001","0.983","0.9975000000000002","1677","1677","1677"
"161088","0.965125","0.95875","0.9715","1678","1678","1678"
"161184","0.99175","0.98475","0.99875","1679","1679","1679"
"161280","0.9981249999999999","0.9974999999999999","0.99875","1680","1680","1680"
"161376","0.9926818181818182","0.9914999999999999","0.9938636363636365","1681","1681","1681"
"161472","0.987625","0.9765","0.99875","1682","1682","1682"
"161568","0.987","0.98275","0.99125","1683","1683","1683"
"161664","0.9728749999999999","0.94825","0.9974999999999999","1684","1684","1684"
"161760","0.9609479166666666","0.9321458333333332","0.9897499999999999","1685","1685","1685"
"161856","0.963625","0.9559999999999998","0.9712500000000001","1686","1686","1686"
"161952","0.999375","0.99875","1","1687","1687","1687"
"162048","0.9067474747474749","0.8587222222222222","0.9547727272727274","1688","1688","1688"
"162144","0.976625","0.96925","0.984","1689","1689","1689"
"162240","0.992875","0.9877499999999999","0.998","1690","1690","1690"
"162336","0.999125","0.99825","1","1691","1691","1691"
"162432","0.9537456140350877","0.9074912280701755","1","1692","1692","1692"
"162528","0.964","0.93575","0.99225","1693","1693","1693"
"162624","0.990375","0.9807499999999999","1","1694","1694","1694"
"162720","0.999375","0.99875","1","1695","1695","1695"
"162816","0.994375","0.9887499999999999","1","1696","1696","1696"
"162912","0.991625","0.9845","0.99875","1697","1697","1697"
"163008","0.97675","0.9662499999999999","0.9872500000000001","1698","1698","1698"
"163104","0.989125","0.982","0.9962500000000001","1699","1699","1699"
"163200","0.996625","0.994","0.99925","1700","1700","1700"
"163296","0.983625","0.9685","0.99875","1701","1701","1701"
"163392","0.99925","0.9984999999999999","1","1702","1702","1702"
"163488","0.99525","0.9904999999999999","1","1703","1703","1703"
"163584","0.9841250000000001","0.9792500000000001","0.9890000000000001","1704","1704","1704"
"163680","0.999375","0.99875","1","1705","1705","1705"
"163776","0.9955","0.991","1","1706","1706","1706"
"163872","0.97375","0.961","0.9865","1707","1707","1707"
"163968","0.957125","0.9155","0.99875","1708","1708","1708"
"164064","0.9944999999999999","0.9914999999999999","0.9974999999999999","1709","1709","1709"
"164160","0.99875","0.9974999999999999","1","1710","1710","1710"
"164256","0.9945","0.9890000000000001","1","1711","1711","1711"
"164352","0.98","0.97","0.99","1712","1712","1712"
"164448","0.98375","0.9685","0.999","1713","1713","1713"
"164544","0.97525","0.9605","0.99","1714","1714","1714"
"164640","0.9998750000000001","0.99975","1","1715","1715","1715"
"164736","0.9458749999999999","0.9337499999999999","0.958","1716","1716","1716"
"164832","0.99875","0.99875","0.99875","1717","1717","1717"
"164928","1","1","1","1718","1718","1718"
"165024","0.9910227272727272","0.9820454545454546","1","1719","1719","1719"
"165120","0.984875","0.96975","1","1720","1720","1720"
"165216","0.997375","0.99475","1","1721","1721","1721"
"165312","0.9864999999999999","0.97425","0.99875","1722","1722","1722"
"165408","0.99475","0.9935","0.9960000000000001","1723","1723","1723"
"165504","0.982375","0.9647500000000001","1","1724","1724","1724"
"165600","0.9878981620405102","0.9770463240810203","0.99875","1725","1725","1725"
"165696","1","1","1","1726","1726","1726"
"165792","0.997375","0.99475","1","1727","1727","1727"
"165888","0.9966250000000001","0.9960000000000001","0.99725","1728","1728","1728"
"165984","0.9897337398373984","0.9819674796747968","0.9974999999999999","1729","1729","1729"
"166080","0.9930309139784947","0.9900618279569893","0.9960000000000001","1730","1730","1730"
"166176","0.9737272727272728","0.9609545454545455","0.9865","1731","1731","1731"
"166272","0.9856250000000002","0.9822500000000002","0.9890000000000001","1732","1732","1732"
"166368","0.9961249999999999","0.99225","1","1733","1733","1733"
"166464","0.99875","0.99875","0.99875","1734","1734","1734"
"166560","0.9585845808383233","0.9184191616766467","0.99875","1735","1735","1735"
"166656","0.991625","0.98925","0.994","1736","1736","1736"
"166752","0.996","0.992","1","1737","1737","1737"
"166848","0.9636250000000001","0.932","0.9952500000000001","1738","1738","1738"
"166944","0.9956250000000001","0.9912500000000002","1","1739","1739","1739"
"167040","0.994","0.9905000000000002","0.9974999999999999","1740","1740","1740"
"167136","0.99875","0.9974999999999999","1","1741","1741","1741"
"167232","0.9945","0.9890000000000001","1","1742","1742","1742"
"167328","0.9600331632653061","0.9408163265306122","0.9792500000000001","1743","1743","1743"
"167424","0.932931586270872","0.891113172541744","0.97475","1744","1744","1744"
"167520","0.95075","0.9295","0.9719999999999999","1745","1745","1745"
"167616","0.985625","0.97425","0.9970000000000001","1746","1746","1746"
"167712","0.9781339285714286","0.9710000000000001","0.9852678571428571","1747","1747","1747"
"167808","0.9888541666666667","0.9789583333333334","0.99875","1748","1748","1748"
"167904","0.9901249999999999","0.9814999999999999","0.99875","1749","1749","1749"
"168000","0.9962500000000001","0.9960000000000001","0.9964999999999999","1750","1750","1750"
"168096","0.9802499999999998","0.9629999999999999","0.9974999999999999","1751","1751","1751"
"168192","0.9971249999999999","0.9969999999999999","0.99725","1752","1752","1752"
"168288","0.9958750000000001","0.993","0.99875","1753","1753","1753"
"168384","0.9962500000000001","0.9925","1","1754","1754","1754"
"168480","0.9829545454545454","0.9659090909090909","1","1755","1755","1755"
"168576","0.9726250000000001","0.94525","1","1756","1756","1756"
"168672","0.97475","0.96","0.9894999999999999","1757","1757","1757"
"168768","0.9730000000000001","0.9460000000000001","1","1758","1758","1758"
"168864","0.9863295454545455","0.985909090909091","0.9867500000000001","1759","1759","1759"
"168960","0.997125","0.9962500000000001","0.998","1760","1760","1760"
"169056","0.9906250000000001","0.9905000000000002","0.9907499999999999","1761","1761","1761"
"169152","0.959125","0.9417500000000001","0.9765","1762","1762","1762"
"169248","0.9334980620155039","0.8682461240310078","0.99875","1763","1763","1763"
"169344","0.994875","0.9925","0.99725","1764","1764","1764"
"169440","0.9588749999999999","0.9502499999999999","0.9675","1765","1765","1765"
"169536","0.9354544392523365","0.9191588785046729","0.95175","1766","1766","1766"
"169632","0.9924999999999999","0.9877499999999999","0.99725","1767","1767","1767"
"169728","0.998125","0.9962500000000001","1","1768","1768","1768"
"169824","0.986284090909091","0.9843181818181819","0.9882500000000001","1769","1769","1769"
"169920","0.99475","0.9935","0.9960000000000001","1770","1770","1770"
"170016","0.9466527777777778","0.9033055555555556","0.99","1771","1771","1771"
"170112","0.982875","0.9657500000000001","1","1772","1772","1772"
"170208","0.982875","0.9782500000000001","0.9875","1773","1773","1773"
"170304","0.9921249999999999","0.98425","1","1774","1774","1774"
"170400","0.9989204545454546","0.99875","0.9990909090909091","1775","1775","1775"
"170496","0.9926249999999999","0.9877499999999999","0.9974999999999999","1776","1776","1776"
"170592","0.9955","0.9922500000000001","0.99875","1777","1777","1777"
"170688","0.997125","0.99475","0.9995","1778","1778","1778"
"170784","0.983715909090909","0.9731818181818181","0.9942499999999999","1779","1779","1779"
"170880","0.9791477272727273","0.9595454545454545","0.99875","1780","1780","1780"
"170976","0.97475","0.9734999999999999","0.976","1781","1781","1781"
"171072","0.989728448275862","0.980706896551724","0.99875","1782","1782","1782"
"171168","0.9842402912621359","0.9684805825242717","1","1783","1783","1783"
"171264","0.9855","0.9710000000000001","1","1784","1784","1784"
"171360","0.9662725409836066","0.9552950819672132","0.97725","1785","1785","1785"
"171456","0.943875","0.8915","0.9962500000000001","1786","1786","1786"
"171552","0.99875","0.9975000000000002","1","1787","1787","1787"
"171648","0.9872500000000001","0.9782500000000001","0.9962500000000001","1788","1788","1788"
"171744","0.9949999999999999","0.9899999999999999","1","1789","1789","1789"
"171840","0.999375","0.99875","1","1790","1790","1790"
"171936","0.9973750000000001","0.9960000000000001","0.99875","1791","1791","1791"
"172032","0.9981250000000002","0.9975000000000002","0.99875","1792","1792","1792"
"172128","0.9767324561403509","0.9534649122807017","1","1793","1793","1793"
"172224","0.9921250000000001","0.9882500000000001","0.9960000000000001","1794","1794","1794"
"172320","0.9984999999999999","0.99825","0.99875","1795","1795","1795"
"172416","0.983375","0.9804999999999999","0.9862500000000001","1796","1796","1796"
"172512","0.9869318181818182","0.9763636363636364","0.9974999999999999","1797","1797","1797"
"172608","0.9966250000000001","0.9945","0.99875","1798","1798","1798"
"172704","0.9804999999999999","0.961","1","1799","1799","1799"
"172800","0.99525","0.9904999999999999","1","1800","1800","1800"
"172896","0.9855","0.97625","0.99475","1801","1801","1801"
"172992","0.9610000000000001","0.9342499999999999","0.9877500000000001","1802","1802","1802"
"173088","0.9795","0.9615","0.9974999999999999","1803","1803","1803"
"173184","0.981125","0.9647500000000001","0.9974999999999999","1804","1804","1804"
"173280","0.9942500000000001","0.993","0.9955","1805","1805","1805"
"173376","0.979625","0.9605","0.99875","1806","1806","1806"
"173472","0.97675","0.9657500000000001","0.9877499999999999","1807","1807","1807"
"173568","0.980125","0.9762500000000001","0.984","1808","1808","1808"
"173664","0.9795","0.97525","0.98375","1809","1809","1809"
"173760","0.99075","0.9855","0.9959999999999999","1810","1810","1810"
"173856","0.972625","0.96925","0.976","1811","1811","1811"
"173952","1","1","1","1812","1812","1812"
"174048","0.992625","0.98525","1","1813","1813","1813"
"174144","0.957875","0.94625","0.9695","1814","1814","1814"
"174240","0.99875","0.9975000000000002","1","1815","1815","1815"
"174336","0.96425","0.9630000000000001","0.9655000000000001","1816","1816","1816"
"174432","0.998375","0.9967500000000001","1","1817","1817","1817"
"174528","0.983125","0.9662499999999999","1","1818","1818","1818"
"174624","0.9977500000000001","0.9975000000000002","0.998","1819","1819","1819"
"174720","0.96275","0.9560000000000001","0.9695","1820","1820","1820"
"174816","0.97825","0.976","0.9804999999999999","1821","1821","1821"
"174912","0.976125","0.95875","0.9935","1822","1822","1822"
"175008","0.9670833333333334","0.9354166666666668","0.99875","1823","1823","1823"
"175104","0.989090909090909","0.9781818181818182","1","1824","1824","1824"
"175200","0.9521666666666667","0.9055833333333334","0.99875","1825","1825","1825"
"175296","0.9833958333333335","0.9745000000000001","0.9922916666666667","1826","1826","1826"
"175392","0.9924999999999999","0.985","1","1827","1827","1827"
"175488","0.9975530303030302","0.9961060606060606","0.999","1828","1828","1828"
"175584","0.998","0.99725","0.99875","1829","1829","1829"
"175680","0.9745892857142857","0.9685","0.9806785714285715","1830","1830","1830"
"175776","0.9797954545454546","0.9690909090909091","0.9905000000000002","1831","1831","1831"
"175872","0.999375","0.99875","1","1832","1832","1832"
"175968","0.98125","0.9625","1","1833","1833","1833"
"176064","0.9606250000000001","0.95875","0.9625","1834","1834","1834"
"176160","0.9938750000000001","0.99175","0.9960000000000001","1835","1835","1835"
"176256","0.977125","0.9555","0.99875","1836","1836","1836"
"176352","0.98075","0.9615","1","1837","1837","1837"
"176448","0.961875","0.9305000000000001","0.99325","1838","1838","1838"
"176544","0.9617500000000001","0.9610000000000001","0.9625","1839","1839","1839"
"176640","0.9921249999999999","0.98425","1","1840","1840","1840"
"176736","0.985625","0.9712500000000001","1","1841","1841","1841"
"176832","0.9859659090909091","0.9731818181818181","0.99875","1842","1842","1842"
"176928","0.9857500000000001","0.974","0.9975000000000002","1843","1843","1843"
"177024","0.9881250000000001","0.9810000000000001","0.9952500000000001","1844","1844","1844"
"177120","0.9824431818181819","0.9661363636363638","0.99875","1845","1845","1845"
"177216","0.9918750000000001","0.99","0.99375","1846","1846","1846"
"177312","0.994875","0.9925","0.99725","1847","1847","1847"
"177408","0.973","0.9615","0.9844999999999999","1848","1848","1848"
"177504","0.9964999999999999","0.993","1","1849","1849","1849"
"177600","0.9806250000000001","0.9625","0.99875","1850","1850","1850"
"177696","0.9672500000000002","0.9395000000000001","0.9950000000000001","1851","1851","1851"
"177792","0.987","0.98475","0.98925","1852","1852","1852"
"177888","0.9853750000000001","0.9732500000000002","0.9974999999999999","1853","1853","1853"
"177984","0.952375","0.9417500000000001","0.9629999999999999","1854","1854","1854"
"178080","0.9814999999999999","0.9629999999999999","1","1855","1855","1855"
"178176","0.9655","0.9335000000000001","0.9974999999999999","1856","1856","1856"
"178272","0.9882500000000001","0.982","0.9945","1857","1857","1857"
"178368","0.99025","0.9862500000000001","0.9942499999999999","1858","1858","1858"
"178464","0.999375","0.99875","1","1859","1859","1859"
"178560","0.935375","0.8707499999999999","1","1860","1860","1860"
"178656","0.9785","0.961","0.9960000000000001","1861","1861","1861"
"178752","0.9774999999999999","0.97575","0.9792499999999998","1862","1862","1862"
"178848","0.9981250000000002","0.9975000000000002","0.99875","1863","1863","1863"
"178944","0.94675","0.933","0.9605","1864","1864","1864"
"179040","0.9955671641791045","0.993","0.998134328358209","1865","1865","1865"
"179136","1","1","1","1866","1866","1866"
"179232","0.9898750000000001","0.9844999999999999","0.9952500000000001","1867","1867","1867"
"179328","0.996","0.9955","0.9964999999999999","1868","1868","1868"
"179424","0.9852159090909092","0.9806818181818181","0.9897500000000001","1869","1869","1869"
"179520","0.9566818181818182","0.9395","0.9738636363636364","1870","1870","1870"
"179616","0.9969431818181818","0.9952500000000001","0.9986363636363635","1871","1871","1871"
"179712","0.989125","0.9795","0.99875","1872","1872","1872"
"179808","0.9884999999999999","0.97775","0.99925","1873","1873","1873"
"179904","0.9877840909090909","0.9768181818181819","0.99875","1874","1874","1874"
"180000","0.985375","0.97075","1","1875","1875","1875"
"180096","0.97325","0.969","0.9775","1876","1876","1876"
"180192","0.9925","0.9850000000000001","1","1877","1877","1877"
"180288","0.9813750000000001","0.9627500000000001","1","1878","1878","1878"
"180384","0.963875","0.9305","0.99725","1879","1879","1879"
"180480","0.9963636363636363","0.9952272727272727","0.9974999999999999","1880","1880","1880"
"180576","0.986125","0.985","0.9872500000000001","1881","1881","1881"
"180672","0.99875","0.9974999999999999","1","1882","1882","1882"
"180768","0.997375","0.99475","1","1883","1883","1883"
"180864","0.9877228260869566","0.9836956521739131","0.99175","1884","1884","1884"
"180960","0.9762488738738737","0.9647477477477476","0.9877499999999999","1885","1885","1885"
"181056","0.9494662921348315","0.901682584269663","0.99725","1886","1886","1886"
"181152","0.9704435483870968","0.9556370967741936","0.9852500000000001","1887","1887","1887"
"181248","0.973625","0.9692500000000001","0.978","1888","1888","1888"
"181344","0.9905519480519481","0.9875","0.9936038961038962","1889","1889","1889"
"181440","0.99125","0.98375","0.99875","1890","1890","1890"
"181536","0.963375","0.9307500000000001","0.9959999999999999","1891","1891","1891"
"181632","0.982125","0.968","0.9962500000000001","1892","1892","1892"
"181728","0.992875","0.9897500000000001","0.9959999999999999","1893","1893","1893"
"181824","0.969875","0.9397500000000001","1","1894","1894","1894"
"181920","0.9890000000000001","0.9780000000000001","1","1895","1895","1895"
"182016","0.99875","0.9974999999999999","1","1896","1896","1896"
"182112","0.98725","0.9845","0.99","1897","1897","1897"
"182208","0.992","0.984","1","1898","1898","1898"
"182304","0.99875","0.9974999999999999","1","1899","1899","1899"
"182400","0.983875","0.9730000000000001","0.9947500000000001","1900","1900","1900"
"182496","0.9685","0.937","1","1901","1901","1901"
"182592","0.977","0.9635","0.9904999999999999","1902","1902","1902"
"182688","0.9604761904761905","0.9209523809523809","1","1903","1903","1903"
"182784","0.9762927215189874","0.9715","0.9810854430379747","1904","1904","1904"
"182880","0.897632183908046","0.795264367816092","1","1905","1905","1905"
"182976","0.9915841584158416","0.9831683168316833","1","1906","1906","1906"
"183072","0.983986111111111","0.97075","0.9972222222222221","1907","1907","1907"
"183168","0.98475","0.9797499999999999","0.9897500000000001","1908","1908","1908"
"183264","0.9788996598639457","0.9605493197278913","0.99725","1909","1909","1909"
"183360","0.964","0.9385","0.9894999999999999","1910","1910","1910"
"183456","0.9935","0.99075","0.9962500000000001","1911","1911","1911"
"183552","0.9284469026548672","0.8833938053097345","0.9734999999999999","1912","1912","1912"
"183648","0.9948750000000001","0.9897500000000001","1","1913","1913","1913"
"183744","0.965","0.9299999999999999","1","1914","1914","1914"
"183840","0.973806623931624","0.9657500000000001","0.9818632478632479","1915","1915","1915"
"183936","0.9944999999999999","0.99025","0.99875","1916","1916","1916"
"184032","0.998","0.9960000000000001","1","1917","1917","1917"
"184128","0.99575","0.99275","0.99875","1918","1918","1918"
"184224","0.9652364864864864","0.9304729729729729","1","1919","1919","1919"
"184320","0.967125","0.9349999999999999","0.99925","1920","1920","1920"
"184416","0.9826818181818182","0.9664999999999999","0.9988636363636364","1921","1921","1921"
"184512","0.9926250000000001","0.99","0.9952500000000001","1922","1922","1922"
"184608","0.99875","0.99875","0.99875","1923","1923","1923"
"184704","0.968875","0.9460000000000001","0.99175","1924","1924","1924"
"184800","0.9946818181818182","0.9913636363636364","0.998","1925","1925","1925"
"184896","0.9810000000000001","0.9802500000000001","0.9817500000000001","1926","1926","1926"
"184992","0.9793760683760684","0.9587521367521367","1","1927","1927","1927"
"185088","0.995375","0.992","0.99875","1928","1928","1928"
"185184","0.97675","0.9535","1","1929","1929","1929"
"185280","0.9701249999999999","0.951","0.98925","1930","1930","1930"
"185376","0.9826544117647058","0.97325","0.9920588235294117","1931","1931","1931"
"185472","0.999375","0.99875","1","1932","1932","1932"
"185568","0.985625","0.9712500000000001","1","1933","1933","1933"
"185664","1","1","1","1934","1934","1934"
"185760","0.983875","0.9705","0.99725","1935","1935","1935"
"185856","0.991125","0.9835","0.99875","1936","1936","1936"
"185952","0.995046511627907","0.9935","0.996593023255814","1937","1937","1937"
"186048","0.9851041666666667","0.9714583333333332","0.99875","1938","1938","1938"
"186144","0.9647499999999999","0.9497499999999999","0.9797499999999999","1939","1939","1939"
"186240","0.969875","0.9665000000000001","0.97325","1940","1940","1940"
"186336","0.9895000000000002","0.9870000000000001","0.9920000000000002","1941","1941","1941"
"186432","0.984","0.97075","0.99725","1942","1942","1942"
"186528","0.984125","0.97475","0.9935","1943","1943","1943"
"186624","0.9588749999999999","0.94575","0.9719999999999999","1944","1944","1944"
"186720","0.99125","0.98925","0.9932500000000001","1945","1945","1945"
"186816","0.99825","0.9964999999999999","1","1946","1946","1946"
"186912","0.9796250000000001","0.96325","0.9960000000000001","1947","1947","1947"
"187008","0.9841249999999999","0.9682499999999999","1","1948","1948","1948"
"187104","0.9494201030927836","0.911340206185567","0.9875","1949","1949","1949"
"187200","0.998375","0.998","0.99875","1950","1950","1950"
"187296","0.9888295454545455","0.984659090909091","0.993","1951","1951","1951"
"187392","0.99875","0.99875","0.99875","1952","1952","1952"
"187488","0.9864545454545455","0.977","0.995909090909091","1953","1953","1953"
"187584","0.9935","0.9870000000000001","1","1954","1954","1954"
"187680","0.99725","0.9945","1","1955","1955","1955"
"187776","0.9448316953316953","0.9056633906633906","0.984","1956","1956","1956"
"187872","0.998","0.9960000000000001","1","1957","1957","1957"
"187968","0.984125","0.9734999999999999","0.9947500000000001","1958","1958","1958"
"188064","1","1","1","1959","1959","1959"
"188160","0.9828749999999999","0.9724999999999999","0.9932500000000001","1960","1960","1960"
"188256","0.951875","0.9090000000000001","0.99475","1961","1961","1961"
"188352","0.986875","0.97625","0.9974999999999999","1962","1962","1962"
"188448","0.999375","0.99875","1","1963","1963","1963"
"188544","0.9707386363636363","0.9602272727272727","0.98125","1964","1964","1964"
"188640","0.99675","0.9960000000000001","0.9975","1965","1965","1965"
"188736","0.9894476744186046","0.9788953488372092","1","1966","1966","1966"
"188832","0.987786769327467","0.977027027027027","0.998546511627907","1967","1967","1967"
"188928","0.9766893382352941","0.9603786764705882","0.9930000000000001","1968","1968","1968"
"189024","0.9354166666666666","0.8988333333333334","0.9719999999999999","1969","1969","1969"
"189120","0.9760000000000001","0.9575000000000001","0.9945","1970","1970","1970"
"189216","0.981125","0.9650000000000001","0.99725","1971","1971","1971"
"189312","0.984","0.9705","0.9974999999999999","1972","1972","1972"
"189408","0.9731818181818181","0.9463636363636364","1","1973","1973","1973"
"189504","0.9955","0.99225","0.99875","1974","1974","1974"
"189600","0.986375","0.974","0.99875","1975","1975","1975"
"189696","0.999375","0.99875","1","1976","1976","1976"
"189792","0.9188636363636364","0.8725","0.9652272727272728","1977","1977","1977"
"189888","0.970862012987013","0.9621785714285714","0.9795454545454546","1978","1978","1978"
"189984","0.9875","0.975","1","1979","1979","1979"
"190080","0.998625","0.9984999999999999","0.99875","1980","1980","1980"
"190176","0.9913223684210527","0.9826447368421054","1","1981","1981","1981"
"190272","0.99675","0.9935","1","1982","1982","1982"
"190368","0.951875","0.9359999999999999","0.96775","1983","1983","1983"
"190464","0.9400660377358491","0.8801320754716981","1","1984","1984","1984"
"190560","0.968304292929293","0.9637500000000001","0.9728585858585859","1985","1985","1985"
"190656","0.9981249999999999","0.9974999999999999","0.99875","1986","1986","1986"
"190752","0.9721182170542635","0.945736434108527","0.9984999999999999","1987","1987","1987"
"190848","0.9767083333333334","0.9599166666666668","0.9935","1988","1988","1988"
"190944","0.9931413043478261","0.99025","0.9960326086956522","1989","1989","1989"
"191040","0.9890740740740741","0.9781481481481482","1","1990","1990","1990"
"191136","1","1","1","1991","1991","1991"
"191232","0.9831208564930674","0.9819343536787756","0.9843073593073592","1992","1992","1992"
"191328","0.9912500000000001","0.9865","0.9960000000000001","1993","1993","1993"
"191424","0.998125","0.9962500000000001","1","1994","1994","1994"
"191520","0.9835","0.967","1","1995","1995","1995"
"191616","0.9974999999999999","0.9949999999999999","1","1996","1996","1996"
"191712","0.9402916666666667","0.9020833333333333","0.9785","1997","1997","1997"
"191808","0.99725","0.9945","1","1998","1998","1998"
"191904","0.966875","0.96225","0.9715","1999","1999","1999"
"192000","0.9916062653562653","0.986590909090909","0.9966216216216216","2000","2000","2000"
"192096","0.993625","0.9872500000000001","1","2001","2001","2001"
"192192","0.9455757575757575","0.9091515151515152","0.982","2002","2002","2002"
"192288","0.999375","0.99875","1","2003","2003","2003"
"192384","0.9734318181818182","0.9480000000000001","0.9988636363636364","2004","2004","2004"
"192480","0.967125","0.93825","0.9960000000000001","2005","2005","2005"
"192576","0.9920454545454545","0.984090909090909","1","2006","2006","2006"
"192672","0.9890693069306931","0.9861386138613861","0.992","2007","2007","2007"
"192768","0.96475","0.9494999999999999","0.9800000000000001","2008","2008","2008"
"192864","0.999375","0.99875","1","2009","2009","2009"
"192960","0.9762635135135135","0.9562770270270269","0.9962500000000001","2010","2010","2010"
"193056","0.99875","0.9975000000000002","1","2011","2011","2011"
"193152","0.9963750000000001","0.9960000000000001","0.9967500000000001","2012","2012","2012"
"193248","0.999375","0.99875","1","2013","2013","2013"
"193344","0.9974999999999999","0.9954999999999998","0.9995","2014","2014","2014"
"193440","0.965625","0.94575","0.9855","2015","2015","2015"
"193536","0.9992500000000001","0.9985000000000002","1","2016","2016","2016"
"193632","0.9935833333333333","0.9904999999999999","0.9966666666666667","2017","2017","2017"
"193728","0.99775","0.9955","1","2018","2018","2018"
"193824","0.986875","0.975","0.99875","2019","2019","2019"
"193920","0.9967499999999999","0.9964999999999999","0.9969999999999999","2020","2020","2020"
"194016","0.9690749601275918","0.9647727272727273","0.9733771929824562","2021","2021","2021"
"194112","0.9768749999999999","0.9584999999999999","0.9952500000000001","2022","2022","2022"
"194208","0.9304848484848486","0.8923333333333334","0.9686363636363637","2023","2023","2023"
"194304","0.9926250000000001","0.9852500000000001","1","2024","2024","2024"
"194400","0.9853749999999999","0.9719999999999999","0.99875","2025","2025","2025"
"194496","0.9882083333333334","0.9774166666666666","0.999","2026","2026","2026"
"194592","0.993625","0.9875","0.99975","2027","2027","2027"
"194688","0.9886250000000001","0.98275","0.9945","2028","2028","2028"
"194784","0.9970833333333333","0.9966666666666667","0.9974999999999999","2029","2029","2029"
"194880","1","1","1","2030","2030","2030"
"194976","0.9721249999999999","0.95075","0.9934999999999998","2031","2031","2031"
"195072","0.9727613636363637","0.95325","0.9922727272727273","2032","2032","2032"
"195168","0.996375","0.9952500000000001","0.9974999999999999","2033","2033","2033"
"195264","1","1","1","2034","2034","2034"
"195360","0.988","0.976","1","2035","2035","2035"
"195456","0.9687307692307693","0.96","0.9774615384615386","2036","2036","2036"
"195552","0.986","0.9720000000000001","1","2037","2037","2037"
"195648","0.9872553191489362","0.9822606382978722","0.9922500000000001","2038","2038","2038"
"195744","0.9917499999999999","0.986","0.9974999999999999","2039","2039","2039"
"195840","0.9894999999999999","0.9814999999999999","0.9974999999999999","2040","2040","2040"
"195936","0.9983108108108107","0.9966216216216216","1","2041","2041","2041"
"196032","0.985625","0.978","0.9932500000000001","2042","2042","2042"
"196128","0.99725","0.9970000000000001","0.9974999999999999","2043","2043","2043"
"196224","0.9844999999999999","0.969","1","2044","2044","2044"
"196320","0.9710416666666667","0.966","0.9760833333333334","2045","2045","2045"
"196416","0.9963750000000001","0.9927500000000002","1","2046","2046","2046"
"196512","0.979375","0.95875","1","2047","2047","2047"
"196608","0.9719766483516484","0.9485000000000001","0.9954532967032967","2048","2048","2048"
"196704","0.9945","0.9890000000000001","1","2049","2049","2049"
"196800","0.989875","0.98225","0.9974999999999999","2050","2050","2050"
"196896","0.9425657894736842","0.8866315789473684","0.9984999999999999","2051","2051","2051"
"196992","1","1","1","2052","2052","2052"
"197088","0.969125","0.95075","0.9875","2053","2053","2053"
"197184","0.997375","0.99475","1","2054","2054","2054"
"197280","0.9683636363636363","0.9452272727272728","0.9914999999999999","2055","2055","2055"
"197376","0.98525","0.97075","0.99975","2056","2056","2056"
"197472","0.9501185897435896","0.9229999999999998","0.9772371794871795","2057","2057","2057"
"197568","0.9910416666666667","0.9820833333333334","1","2058","2058","2058"
"197664","0.988375","0.9862500000000001","0.9904999999999999","2059","2059","2059"
"197760","0.9751413043478261","0.9542826086956522","0.9960000000000001","2060","2060","2060"
"197856","0.992875","0.98575","1","2061","2061","2061"
"197952","0.991125","0.98225","1","2062","2062","2062"
"198048","0.982","0.96775","0.9962500000000001","2063","2063","2063"
"198144","0.9958750000000001","0.993","0.99875","2064","2064","2064"
"198240","0.9888108108108109","0.985","0.9926216216216217","2065","2065","2065"
"198336","0.940625","0.897","0.9842500000000001","2066","2066","2066"
"198432","0.966375","0.9572499999999999","0.9755","2067","2067","2067"
"198528","0.9916250000000001","0.9832500000000002","1","2068","2068","2068"
"198624","0.97675","0.9535","1","2069","2069","2069"
"198720","0.9582965686274509","0.9359264705882353","0.9806666666666667","2070","2070","2070"
"198816","0.9850000000000001","0.9712500000000001","0.99875","2071","2071","2071"
"198912","0.997921511627907","0.997093023255814","0.99875","2072","2072","2072"
"199008","0.9877720588235295","0.9767941176470588","0.99875","2073","2073","2073"
"199104","0.997375","0.99475","1","2074","2074","2074"
"199200","0.989125","0.9795","0.99875","2075","2075","2075"
"199296","0.957652027027027","0.9440540540540541","0.9712500000000001","2076","2076","2076"
"199392","0.9402431506849316","0.8829863013698631","0.9974999999999999","2077","2077","2077"
"199488","1","1","1","2078","2078","2078"
"199584","0.986375","0.974","0.99875","2079","2079","2079"
"199680","0.999375","0.99875","1","2080","2080","2080"
"199776","0.9766250000000001","0.9710000000000001","0.9822500000000002","2081","2081","2081"
"199872","0.9675","0.94375","0.99125","2082","2082","2082"
"199968","0.989284090909091","0.9868181818181818","0.99175","2083","2083","2083"