"Episode","Grouped runs - Returns_Instruction/stay","Grouped runs - Returns_Instruction/stay__MIN","Grouped runs - Returns_Instruction/stay__MAX","Grouped runs - _step","Grouped runs - _step__MIN","Grouped runs - _step__MAX"
"0","-7.871658765583675","-9.07012876571957","-6.6731887654477795","0","0","0"
"96","-10.441984171336685","-12.437557862957794","-8.446410479715576","1","1","1"
"192","-8.863899153158236","-13.084039379407615","-4.6437589269088555","2","2","2"
"288","-10.29811773083571","-10.568671488586011","-10.027563973085408","3","3","3"
"384","-3.7262055438984127","-8.933152412114353","1.4807413243175274","4","4","4"
"480","-9.865868118843597","-10.467190693177441","-9.264545544509751","5","5","5"
"576","-7.951486676795189","-8.737080479428316","-7.165892874162061","6","6","6"
"672","-7.48757525585232","-9.457321416364989","-5.5178290953396525","7","7","7"
"768","-9.622129815890217","-9.622129815890217","-9.622129815890217","8","8","8"
"864","-5.345982247007845","-8.373040333729339","-2.3189241602863495","9","9","9"
"960","-9.893181596746087","-12.33542989563027","-7.450933297861904","10","10","10"
"1056","-7.794339906186633","-8.12935681972266","-7.4593229926506055","11","11","11"
"1152","-3.0479666602395667","-3.0479666602395667","-3.0479666602395667","12","12","12"
"1248","-0.9477135556625694","-0.9477135556625694","-0.9477135556625694","13","13","13"
"1344","-7.504248194714457","-9.612510550245517","-5.395985839183396","14","14","14"
"1440","-8.270777647535928","-9.099571505148319","-7.441983789923538","15","15","15"
"1536","-5.026083297123885","-7.763960556605061","-2.2882060376427096","16","16","16"
"1632","-4.213705184122489","-4.242939636484548","-4.18447073176043","17","17","17"
"1728","-7.291320253693274","-8.66020325142038","-5.922437255966168","18","18","18"
"1824","-4.966541847840653","-7.962598029957733","-1.970485665723573","19","19","19"
"1920","-3.8909868240016987","-5.51851860321442","-2.263455044788978","20","20","20"
"2016","-4.167449651006324","-5.933846792762942","-2.4010525092497046","21","21","21"
"2112","-6.83022512917931","-7.849089426761815","-5.811360831596805","22","22","22"
"2208","-4.201601446047682","-4.201601446047682","-4.201601446047682","23","23","23"
"2304","-7.578365537473044","-8.66020325142038","-6.496527823525706","24","24","24"
"2400","-4.197726616696832","-4.197726616696832","-4.197726616696832","25","25","25"
"2496","-7.674095145196452","-7.949790354419255","-7.398399935973649","26","26","26"
"2592","-6.952659432696828","-7.150351204496026","-6.75496766089763","27","27","27"
"2688","-1.901096285332295","-5.652978223320258","1.8507856526556683","28","28","28"
"2784","-4.65091195687476","-4.924342779762396","-4.377481133987123","29","29","29"
"2880","-5.077948916342452","-5.142964776422532","-5.012933056262373","30","30","30"
"2976","-8.66020325142038","-8.66020325142038","-8.66020325142038","31","31","31"
"3072","-6.530822405421695","-8.66020325142038","-4.401441559423009","32","32","32"
"3168","-8.66020325142038","-8.66020325142038","-8.66020325142038","33","33","33"
"3264","-6.243412872606684","-6.28427770353745","-6.202548041675918","34","34","34"
"3360","-5.226728868489332","-8.66020325142038","-1.7932544855582822","35","35","35"
"3456","-7.726542550284707","-8.66020325142038","-6.792881849149032","36","36","36"
"3552","-7.627829073585659","-8.66020325142038","-6.595454895750938","37","37","37"
"3648","-7.9965713227264885","-8.66020325142038","-7.332939394032596","38","38","38"
"3744","-8.100752603262817","-8.100752603262817","-8.100752603262817","39","39","39"
"3840","-8.66020325142038","-8.66020325142038","-8.66020325142038","40","40","40"
"3936","-6.629622976990474","-6.677460685531237","-6.581785268449711","41","41","41"
"4032","-7.037446680499374","-8.66020325142038","-5.414690109578368","42","42","42"
"4128","-8.66020325142038","-8.66020325142038","-8.66020325142038","43","43","43"
"4224","-7.10138976419238","-8.66020325142038","-5.542576276964378","44","44","44"
"4320","-7.751262012422902","-8.66020325142038","-6.842320773425425","45","45","45"
"4416","-8.893618426704299","-9.127033601988217","-8.66020325142038","46","46","46"
"4512","-6.534126786350168","-6.669005508801966","-6.399248063898368","47","47","47"
"4608","-7.0215894642313605","-8.66020325142038","-5.3829756770423405","48","48","48"
"4704","-8.66020325142038","-8.66020325142038","-8.66020325142038","49","49","49"
"4800","-8.66020325142038","-8.66020325142038","-8.66020325142038","50","50","50"
"4896","-8.66020325142038","-8.66020325142038","-8.66020325142038","51","51","51"
"4992","-4.529360132242444","-8.66020325142038","-0.3985170130645073","52","52","52"
"5088","-8.66020325142038","-8.66020325142038","-8.66020325142038","53","53","53"
"5184","-4.138292876376355","-8.66020325142038","0.3836174986676703","54","54","54"
"5280","-7.606524259690472","-8.66020325142038","-6.552845267960563","55","55","55"
"5376","-8.66020325142038","-8.66020325142038","-8.66020325142038","56","56","56"
"5472","-8.66020325142038","-8.66020325142038","-8.66020325142038","57","57","57"
"5568","-8.66020325142038","-8.66020325142038","-8.66020325142038","58","58","58"
"5664","-8.66020325142038","-8.66020325142038","-8.66020325142038","59","59","59"
"5760","-8.66020325142038","-8.66020325142038","-8.66020325142038","60","60","60"
"5856","-8.66020325142038","-8.66020325142038","-8.66020325142038","61","61","61"
"5952","-8.66020325142038","-8.66020325142038","-8.66020325142038","62","62","62"
"6048","-8.66020325142038","-8.66020325142038","-8.66020325142038","63","63","63"
"6144","-7.671925840751214","-8.66020325142038","-6.683648430082047","64","64","64"
"6240","-8.66020325142038","-8.66020325142038","-8.66020325142038","65","65","65"
"6336","-8.66020325142038","-8.66020325142038","-8.66020325142038","66","66","66"
"6432","-8.66020325142038","-8.66020325142038","-8.66020325142038","67","67","67"
"6528","-8.66020325142038","-8.66020325142038","-8.66020325142038","68","68","68"
"6624","-8.66020325142038","-8.66020325142038","-8.66020325142038","69","69","69"
"6720","-8.66020325142038","-8.66020325142038","-8.66020325142038","70","70","70"
"6816","-8.66020325142038","-8.66020325142038","-8.66020325142038","71","71","71"
"6912","-8.66020325142038","-8.66020325142038","-8.66020325142038","72","72","72"
"7008","-8.66020325142038","-8.66020325142038","-8.66020325142038","73","73","73"
"7104","-8.66020325142038","-8.66020325142038","-8.66020325142038","74","74","74"
"7200","-8.66020325142038","-8.66020325142038","-8.66020325142038","75","75","75"
"7296","-8.66020325142038","-8.66020325142038","-8.66020325142038","76","76","76"
"7392","-8.66020325142038","-8.66020325142038","-8.66020325142038","77","77","77"
"7488","-8.66020325142038","-8.66020325142038","-8.66020325142038","78","78","78"
"7584","-8.66020325142038","-8.66020325142038","-8.66020325142038","79","79","79"
"7680","-8.66020325142038","-8.66020325142038","-8.66020325142038","80","80","80"
"7776","-8.66020325142038","-8.66020325142038","-8.66020325142038","81","81","81"
"7872","-4.138292876376355","-4.138292876376355","-4.138292876376355","82","82","82"
"7968","-8.660203251420382","-8.660203251420382","-8.660203251420382","83","83","83"
"8064","-8.66020325142038","-8.66020325142038","-8.66020325142038","84","84","84"
"8160","-8.66020325142038","-8.66020325142038","-8.66020325142038","85","85","85"
"8256","-8.66020325142038","-8.66020325142038","-8.66020325142038","86","86","86"
"8352","-8.66020325142038","-8.66020325142038","-8.66020325142038","87","87","87"
"8448","-8.66020325142038","-8.66020325142038","-8.66020325142038","88","88","88"
"8544","-8.66020325142038","-8.66020325142038","-8.66020325142038","89","89","89"
"8640","-8.66020325142038","-8.66020325142038","-8.66020325142038","90","90","90"
"8736","-8.66020325142038","-8.66020325142038","-8.66020325142038","91","91","91"
"8832","-8.66020325142038","-8.66020325142038","-8.66020325142038","92","92","92"
"8928","-8.66020325142038","-8.66020325142038","-8.66020325142038","93","93","93"
"9024","-8.66020325142038","-8.66020325142038","-8.66020325142038","94","94","94"
"9120","-8.66020325142038","-8.66020325142038","-8.66020325142038","95","95","95"
"9216","-8.66020325142038","-8.66020325142038","-8.66020325142038","96","96","96"
"9312","-8.66020325142038","-8.66020325142038","-8.66020325142038","97","97","97"
"9408","-7.350739683408348","-8.66020325142038","-6.0412761153963155","98","98","98"
"9504","-8.66020325142038","-8.66020325142038","-8.66020325142038","99","99","99"
"9600","-8.66020325142038","-8.66020325142038","-8.66020325142038","100","100","100"
"9696","-8.66020325142038","-8.66020325142038","-8.66020325142038","101","101","101"
"9792","-8.66020325142038","-8.66020325142038","-8.66020325142038","102","102","102"
"9888","-8.66020325142038","-8.66020325142038","-8.66020325142038","103","103","103"
"9984","-8.66020325142038","-8.66020325142038","-8.66020325142038","104","104","104"
"10080","-8.66020325142038","-8.66020325142038","-8.66020325142038","105","105","105"
"10176","-8.66020325142038","-8.66020325142038","-8.66020325142038","106","106","106"
"10272","-8.66020325142038","-8.66020325142038","-8.66020325142038","107","107","107"
"10368","-8.66020325142038","-8.66020325142038","-8.66020325142038","108","108","108"
"10464","-8.66020325142038","-8.66020325142038","-8.66020325142038","109","109","109"
"10560","-8.66020325142038","-8.66020325142038","-8.66020325142038","110","110","110"
"10656","-8.66020325142038","-8.66020325142038","-8.66020325142038","111","111","111"
"10752","-8.66020325142038","-8.66020325142038","-8.66020325142038","112","112","112"
"10848","-8.66020325142038","-8.66020325142038","-8.66020325142038","113","113","113"
"10944","-8.66020325142038","-8.66020325142038","-8.66020325142038","114","114","114"
"11040","-8.66020325142038","-8.66020325142038","-8.66020325142038","115","115","115"
"11136","-8.66020325142038","-8.66020325142038","-8.66020325142038","116","116","116"
"11232","-8.66020325142038","-8.66020325142038","-8.66020325142038","117","117","117"
"11328","-8.66020325142038","-8.66020325142038","-8.66020325142038","118","118","118"
"11424","-8.66020325142038","-8.66020325142038","-8.66020325142038","119","119","119"
"11520","-6.3992480638983675","-8.66020325142038","-4.138292876376355","120","120","120"
"11616","-8.66020325142038","-8.66020325142038","-8.66020325142038","121","121","121"
"11712","-8.66020325142038","-8.66020325142038","-8.66020325142038","122","122","122"
"11808","-8.66020325142038","-8.66020325142038","-8.66020325142038","123","123","123"
"11904","-8.66020325142038","-8.66020325142038","-8.66020325142038","124","124","124"
"12000","-8.66020325142038","-8.66020325142038","-8.66020325142038","125","125","125"
"12096","-8.66020325142038","-8.66020325142038","-8.66020325142038","126","126","126"
"12192","-6.57391884779516","-8.66020325142038","-4.48763444416994","127","127","127"
"12288","-8.66020325142038","-8.66020325142038","-8.66020325142038","128","128","128"
"12384","-8.66020325142038","-8.66020325142038","-8.66020325142038","129","129","129"
"12480","-8.66020325142038","-8.66020325142038","-8.66020325142038","130","130","130"
"12672","-8.66020325142038","-8.66020325142038","-8.66020325142038","132","132","132"
"12768","-8.66020325142038","-8.66020325142038","-8.66020325142038","133","133","133"
"12864","-8.66020325142038","-8.66020325142038","-8.66020325142038","134","134","134"
"12960","-8.66020325142038","-8.66020325142038","-8.66020325142038","135","135","135"
"13056","-8.66020325142038","-8.66020325142038","-8.66020325142038","136","136","136"
"13152","-8.66020325142038","-8.66020325142038","-8.66020325142038","137","137","137"
"13248","-8.66020325142038","-8.66020325142038","-8.66020325142038","138","138","138"
"13344","-8.66020325142038","-8.66020325142038","-8.66020325142038","139","139","139"
"13440","-8.66020325142038","-8.66020325142038","-8.66020325142038","140","140","140"
"13536","-8.66020325142038","-8.66020325142038","-8.66020325142038","141","141","141"
"13632","-8.66020325142038","-8.66020325142038","-8.66020325142038","142","142","142"
"13728","-8.66020325142038","-8.66020325142038","-8.66020325142038","143","143","143"
"13824","-8.66020325142038","-8.66020325142038","-8.66020325142038","144","144","144"
"13920","-8.66020325142038","-8.66020325142038","-8.66020325142038","145","145","145"
"14016","-7.152899793072372","-8.66020325142038","-5.645596334724363","146","146","146"
"14208","-8.66020325142038","-8.66020325142038","-8.66020325142038","148","148","148"
"14304","-4.84848967968486","-8.66020325142038","-1.0367761079493392","149","149","149"
"14400","-8.66020325142038","-8.66020325142038","-8.66020325142038","150","150","150"
"14496","-8.66020325142038","-8.66020325142038","-8.66020325142038","151","151","151"
"14592","-8.66020325142038","-8.66020325142038","-8.66020325142038","152","152","152"
"14688","-5.645596334724363","-5.645596334724363","-5.645596334724363","153","153","153"
"14784","-8.66020325142038","-8.66020325142038","-8.66020325142038","154","154","154"
"14880","-8.66020325142038","-8.66020325142038","-8.66020325142038","155","155","155"
"14976","-8.66020325142038","-8.66020325142038","-8.66020325142038","156","156","156"
"15072","-8.66020325142038","-8.66020325142038","-8.66020325142038","157","157","157"
"15168","-8.66020325142038","-8.66020325142038","-8.66020325142038","158","158","158"
"15264","-2.720526258061135","-2.720526258061135","-2.720526258061135","159","159","159"
"15360","-6.3992480638983675","-8.66020325142038","-4.138292876376355","160","160","160"
"15456","-4.138292876376355","-8.66020325142038","0.3836174986676703","161","161","161"
"15552","-6.421857615773588","-8.66020325142038","-4.183511980126794","162","162","162"
"15648","-8.66020325142038","-8.66020325142038","-8.66020325142038","163","163","163"
"15744","-4.183511980126794","-8.66020325142038","0.2931792911667915","164","164","164"
"15840","0.3233253603337511","0.3233253603337511","0.3233253603337511","165","165","165"
"15936","0.2935410439967946","0.2935410439967946","0.2935410439967946","166","166","166"
"16032","-2.690830872628221","-5.645596334724364","0.26393458946792236","167","167","167"
"16128","-6.3992480638983675","-8.66020325142038","-4.138292876376355","168","168","168"
"16224","-4.183511980126794","-8.66020325142038","0.2931792911667915","169","169","169"
"16320","-1.4613219343502917","-1.4613219343502917","-1.4613219343502917","170","170","170"
"16416","-5.836011934945079","-7.511121441638584","-4.160902428251575","171","171","171"
"16512","-4.198434284364439","-8.66020325142038","0.2633346826915011","172","172","172"
"16608","-4.217087164661496","-8.66020325142038","0.22602892209738812","173","173","173"
"16704","-5.690364754740758","-8.66020325142038","-2.720526258061135","174","174","174"
"16800","-4.1832858846080425","-8.66020325142038","0.29363148220429536","175","175","175"
"16896","-4.160902428251575","-8.66020325142038","0.3383983949172309","176","176","176"
"16992","-8.66020325142038","-8.66020325142038","-8.66020325142038","177","177","177"
"17088","-4.168438945543315","-8.66020325142038","0.3233253603337511","178","178","178"
"17184","-4.138292876376355","-8.66020325142038","0.3836174986676703","179","179","179"
"17280","-4.138292876376355","-8.66020325142038","0.3836174986676703","180","180","180"
"17376","-4.138292876376355","-4.138292876376355","-4.138292876376355","181","181","181"
"17472","-3.034430170344997","-6.362039631856786","0.2931792911667915","182","182","182"
"17568","-4.138292876376355","-8.66020325142038","0.3836174986676703","183","183","183"
"17664","-4.228278892839731","-8.66020325142038","0.20364546574092035","184","184","184"
"17760","-4.183511980126794","-8.66020325142038","0.2931792911667915","185","185","185"
"17856","-4.205895436483262","-8.66020325142038","0.24841237845385591","186","186","186"
"17952","-5.291380022012581","-6.399248063898368","-4.183511980126794","187","187","187"
"18048","-1.922556792604782","-4.138292876376355","0.2931792911667915","188","188","188"
"18144","-4.228278892839731","-8.66020325142038","0.20364546574092035","189","189","189"
"18240","0.2931792911667915","0.2931792911667915","0.2931792911667915","190","190","190"
"18336","-1.2735134307435871","-2.7506723272280946","0.20364546574092035","191","191","191"
"18432","0.2931792911667915","0.2931792911667915","0.2931792911667915","192","192","192"
"18528","-4.183511980126794","-8.66020325142038","0.2931792911667915","193","193","193"
"18624","-6.444241072130056","-8.66020325142038","-4.228278892839731","194","194","194"
"18720","-1.4522781136002039","-3.288173725868078","0.3836174986676703","195","195","195"
"18816","0.2782569869291463","0.2633346826915011","0.2931792911667915","196","196","196"
"18912","-1.9675498008364696","-4.228278892839731","0.2931792911667915","197","197","197"
"19008","0.2931792911667915","0.2931792911667915","0.2931792911667915","198","198","198"
"19104","-4.183511980126794","-4.183511980126794","-4.183511980126794","199","199","199"
"19200","0.3045971148637773","0.2931792911667915","0.3160149385607631","200","200","200"
"19296","0.2707958348103237","0.24841237845385591","0.2931792911667915","201","201","201"
"19392","-2.3181109026617577","-2.691281556362266","-1.9449402489612497","202","202","202"
"19488","0.2043147310859779","0.1154501710051643","0.2931792911667915","203","203","203"
"19584","0.30915069368448017","0.23468388870129","0.3836174986676703","204","204","204"
"19680","0.2931792911667915","0.2931792911667915","0.2931792911667915","205","205","205"
"19776","-1.2436673149648383","-2.690980095670597","0.20364546574092035","206","206","206"
"19872","0.2931792911667915","0.2931792911667915","0.2931792911667915","207","207","207"
"19968","-4.183511980126794","-8.66020325142038","0.2931792911667915","208","208","208"
"20064","0.26348541303733575","0.20364546574092035","0.3233253603337511","209","209","209"
"20160","0.2931792911667915","0.2931792911667915","0.2931792911667915","210","210","210"
"20256","-1.1990511325977373","-2.691281556362266","0.2931792911667915","211","211","211"
"20352","0.2707958348103237","0.24841237845385591","0.2931792911667915","212","212","212"
"20448","0.2822125280297155","0.27124576489263963","0.2931792911667915","213","213","213"
"20544","0.3160149385607631","0.24841237845385591","0.3836174986676703","214","214","214"
"20640","0.2931792911667915","0.2931792911667915","0.2931792911667915","215","215","215"
"20736","0.2707958348103237","0.24841237845385591","0.2931792911667915","216","216","216"
"20832","-1.2213592237812878","-2.6911308260164315","0.24841237845385591","217","217","217"
"20928","0.2931792911667915","0.2931792911667915","0.2931792911667915","218","218","218"
"21024","0.25971715439146575","0.20364546574092035","0.31578884304201116","219","219","219"
"21120","0.1819312747295101","0.16021708371809987","0.20364546574092035","220","220","220"
"21216","0.29363148220429536","0.20364546574092035","0.3836174986676703","221","221","221"
"21312","0.20382453339177156","0.20382453339177156","0.20382453339177156","222","222","222"
"21408","0.26333468269150107","0.2334900742162107","0.2931792911667915","223","223","223"
"21504","-4.250438514632634","-8.66020325142038","0.15932622215511277","224","224","224"
"21600","0.20446546143181252","0.1154501710051643","0.29348075185846073","225","225","225"
"21696","-1.899947240729562","-4.183511980126794","0.3836174986676703","226","226","226"
"21792","-2.578233796986166","-3.23391080136755","-1.922556792604782","227","227","227"
"21888","-4.183511980126794","-4.183511980126794","-4.183511980126794","228","228","228"
"21984","-1.9541197270225885","-4.183511980126794","0.27527252608161723","229","229","229"
"22080","-0.7996157161355153","-1.9225567926047817","0.3233253603337511","230","230","230"
"22176","-4.228278892839731","-8.66020325142038","0.20364546574092035","231","231","231"
"22272","0.29363148220429536","0.29363148220429536","0.29363148220429536","232","232","232"
"22368","0.24930773931766537","0.16021708371809987","0.3383983949172309","233","233","233"
"22464","0.2934053866855434","0.24841237845385591","0.3383983949172309","234","234","234"
"22560","0.2934053866855434","0.2931792911667915","0.29363148220429536","235","235","235"
"22656","-2.691281556362265","-2.691281556362265","-2.691281556362265","236","236","236"
"22752","0.31578884304201116","0.2931792911667915","0.3383983949172309","237","237","237"
"22848","0.3082523257502713","0.2931792911667915","0.3233253603337511","238","238","238"
"22944","-4.183511980126794","-4.183511980126794","-4.183511980126794","239","239","239"
"23040","-0.637793425611423","-1.5687661423896375","0.2931792911667915","240","240","240"
"23136","0.3383983949172309","0.2931792911667915","0.3836174986676703","241","241","241"
"23232","-1.2099790826707604","-2.6909800956705965","0.2710219303290756","242","242","242"
"23328","-1.989933257192937","-4.183511980126794","0.20364546574092035","243","243","243"
"23424","0.11500697856930522","0.11500697856930522","0.11500697856930522","244","244","244"
"23520","-1.8773376888543425","-4.138292876376355","0.3836174986676703","245","245","245"
"23616","-1.922556792604782","-4.138292876376355","0.2931792911667915","246","246","246"
"23712","-2.6309894180283466","-2.6309894180283466","-2.6309894180283466","247","247","247"
"23808","-4.250438514632634","-8.66020325142038","0.15932622215511277","248","248","248"
"23904","-4.138292876376355","-4.138292876376355","-4.138292876376355","249","249","249"
"24000","0.29363148220429536","0.2636361433831704","0.32362682102542034","250","250","250"
"24096","0.2710219303290756","0.20364546574092035","0.3383983949172309","251","251","251"
"24192","0.24841237845385591","0.20364546574092035","0.2931792911667915","252","252","252"
"24288","0.2931792911667915","0.2931792911667915","0.2931792911667915","253","253","253"
"24384","-4.272598136425538","-8.66020325142038","0.11500697856930522","254","254","254"
"24480","0.24841237845385591","0.24841237845385591","0.24841237845385591","255","255","255"
"24576","-4.316474187575486","-8.66020325142038","0.02725487626940827","256","256","256"
"24672","-2.033366093523572","-4.359911478213935","0.2931792911667915","257","257","257"
"24768","-0.6558792583474484","-1.5154039824358172","0.20364546574092035","258","258","258"
"24864","0.2633346826915011","0.2633346826915011","0.2633346826915011","259","259","259"
"24960","0.3385114426766068","0.2934053866855434","0.3836174986676703","260","260","260"
"25056","0.3383983949172309","0.3383983949172309","0.3383983949172309","261","261","261"
"25152","0.2931792911667915","0.2931792911667915","0.2931792911667915","262","262","262"
"25248","0.22670268674326804","0.11500697856930522","0.3383983949172309","263","263","263"
"25344","0.24841237845385591","0.20364546574092035","0.2931792911667915","264","264","264"
"25440","0.22670268674326804","0.11500697856930522","0.3383983949172309","265","265","265"
"25536","0.24841237845385591","0.20364546574092035","0.2931792911667915","266","266","266"
"25632","0.3836174986676703","0.3836174986676703","0.3836174986676703","267","267","267"
"25728","-1.1838273676684223","-2.7211261648375555","0.3534714295007107","268","268","268"
"25824","-1.92233069708603","-4.228278892839731","0.3836174986676703","269","269","269"
"25920","-1.922556792604782","-4.138292876376355","0.2931792911667915","270","270","270"
"26016","-0.038362435848447174","-0.3699041628636858","0.2931792911667915","271","271","271"
"26112","-1.1839780980142574","-2.661135487195306","0.2931792911667915","272","272","272"
"26208","-0.8031578792626334","-1.9899332571929371","0.3836174986676703","273","273","273"
"26304","0.2931792911667915","0.2931792911667915","0.2931792911667915","274","274","274"
"26400","0.2931792911667915","0.2931792911667915","0.2931792911667915","275","275","275"
"26496","0.11500697856930522","0.11500697856930522","0.11500697856930522","276","276","276"
"26592","0.20375738302270235","0.20364546574092035","0.20386930030448436","277","277","277"
"26688","-0.8461386373774258","-1.967549800836469","0.27527252608161723","278","278","278"
"26784","0.2931792911667915","0.2931792911667915","0.2931792911667915","279","279","279"
"26880","0.2409512263350333","0.2334900742162107","0.24841237845385591","280","280","280"
"26976","0.21506102848271824","0.20409313486804834","0.22602892209738812","281","281","281"
"27072","0.2707958348103237","0.24841237845385591","0.2931792911667915","282","282","282"
"27168","0.2484123784538559","0.2484123784538559","0.24841237845385591","283","283","283"
"27264","0.2819875629885576","0.2707958348103237","0.2931792911667915","284","284","284"
"27360","0.2842259086242044","0.27527252608161723","0.2931792911667915","285","285","285"
"27456","0.23378852030096273","0.23378852030096273","0.23378852030096273","286","286","286"
"27552","-4.228278892839731","-8.66020325142038","0.20364546574092035","287","287","287"
"27648","-1.2229268193779692","-2.7211261648375555","0.27527252608161723","288","288","288"
"27744","0.15932622215511277","0.11500697856930522","0.20364546574092035","289","289","289"
"27840","0.2819875629885576","0.2707958348103237","0.2931792911667915","290","290","290"
"27936","0.2931792911667915","0.2931792911667915","0.2931792911667915","291","291","291"
"28032","0.2931792911667915","0.2931792911667915","0.2931792911667915","292","292","292"
"28128","-0.9037749070177383","-1.922556792604782","0.11500697856930522","293","293","293"
"28224","0.20364546574092035","0.20364546574092035","0.20364546574092035","294","294","294"
"28320","-1.243667314964838","-2.6909800956705965","0.20364546574092035","295","295","295"
"28416","0.30855378644194054","0.2334900742162107","0.3836174986676703","296","296","296"
"28512","0.22640348700678675","0.15932622215511277","0.29348075185846073","297","297","297"
"28608","0.23379002760442133","0.20364546574092035","0.2639345894679223","298","298","298"
"28704","0.06261385642302521","0.06261385642302521","0.06261385642302521","299","299","299"
"28800","0.24841237845385591","0.20364546574092035","0.2931792911667915","300","300","300"
"28896","0.2819875629885576","0.2707958348103237","0.2931792911667915","301","301","301"
"28992","-5.336148065203111","-8.66020325142038","-2.012092878985841","302","302","302"
"29088","-4.138292876376355","-8.66020325142038","0.3836174986676703","303","303","303"
"29184","0.20394391182567234","0.1445531409598436","0.2633346826915011","304","304","304"
"29280","0.23349007421621074","0.20364546574092035","0.2633346826915011","305","305","305"
"29376","0.2707958348103237","0.24841237845385591","0.2931792911667915","306","306","306"
"29472","-4.183511980126794","-8.66020325142038","0.2931792911667915","307","307","307"
"29568","0.2707958348103237","0.24841237845385591","0.2931792911667915","308","308","308"
"29664","0.24841237845385591","0.20364546574092035","0.2931792911667915","309","309","309"
"29760","-4.160902428251575","-8.66020325142038","0.3383983949172309","310","310","310"
"29856","-6.422587182601324","-8.66020325142038","-4.184971113782268","311","311","311"
"29952","0.3233253603337511","0.2931792911667915","0.3534714295007107","312","312","312"
"30048","0.2934053866855434","0.24841237845385591","0.3383983949172309","313","313","313"
"30144","0.2266981874424457","0.16021708371809987","0.2931792911667915","314","314","314"
"30240","0.2574561992039438","0.20364546574092035","0.3112669326669672","315","315","315"
"30336","-1.1605490311813207","-2.5247435281035617","0.20364546574092035","316","316","316"
"30432","0.3534714295007107","0.3534714295007107","0.3534714295007107","317","317","317"
"30528","0.3383983949172309","0.2931792911667915","0.3836174986676703","318","318","318"
"30624","0.24850191227928153","0.20382453339177156","0.2931792911667915","319","319","319"
"30720","-8.66020325142038","-8.66020325142038","-8.66020325142038","320","320","320"
"30816","-1.3077357090517736","-2.863883796557403","0.24841237845385591","321","321","321"
"30912","0.15932622215511277","0.11500697856930522","0.20364546574092035","322","322","322"
"31008","0.257726609444371","0.20364546574092035","0.31180775314782155","323","323","323"
"31104","1.5413877420890751","0.3836174986676703","2.69915798551048","324","324","324"
"31200","-4.138292876376355","-8.66020325142038","0.3836174986676703","325","325","325"
"31296","-0.5210649114139114","-0.5210649114139114","-0.5210649114139114","326","326","326"
"31392","0.8432572006045019","-0.481133875448066","2.16764827665707","327","327","327"
"31488","1.7240679525797358","0.3836174986676703","3.064518406491801","328","328","328"
"31584","-1.1429239534720301","-2.6694654056117306","0.3836174986676703","329","329","329"
"31680","-1.8773376888543425","-4.138292876376355","0.3836174986676703","330","330","330"
"31776","0.3836174986676703","0.3836174986676703","0.3836174986676703","331","331","331"
"31872","0.2527036827045479","0.2334900742162107","0.2719172911928851","332","332","332"
"31968","-0.9845680286615648","-2.3527535559908","0.3836174986676703","333","333","333"
"32064","1.1642307771316704","0.3383983949172309","1.99006315934611","334","334","334"
"32160","1.5987582533867057","0.3836174986676703","2.813899008105741","335","335","335"
"32256","0.3383983949172309","0.2931792911667915","0.3836174986676703","336","336","336"
"32352","3.794312157070536","3.75888498199823","3.8297393321428412","337","337","337"
"32448","7.702564356576074","7.411517963933803","7.993610749218346","338","338","338"
"32544","-1.9111389689077958","-4.205895436483262","0.3836174986676703","339","339","339"
"32736","-8.66020325142038","-8.66020325142038","-8.66020325142038","341","341","341"
"32832","5.101301189771888","3.881831954158167","6.32077042538561","342","342","342"
"32928","0.5009686964459816","0.3836174986676703","0.618319894224293","343","343","343"
"33024","1.4958889156788688","0.3836174986676703","2.6081603326900673","344","344","344"
"33120","0.00590954513819808","-4.183511980126794","4.19533107040319","345","345","345"
"33216","-1.1592399778614222","-2.1273132230671057","-0.1911667326557387","346","346","346"
"33312","7.764900234482758","7.764900234482758","7.764900234482758","347","347","347"
"33408","7.915864393239579","7.900918415775156","7.930810370704","348","348","348"
"33504","0.3836174986676703","0.3836174986676703","0.3836174986676703","349","349","349"
"33600","6.129419823707025","5.763256032311655","6.495583615102394","350","350","350"
"33696","2.1502584842197128","0.2931792911667915","4.007337677272634","351","351","351"
"33792","-0.18062765276161133","-0.6544345966900141","0.2931792911667915","352","352","352"
"33888","1.6535135356620265","-4.138292876376355","7.445319947700408","353","353","353"
"33984","0.37690132749792893","-0.43885139282798874","1.1926540478238465","354","354","354"
"34080","5.825995162784071","4.253278761678428","7.398711563889714","355","355","355"
"34176","2.519534181535364","-2.691281556362266","7.730349919432993","356","356","356"
"34272","-1.479409575850467","-1.479409575850467","-1.479409575850467","357","357","357"
"34368","2.587987645598324","-2.691281556362266","7.867256847558914","358","358","358"
"34464","3.1765680319120726","-1.4613219343502917","7.814457998174437","359","359","359"
"34560","4.681104456008445","4.681104456008445","4.681104456008445","360","360","360"
"34656","-8.66020325142038","-8.66020325142038","-8.66020325142038","361","361","361"
"34752","1.6802431944888376","-0.3227707987879584","3.6832571877656335","362","362","362"
"34848","3.3199582138764625","2.6745013063975374","3.9654151213553877","363","363","363"
"34944","-0.28748508307556975","-0.28748508307556975","-0.28748508307556975","364","364","364"
"35040","2.3998504019406286","0.2931792911667915","4.506521512714466","365","365","365"
"35136","6.925907443188197","6.925907443188197","6.925907443188197","366","366","366"
"35232","-1.3074292329094919","-2.691281556362266","0.07642309054328233","367","367","367"
"35328","-0.4470888293972788","-4.183511980126794","3.2893343213322366","368","368","368"
"35424","2.6683301731170594","0.24841237845385591","5.088247967780263","369","369","369"
"35520","3.984272850111839","3.984272850111839","3.984272850111839","370","370","370"
"35616","3.2036012170742456","2.7889932716280206","3.618209162520471","371","371","371"
"35712","5.9298971763457775","0.2931792911667915","11.566615061524763","372","372","372"
"35808","5.589062090410327","0.2931792911667915","10.884944889653863","373","373","373"
"35904","15.710321869550517","15.710321869550517","15.710321869550517","374","374","374"
"36000","4.943238729565328","2.105856226580178","7.780621232550478","375","375","375"
"36096","5.396341898422187","0.2931792911667915","10.499504505677582","376","376","376"
"36192","2.7043459148728277","2.7043459148728277","2.7043459148728277","377","377","377"
"36288","3.434979243626911","-0.8369602897936809","7.706918777047503","378","378","378"
"36384","4.661516906452089","0.3383983949172309","8.984635417986947","379","379","379"
"36480","0.2931792911667915","0.2931792911667915","0.2931792911667915","380","380","380"
"36576","4.759355990360802","0.27124576489263963","9.247466215828963","381","381","381"
"36672","6.4284127222356515","-3.305720546887399","16.1625459913587","382","382","382"
"36768","6.641083865310161","0.14514704866850167","13.137020681951821","383","383","383"
"36864","2.4494550474964907","-3.663776779647003","8.562686874639985","384","384","384"
"36960","13.953332631685454","13.953332631685454","13.953332631685454","385","385","385"
"37056","1.3539406256440758","-8.66020325142038","11.368084502708532","386","386","386"
"37152","7.178157918840936","7.178157918840936","7.178157918840936","387","387","387"
"37248","7.581801901264355","-0.5276061284675929","15.691209930996303","388","388","388"
"37344","-0.18632101146233015","-4.228278892839731","3.8556368699150703","389","389","389"
"37440","4.792706209854345","0.2931792911667915","9.292233128541898","390","390","390"
"37536","1.9884443349849583","-8.66020325142038","12.637091921390297","391","391","391"
"37632","4.51891273275454","-0.16532150673407742","9.203146972243157","392","392","392"
"37728","9.292233128541898","9.292233128541898","9.292233128541898","393","393","393"
"37824","-4.138292876376355","-8.66020325142038","0.3836174986676703","394","394","394"
"37920","-2.130928524462593","-4.138292876376355","-0.12356417254883056","395","395","395"
"38016","-6.421857615773588","-8.66020325142038","-4.183511980126794","396","396","396"
"38112","5.86799724025402","2.5328475082648834","9.203146972243157","397","397","397"
"38208","8.297900221777981","3.8459454275282527","12.749855016027709","398","398","398"
"38304","14.774300987452797","14.774300987452797","14.774300987452797","399","399","399"
"38400","14.6101484679008","14.6101484679008","14.6101484679008","400","400","400"
"38496","0.32326493786970456","-5.675742403891324","6.322272279630733","401","401","401"
"38592","6.735632217498218","-2.691281556362265","16.1625459913587","402","402","402"
"38688","2.5993535824392393","-4.138292876376355","9.337000041254834","403","403","403"
"38784","10.37879844884755","7.698417110130626","13.059179787564474","404","404","404"
"38880","8.22797423023053","-0.23855430936742814","16.694502769828485","405","405","405"
"38976","0.3836174986676703","0.3836174986676703","0.3836174986676703","406","406","406"
"39072","-2.800475759082491","-8.66020325142038","3.0592517332553983","407","407","407"
"39168","-0.1899781858470194","-0.1899781858470194","-0.1899781858470194","408","408","408"
"39264","3.571613245746236","-8.66020325142038","15.803429742912853","409","409","409"
"39360","11.818453205461262","11.818453205461262","11.818453205461262","410","410","410"
"39456","2.563316086446548","-8.66020325142038","13.786835424313477","411","411","411"
"39552","3.4293398087732028","3.4293398087732028","3.4293398087732028","412","412","412"
"39648","11.175469986822424","7.209163448771548","15.1417765248733","413","413","413"
"39840","7.213152083111261","2.668143099095182","11.75816106712734","415","415","415"
"39936","5.069724281620642","-5.645596334724364","15.785044897965648","416","416","416"
"40032","5.947987528528365","-0.00940745302535051","11.905382510082081","417","417","417"
"40128","-5.675742403891323","-5.675742403891323","-5.675742403891323","418","418","418"
"40224","6.370292451689358","-2.5443639286914337","15.28494883207015","419","419","419"
"40320","5.3334388996291375","1.7323733872115519","8.934504412046723","420","420","420"
"40416","-4.153365910959835","-8.66020325142038","0.3534714295007107","421","421","421"
"40512","7.127855867721613","-2.691281556362265","16.94699329180549","422","422","422"
"40608","1.8157065144441107","0.3534714295007107","3.2779415993875105","423","423","423"
"40704","12.21042770774603","12.21042770774603","12.21042770774603","424","424","424"
"40800","3.057434157691997","-8.66020325142038","14.775071566804375","425","425","425"
"40896","5.576885203670909","-4.228278892839731","15.38204930018155","426","426","426"
"40992","5.611079872262156","2.0651317361962307","9.157028008328082","427","427","427"
"41088","2.081315635788576","-4.138292876376355","8.300924147953507","428","428","428"
"41184","4.022008814472009","-8.66020325142038","16.7042208803644","429","429","429"
"41280","6.866292801687213","-2.691281556362265","16.42386715973669","430","430","430"
"41376","6.147417684138446","0.23468388870129","12.060151479575602","431","431","431"
"41472","4.143395020192555","-8.66020325142038","16.94699329180549","432","432","432"
"41568","1.905049384545776","-4.183511980126794","7.993610749218346","433","433","433"
"41664","15.537229624598005","15.537229624598005","15.537229624598005","434","434","434"
"41760","8.559006585670073","3.3487654888311167","13.769247682509027","435","435","435"
"41856","1.8306288186817552","-5.675742403891324","9.337000041254834","436","436","436"
"41952","5.623377645556403","-4.183511980126794","15.4302672712396","437","437","437"
"42048","5.0655384676186905","-4.138292876376355","14.269369811613736","438","438","438"
"42144","16.94699329180549","16.94699329180549","16.94699329180549","439","439","439"
"42240","8.469244047488923","0.3233253603337511","16.615162734644095","440","440","440"
"42336","15.481815782665942","15.481815782665942","15.481815782665942","441","441","441"
"42432","-8.66020325142038","-8.66020325142038","-8.66020325142038","442","442","442"
"42528","16.408187767699637","16.408187767699637","16.408187767699637","443","443","443"
"42624","10.010248456374296","3.4875165509333925","16.5329803618152","444","444","444"
"42720","0.2931792911667843","-8.66020325142038","9.24656183375395","445","445","445"
"42816","0.830469322293113","-4.183511980126794","5.84445062471302","446","446","446"
"42912","-8.66020325142038","-8.66020325142038","-8.66020325142038","447","447","447"
"43008","9.79549815594615","3.9180809709560607","15.672915340936239","448","448","448"
"43104","10.789372715993608","7.616212987710771","13.962532444276443","449","449","449"
"43200","4.769870562460371","0.2931792911667915","9.24656183375395","450","450","450"
"43296","7.203326843106933","0.3836174986676703","14.023036187546197","451","451","451"
"43392","6.152864871223809","0.3383983949172309","11.967331347530386","452","452","452"
"43488","3.9218049382410882","-2.5490308560917256","10.392640732573902","453","453","453"
"43584","9.951731001672517","7.764900234482758","12.138561768862278","454","454","454"
"43680","15.334393631598772","15.334393631598772","15.334393631598772","455","455","455"
"43776","0.2931792911667843","0.2931792911667843","0.2931792911667843","456","456","456"
"43872","8.215408473434419","0.3836174986676703","16.047199448201166","457","457","457"
"43968","0.2931792911667843","0.2931792911667843","0.2931792911667843","458","458","458"
"44064","4.029039762824761","4.029039762824761","4.029039762824761","459","459","459"
"44160","6.094836967433221","-4.138292876376355","16.327966811242796","460","460","460"
"44256","12.969189249190723","12.969189249190723","12.969189249190723","461","461","461"
"44352","12.763800308751794","12.763800308751794","12.763800308751794","462","462","462"
"44448","4.060125950189363","4.060125950189363","4.060125950189363","463","463","463"
"44544","9.23302545509443","0.2931792911667915","18.172871619022068","464","464","464"
"44640","-4.183511980126794","-8.66020325142038","0.2931792911667915","465","465","465"
"44736","2.21828715567967","-8.66020325142038","13.096777562779721","466","466","466"
"44832","0.2931792911667915","0.2931792911667915","0.2931792911667915","467","467","467"
"45024","0.2931792911667915","0.2931792911667915","0.2931792911667915","469","469","469"
"45120","20.43865616986585","20.43865616986585","20.43865616986585","470","470","470"
"45216","11.299646219845153","2.894881904418322","19.704410535271982","471","471","471"
"45312","7.633420858246213","7.633420858246213","7.633420858246213","472","472","472"
"45408","9.24656183375395","9.24656183375395","9.24656183375395","473","473","473"
"45504","12.273195017007737","7.327656241162488","17.218733792852984","474","474","474"
"45600","12.404350338594238","5.99244134196095","18.816259335227528","475","475","475"
"45696","16.380202025439672","12.566062654422797","20.194341396456544","476","476","476"
"45792","12.21053462674876","7.624753633577819","16.796315619919703","477","477","477"
"45888","15.60769906458436","10.757926175124824","20.457471954043893","478","478","478"
"45984","7.286155451974925","7.286155451974925","7.286155451974925","479","479","479"
"46080","13.913251197745264","10.969042929110906","16.857459466379623","480","480","480"
"46176","8.741666512292863","8.741666512292863","8.741666512292863","481","481","481"
"46272","7.198981217856889","7.198981217856889","7.198981217856889","482","482","482"
"46368","17.267703701673053","12.514047251883099","22.021360151463007","483","483","483"
"46464","15.63652745886618","7.79598642184736","23.477068495885","484","484","484"
"46560","15.053081834668227","11.284582363421563","18.82158130591489","485","485","485"
"46656","12.661137113055117","9.242531625747834","16.0797426003624","486","486","486"
"46752","10.5416972895604","5.185286175665336","15.898108403455463","487","487","487"
"46848","1.9714768341924085","1.9714768341924085","1.9714768341924085","488","488","488"
"46944","11.976829100016275","7.706669549143009","16.24698865088954","489","489","489"
"47040","14.99106719514581","13.035141098486127","16.94699329180549","490","490","490"
"47136","9.367331110043454","2.9122168907409867","15.82244532934592","491","491","491"
"47232","11.094411206892984","7.855221257091337","14.33360115669463","492","492","492"
"47328","15.368836690048362","9.334925961044823","21.402747419051902","493","493","493"
"47424","13.838489246455651","7.516164420751004","20.1608140721603","494","494","494"
"47520","6.6728210661355405","0.20364546574092035","13.141996666530162","495","495","495"
"47616","17.94482824247925","17.94482824247925","17.94482824247925","496","496","496"
"47712","5.542270601839153","3.9999152431892204","7.084625960489085","497","497","497"
"47808","9.84783291939883","1.8676216861703434","17.828044152627314","498","498","498"
"47904","18.70909562120761","18.70909562120761","18.70909562120761","499","499","499"
"48000","15.39335453532846","11.270067231165642","19.516641839491278","500","500","500"
"48096","18.381640363900395","13.64338602657242","23.11989470122837","501","501","501"
"48192","15.642254502827212","12.423243835762388","18.861265169892036","502","502","502"
"48288","11.481151449363754","9.157028008328082","13.805274890399426","503","503","503"
"48384","12.446531528242595","4.233833227693449","20.65922982879174","504","504","504"
"48480","8.272682467211148","7.298803100668347","9.24656183375395","505","505","505"
"48576","9.080115522191699","9.080115522191699","9.080115522191699","506","506","506"
"48672","16.47232650038957","13.006830319606696","19.937822681172445","507","507","507"
"48768","13.717674470941652","4.11354690583842","23.321802036044886","508","508","508"
"48864","11.126925070393998","6.451561315407872","15.802288825380124","509","509","509"
"48960","8.498700085765599","7.750838337777248","9.24656183375395","510","510","510"
"49056","16.573784720281317","13.68744772483032","19.46012171573231","511","511","511"
"49152","12.14632268606454","12.14632268606454","12.14632268606454","512","512","512"
"49248","7.3985345097858355","7.3985345097858355","7.3985345097858355","513","513","513"
"49344","9.878102500504705","7.993610749218346","11.762594251791063","514","514","514"
"49440","17.666478098053464","10.12269063128604","25.210265564820887","515","515","515"
"49536","17.476498621562992","7.724762348292184","27.2282348948338","516","516","516"
"49632","24.583907475254048","24.583907475254048","24.583907475254048","517","517","517"
"49728","18.677617865391895","13.5363841879747","23.818851542809092","518","518","518"
"49824","25.028506628540654","25.028506628540654","25.028506628540654","519","519","519"
"49920","10.376502249274823","3.6377908633033575","17.11521363524629","520","520","520"
"50016","16.94699329180549","16.94699329180549","16.94699329180549","521","521","521"
"50112","17.47815057568147","13.486738309271102","21.469562842091843","522","522","522"
"50304","24.71311622035078","24.71311622035078","24.71311622035078","524","524","524"
"50400","14.861960412791468","11.333590997288198","18.39032982829474","525","525","525"
"50496","12.946124277034373","5.843608859131282","20.048639694937464","526","526","526"
"50592","18.887748565846586","15.472420813421746","22.303076318271422","527","527","527"
"50688","17.92958479723677","7.840372163203119","28.01879743127042","528","528","528"
"50784","12.216150970772649","4.608571673020011","19.82373026852529","529","529","529"
"50880","18.470597647868114","18.470597647868114","18.470597647868114","530","530","530"
"50976","13.004631065469686","6.803190779031982","19.20607135190739","531","531","531"
"51072","23.026991563967982","23.026991563967982","23.026991563967982","532","532","532"
"51168","14.815455788231862","12.554589009187398","17.07632256727633","533","533","533"
"51264","11.993120921913341","10.27595614726122","13.71028569656546","534","534","534"
"51360","15.572253990166825","15.572253990166825","15.572253990166825","535","535","535"
"51456","13.193347048216367","4.234034707673799","22.152659388758934","536","536","536"
"51552","16.821281347095734","13.394778674216761","20.24778401997471","537","537","537"
"51648","17.953833199489736","7.1668995174581855","28.74076688152129","538","538","538"
"51744","12.860769742837084","12.860769742837084","12.860769742837084","539","539","539"
"51840","10.932904931992882","-0.24918607938061843","22.11499594336638","540","540","540"
"51936","13.25767415813473","9.516418974253343","16.998929342016115","541","541","541"
"52032","17.542879605542932","17.542879605542932","17.542879605542932","542","542","542"
"52128","16.153172000363774","16.153172000363774","16.153172000363774","543","543","543"
"52224","16.637962314490427","6.591415603199115","26.68450902578174","544","544","544"
"52320","14.952842790220057","7.993610749218346","21.912074831221766","545","545","545"
"52416","18.549058307229096","14.415824639734877","22.682291974723313","546","546","546"
"52512","17.44398164366372","15.074876993711786","19.813086293615655","547","547","547"
"52608","20.350190265139034","13.771480912264753","26.92889961801331","548","548","548"
"52704","20.08092170678807","12.610164481515866","27.551678932060277","549","549","549"
"52800","6.5764602670854995","-8.66020325142038","21.81312378559138","550","550","550"
"52896","12.87916088055779","7.299913062618524","18.45840869849706","551","551","551"
"52992","17.381648378020934","10.699364713923842","24.063932042118022","552","552","552"
"53088","11.119341404854392","3.472159221001231","18.766523588707553","553","553","553"
"53184","13.895268903503204","12.96185443124532","14.828683375761088","554","554","554"
"53280","9.048838971308763","9.048838971308763","9.048838971308763","555","555","555"
"53376","17.575724565834108","12.61092451262194","22.540524619046277","556","556","556"
"53472","21.4915024164616","14.828683375761088","28.154321457162112","557","557","557"
"53568","17.49662484989808","17.11521363524629","17.87803606454987","558","558","558"
"53664","16.354001081528516","10.544484989724356","22.163517173332675","559","559","559"
"53760","13.276065238871222","9.551571965443449","17.000558512298998","560","560","560"
"53856","19.839687581940193","11.52582583360596","28.153549330274426","561","561","561"
"53952","13.816735508883317","7.501562252825981","20.131908764940654","562","562","562"
"54048","14.161817093719923","10.71005796566632","17.613576221773528","563","563","563"
"54144","14.179723587873085","11.769856623333562","16.58959055241261","564","564","564"
"54240","16.80141412604796","13.751831404895828","19.850996847200093","565","565","565"
"54336","19.45249785555609","11.812797885067658","27.09219782604452","566","566","566"
"54432","18.14049000791327","9.655819788132025","26.62516022769452","567","567","567"
"54528","15.957712461417735","6.193205530402533","25.722219392432937","568","568","568"
"54624","19.392858898493845","11.989665161321065","26.796052635666626","569","569","569"
"54720","15.028129860003878","13.896948502383506","16.15931121762425","570","570","570"
"54816","16.850466508795535","6.625837616937939","27.07509540065313","571","571","571"
"54912","21.39914448788828","17.375204192897115","25.423084782879446","572","572","572"
"55008","15.558383461487166","2.3751291287332457","28.741637794241086","573","573","573"
"55104","8.161831092659144","8.161831092659144","8.161831092659144","574","574","574"
"55200","23.43974480045146","18.273845940899257","28.605643660003665","575","575","575"
"55296","20.793567838287156","13.591801922540974","27.99533375403334","576","576","576"
"55392","27.242580881269394","27.242580881269394","27.242580881269394","577","577","577"
"55488","28.852396136560156","28.852396136560156","28.852396136560156","578","578","578"
"55584","11.17767802826685","9.337000041254834","13.018356015278865","579","579","579"
"55680","19.166167117206648","15.690285827543153","22.64204840687014","580","580","580"
"55776","9.771680569398466","9.24656183375395","10.296799305042985","581","581","581"
"55872","23.304631170858368","23.304631170858368","23.304631170858368","582","582","582"
"55968","27.06201219679201","27.06201219679201","27.06201219679201","583","583","583"
"56064","20.704986953302885","13.400698570749544","28.009275335856223","584","584","584"
"56160","15.496943721777503","13.554922368325208","17.4389650752298","585","585","585"
"56256","16.889894586180215","15.72467643546088","18.05511273689955","586","586","586"
"56352","13.255263122341992","7.075060703230512","19.43546554145347","587","587","587"
"56448","15.787410301338928","13.588418229844109","17.986402372833748","588","588","588"
"56544","15.96949342069047","14.600633045589216","17.338353795791726","589","589","589"
"56640","9.337000041254834","9.337000041254834","9.337000041254834","590","590","590"
"56736","14.23068914666924","0.3836174986676703","28.07776079467081","591","591","591"
"56832","23.610390590893928","23.610390590893928","23.610390590893928","592","592","592"
"56928","15.895847733952492","14.676481832658695","17.11521363524629","593","593","593"
"57024","14.024204482456256","10.40778113228407","17.64062783262844","594","594","594"
"57120","10.645892952196348","6.831718499701246","14.460067404691452","595","595","595"
"57216","18.154206808196392","14.69421329499809","21.61420032139469","596","596","596"
"57312","27.758451771928634","27.758451771928634","27.758451771928634","597","597","597"
"57408","10.10262929796454","2.441378028822742","17.76388056710634","598","598","598"
"57504","16.274881942883745","7.453466353921988","25.0962975318455","599","599","599"
"57600","17.33664963745312","16.999244552937718","17.67405472196852","600","600","600"
"57696","14.456502675672578","14.456502675672578","14.456502675672578","601","601","601"
"57792","22.64300531657708","22.64300531657708","22.64300531657708","602","602","602"
"57888","25.5932252012118","25.5932252012118","25.5932252012118","603","603","603"
"57984","18.44706754899775","18.40441945301676","18.489715644978745","604","604","604"
"58080","11.729595406769686","5.84445062471302","17.614740188826353","605","605","605"
"58176","16.66799447731495","14.687617315826891","18.64837163880301","606","606","606"
"58368","4.79248011433559","0.3383983949172309","9.24656183375395","608","608","608"
"58464","12.420671454614105","9.98979423087227","14.85154867835594","609","609","609"
"58560","19.819345276900798","19.819345276900798","19.819345276900798","610","610","610"
"58656","15.016179638507989","14.005863739809177","16.026495537206802","611","611","611"
"58752","16.939601727854775","10.821037768575412","23.05816568713414","612","612","612"
"58944","20.719806209439014","16.34227237647984","25.097340042398184","614","614","614"
"59040","19.683723159801765","16.608788886616946","22.75865743298659","615","615","615"
"59136","19.470466865701656","12.008267288854547","26.932666442548765","616","616","616"
"59232","17.069028789026074","16.857459466379623","17.280598111672525","617","617","617"
"59328","21.614435014857115","17.182810306489706","26.046059723224523","618","618","618"
"59424","16.56687683224964","13.926542121361415","19.207211543137866","619","619","619"
"59520","14.197504648651408","14.143224488428716","14.2517848088741","620","620","620"
"59616","19.302440354721462","10.24717366912802","28.3577070403149","621","621","621"
"59712","4.860308769961252","0.3836174986676703","9.337000041254834","622","622","622"
"59808","19.576079075203452","16.796776568689328","22.355381581717577","623","623","623"
"59904","12.801610627585712","-0.37806316381395266","25.981284418985375","624","624","624"
"60000","20.474080097026583","12.872537512233002","28.075622681820164","625","625","625"
"60096","19.282473738175927","18.85545040949472","19.709497066857136","626","626","626"
"60192","20.072872075042532","12.335104034320665","27.8106401157644","627","627","627"
"60288","17.344228969708176","6.536575789543852","28.1518821498725","628","628","628"
"60384","23.910253452766113","18.99020619858507","28.83030070694716","629","629","629"
"60480","28.481958744524803","28.481958744524803","28.481958744524803","630","630","630"
"60576","19.792062129549855","10.870974422869557","28.71314983623015","631","631","631"
"60672","8.125397201751687","6.913794362248541","9.337000041254834","632","632","632"
"60768","28.538620307190286","28.538620307190286","28.538620307190286","633","633","633"
"60864","25.270384453319743","22.22671120158636","28.314057705053127","634","634","634"
"60960","27.913789284009763","27.913789284009763","27.913789284009763","635","635","635"
"61056","18.750187245067433","17.329574657224256","20.17079983291061","636","636","636"
"61152","17.612414642054635","14.292665231342705","20.932164052766563","637","637","637"
"61248","20.837555848585147","18.120711506727925","23.55440019044237","638","638","638"
"61344","16.41693216641357","16.41693216641357","16.41693216641357","639","639","639"
"61440","11.560625913222406","11.560625913222406","11.560625913222406","640","640","640"
"61536","19.605220625842822","11.473241297579058","27.737199954106586","641","641","641"
"61632","20.46052436942958","18.742004332083056","22.179044406776107","642","642","642"
"61728","9.02701722065078","-0.7350097984246649","18.789044239726223","643","643","643"
"61824","17.1516527652008","12.4908586365205","21.812446893881102","644","644","644"
"61920","17.04331910082921","15.025243900522698","19.061394301135717","645","645","645"
"62016","18.63373211562505","18.63373211562505","18.63373211562505","646","646","646"
"62112","17.73113652221161","9.671889753137831","25.79038329128539","647","647","647"
"62208","11.212146197560191","5.477299103314893","16.94699329180549","648","648","648"
"62304","16.79621938082698","9.517409959561475","24.075028802092486","649","649","649"
"62400","18.158979719646535","14.487402576445424","21.830556862847644","650","650","650"
"62496","10.90988798056345","9.816942620144065","12.002833340982834","651","651","651"
"62592","11.273945840484288","9.682733185019593","12.86515849594898","652","652","652"
"62688","24.10231728723315","19.50277107908479","28.701863495381506","653","653","653"
"62784","16.801250983479406","13.7157684055406","19.88673356141821","654","654","654"
"62880","27.648434096755445","27.648434096755445","27.648434096755445","655","655","655"
"62976","17.111810206158882","16.99221239555593","17.231408016761833","656","656","656"
"63072","20.549753088138377","14.683328334915137","26.416177841361616","657","657","657"
"63168","12.265296136057197","1.3892862259418175","23.141306046172577","658","658","658"
"63264","13.504624077307168","0.3836174986676703","26.625630655946665","659","659","659"
"63360","10.982158653185815","7.58413450058332","14.38018280578831","660","660","660"
"63456","20.31220392329427","18.423940594869872","22.200467251718667","661","661","661"
"63552","18.59504674647826","9.522818679034556","27.667274813921967","662","662","662"
"63648","17.794973600721","11.079509555367448","24.51043764607455","663","663","663"
"63744","10.651913879594652","8.161831092659144","13.141996666530162","664","664","664"
"63840","6.91434891900909","-8.66020325142038","22.48890108943856","665","665","665"
"63936","17.40027547739852","9.201488819744885","25.599062135052154","666","666","666"
"64032","17.29369569206723","17.11521363524629","17.47217774888817","667","667","667"
"64128","11.31183745679554","9.337000041254834","13.286674872336249","668","668","668"
"64224","17.21873580681293","9.965405435785794","24.472066177840066","669","669","669"
"64320","14.002590950977716","9.597107471870634","18.408074430084795","670","670","670"
"64416","23.892941217627932","18.946131687299005","28.83975074795686","671","671","671"
"64512","9.421968175485562","4.227505191912954","14.61643115905817","672","672","672"
"64608","16.565471046602717","10.704351314491635","22.426590778713802","673","673","673"
"64704","16.32807294178247","4.882046837387738","27.774099046177202","674","674","674"
"64800","26.645904867353423","26.645904867353423","26.645904867353423","675","675","675"
"64896","19.385314857550423","14.248901717794826","24.52172799730602","676","676","676"
"64992","19.589891543296623","15.829315502434962","23.350467584158288","677","677","677"
"65088","15.220313510971577","2.538546351815113","27.90208067012804","678","678","678"
"65184","15.962102514163886","15.962102514163886","15.962102514163886","679","679","679"
"65280","20.633784307459415","18.51330307514867","22.754265539770163","680","680","680"
"65376","23.145258616995626","18.725968615718656","27.564548618272596","681","681","681"
"65472","11.395848072318842","11.395848072318842","11.395848072318842","682","682","682"
"65568","18.590303497199717","14.683328334915137","22.497278659484298","683","683","683"
"65664","26.086565707927704","26.086565707927704","26.086565707927704","684","684","684"
"65760","20.605600756359962","17.577866196930746","23.633335315789175","685","685","685"
"65856","17.211753122679237","11.653171881791796","22.77033436356668","686","686","686"
"65952","15.876788745273167","7.53891539683288","24.214662093713454","687","687","687"
"66048","22.178459555762945","22.178459555762945","22.178459555762945","688","688","688"
"66144","20.186250020294423","12.278039324065746","28.094460716523102","689","689","689"
"66240","9.152960762308492","3.7179744111106743","14.587947113506312","690","690","690"
"66336","18.208995434359377","18.208995434359377","18.208995434359377","691","691","691"
"66432","9.268371756501585","-8.66020325142038","27.19694676442355","692","692","692"
"66528","19.8960210553157","19.8960210553157","19.8960210553157","693","693","693"
"66624","17.11521363524629","17.11521363524629","17.11521363524629","694","694","694"
"66720","7.834541945350934","0.2931792911667915","15.375904599535076","695","695","695"
"66816","16.691087092120995","16.691087092120995","16.691087092120995","696","696","696"
"66912","22.464724529115905","17.62859289966374","27.300856158568074","697","697","697"
"67008","15.836388970985805","14.635346442665236","17.037431499306372","698","698","698"
"67104","28.25919179659995","28.25919179659995","28.25919179659995","699","699","699"
"67200","15.342492609784589","7.855338441983639","22.82964677758554","700","700","700"
"67296","23.655174242892528","18.914905645778575","28.395442840006478","701","701","701"
"67392","21.677548884874955","14.801224959088554","28.553872810661357","702","702","702"
"67488","15.146175184810357","10.722683034229615","19.5696673353911","703","703","703"
"67584","19.62298549581797","13.877370762993399","25.368600228642546","704","704","704"
"67680","16.59450212581568","14.41818864980217","18.77081560182919","705","705","705"
"67776","13.515594371755487","9.337000041254834","17.694188702256138","706","706","706"
"67872","21.225437306653113","14.194729739160294","28.25614487414593","707","707","707"
"67968","13.946574500757624","10.777935366268958","17.11521363524629","708","708","708"
"68064","10.917702031798528","-0.7514872153323443","22.5868912789294","709","709","709"
"68160","17.75376100281322","8.240398906739864","27.26712309888658","710","710","710"
"68256","13.971735296902452","8.947730591059997","18.995740002744906","711","711","711"
"68352","13.276470223728092","7.77294839890153","18.779992048554654","712","712","712"
"68448","12.880996091172237","12.029118879315305","13.73287330302917","713","713","713"
"68544","14.712920552539916","14.712920552539916","14.712920552539916","714","714","714"
"68640","21.63556535220003","14.91912158326197","28.35200912113809","715","715","715"
"68736","14.477536305823177","9.423731354203426","19.53134125744293","716","716","716"
"68832","22.551451215875996","17.31041892373791","27.792483508014083","717","717","717"
"68928","26.08350721664445","24.798347239901666","27.36866719338723","718","718","718"
"69024","16.73996790535549","9.85519915733086","23.624736653380115","719","719","719"
"69120","14.904160922266279","12.69310820928627","17.11521363524629","720","720","720"
"69216","26.210500237758872","26.210500237758872","26.210500237758872","721","721","721"
"69312","20.297819764820886","13.406326686054413","27.189312843587363","722","722","722"
"69408","11.695797316750397","7.500024328862922","15.891570304637874","723","723","723"
"69504","23.570551691379535","18.751429566719228","28.38967381603984","724","724","724"
"69600","12.600811692391163","3.9490689900580684","21.252554394724257","725","725","725"
"69696","17.224479423981883","17.11521363524629","17.333745212717478","726","726","726"
"69792","21.20037425984072","14.913186386551889","27.487562133129558","727","727","727"
"69888","8.050804697237512","7.192337423920451","8.909271970554572","728","728","728"
"69984","24.902028731724485","23.938088668289126","25.86596879515984","729","729","729"
"70080","22.291044442318025","21.849867183647937","22.732221700988113","730","730","730"
"70176","19.448179539937186","11.540476337960557","27.355882741913817","731","731","731"
"70272","21.41308813106828","20.27927328971653","22.546902972420032","732","732","732"
"70368","9.900605732776542","2.685997830306797","17.11521363524629","733","733","733"
"70464","14.390527556150627","12.453765661039503","16.32728945126175","734","734","734"
"70560","19.533042014723648","11.545973792547901","27.52011023689939","735","735","735"
"70656","8.161831092659144","8.161831092659144","8.161831092659144","736","736","736"
"70752","22.649579691138676","21.416675794050047","23.882483588227306","737","737","737"
"70848","18.881396602633238","15.065944856843728","22.696848348422748","738","738","738"
"70944","12.710131774885095","8.38283205046382","17.037431499306372","739","739","739"
"71040","23.9814424228138","19.470313354935037","28.492571490692562","740","740","740"
"71136","24.025000219168305","20.987988241544603","27.06201219679201","741","741","741"
"71232","19.111190968056185","15.134889765430634","23.087492170681735","742","742","742"
"71328","13.75455117357294","5.565136430188599","21.943965916957282","743","743","743"
"71424","19.020288199118966","17.547734120318072","20.49284227791986","744","744","744"
"71520","15.566815234218584","8.735884552571795","22.39774591586537","745","745","745"
"71616","15.522164967350166","12.976165238031733","18.0681646966686","746","746","746"
"71712","18.14698146024795","18.14698146024795","18.14698146024795","747","747","747"
"71808","16.28395196996174","8.240398906739864","24.327505033183616","748","748","748"
"71904","24.641415904727126","21.737177895645186","27.545653913809062","749","749","749"
"72000","24.154649323259058","19.807459888121794","28.501838758396318","750","750","750"
"72096","12.545522314815326","3.129459165920795","21.961585463709856","751","751","751"
"72192","28.174772626577006","28.174772626577006","28.174772626577006","752","752","752"
"72288","19.921117160029517","18.665132368259094","21.17710195179994","753","753","753"
"72384","15.785593249670361","11.463672945729158","20.107513553611565","754","754","754"
"72480","17.2947069753429","12.165803415002287","22.423610535683515","755","755","755"
"72576","9.49097284572403","-8.66020325142038","27.64214894286844","756","756","756"
"72672","14.264176530212303","14.264176530212303","14.264176530212303","757","757","757"
"72768","18.855669186736257","9.866609449095684","27.844728924376827","758","758","758"
"72864","23.552098282696523","23.552098282696523","23.552098282696523","759","759","759"
"72960","12.983178596389873","12.983178596389873","12.983178596389873","760","760","760"
"73056","10.653316914055864","9.850267661871571","11.456366166240159","761","761","761"
"73152","21.97552510942061","16.051041420432295","27.900008798408926","762","762","762"
"73248","11.884089622578127","10.214814042827333","13.55336520232892","763","763","763"
"73344","7.2207729771688545","5.194984120583761","9.24656183375395","764","764","764"
"73440","22.82829849789624","22.499848909954736","23.156748085837748","765","765","765"
"73536","16.581960715136624","10.275934721815824","22.887986708457426","766","766","766"
"73632","18.32182640342773","14.77355333708083","21.87009946977463","767","767","767"
"73728","20.588204179544416","12.926010555574601","28.25039780351423","768","768","768"
"73824","16.824354962087746","15.962365082306711","17.686344841868777","769","769","769"
"73920","22.465245164731698","22.465245164731698","22.465245164731698","770","770","770"
"74016","19.719428025912695","18.6950801685824","20.74377588324299","771","771","771"
"74112","10.693968965454854","8.161831092659144","13.226106838250562","772","772","772"
"74208","6.447622123182199","3.062224125539295","9.833020120825102","773","773","773"
"74304","16.422433513596395","9.937067708511576","22.907799318681217","774","774","774"
"74400","26.132675081227195","24.757684202627157","27.507665959827232","775","775","775"
"74496","8.749598227383489","-8.66020325142038","26.159399706187358","776","776","776"
"74592","10.312070720583431","9.337000041254834","11.287141399912027","777","777","777"
"74688","20.640951147030982","19.629338751056135","21.65256354300583","778","778","778"
"74784","27.767663865057624","27.767663865057624","27.767663865057624","779","779","779"
"74880","11.35039960252021","4.227505191912954","18.473294013127465","780","780","780"
"74976","21.93660950581049","19.804429090111338","24.068789921509644","781","781","781"
"75072","23.79657288360935","19.64265339735997","27.950492369858726","782","782","782"
"75168","4.996585911873158","-8.66020325142038","18.653375075166696","783","783","783"
"75264","27.657560163028638","27.657560163028638","27.657560163028638","784","784","784"
"75360","24.061073459943344","20.069580306773858","28.052566613112827","785","785","785"
"75456","19.60734220012016","19.60734220012016","19.60734220012016","786","786","786"
"75552","24.101110433745347","19.946075993344763","28.25614487414593","787","787","787"
"75648","4.272724295663407","4.272724295663407","4.272724295663407","788","788","788"
"75744","5.350313635451293","-8.66020325142038","19.360830522322967","789","789","789"
"75840","16.809371001602326","6.079644552596315","27.539097450608335","790","790","790"
"75936","24.379058945221285","20.965066714004458","27.793051176438112","791","791","791"
"76032","24.475316516341202","20.72000404756332","28.230628985119083","792","792","792"
"76128","24.061720043405856","19.621601328415398","28.501838758396318","793","793","793"
"76224","15.064228615732526","10.057964473965047","20.070492757500006","794","794","794"
"76320","21.87331623030519","15.065944856843728","28.68068760376665","795","795","795"
"76416","15.23455942547891","13.353905215711531","17.11521363524629","796","796","796"
"76512","18.115536933917944","14.001160137197893","22.229913730637993","797","797","797"
"76608","10.30907258897301","9.337000041254834","11.281145136691183","798","798","798"
"76704","28.71314983623015","28.71314983623015","28.71314983623015","799","799","799"
"76800","21.524864988393187","20.084648251016713","22.96508172576966","800","800","800"
"76896","20.546631619885932","14.896938835262127","26.19632440450974","801","801","801"
"76992","15.6811759041728","11.483242332433917","19.879109475911683","802","802","802"
"77088","9.888316283808496","9.63385103980046","10.142781527816535","803","803","803"
"77184","19.754177337067073","17.638139597474428","21.87021507665972","804","804","804"
"77280","22.889737324829177","19.32678081599405","26.452693833664306","805","805","805"
"77376","16.479400769035117","15.521909351115838","17.436892186954392","806","806","806"
"77472","15.243796941847673","8.523408006357398","21.964185877337947","807","807","807"
"77568","21.40422822136884","19.457988858579395","23.350467584158288","808","808","808"
"77664","20.42532795803644","17.11521363524629","23.735442280826593","809","809","809"
"77760","26.57931661820828","24.74169316548405","28.41694007093251","810","810","810"
"77856","20.96804572389585","19.3838644154418","22.552227032349904","811","811","811"
"77952","26.482002564724986","24.2533139915965","28.710691137853473","812","812","812"
"78048","10.343616598485244","4.312008202703767","16.375224994266723","813","813","813"
"78144","20.86314495784614","19.956019673199076","21.7702702424932","814","814","814"
"78240","25.213244850615286","21.969832673052878","28.456657028177695","815","815","815"
"78336","15.834785438434139","12.562419678349782","19.107151198518494","816","816","816"
"78432","18.784247239749778","18.784247239749778","18.784247239749778","817","817","817"
"78528","13.95007868270205","9.371727909719006","18.528429455685096","818","818","818"
"78624","22.57850289303895","16.745185539807302","28.4118202462706","819","819","819"
"78720","25.94408939894558","23.281746338477248","28.606432459413913","820","820","820"
"78816","15.380993651699661","4.983604808756775","25.77838249464255","821","821","821"
"78912","8.069565417864036","8.069565417864036","8.069565417864036","822","822","822"
"79008","17.177616193582963","11.506563036397681","22.848669350768244","823","823","823"
"79104","9.859032920675887","9.796648875354869","9.921416965996904","824","824","824"
"79200","13.301222945339008","10.67135941357962","15.931086477098397","825","825","825"
"79296","23.40962257066165","18.72550815419132","28.09373698713198","826","826","826"
"79392","24.30838696855779","24.248129268284234","24.368644668831344","827","827","827"
"79488","18.77957941511403","15.134889765430634","22.42426906479742","828","828","828"
"79584","19.64600114352646","14.170063370754848","25.12193891629807","829","829","829"
"79680","21.792269530877228","15.971898836022369","27.61264022573209","830","830","830"
"79776","21.06039531414647","18.51551581369021","23.60527481460273","831","831","831"
"79872","24.76191300473906","23.407452575547723","26.1163734339304","832","832","832"
"79968","26.305858289800398","24.303537653189828","28.308178926410967","833","833","833"
"80064","20.03603053618447","20.03603053618447","20.03603053618447","834","834","834"
"80160","12.380323989750515","7.645434344254742","17.11521363524629","835","835","835"
"80256","6.431120503851176","0.3383983949172267","12.523842612785126","836","836","836"
"80352","13.477883710466635","8.240398906739864","18.715368514193408","837","837","837"
"80448","23.031416656779697","22.83644728298446","23.226386030574936","838","838","838"
"80544","9.196963601601619","1.9892361806094694","16.404691022593767","839","839","839"
"80640","17.8066463925517","7.826296764768058","27.78699602033534","840","840","840"
"80736","19.569629128701575","13.814403989685353","25.324854267717797","841","841","841"
"80832","15.52287791304429","13.930542190842292","17.11521363524629","842","842","842"
"80928","19.679817971606884","19.364700941404582","19.994935001809186","843","843","843"
"81024","10.982163105774362","9.337000041254834","12.627326170293891","844","844","844"
"81120","11.372671670830568","10.460564389709505","12.284778951951631","845","845","845"
"81216","19.623999395022587","17.037431499306372","22.210567290738805","846","846","846"
"81312","20.366716026701592","17.11521363524629","23.618218418156896","847","847","847"
"81408","28.792503979896154","28.792503979896154","28.792503979896154","848","848","848"
"81504","8.726806015081763","4.227505191912966","13.226106838250562","849","849","849"
"81600","8.04008697243618","8.04008697243618","8.04008697243618","850","850","850"
"81696","21.77212280583152","15.380601006049394","28.16364460561364","851","851","851"
"81792","10.622820110368172","10.622820110368172","10.622820110368172","852","852","852"
"81888","15.610881171340573","9.337000041254834","21.884762301426314","853","853","853"
"81984","26.214024020057067","26.214024020057067","26.214024020057067","854","854","854"
"82080","-2.7822652689763006","-8.66020325142038","3.0956727134677795","855","855","855"
"82176","23.69809328228999","18.58716169341655","28.80902487116343","856","856","856"
"82272","18.16198008203275","14.210986057868416","22.112974106197083","857","857","857"
"82368","20.744701233480843","20.744701233480843","20.744701233480843","858","858","858"
"82464","10.167515756112163","4.266789098953328","16.068242413270998","859","859","859"
"82560","15.534641424602128","13.4586809918747","17.610601857329556","860","860","860"
"82656","9.837149830607954","3.2373432570051266","16.436956404210783","861","861","861"
"82752","20.075204887494348","11.473241297579058","28.677168477409637","862","862","862"
"82848","28.4118202462706","28.4118202462706","28.4118202462706","863","863","863"
"82944","9.606087353890967","-4.138292876376355","23.350467584158288","864","864","864"
"83040","13.610722148217345","13.610722148217345","13.610722148217345","865","865","865"
"83136","23.84172282023919","22.7091785491003","24.97426709137808","866","866","866"
"83232","15.765710351232848","14.751090631603805","16.78033007086189","867","867","867"
"83328","24.634862478169442","24.634862478169442","24.634862478169442","868","868","868"
"83424","15.238429064907764","13.36164449456924","17.11521363524629","869","869","869"
"83520","14.676069119258523","7.435510037556547","21.9166282009605","870","870","870"
"83616","-8.66020325142038","-8.66020325142038","-8.66020325142038","871","871","871"
"83712","23.621452442605992","22.25533123108675","24.98757365412524","872","872","872"
"83808","10.735877338480089","0.3836174986676703","21.088137178292506","873","873","873"
"83904","23.45308441136701","20.26855753638891","26.637611286345102","874","874","874"
"84000","25.56553121182602","24.7592328981089","26.371829525543145","875","875","875"
"84096","25.86530669985614","22.82660149154695","28.904011908165334","876","876","876"
"84288","11.514795373036247","3.914131097668305","19.11545964840419","878","878","878"
"84384","11.037335103348926","9.337000041254834","12.737670165443017","879","879","879"
"84480","23.711139864558294","20.28044252482163","27.14183720429496","880","880","880"
"84576","14.023121350902837","-0.2099021723402581","28.25614487414593","881","881","881"
"84672","22.926230154320933","20.97453928909752","24.877921019544345","882","882","882"
"84768","4.05792341984688","-8.66020325142038","16.77605009111414","883","883","883"
"84864","17.300973678018597","8.34574671003093","26.256200646006263","884","884","884"
"84960","19.760667777555003","19.760667777555003","19.760667777555003","885","885","885"
"85056","16.747033365784933","8.390457973379378","25.103608758190486","886","886","886"
"85248","-8.66020325142038","-8.66020325142038","-8.66020325142038","888","888","888"
"85344","17.335858476722418","17.335858476722418","17.335858476722418","889","889","889"
"85440","19.193348779344554","13.226106838250562","25.16059072043854","890","890","890"
"85536","18.15718397839386","12.564231994396215","23.750135962391504","891","891","891"
"85632","18.41654300225109","18.41654300225109","18.41654300225109","892","892","892"
"85728","24.878098603598644","24.878098603598644","24.878098603598644","893","893","893"
"85824","24.276447736692838","19.690690679199733","28.86220479418594","894","894","894"
"85920","14.910254357974381","12.705295080702475","17.11521363524629","895","895","895"
"86016","20.198004684705758","16.854679713318045","23.54132965609347","896","896","896"
"86112","9.946834779620499","9.946834779620499","9.946834779620499","897","897","897"
"86208","14.022829690230887","7.440563202336545","20.60509617812523","898","898","898"
"86304","8.55605435876306","8.55605435876306","8.55605435876306","899","899","899"
"86400","13.187215770280602","13.187215770280602","13.187215770280602","900","900","900"
"86496","15.533323035344603","13.226106838250562","17.840539232438644","901","901","901"
"86592","16.51395893549175","16.51395893549175","16.51395893549175","902","902","902"
"86688","14.507170288347186","14.507170288347186","14.507170288347186","903","903","903"
"86784","24.135601878444604","19.440903049942047","28.83030070694716","904","904","904"
"86880","19.944067013214898","19.944067013214898","19.944067013214898","905","905","905"
"86976","20.81949235661301","20.81949235661301","20.81949235661301","906","906","906"
"87072","3.2373432570051266","3.2373432570051266","3.2373432570051266","907","907","907"
"87168","14.296477399653277","14.296477399653277","14.296477399653277","908","908","908"
"87264","7.630339372068905","5.923678702882976","9.337000041254834","909","909","909"
"87360","9.337000041254834","9.337000041254834","9.337000041254834","910","910","910"
"87456","16.812022173992226","16.812022173992226","16.812022173992226","911","911","911"
"87552","25.42119349758485","25.42119349758485","25.42119349758485","912","912","912"
"87648","14.76111047085506","14.76111047085506","14.76111047085506","913","913","913"
"87744","19.964712902538356","19.964712902538356","19.964712902538356","914","914","914"
"87840","7.221734472998436","4.227505191912954","10.215963754083917","915","915","915"
"87936","24.778490355979702","24.778490355979702","24.778490355979702","916","916","916"
"88128","24.348516398451068","23.60623991893031","25.09079287797183","918","918","918"
"88224","24.5603729721342","24.5603729721342","24.5603729721342","919","919","919"
"88320","16.667887890066027","16.22056214488576","17.11521363524629","920","920","920"
"88416","18.793597585652062","12.794019492441954","24.79317567886217","921","921","921"
"88512","11.540476337960557","11.540476337960557","11.540476337960557","922","922","922"
"88608","8.240398906739864","8.240398906739864","8.240398906739864","923","923","923"
"88704","15.134889765430634","15.134889765430634","15.134889765430634","924","924","924"
"88800","17.11521363524629","17.11521363524629","17.11521363524629","925","925","925"
"88896","28.75761109316835","28.75761109316835","28.75761109316835","926","926","926"
"88992","13.80503226106969","10.49485088689309","17.11521363524629","927","927","927"
"89088","5.5462781201361055","0.3836174986676703","10.708938741604541","928","928","928"
"89280","15.236354284954967","9.337000041254834","21.135708528655098","930","930","930"
"89376","8.187836396603192","8.187836396603192","8.187836396603192","931","931","931"
"89472","27.139481250165304","25.37467974962729","28.904282750703313","932","932","932"
"89568","24.49258367692589","24.49258367692589","24.49258367692589","933","933","933"
"89664","16.992195933992978","6.079644552596315","27.904747315389642","934","934","934"
"89760","12.21163563138723","12.21163563138723","12.21163563138723","935","935","935"
"89856","21.69662457608589","21.69662457608589","21.69662457608589","936","936","936"
"89952","15.336791456569744","11.5739804954191","19.099602417720387","937","937","937"
"90048","24.527387715403854","23.60623991893031","25.448535511877402","938","938","938"
"90144","14.716337863063815","4.227505191912954","25.205170534214677","939","939","939"
"90336","10.014589271990719","10.014589271990719","10.014589271990719","941","941","941"
"90432","8.071392885158263","8.071392885158263","8.071392885158263","942","942","942"
"90528","7.481097975908202","-8.66020325142038","23.622399203236785","943","943","943"
"90624","25.05899062047124","25.05899062047124","25.05899062047124","944","944","944"
"90720","22.613708333747304","16.99694775155254","28.23046891594207","945","945","945"
"90816","25.1844535713436","25.1844535713436","25.1844535713436","946","946","946"
"90912","9.896562131173454","9.337000041254834","10.456124221092074","947","947","947"
"91008","23.57932527283516","23.57932527283516","23.57932527283516","948","948","948"
"91104","25.421294215403478","25.421294215403478","25.421294215403478","949","949","949"
"91296","17.322277712765487","9.337000041254834","25.307555384276142","951","951","951"
"91392","20.21371190052903","20.21371190052903","20.21371190052903","952","952","952"
"91488","16.56526507718822","12.685894640808696","20.44463551356774","953","953","953"
"91584","23.41344994727861","23.41344994727861","23.41344994727861","954","954","954"
"91680","19.658892115062585","19.658892115062585","19.658892115062585","955","955","955"
"91776","11.374178783490509","11.374178783490509","11.374178783490509","956","956","956"
"91872","25.700232413933342","23.35721642961341","28.043248398253272","957","957","957"
"91968","3.0170050217888544","3.0170050217888544","3.0170050217888544","958","958","958"
"92064","24.684177400483257","20.582230875530378","28.78612392543614","959","959","959"
"92256","13.066978141032273","9.018742646818255","17.11521363524629","961","961","961"
"92352","13.683570985121667","13.683570985121667","13.683570985121667","962","962","962"
"92448","25.990569638152216","22.88972822863346","29.091411047670977","963","963","963"
"92544","15.471011040536698","13.82680844582711","17.11521363524629","964","964","964"
"92640","18.45092076799938","18.45092076799938","18.45092076799938","965","965","965"
"92736","12.669310741947971","12.669310741947971","12.669310741947971","966","966","966"
"92832","25.76787895261508","25.76787895261508","25.76787895261508","967","967","967"
"92928","25.77252654552691","25.77252654552691","25.77252654552691","968","968","968"
"93024","25.90416031484753","25.90416031484753","25.90416031484753","969","969","969"
"93120","24.854042719918066","24.854042719918066","24.854042719918066","970","970","970"
"93216","18.973057712724255","17.11521363524629","20.830901790202226","971","971","971"
"93312","20.767306654636972","20.767306654636972","20.767306654636972","972","972","972"
"93408","14.19334160862064","14.19334160862064","14.19334160862064","973","973","973"
"93600","24.657528657735128","20.1779612305236","29.13709608494666","975","975","975"
"93696","18.7819597563814","18.7819597563814","18.7819597563814","976","976","976"
"93792","14.875639784779048","14.875639784779048","14.875639784779048","977","977","977"
"93888","11.687644336085249","11.687644336085249","11.687644336085249","978","978","978"
"93984","9.91226027430486","9.91226027430486","9.91226027430486","979","979","979"
"94080","20.482795616512263","20.482795616512263","20.482795616512263","980","980","980"
"94176","0.7626535832526222","0.7626535832526222","0.7626535832526222","981","981","981"
"94272","24.491281344176848","24.491281344176848","24.491281344176848","982","982","982"
"94368","23.368691630031915","17.77920284430181","28.95818041576202","983","983","983"
"94464","29.07780634283793","29.07780634283793","29.07780634283793","984","984","984"
"94560","-0.2099021723402581","-8.66020325142038","8.240398906739864","985","985","985"
"94656","24.5283946356104","24.5283946356104","24.5283946356104","986","986","986"
"94752","21.257949667014472","17.11521363524629","25.40068569878266","987","987","987"
"94848","22.6849642356806","22.6849642356806","22.6849642356806","988","988","988"
"94944","15.413618697291499","15.413618697291499","15.413618697291499","989","989","989"
"95040","19.89603005530114","19.89603005530114","19.89603005530114","990","990","990"
"95136","13.80564451530447","13.80564451530447","13.80564451530447","991","991","991"
"95232","25.3584965981823","25.3584965981823","25.3584965981823","992","992","992"
"95328","24.687670199124728","24.687670199124728","24.687670199124728","993","993","993"
"95424","20.07421594011908","20.07421594011908","20.07421594011908","994","994","994"
"95520","8.161831092659144","8.161831092659144","8.161831092659144","995","995","995"
"95616","18.882058169135128","17.11521363524629","20.64890270302397","996","996","996"
"95712","10.482776233757209","10.482776233757209","10.482776233757209","997","997","997"
"95808","25.45466328578658","21.720425267164202","29.18890130440896","998","998","998"
"96000","28.99038229177741","28.99038229177741","28.99038229177741","1000","1000","1000"
"96096","25.934682975210563","25.934682975210563","25.934682975210563","1001","1001","1001"
"96192","25.254098418551678","25.254098418551678","25.254098418551678","1002","1002","1002"
"96288","25.251587380165518","25.251587380165518","25.251587380165518","1003","1003","1003"
"96384","7.724781177755699","7.724781177755699","7.724781177755699","1004","1004","1004"
"96480","2.648480408829399","-8.66020325142038","13.957164069079179","1005","1005","1005"
"96576","8.582896171303258","8.582896171303258","8.582896171303258","1006","1006","1006"
"96672","25.48970954190016","25.48970954190016","25.48970954190016","1007","1007","1007"
"96768","14.39322048559905","14.39322048559905","14.39322048559905","1008","1008","1008"
"96864","27.39167537785902","25.787587414571767","28.995763341146272","1009","1009","1009"
"96960","22.483865186326845","19.20740319204638","25.76032718060731","1010","1010","1010"
"97056","25.657358824237164","25.657358824237164","25.657358824237164","1011","1011","1011"
"97152","18.693960051702874","18.693960051702874","18.693960051702874","1012","1012","1012"
"97248","19.040237660948875","13.226106838250562","24.854368483647185","1013","1013","1013"
"97344","24.41369387995336","24.41369387995336","24.41369387995336","1014","1014","1014"
"97440","23.927653986825874","23.927653986825874","23.927653986825874","1015","1015","1015"
"97536","28.491520271172234","28.491520271172234","28.491520271172234","1016","1016","1016"
"97632","16.813280125437664","16.813280125437664","16.813280125437664","1017","1017","1017"
"97728","17.73546999702203","17.11521363524629","18.355726358797767","1018","1018","1018"
"97824","25.506411327081814","25.506411327081814","25.506411327081814","1019","1019","1019"
"97920","-8.66020325142038","-8.66020325142038","-8.66020325142038","1020","1020","1020"
"98016","20.256825384399278","11.500754688797462","29.01289608000109","1021","1021","1021"
"98112","-8.66020325142038","-8.66020325142038","-8.66020325142038","1022","1022","1022"
"98208","17.00845531740337","17.00845531740337","17.00845531740337","1023","1023","1023"
"98304","19.42350688028889","13.226106838250562","25.620906922327222","1024","1024","1024"
"98400","14.932974559738447","9.337000041254834","20.52894907822206","1025","1025","1025"
"98496","12.74634166762436","12.74634166762436","12.74634166762436","1026","1026","1026"
"98592","7.656866995552166","7.656866995552166","7.656866995552166","1027","1027","1027"
"98688","25.69548718038949","25.69548718038949","25.69548718038949","1028","1028","1028"
"98784","0.3836174986676703","0.3836174986676703","0.3836174986676703","1029","1029","1029"
"98976","20.74113486719742","12.93095880348931","28.551310930905533","1031","1031","1031"
"99072","14.079684620200332","14.079684620200332","14.079684620200332","1032","1032","1032"
"99168","23.54132965609347","23.54132965609347","23.54132965609347","1033","1033","1033"
"99264","16.750695637168768","16.750695637168768","16.750695637168768","1034","1034","1034"
"99360","12.92530395397208","12.92530395397208","12.92530395397208","1035","1035","1035"
"99456","19.42280559187656","13.226106838250562","25.61950434550256","1036","1036","1036"
"99552","20.428627108915578","20.428627108915578","20.428627108915578","1037","1037","1037"
"99648","19.410761719140524","13.226106838250562","25.59541660003049","1038","1038","1038"
"99744","25.557360871724498","25.557360871724498","25.557360871724498","1039","1039","1039"
"99840","8.788906867838653","8.788906867838653","8.788906867838653","1040","1040","1040"
"99936","17.11521363524629","17.11521363524629","17.11521363524629","1041","1041","1041"
"100032","19.84865081147783","19.84865081147783","19.84865081147783","1042","1042","1042"
"100128","21.53489647033093","20.736621931300302","22.33317100936156","1043","1043","1043"
"100224","27.409064247701494","25.67475623050764","29.143372264895344","1044","1044","1044"
"100320","22.24345721049839","22.24345721049839","22.24345721049839","1045","1045","1045"
"100512","10.301316313286971","10.301316313286971","10.301316313286971","1047","1047","1047"
"100608","17.764451698627774","17.11521363524629","18.41368976200926","1048","1048","1048"
"100704","25.47408364874547","25.47408364874547","25.47408364874547","1049","1049","1049"
"100800","13.65114260968898","13.65114260968898","13.65114260968898","1050","1050","1050"
"100896","22.952156854102704","22.298073789275094","23.60623991893031","1051","1051","1051"
"100992","0.2931792911667915","0.2931792911667915","0.2931792911667915","1052","1052","1052"
"101184","22.958265812549655","17.003643864656464","28.912887760442842","1054","1054","1054"
"101280","25.454482647342672","22.004953386520015","28.904011908165334","1055","1055","1055"
"101472","14.492660219082069","10.121904328372477","18.86341610979166","1057","1057","1057"
"101568","14.4035793936088","14.4035793936088","14.4035793936088","1058","1058","1058"
"101664","17.11521363524629","17.11521363524629","17.11521363524629","1059","1059","1059"
"101760","27.378591250617973","25.788260330233776","28.968922171002173","1060","1060","1060"
"101856","3.202870802711674","3.202870802711674","3.202870802711674","1061","1061","1061"
"101952","25.748912871590832","25.748912871590832","25.748912871590832","1062","1062","1062"
"102048","23.52998351196403","23.52998351196403","23.52998351196403","1063","1063","1063"
"102144","18.88988477072756","18.88988477072756","18.88988477072756","1064","1064","1064"
"102240","25.733405641763053","25.733405641763053","25.733405641763053","1065","1065","1065"
"102336","26.035599352665294","23.68322619816577","28.387972507164818","1066","1066","1066"
"102432","25.554475907597862","25.554475907597862","25.554475907597862","1067","1067","1067"
"102528","16.95542041678747","16.95542041678747","16.95542041678747","1068","1068","1068"
"102624","14.485021303353898","14.485021303353898","14.485021303353898","1069","1069","1069"
"102720","18.2296905938349","17.848725786127506","18.610655401542292","1070","1070","1070"
"102816","16.54930829480046","13.226106838250562","19.872509751350364","1071","1071","1071"
"102912","14.736407709895964","9.337000041254834","20.135815378537092","1072","1072","1072"
"103008","20.490206394515493","20.490206394515493","20.490206394515493","1073","1073","1073"
"103104","17.11521363524629","17.11521363524629","17.11521363524629","1074","1074","1074"
"103296","17.09183693396572","5.333288782286834","28.850385085644607","1076","1076","1076"
"103392","13.87776172738851","2.117133112715654","25.638390342061367","1077","1077","1077"
"103488","0.3836174986676703","0.3836174986676703","0.3836174986676703","1078","1078","1078"
"103584","21.2986925620877","17.11521363524629","25.48217148892911","1079","1079","1079"
"103680","6.108702873302223","-8.66020325142038","20.877608998024826","1080","1080","1080"
"103776","22.982799360445448","22.982799360445448","22.982799360445448","1081","1081","1081"
"103872","20.936312676218574","20.936312676218574","20.936312676218574","1082","1082","1082"
"103968","25.703285234252625","25.703285234252625","25.703285234252625","1083","1083","1083"
"104064","0.3836174986676703","0.3836174986676703","0.3836174986676703","1084","1084","1084"
"104160","24.57999847823866","20.071340355821057","29.088656600656265","1085","1085","1085"
"104256","23.84456543276503","23.54132965609347","24.14780120943659","1086","1086","1086"
"104352","12.720022370559215","12.720022370559215","12.720022370559215","1087","1087","1087"
"104448","22.04722610991193","22.04722610991193","22.04722610991193","1088","1088","1088"
"104544","12.983959854463484","12.983959854463484","12.983959854463484","1089","1089","1089"
"104640","17.22607230440366","17.22607230440366","17.22607230440366","1090","1090","1090"
"104736","14.702024798871188","14.702024798871188","14.702024798871188","1091","1091","1091"
"104832","-8.66020325142038","-8.66020325142038","-8.66020325142038","1092","1092","1092"
"104928","14.24118150174659","14.24118150174659","14.24118150174659","1093","1093","1093"
"105024","17.571836095887264","9.337000041254834","25.80667215051969","1094","1094","1094"
"105120","8.240398906739864","8.240398906739864","8.240398906739864","1095","1095","1095"
"105216","17.649267444828375","9.337000041254834","25.961534848401918","1096","1096","1096"
"105408","25.786226378960205","25.786226378960205","25.786226378960205","1098","1098","1098"
"105504","0.3836174986676703","0.3836174986676703","0.3836174986676703","1099","1099","1099"
"105600","25.9446659394684","25.9446659394684","25.9446659394684","1100","1100","1100"
"105696","8.639379597208544","-8.66020325142038","25.93896244583747","1101","1101","1101"
"105792","22.88047681074035","16.930652914533542","28.83030070694716","1102","1102","1102"
"105888","25.835215406260623","25.835215406260623","25.835215406260623","1103","1103","1103"
"105984","8.240398906739864","8.240398906739864","8.240398906739864","1104","1104","1104"
"106176","25.768345571487924","25.768345571487924","25.768345571487924","1106","1106","1106"
"106272","27.355249915830555","25.97746646052048","28.73303337114063","1107","1107","1107"
"106464","10.563060939134852","10.563060939134852","10.563060939134852","1109","1109","1109"
"106560","1.5137205423324342","-8.66020325142038","11.687644336085249","1110","1110","1110"
"106656","15.641045522758834","14.166877410271377","17.11521363524629","1111","1111","1111"
"106752","17.087302452516752","17.087302452516752","17.087302452516752","1112","1112","1112"
"106848","24.51096309218172","23.308848152444202","25.71307803191924","1113","1113","1113"
"106944","23.153935910558644","22.957404236959","23.350467584158288","1114","1114","1114"
"107040","11.534541141250475","11.534541141250475","11.534541141250475","1115","1115","1115"
"107136","19.651661631388702","19.651661631388702","19.651661631388702","1116","1116","1116"
"107232","10.998513556138839","10.998513556138839","10.998513556138839","1117","1117","1117"
"107328","25.77789206365855","25.77789206365855","25.77789206365855","1118","1118","1118"
"107424","9.373473414822659","4.227505191912954","14.519441637732362","1119","1119","1119"
"107520","25.481133605572428","25.481133605572428","25.481133605572428","1120","1120","1120"
"107616","8.924139993315256","8.511279945375678","9.337000041254834","1121","1121","1121"
"107712","20.58552995207243","20.58552995207243","20.58552995207243","1122","1122","1122"
"107808","24.321438179436587","24.321438179436587","24.321438179436587","1123","1123","1123"
"107904","20.587067676423146","20.587067676423146","20.587067676423146","1124","1124","1124"
"108000","14.91912158326197","14.91912158326197","14.91912158326197","1125","1125","1125"
"108096","1.7159259834212301","-8.66020325142038","12.092055218262841","1126","1126","1126"
"108192","21.8834868124367","20.353523677594787","23.41344994727861","1127","1127","1127"
"108288","20.760378065544458","15.959820451094664","25.560935679994255","1128","1128","1128"
"108384","23.268681727694855","18.097877236482507","28.439486218907206","1129","1129","1129"
"108480","21.181512384467254","17.11521363524629","25.247811133688224","1130","1130","1130"
"108576","14.38985525263293","14.38985525263293","14.38985525263293","1131","1131","1131"
"108672","19.674163096372467","18.659780947920495","20.68854524482444","1132","1132","1132"
"108768","22.007837976887448","22.007837976887448","22.007837976887448","1133","1133","1133"
"108864","25.62988936543316","25.62988936543316","25.62988936543316","1134","1134","1134"
"108960","24.522383210890283","23.41344994727861","25.631316474501958","1135","1135","1135"
"109056","21.960971591302535","21.960971591302535","21.960971591302535","1136","1136","1136"
"109152","0.3836174986676703","0.3836174986676703","0.3836174986676703","1137","1137","1137"
"109248","14.793000895047626","4.227505191912954","25.3584965981823","1138","1138","1138"
"109344","15.134889765430634","15.134889765430634","15.134889765430634","1139","1139","1139"
"109440","13.791343582451958","9.337000041254834","18.245687123649084","1140","1140","1140"
"109536","22.239704970869017","22.239704970869017","22.239704970869017","1141","1141","1141"
"109632","15.275735940090524","13.226106838250562","17.325365041930485","1142","1142","1142"
"109728","17.615756046077802","9.337000041254834","25.894512050900772","1143","1143","1143"
"109824","25.88680756419191","25.88680756419191","25.88680756419191","1144","1144","1144"
"109920","17.083433396317695","17.083433396317695","17.083433396317695","1145","1145","1145"
"110016","14.335611781669101","14.335611781669101","14.335611781669101","1146","1146","1146"
"110112","21.360671589976512","17.11521363524629","25.60612954470674","1147","1147","1147"
"110208","8.898173604693737","8.898173604693737","8.898173604693737","1148","1148","1148"
"110304","22.20982054428795","16.255996482962257","28.16364460561364","1149","1149","1149"
"110496","21.95070719785227","18.352882045305012","25.54853235039953","1151","1151","1151"
"110592","13.158265925650543","13.158265925650543","13.158265925650543","1152","1152","1152"
"110688","11.056540246256972","11.056540246256972","11.056540246256972","1153","1153","1153"
"110784","22.344879385023415","22.344879385023415","22.344879385023415","1154","1154","1154"
"110880","27.38485782170344","25.884699272220644","28.885016371186236","1155","1155","1155"
"110976","10.066801836856676","9.337000041254834","10.796603632458519","1156","1156","1156"
"111072","8.490987920327347","-8.66020325142038","25.642179092075075","1157","1157","1157"
"111168","11.635492911572765","0.3836174986676703","22.88736832447786","1158","1158","1158"
"111264","20.205161129574314","20.205161129574314","20.205161129574314","1159","1159","1159"
"111456","27.07521741427045","25.42792945171115","28.72250537682975","1161","1161","1161"
"111552","-0.2939826680771054","-8.66020325142038","8.07223791526617","1162","1162","1162"
"111648","8.240398906739864","8.240398906739864","8.240398906739864","1163","1163","1163"
"111744","18.14852133543472","7.466741963922275","28.83030070694716","1164","1164","1164"
"111840","9.337000041254834","9.337000041254834","9.337000041254834","1165","1165","1165"
"111936","20.46055807219542","20.46055807219542","20.46055807219542","1166","1166","1166"
"112128","17.741990268175794","9.337000041254834","26.146980495096756","1168","1168","1168"
"112224","-8.66020325142038","-8.66020325142038","-8.66020325142038","1169","1169","1169"
"112320","21.619016882165262","17.11521363524629","26.122820129084236","1170","1170","1170"
"112416","20.995609320858723","20.995609320858723","20.995609320858723","1171","1171","1171"
"112512","16.127608845844986","16.127608845844986","16.127608845844986","1172","1172","1172"
"112608","21.075202981613124","16.34373381270656","25.80667215051969","1173","1173","1173"
"112704","7.44670523186862","0.3836174986676703","14.50979296506957","1174","1174","1174"
"112896","0.2931792911667915","0.2931792911667915","0.2931792911667915","1176","1176","1176"
"112992","25.70927136743832","25.70927136743832","25.70927136743832","1177","1177","1177"
"113088","25.513126522278665","25.513126522278665","25.513126522278665","1178","1178","1178"
"113184","25.270845716729696","24.55160840567188","25.99008302778751","1179","1179","1179"
"113280","15.134889765430634","15.134889765430634","15.134889765430634","1180","1180","1180"
"113376","0.20364546574092035","0.20364546574092035","0.20364546574092035","1181","1181","1181"
"113472","18.754178242721792","17.11521363524629","20.393142850197297","1182","1182","1182"
"113568","21.50968697504691","17.11521363524629","25.90416031484753","1183","1183","1183"
"113664","23.124071619188243","23.124071619188243","23.124071619188243","1184","1184","1184"
"113760","25.538130411560495","25.538130411560495","25.538130411560495","1185","1185","1185"
"113856","66.00865739774856","11.457328292577825","120.55998650291932","1186","1186","1186"
"113952","25.79166631764633","25.79166631764633","25.79166631764633","1187","1187","1187"
"114048","17.517691431925098","9.337000041254834","25.698382822595363","1188","1188","1188"
"114144","19.651107529391453","14.487934901381966","24.814280157400944","1189","1189","1189"
"114240","12.957908894412475","12.957908894412475","12.957908894412475","1190","1190","1190"
"114336","17.377877012055418","17.377877012055418","17.377877012055418","1191","1191","1191"
"114432","14.36648444068643","14.36648444068643","14.36648444068643","1192","1192","1192"
"114528","16.56696153741775","16.56696153741775","16.56696153741775","1193","1193","1193"
"114624","26.080072575996407","25.421384600124448","26.738760551868367","1194","1194","1194"
"114720","18.862620890884685","17.11521363524629","20.610028146523078","1195","1195","1195"
"114912","23.84767088104766","23.84767088104766","23.84767088104766","1197","1197","1197"
"115008","17.373280741320382","17.373280741320382","17.373280741320382","1198","1198","1198"
"115200","17.94661880260336","17.94661880260336","17.94661880260336","1200","1200","1200"
"115296","27.207189180258005","25.346213932798687","29.068164427717328","1201","1201","1201"
"115392","11.487102143724345","5.858990652202401","17.11521363524629","1202","1202","1202"
"115488","21.249429538245437","17.11521363524629","25.38364544124459","1203","1203","1203"
"115584","19.02723064087848","19.02723064087848","19.02723064087848","1204","1204","1204"
"115680","-8.66020325142038","-8.66020325142038","-8.66020325142038","1205","1205","1205"
"115776","8.78869947399735","8.240398906739864","9.337000041254834","1206","1206","1206"
"115872","7.160014215089555","7.160014215089555","7.160014215089555","1207","1207","1207"
"115968","19.11983173266927","17.11521363524629","21.124449830092246","1208","1208","1208"
"116064","11.84350754435926","0.3836174986676703","23.30339759005085","1209","1209","1209"
"116160","0.3836174986676703","0.3836174986676703","0.3836174986676703","1210","1210","1210"
"116352","19.11983173266927","17.11521363524629","21.124449830092246","1212","1212","1212"
"116448","11.17325050005907","11.17325050005907","11.17325050005907","1213","1213","1213"
"116544","21.14461669899683","21.14461669899683","21.14461669899683","1214","1214","1214"
"116640","11.349764380966617","11.349764380966617","11.349764380966617","1215","1215","1215"
"116736","21.90135515195106","21.124449830092246","22.678260473809868","1216","1216","1216"
"116928","10.636027381933795","10.636027381933795","10.636027381933795","1218","1218","1218"
"117024","28.23790331842687","28.23790331842687","28.23790331842687","1219","1219","1219"
"117120","20.042388660070777","19.322820438526232","20.76195688161532","1220","1220","1220"
"117216","24.594301988592424","24.594301988592424","24.594301988592424","1221","1221","1221"
"117312","24.85038907565061","24.85038907565061","24.85038907565061","1222","1222","1222"
"117504","24.341412091139162","23.804931220943093","24.87789296133523","1224","1224","1224"
"117600","26.0356361855909","25.889346865132467","26.181925506049332","1225","1225","1225"
"117696","15.762967882251235","8.621978531713575","22.903957232788898","1226","1226","1226"
"117792","17.13770199515071","13.881894252184418","20.393509738117004","1227","1227","1227"
"117888","20.927353861357687","20.927353861357687","20.927353861357687","1228","1228","1228"
"117984","21.761431136297727","15.134889765430634","28.387972507164818","1229","1229","1229"
"118080","18.15865942307997","12.840250350274943","23.477068495885","1230","1230","1230"
"118176","22.926339871676653","22.926339871676653","22.926339871676653","1231","1231","1231"
"118272","15.647842515535539","15.647842515535539","15.647842515535539","1232","1232","1232"
"118368","15.260975239030415","9.337000041254834","21.184950436805998","1233","1233","1233"
"118560","23.28811504466917","23.28811504466917","23.28811504466917","1235","1235","1235"
"118656","16.77521594150388","16.435218247761473","17.11521363524629","1236","1236","1236"
"118848","14.478945892541002","14.478945892541002","14.478945892541002","1238","1238","1238"
"118944","18.985882367423358","17.11521363524629","20.85655109960043","1239","1239","1239"
"119040","13.499793537462939","8.032501817188304","18.967085257737573","1240","1240","1240"
"119136","8.170389489457506","0.3836174986676703","15.95716148024734","1241","1241","1241"
"119232","1.2881813113217457","1.2881813113217457","1.2881813113217457","1242","1242","1242"
"119328","19.83242512134143","10.951700406452707","28.71314983623015","1243","1243","1243"
"119424","15.134889765430634","15.134889765430634","15.134889765430634","1244","1244","1244"
"119520","26.06292452843762","26.06292452843762","26.06292452843762","1245","1245","1245"
"119616","22.378545186748738","18.857754190623325","25.89933618287415","1246","1246","1246"
"119712","10.118435856403167","10.118435856403167","10.118435856403167","1247","1247","1247"
"119808","12.92530395397208","12.92530395397208","12.92530395397208","1248","1248","1248"
"119904","15.181981405220286","15.181981405220286","15.181981405220286","1249","1249","1249"
"120000","16.979149351006253","16.979149351006253","16.979149351006253","1250","1250","1250"
"120096","15.134889765430634","15.134889765430634","15.134889765430634","1251","1251","1251"
"120192","25.37703372287346","25.37703372287346","25.37703372287346","1252","1252","1252"
"120288","-8.66020325142038","-8.66020325142038","-8.66020325142038","1253","1253","1253"
"120384","21.139744034155974","21.139744034155974","21.139744034155974","1254","1254","1254"
"120480","16.90664584170497","16.90664584170497","16.90664584170497","1255","1255","1255"
"120576","8.240398906739864","8.240398906739864","8.240398906739864","1256","1256","1256"
"120672","10.567427197889826","10.567427197889826","10.567427197889826","1257","1257","1257"
"120768","24.743347289112748","24.743347289112748","24.743347289112748","1258","1258","1258"
"120864","27.197167719307593","25.96345695948768","28.43087847912751","1259","1259","1259"
"120960","22.85168852401928","22.85168852401928","22.85168852401928","1260","1260","1260"
"121056","24.384576111678008","24.384576111678008","24.384576111678008","1261","1261","1261"
"121152","11.962473577380571","0.3836174986676703","23.54132965609347","1262","1262","1262"
"121344","25.494825412083014","25.494825412083014","25.494825412083014","1264","1264","1264"
"121536","18.68694066186141","18.68694066186141","18.68694066186141","1266","1266","1266"
"121632","25.652420322468235","25.652420322468235","25.652420322468235","1267","1267","1267"
"121728","16.710963321406236","9.337000041254834","24.08492660155764","1268","1268","1268"
"121824","14.71267467177293","14.71267467177293","14.71267467177293","1269","1269","1269"
"121920","2.5993535824392393","-4.138292876376355","9.337000041254834","1270","1270","1270"
"122016","21.049031646725098","21.049031646725098","21.049031646725098","1271","1271","1271"
"122112","14.71267467177293","14.71267467177293","14.71267467177293","1272","1272","1272"
"122208","26.096334554446013","23.362368401944867","28.83030070694716","1273","1273","1273"
"122304","7.919635390279389","7.919635390279389","7.919635390279389","1274","1274","1274"
"122400","7.759253632049152","7.759253632049152","7.759253632049152","1275","1275","1275"
"122592","25.509484919393685","24.33609453090357","26.682875307883798","1277","1277","1277"
"122688","2.5131140521771886","-8.66020325142038","13.686431355774758","1278","1278","1278"
"122784","23.110293732653446","20.354618670147048","25.86596879515984","1279","1279","1279"
"122880","25.839712950307725","25.839712950307725","25.839712950307725","1280","1280","1280"
"122976","19.905473871286805","19.905473871286805","19.905473871286805","1281","1281","1281"
"123072","25.644886332757","25.644886332757","25.644886332757","1282","1282","1282"
"123168","21.336038857025137","17.11521363524629","25.556864078803986","1283","1283","1283"
"123264","18.74284536509703","8.240398906739864","29.245291823454195","1284","1284","1284"
"123360","22.555713275516197","22.555713275516197","22.555713275516197","1285","1285","1285"
"123456","10.878157858342064","4.860308769961252","16.896006946722878","1286","1286","1286"
"123552","23.184350974745023","23.184350974745023","23.184350974745023","1287","1287","1287"
"123648","19.37056484218047","15.134889765430634","23.60623991893031","1288","1288","1288"
"123744","-4.138292876376355","-4.138292876376355","-4.138292876376355","1289","1289","1289"
"123840","-8.66020325142038","-8.66020325142038","-8.66020325142038","1290","1290","1290"
"123936","17.11521363524629","17.11521363524629","17.11521363524629","1291","1291","1291"
"124032","14.150569266589917","4.227505191912954","24.07363334126688","1292","1292","1292"
"124128","13.885893577576079","10.65657351990587","17.11521363524629","1293","1293","1293"
"124224","21.3569352910272","17.11521363524629","25.59865694680811","1294","1294","1294"
"124320","13.346918939528923","0.3836174986676703","26.310220380390174","1295","1295","1295"
"124416","17.934174074467183","17.934174074467183","17.934174074467183","1296","1296","1296"
"124512","18.91596570372129","18.91596570372129","18.91596570372129","1297","1297","1297"
"124608","15.457694124718032","13.703878960631599","17.211509288804464","1298","1298","1298"
"124704","19.74361169459849","13.143888906757601","26.343334482439374","1299","1299","1299"
"124800","15.76293765460485","7.91963539027939","23.60623991893031","1300","1300","1300"
"124896","11.687644336085249","11.687644336085249","11.687644336085249","1301","1301","1301"
"124992","10.694437541736576","10.694437541736576","10.694437541736576","1302","1302","1302"
"125088","11.454467746943171","11.454467746943171","11.454467746943171","1303","1303","1303"
"125184","26.023352560134295","26.023352560134295","26.023352560134295","1304","1304","1304"
"125472","4.246798983027032","-8.66020325142038","17.153801217474445","1307","1307","1307"
"125664","18.914207536163385","18.914207536163385","18.914207536163385","1309","1309","1309"
"125760","8.002688873058696","-8.66020325142038","24.665580997537774","1310","1310","1310"
"125856","9.62702496668099","7.082677738376302","12.171372194985677","1311","1311","1311"
"125952","13.063047760222364","9.337000041254834","16.789095479189896","1312","1312","1312"
"126048","23.423015534624277","23.174225228260827","23.671805840987723","1313","1313","1313"
"126144","20.70653721700385","20.70653721700385","20.70653721700385","1314","1314","1314"
"126240","26.072836426094316","26.072836426094316","26.072836426094316","1315","1315","1315"
"126336","28.968922171002173","28.968922171002173","28.968922171002173","1316","1316","1316"
"126432","10.72408586405665","10.72408586405665","10.72408586405665","1317","1317","1317"
"126624","0.3836174986676703","0.3836174986676703","0.3836174986676703","1319","1319","1319"
"126816","24.275592487969437","24.275592487969437","24.275592487969437","1321","1321","1321"
"126912","4.187574697703221","-8.66020325142038","17.035352646826823","1322","1322","1322"
"127104","11.539124536149567","11.539124536149567","11.539124536149567","1324","1324","1324"
"127200","-6.3992480638983675","-8.66020325142038","-4.138292876376355","1325","1325","1325"
"127296","25.771101003203327","25.771101003203327","25.771101003203327","1326","1326","1326"
"127392","19.060235610025885","17.11521363524629","21.00525758480548","1327","1327","1327"
"127488","17.244860438213497","9.337000041254834","25.152720835172158","1328","1328","1328"
"127584","25.50241015365772","25.50241015365772","25.50241015365772","1329","1329","1329"
"127680","18.628765222184313","18.628765222184313","18.628765222184313","1330","1330","1330"
"127776","18.12966979776144","18.12966979776144","18.12966979776144","1331","1331","1331"
"127872","-8.66020325142038","-8.66020325142038","-8.66020325142038","1332","1332","1332"
"127968","25.98517156408927","25.98517156408927","25.98517156408927","1333","1333","1333"
"128256","20.383710296779476","20.383710296779476","20.383710296779476","1336","1336","1336"
"128352","-8.66020325142038","-8.66020325142038","-8.66020325142038","1337","1337","1337"
"128448","3.2373432570051266","-8.66020325142038","15.134889765430634","1338","1338","1338"
"128544","0.3836174986676703","0.3836174986676703","0.3836174986676703","1339","1339","1339"
"128640","78.28245380741303","78.28245380741303","78.28245380741303","1340","1340","1340"
"128736","7.059727133403217","-2.3521657132861393","16.471619980092573","1341","1341","1341"
"128832","9.337000041254834","9.337000041254834","9.337000041254834","1342","1342","1342"
"128928","23.21303569037895","23.21303569037895","23.21303569037895","1343","1343","1343"
"129024","-4.138292876376355","-8.66020325142038","0.3836174986676703","1344","1344","1344"
"129120","24.297148684662545","23.274629852552003","25.319667516773084","1345","1345","1345"
"129216","7.759253632049152","0.3836174986676703","15.134889765430634","1346","1346","1346"
"129312","22.980051052739867","22.22206806039361","23.73803404508612","1347","1347","1347"
"129408","6.232123289335933","6.232123289335933","6.232123289335933","1348","1348","1348"
"129600","7.479854579980772","5.622709118706711","9.337000041254834","1350","1350","1350"
"129696","22.973943701630976","22.973943701630976","22.973943701630976","1351","1351","1351"
"129792","29.367817865759328","29.367817865759328","29.367817865759328","1352","1352","1352"
"129888","-3.442681180491193","-3.442681180491193","-3.442681180491193","1353","1353","1353"
"129984","5.38526945394317","0.3836174986676703","10.38692140921867","1354","1354","1354"
"130080","10.691001367099808","4.266789098953328","17.11521363524629","1355","1355","1355"
"130176","5.6214717707158","5.6214717707158","5.6214717707158","1356","1356","1356"
"130272","-0.7397278489580335","-0.7397278489580335","-0.7397278489580335","1357","1357","1357"
"130368","-1.5193657403522902","-8.66020325142038","5.6214717707158","1358","1358","1358"
"130464","8.484925487004542","8.484925487004542","8.484925487004542","1359","1359","1359"
"130560","16.907404343688807","4.503950941866003","29.31085774551161","1360","1360","1360"
"130656","10.353807307169474","-8.66020325142038","29.367817865759328","1361","1361","1361"
"130752","6.6089557902309215","6.6089557902309215","6.6089557902309215","1362","1362","1362"
"130848","12.677806270993077","8.240398906739864","17.11521363524629","1363","1363","1363"
"130944","6.005786518474604","-8.66020325142038","20.67177628836959","1364","1364","1364"
"131040","14.078931977931294","-1.1529937896490194","29.31085774551161","1365","1365","1365"
"131136","11.55680925817164","11.55680925817164","11.55680925817164","1366","1366","1366"
"131232","16.12505170033846","15.134889765430634","17.11521363524629","1367","1367","1367"
"131424","10.176346414290355","-8.66020325142038","29.01289608000109","1369","1369","1369"
"131520","8.240398906739864","8.240398906739864","8.240398906739864","1370","1370","1370"
"131616","17.11521363524629","17.11521363524629","17.11521363524629","1371","1371","1371"
"131712","19.01322389764485","19.01322389764485","19.01322389764485","1372","1372","1372"
"131904","8.240398906739864","8.240398906739864","8.240398906739864","1374","1374","1374"
"132000","13.195795686378638","-2.7973099316516867","29.18890130440896","1375","1375","1375"
"132096","20.099875880831615","11.01085045725427","29.18890130440896","1376","1376","1376"
"132192","-4.762885517522487","-4.762885517522487","-4.762885517522487","1377","1377","1377"
"132288","6.040155660088265","6.040155660088265","6.040155660088265","1378","1378","1378"
"132384","15.134889765430634","15.134889765430634","15.134889765430634","1379","1379","1379"
"132480","4.227505191912954","-8.66020325142038","17.11521363524629","1380","1380","1380"
"132576","17.11521363524629","17.11521363524629","17.11521363524629","1381","1381","1381"
"132672","19.679763224873703","19.679763224873703","19.679763224873703","1382","1382","1382"
"132768","2.7843247815247754","2.7843247815247754","2.7843247815247754","1383","1383","1383"
"132864","19.37056484218047","15.134889765430634","23.60623991893031","1384","1384","1384"
"132960","15.27523113334918","15.27523113334918","15.27523113334918","1385","1385","1385"
"133056","17.340855701376498","6.756463327333621","27.925248075419372","1386","1386","1386"
"133152","14.10232332683028","13.226106838250562","14.978539815409997","1387","1387","1387"
"133440","9.337000041254834","9.337000041254834","9.337000041254834","1390","1390","1390"
"133536","20.393509738117004","20.393509738117004","20.393509738117004","1391","1391","1391"
"133632","13.93641093151144","13.93641093151144","13.93641093151144","1392","1392","1392"
"133728","17.11521363524629","17.11521363524629","17.11521363524629","1393","1393","1393"
"133824","26.17515750318295","22.982497140606576","29.367817865759328","1394","1394","1394"
"133920","4.5635489344572875","-0.2099021723402581","9.337000041254834","1395","1395","1395"
"134016","15.065944856843728","15.065944856843728","15.065944856843728","1396","1396","1396"
"134112","8.240398906739864","8.240398906739864","8.240398906739864","1397","1397","1397"
"134208","16.51657282883013","13.226106838250562","19.8070388194097","1398","1398","1398"
"134304","14.811630490461752","9.337000041254834","20.28626093966867","1399","1399","1399"
"134400","0.3836174986676703","0.3836174986676703","0.3836174986676703","1400","1400","1400"
"134496","15.956102373863793","8.240398906739864","23.671805840987723","1401","1401","1401"
"134688","18.706350051318154","17.11521363524629","20.29748646739002","1403","1403","1403"
"134880","14.462989583652579","9.337000041254834","19.588979126050322","1405","1405","1405"
"134976","17.11521363524629","17.11521363524629","17.11521363524629","1406","1406","1406"
"135072","23.54132965609347","23.54132965609347","23.54132965609347","1407","1407","1407"
"135168","14.3515713020685","14.3515713020685","14.3515713020685","1408","1408","1408"
"135264","5.926691632683173","5.926691632683173","5.926691632683173","1409","1409","1409"
"135360","11.653171881791796","11.653171881791796","11.653171881791796","1410","1410","1410"
"135456","18.902583302940368","18.902583302940368","18.902583302940368","1411","1411","1411"
"135552","2.609623779921672","2.609623779921672","2.609623779921672","1412","1412","1412"
"135648","8.240398906739864","8.240398906739864","8.240398906739864","1413","1413","1413"
"135744","23.241515750502806","23.241515750502806","23.241515750502806","1414","1414","1414"
"135840","18.86599022579764","8.240398906739864","29.49158154485541","1415","1415","1415"
"135936","15.274875856735548","15.274875856735548","15.274875856735548","1416","1416","1416"
"136128","36.00852331194131","29.49158154485541","42.525465079027214","1418","1418","1418"
"136224","9.337000041254834","9.337000041254834","9.337000041254834","1419","1419","1419"
"136320","-8.66020325142038","-8.66020325142038","-8.66020325142038","1420","1420","1420"
"136512","17.11521363524629","17.11521363524629","17.11521363524629","1422","1422","1422"
"136608","8.149960699238983","8.149960699238983","8.149960699238983","1423","1423","1423"
"136704","9.337000041254834","9.337000041254834","9.337000041254834","1424","1424","1424"
"136800","0.3836174986676703","0.3836174986676703","0.3836174986676703","1425","1425","1425"
"136896","29.18890130440896","29.18890130440896","29.18890130440896","1426","1426","1426"
"136992","29.254467226466375","29.254467226466375","29.254467226466375","1427","1427","1427"
"137088","9.337000041254834","9.337000041254834","9.337000041254834","1428","1428","1428"
"137184","10.211274968951937","3.3073363026575837","17.11521363524629","1429","1429","1429"
"137280","4.241154791065927","0.3383983949172267","8.143911187214629","1430","1430","1430"
"137376","3.625983026459282","0.3383983949172267","6.913567658001337","1431","1431","1431"
"137472","20.159367667301687","20.159367667301687","20.159367667301687","1432","1432","1432"
"137568","24.890975778752935","24.890975778752935","24.890975778752935","1433","1433","1433"
"137664","29.31085774551161","29.31085774551161","29.31085774551161","1434","1434","1434"
"137856","17.11521363524629","17.11521363524629","17.11521363524629","1436","1436","1436"
"137952","15.204531087235589","15.204531087235589","15.204531087235589","1437","1437","1437"
"138048","14.400764706381292","11.686315777516294","17.11521363524629","1438","1438","1438"
"138144","21.628006068152466","21.628006068152466","21.628006068152466","1439","1439","1439"
"138432","19.35240895350708","19.35240895350708","19.35240895350708","1442","1442","1442"
"138528","29.367817865759328","29.367817865759328","29.367817865759328","1443","1443","1443"
"138720","9.337000041254834","9.337000041254834","9.337000041254834","1445","1445","1445"
"138912","12.32371658765489","8.240398906739864","16.407034268569916","1447","1447","1447"
"139008","-8.66020325142038","-8.66020325142038","-8.66020325142038","1448","1448","1448"
"139104","16.114653257490502","15.114092879734713","17.11521363524629","1449","1449","1449"
"139296","29.18890130440896","29.18890130440896","29.18890130440896","1451","1451","1451"
"139392","9.337000041254834","9.337000041254834","9.337000041254834","1452","1452","1452"
"139488","12.027711669827697","0.3836174986676703","23.671805840987723","1453","1453","1453"
"139584","29.221323920085737","29.221323920085737","29.221323920085737","1454","1454","1454"
"139680","19.10289095560826","15.114092879734713","23.091689031481806","1455","1455","1455"
"139968","13.592029197036508","6.607560969987044","20.57649742408597","1458","1458","1458"
"140064","19.235037365904503","19.235037365904503","19.235037365904503","1459","1459","1459"
"140160","44.015531033368404","44.015531033368404","44.015531033368404","1460","1460","1460"
"140256","24.806024806847404","20.423148309285846","29.18890130440896","1461","1461","1461"
"140352","12.593303260202276","8.071392885158263","17.11521363524629","1462","1462","1462"
"140448","15.274875856735548","15.274875856735548","15.274875856735548","1463","1463","1463"
"140544","70.69901086686804","14.77278110907881","126.62524062465727","1464","1464","1464"
"140640","15.637527671739292","7.668815424548273","23.60623991893031","1465","1465","1465"
"140736","18.775628326125737","8.240398906739864","29.31085774551161","1466","1466","1466"
"140832","18.418784690480088","8.240398906739864","28.59717047422031","1467","1467","1467"
"141024","48.98650075702521","48.98650075702521","48.98650075702521","1469","1469","1469"
"141120","0.3836174986676703","0.3836174986676703","0.3836174986676703","1470","1470","1470"
"141216","12.632587167242637","8.149960699238983","17.11521363524629","1471","1471","1471"
"141408","0.3383983949172267","0.3383983949172267","0.3383983949172267","1473","1473","1473"
"141600","14.863219316579695","14.863219316579695","14.863219316579695","1475","1475","1475"
"141696","22.78771581938582","16.49762529593371","29.07780634283793","1476","1476","1476"
"141984","7.556110826866904","-4.183511980126794","19.295733633860603","1479","1479","1479"
"142176","8.240398906739864","8.240398906739864","8.240398906739864","1481","1481","1481"
"142272","9.337000041254834","9.337000041254834","9.337000041254834","1482","1482","1482"
"142368","16.733625117709593","9.337000041254834","24.130250194164354","1483","1483","1483"
"142464","21.002038708227012","17.11521363524629","24.88886378120774","1484","1484","1484"
"142560","14.475987370208045","-0.2099021723402581","29.161876912756348","1485","1485","1485"
"142752","28.222161098112473","28.222161098112473","28.222161098112473","1487","1487","1487"
"142848","22.84319279134658","20.585355136276284","25.10103044641688","1488","1488","1488"
"142944","29.367817865759328","29.367817865759328","29.367817865759328","1489","1489","1489"
"143232","23.671805840987723","23.671805840987723","23.671805840987723","1492","1492","1492"
"143328","6.759643064708677","0.2931792911667915","13.226106838250562","1493","1493","1493"
"143424","0.3383983949172267","-8.66020325142038","9.337000041254834","1494","1494","1494"
"143520","13.785093344502087","4.266789098953327","23.30339759005085","1495","1495","1495"
"143616","8.149960699238983","8.149960699238983","8.149960699238983","1496","1496","1496"
"143712","3.0562889288292148","-8.66020325142038","14.77278110907881","1497","1497","1497"
"143904","13.739020384639588","13.739020384639588","13.739020384639588","1499","1499","1499"
"144000","17.11521363524629","17.11521363524629","17.11521363524629","1500","1500","1500"
"144096","8.743480370246909","8.149960699238983","9.337000041254834","1501","1501","1501"
"144192","10.325469647346235","-8.66020325142038","29.31114254611285","1502","1502","1502"
"144288","14.77278110907881","14.77278110907881","14.77278110907881","1503","1503","1503"
"144384","-8.66020325142038","-8.66020325142038","-8.66020325142038","1504","1504","1504"
"144480","9.337000041254834","9.337000041254834","9.337000041254834","1505","1505","1505"
"144576","8.149960699238983","8.149960699238983","8.149960699238983","1506","1506","1506"
"144672","17.315367085404784","11.506590007909338","23.12414416290023","1507","1507","1507"
"144768","18.489839986303522","17.11521363524629","19.864466337360753","1508","1508","1508"
"144864","10.236435719566895","10.236435719566895","10.236435719566895","1509","1509","1509"
"144960","5.901024185165721","-8.66020325142038","20.46225162175182","1510","1510","1510"
"145056","-4.1609024282515765","-8.66020325142038","0.3383983949172267","1511","1511","1511"
"145152","23.180252729350244","23.180252729350244","23.180252729350244","1512","1512","1512"
"145248","-4.1609024282515765","-8.66020325142038","0.3383983949172267","1513","1513","1513"
"145440","14.77278110907881","14.77278110907881","14.77278110907881","1515","1515","1515"
"145536","23.364984726700506","20.299615880702667","26.430353572698344","1516","1516","1516"
"145632","25.104688453756268","25.104688453756268","25.104688453756268","1517","1517","1517"
"145728","16.690086315210547","4.312008202703767","29.068164427717328","1518","1518","1518"
"145920","25.295794404799967","25.295794404799967","25.295794404799967","1520","1520","1520"
"146016","8.240398906739864","8.240398906739864","8.240398906739864","1521","1521","1521"
"146208","29.068164427717328","29.068164427717328","29.068164427717328","1523","1523","1523"
"146400","7.064721694298223","-8.66020325142038","22.789646640016826","1525","1525","1525"
"146496","3.101508032579657","3.101508032579657","3.101508032579657","1526","1526","1526"
"146592","29.31085774551161","29.31085774551161","29.31085774551161","1527","1527","1527"
"146688","17.11521363524629","17.11521363524629","17.11521363524629","1528","1528","1528"
"146784","13.226106838250562","13.226106838250562","13.226106838250562","1529","1529","1529"
"146976","8.78869947399735","8.240398906739864","9.337000041254834","1531","1531","1531"
"147072","0.3836174986676703","0.3836174986676703","0.3836174986676703","1532","1532","1532"
"147168","0.3836174986676703","0.3836174986676703","0.3836174986676703","1533","1533","1533"
"147264","8.70419646320654","0.2931792911667915","17.11521363524629","1534","1534","1534"
"147456","14.863219316579695","14.863219316579695","14.863219316579695","1536","1536","1536"
"147552","-8.66020325142038","-8.66020325142038","-8.66020325142038","1537","1537","1537"
"147840","128.80971285152103","128.80971285152103","128.80971285152103","1540","1540","1540"
"148032","23.60623991893031","23.60623991893031","23.60623991893031","1542","1542","1542"
"148128","7.054082049313051","-8.66020325142038","22.768367350046482","1543","1543","1543"
"148224","0.3836174986676703","0.3836174986676703","0.3836174986676703","1544","1544","1544"
"148320","13.226106838250562","13.226106838250562","13.226106838250562","1545","1545","1545"
"148416","3.0683939305304557","-8.66020325142038","14.796991112481292","1546","1546","1546"
"148512","16.23057240735453","15.345931179462774","17.11521363524629","1547","1547","1547"
"148608","17.11521363524629","17.11521363524629","17.11521363524629","1548","1548","1548"
"148704","-8.66020325142038","-8.66020325142038","-8.66020325142038","1549","1549","1549"
"148800","13.784623321324831","13.226106838250562","14.343139804399101","1550","1550","1550"
"148896","16.228301189832017","16.228301189832017","16.228301189832017","1551","1551","1551"
"148992","24.956151565642696","24.956151565642696","24.956151565642696","1552","1552","1552"
"149184","0.3383983949172267","0.3383983949172267","0.3383983949172267","1554","1554","1554"
"149280","15.297017338176012","10.203980588148474","20.39005408820355","1555","1555","1555"
"149472","5.592823374465807","5.592823374465807","5.592823374465807","1557","1557","1557"
"149568","8.240398906739864","8.240398906739864","8.240398906739864","1558","1558","1558"
"149664","-8.66020325142038","-8.66020325142038","-8.66020325142038","1559","1559","1559"
"149760","-8.66020325142038","-8.66020325142038","-8.66020325142038","1560","1560","1560"
"149856","10.382575044668316","10.382575044668316","10.382575044668316","1561","1561","1561"
"149952","9.337000041254834","9.337000041254834","9.337000041254834","1562","1562","1562"
"150048","14.891440371656586","9.337000041254834","20.445880702058336","1563","1563","1563"
"150144","24.817672955828872","20.39005408820355","29.245291823454195","1564","1564","1564"
"150336","13.577154745609048","7.768786435661821","19.385523055556277","1566","1566","1566"
"150432","12.100109678917264","9.337000041254834","14.863219316579695","1567","1567","1567"
"150528","14.79112905563963","0.3836174986676703","29.198640612611587","1568","1568","1568"
"150624","23.671805840987723","23.671805840987723","23.671805840987723","1569","1569","1569"
"150720","18.780547168652316","8.240398906739864","29.320695430564765","1570","1570","1570"
"150816","9.337000041254834","9.337000041254834","9.337000041254834","1571","1571","1571"
"151104","11.773129579534391","9.337000041254834","14.209259117813946","1574","1574","1574"
"151200","22.030929964595636","20.323825884105148","23.73803404508612","1575","1575","1575"
"151392","9.337000041254834","9.337000041254834","9.337000041254834","1577","1577","1577"
"151584","12.677806270993077","8.240398906739864","17.11521363524629","1579","1579","1579"
"151776","29.43404606985772","29.43404606985772","29.43404606985772","1581","1581","1581"
"151872","95.6059053102651","95.6059053102651","95.6059053102651","1582","1582","1582"
"151968","29.245291823454195","29.245291823454195","29.245291823454195","1583","1583","1583"
"152064","17.11521363524629","17.11521363524629","17.11521363524629","1584","1584","1584"
"152160","25.084303676756164","25.084303676756164","25.084303676756164","1585","1585","1585"
"152256","12.591330390843565","0.3383983949172267","24.844262386769902","1586","1586","1586"
"152352","16.67667508065592","16.67667508065592","16.67667508065592","1587","1587","1587"
"152448","14.863219316579695","14.863219316579695","14.863219316579695","1588","1588","1588"
"152640","17.18773014545635","9.337000041254834","25.038460249657867","1590","1590","1590"
"152832","12.677806270993077","8.240398906739864","17.11521363524629","1592","1592","1592"
"152928","8.240398906739864","8.240398906739864","8.240398906739864","1593","1593","1593"
"153024","25.151747117914837","25.151747117914837","25.151747117914837","1594","1594","1594"
"153120","0.8467592199830145","-8.66020325142038","10.35372169138641","1595","1595","1595"
"153216","6.026400228989029","6.026400228989029","6.026400228989029","1596","1596","1596"
"153312","17.11521363524629","17.11521363524629","17.11521363524629","1597","1597","1597"
"153504","8.240398906739864","8.240398906739864","8.240398906739864","1599","1599","1599"
"153600","-8.66020325142038","-8.66020325142038","-8.66020325142038","1600","1600","1600"
"153696","0.3836174986676703","0.3836174986676703","0.3836174986676703","1601","1601","1601"
"153792","7.013070305291468","-8.66020325142038","22.686343862003316","1602","1602","1602"
"153888","11.757637381737705","11.757637381737705","11.757637381737705","1603","1603","1603"
"153984","-1.8773376888543425","-4.138292876376355","0.3836174986676703","1604","1604","1604"
"154080","11.033452069632316","4.951690504018344","17.11521363524629","1605","1605","1605"
"154176","20.802850135398696","20.802850135398696","20.802850135398696","1606","1606","1606"
"154272","-2.812296140959317","-8.66020325142038","3.0356109695017466","1607","1607","1607"
"154464","9.337000041254834","9.337000041254834","9.337000041254834","1609","1609","1609"
"154752","25.18638202377069","25.18638202377069","25.18638202377069","1612","1612","1612"
"154848","0.2931792911667915","0.2931792911667915","0.2931792911667915","1613","1613","1613"
"154944","17.611973046833995","14.863219316579695","20.3607267770883","1614","1614","1614"
"155040","55.682998702885925","55.682998702885925","55.682998702885925","1615","1615","1615"
"155136","3.831814527762668","3.831814527762668","3.831814527762668","1616","1616","1616"
"155328","19.120505974710085","19.120505974710085","19.120505974710085","1618","1618","1618"
"155424","46.30459259818271","46.30459259818271","46.30459259818271","1619","1619","1619"
"155520","0.3836174986676703","0.3836174986676703","0.3836174986676703","1620","1620","1620"
"155712","17.244373579584835","9.337000041254834","25.151747117914837","1622","1622","1622"
"155808","17.11521363524629","17.11521363524629","17.11521363524629","1623","1623","1623"
"155904","8.314376783412609","-8.66020325142038","25.288956818245598","1624","1624","1624"
"156192","12.027711669827697","0.3836174986676703","23.671805840987723","1627","1627","1627"
"156288","0.3836174986676703","0.3836174986676703","0.3836174986676703","1628","1628","1628"
"156384","20.436043017005172","20.436043017005172","20.436043017005172","1629","1629","1629"
"156480","0.3836174986676703","0.3836174986676703","0.3836174986676703","1630","1630","1630"
"156672","14.853982474035869","-8.66020325142038","38.36816819949212","1632","1632","1632"
"156768","7.910799775558859","7.910799775558859","7.910799775558859","1633","1633","1633"
"156960","4.792395589266925","4.792395589266925","4.792395589266925","1635","1635","1635"
"157056","89.57850576769096","89.57850576769096","89.57850576769096","1636","1636","1636"
"157152","14.863219316579695","14.863219316579695","14.863219316579695","1637","1637","1637"
"157344","0.3836174986676703","0.3836174986676703","0.3836174986676703","1639","1639","1639"
"157440","-8.66020325142038","-8.66020325142038","-8.66020325142038","1640","1640","1640"
"157536","24.42770716728809","24.42770716728809","24.42770716728809","1641","1641","1641"
"157632","0.3836174986676703","0.3836174986676703","0.3836174986676703","1642","1642","1642"
"157824","18.74743306660312","8.240398906739864","29.254467226466375","1644","1644","1644"
"157920","15.989216475912992","14.863219316579695","17.11521363524629","1645","1645","1645"
"158016","15.989216475912993","8.240398906739864","23.73803404508612","1646","1646","1646"
"158112","14.863219316579695","14.863219316579695","14.863219316579695","1647","1647","1647"
"158208","-8.66020325142038","-8.66020325142038","-8.66020325142038","1648","1648","1648"
"158304","8.240398906739864","8.240398906739864","8.240398906739864","1649","1649","1649"
"158400","23.73803404508612","23.73803404508612","23.73803404508612","1650","1650","1650"
"158496","-0.2099021723402581","-8.66020325142038","8.240398906739864","1651","1651","1651"
"158592","0.3836174986676703","0.3836174986676703","0.3836174986676703","1652","1652","1652"
"158784","15.345931179462774","15.345931179462774","15.345931179462774","1654","1654","1654"
"158880","18.775628326125737","8.240398906739864","29.31085774551161","1655","1655","1655"
"158976","8.240398906739864","8.240398906739864","8.240398906739864","1656","1656","1656"
"159168","29.254467226466375","29.254467226466375","29.254467226466375","1658","1658","1658"
"159264","13.996604706800307","13.996604706800307","13.996604706800307","1659","1659","1659"
"159360","-8.66020325142038","-8.66020325142038","-8.66020325142038","1660","1660","1660"
"159456","17.11521363524629","17.11521363524629","17.11521363524629","1661","1661","1661"
"159552","29.49158154485541","29.49158154485541","29.49158154485541","1662","1662","1662"
"159936","24.774300229192843","24.774300229192843","24.774300229192843","1666","1666","1666"
"160032","52.05800127161029","17.11521363524629","87.00078890797428","1667","1667","1667"
"160128","7.53891539683287","7.53891539683287","7.53891539683287","1668","1668","1668"
"160320","9.299420127917337","8.240398906739864","10.35844134909481","1670","1670","1670"
"160416","23.995048005524822","23.995048005524822","23.995048005524822","1671","1671","1671"
"160512","19.151383579078665","19.151383579078665","19.151383579078665","1672","1672","1672"
"160608","8.240398906739864","8.240398906739864","8.240398906739864","1673","1673","1673"
"160704","8.240398906739864","8.240398906739864","8.240398906739864","1674","1674","1674"
"160896","17.11521363524629","17.11521363524629","17.11521363524629","1676","1676","1676"
"160992","8.240398906739864","8.240398906739864","8.240398906739864","1677","1677","1677"
"161088","20.168279637136983","10.95947332466396","29.377085949610002","1678","1678","1678"
"161184","17.11521363524629","17.11521363524629","17.11521363524629","1679","1679","1679"
"161376","0.3836174986676703","0.3836174986676703","0.3836174986676703","1681","1681","1681"
"161472","0.3383983949172267","0.3383983949172267","0.3383983949172267","1682","1682","1682"
"161568","8.78869947399735","8.240398906739864","9.337000041254834","1683","1683","1683"
"161664","23.274552901623707","23.274552901623707","23.274552901623707","1684","1684","1684"
"161760","11.049919996322494","11.049919996322494","11.049919996322494","1685","1685","1685"
"161856","17.29361869379084","5.210151437971678","29.377085949610002","1686","1686","1686"
"162048","44.45126341323443","22.222503827033172","66.68002299943568","1688","1688","1688"
"162144","15.989216475912992","14.863219316579695","17.11521363524629","1689","1689","1689"
"162240","0.3836174986676703","0.3836174986676703","0.3836174986676703","1690","1690","1690"
"162432","45.85561078450516","45.85561078450516","45.85561078450516","1692","1692","1692"
"162528","-0.4403965408320869","-8.66020325142038","7.779410169756207","1693","1693","1693"
"162624","8.240398906739864","8.240398906739864","8.240398906739864","1694","1694","1694"
"162912","9.337000041254834","9.337000041254834","9.337000041254834","1697","1697","1697"
"163008","4.453512752512534","0.3836174986676703","8.523408006357398","1698","1698","1698"
"163104","17.11521363524629","17.11521363524629","17.11521363524629","1699","1699","1699"
"163200","0.3836174986676703","0.3836174986676703","0.3836174986676703","1700","1700","1700"
"163296","23.73803404508612","23.73803404508612","23.73803404508612","1701","1701","1701"
"163488","0.3836174986676703","0.3836174986676703","0.3836174986676703","1703","1703","1703"
"163584","0.3836174986676703","0.3836174986676703","0.3836174986676703","1704","1704","1704"
"163872","17.369086996200227","9.337000041254834","25.401173951145623","1707","1707","1707"
"163968","20.564929600357665","20.564929600357665","20.564929600357665","1708","1708","1708"
"164064","-4.138292876376355","-8.66020325142038","0.3836174986676703","1709","1709","1709"
"164256","9.337000041254834","9.337000041254834","9.337000041254834","1711","1711","1711"
"164352","12.55808717504501","-4.138292876376355","29.254467226466375","1712","1712","1712"
"164448","10.38692140921867","10.38692140921867","10.38692140921867","1713","1713","1713"
"164544","25.19146865391776","25.19146865391776","25.19146865391776","1714","1714","1714"
"164736","21.818276156952862","18.587690474004244","25.048861839901484","1716","1716","1716"
"165024","-8.66020325142038","-8.66020325142038","-8.66020325142038","1719","1719","1719"
"165120","16.537517043170478","16.537517043170478","16.537517043170478","1720","1720","1720"
"165312","17.11521363524629","17.11521363524629","17.11521363524629","1722","1722","1722"
"165504","25.50761793735336","25.50761793735336","25.50761793735336","1724","1724","1724"
"165984","0.3836174986676703","0.3836174986676703","0.3836174986676703","1729","1729","1729"
"166176","12.100109678917264","9.337000041254834","14.863219316579695","1731","1731","1731"
"166272","0.3836174986676703","0.3836174986676703","0.3836174986676703","1732","1732","1732"
"166560","14.554283188223614","14.554283188223614","14.554283188223614","1735","1735","1735"
"166848","5.750236721283068","-8.66020325142038","20.160676693986517","1738","1738","1738"
"166944","9.337000041254834","9.337000041254834","9.337000041254834","1739","1739","1739"
"167040","9.337000041254834","9.337000041254834","9.337000041254834","1740","1740","1740"
"167232","9.337000041254834","9.337000041254834","9.337000041254834","1742","1742","1742"
"167328","40.86942824078951","9.337000041254834","72.40185644032418","1743","1743","1743"
"167424","28.288107427859416","17.11521363524629","39.461001220472546","1744","1744","1744"
"167520","16.133517271571023","3.0683939305304557","29.198640612611587","1745","1745","1745"
"167616","3.101508032579657","-8.66020325142038","14.863219316579695","1746","1746","1746"
"167712","29.31085774551161","29.31085774551161","29.31085774551161","1747","1747","1747"
"167808","4.227505191912954","4.227505191912954","4.227505191912954","1748","1748","1748"
"167904","17.11521363524629","17.11521363524629","17.11521363524629","1749","1749","1749"
"168096","29.49158154485541","29.49158154485541","29.49158154485541","1751","1751","1751"
"168192","-8.66020325142038","-8.66020325142038","-8.66020325142038","1752","1752","1752"
"168288","0.3836174986676703","0.3836174986676703","0.3836174986676703","1753","1753","1753"
"168480","25.491373436244878","25.491373436244878","25.491373436244878","1755","1755","1755"
"168576","8.38710503228839","8.38710503228839","8.38710503228839","1756","1756","1756"
"168672","14.853738568101296","9.337000041254834","20.370477094947756","1757","1757","1757"
"168768","20.436043017005172","20.436043017005172","20.436043017005172","1758","1758","1758"
"168864","0.3610079467924485","0.3383983949172267","0.3836174986676703","1759","1759","1759"
"169056","-4.138292876376355","-8.66020325142038","0.3836174986676703","1761","1761","1761"
"169152","16.893878657747177","16.672543680248065","17.11521363524629","1762","1762","1762"
"169248","40.71624962407726","40.71624962407726","40.71624962407726","1763","1763","1763"
"169344","0.3836174986676703","0.3836174986676703","0.3836174986676703","1764","1764","1764"
"169440","27.409237841432482","25.384429613007242","29.43404606985772","1765","1765","1765"
"169536","59.8163219365812","23.30339759005085","96.32924628311154","1766","1766","1766"
"169632","0.3836174986676703","0.3836174986676703","0.3836174986676703","1767","1767","1767"
"169824","0.3836174986676703","0.3836174986676703","0.3836174986676703","1769","1769","1769"
"169920","-8.66020325142038","-8.66020325142038","-8.66020325142038","1770","1770","1770"
"170016","59.624973818611636","9.337000041254834","109.91294759596843","1771","1771","1771"
"170112","29.31085774551161","29.31085774551161","29.31085774551161","1772","1772","1772"
"170208","15.989216475912993","8.240398906739864","23.73803404508612","1773","1773","1773"
"170304","0.3836174986676703","0.3836174986676703","0.3836174986676703","1774","1774","1774"
"170496","9.337000041254834","9.337000041254834","9.337000041254834","1776","1776","1776"
"170592","9.337000041254834","9.337000041254834","9.337000041254834","1777","1777","1777"
"170784","23.73803404508612","23.73803404508612","23.73803404508612","1779","1779","1779"
"170880","19.385523055556277","19.385523055556277","19.385523055556277","1780","1780","1780"
"170976","13.991907021845744","4.312008202703767","23.671805840987723","1781","1781","1781"
"171168","0.3836174986676703","0.3836174986676703","0.3836174986676703","1783","1783","1783"
"171264","29.49158154485541","29.49158154485541","29.49158154485541","1784","1784","1784"
"171360","21.204815669106694","17.11521363524629","25.2944177029671","1785","1785","1785"
"171456","16.989791633055855","16.989791633055855","16.989791633055855","1786","1786","1786"
"171648","-0.2099021723402581","-8.66020325142038","8.240398906739864","1788","1788","1788"
"172128","7.590304305574481","7.590304305574481","7.590304305574481","1793","1793","1793"
"172224","0.3836174986676703","0.3836174986676703","0.3836174986676703","1794","1794","1794"
"172416","12.677806270993077","8.240398906739864","17.11521363524629","1796","1796","1796"
"172512","17.11521363524629","17.11521363524629","17.11521363524629","1797","1797","1797"
"172704","29.377085949610002","29.377085949610002","29.377085949610002","1799","1799","1799"
"172800","9.337000041254834","9.337000041254834","9.337000041254834","1800","1800","1800"
"172896","8.240398906739864","8.240398906739864","8.240398906739864","1801","1801","1801"
"172992","14.908831784262697","0.3836174986676703","29.43404606985772","1802","1802","1802"
"173088","25.11550114161673","25.11550114161673","25.11550114161673","1803","1803","1803"
"173184","25.34291683999452","25.34291683999452","25.34291683999452","1804","1804","1804"
"173280","-8.66020325142038","-8.66020325142038","-8.66020325142038","1805","1805","1805"
"173376","25.285956719746803","25.285956719746803","25.285956719746803","1806","1806","1806"
"173472","14.915001589253862","9.337000041254834","20.493003137252888","1807","1807","1807"
"173568","9.439819632394343","0.3836174986676703","18.496021766121014","1808","1808","1808"
"173664","12.677806270993077","8.240398906739864","17.11521363524629","1809","1809","1809"
"173760","8.240398906739864","8.240398906739864","8.240398906739864","1810","1810","1810"
"173856","22.115518591169508","14.796991112481292","29.43404606985772","1811","1811","1811"
"174048","17.11521363524629","17.11521363524629","17.11521363524629","1813","1813","1813"
"174144","23.103163555661467","17.017425806913977","29.18890130440896","1814","1814","1814"
"174336","22.120152633094847","14.863219316579695","29.377085949610002","1816","1816","1816"
"174528","29.198640612611587","29.198640612611587","29.198640612611587","1818","1818","1818"
"174624","-8.66020325142038","-8.66020325142038","-8.66020325142038","1819","1819","1819"
"174720","21.36165193223414","17.11521363524629","25.608090229221986","1820","1820","1820"
"174816","15.95610237386379","14.796991112481292","17.11521363524629","1821","1821","1821"
"174912","8.42370734296649","-8.66020325142038","25.50761793735336","1822","1822","1822"
"175008","78.80974323494836","78.80974323494836","78.80974323494836","1823","1823","1823"
"175104","0.3836174986676703","0.3836174986676703","0.3836174986676703","1824","1824","1824"
"175200","48.471530467030526","48.471530467030526","48.471530467030526","1825","1825","1825"
"175296","8.240398906739864","8.240398906739864","8.240398906739864","1826","1826","1826"
"175392","8.240398906739864","8.240398906739864","8.240398906739864","1827","1827","1827"
"175488","-8.66020325142038","-8.66020325142038","-8.66020325142038","1828","1828","1828"
"175680","29.367817865759328","29.367817865759328","29.367817865759328","1830","1830","1830"
"175776","20.493003137252888","20.493003137252888","20.493003137252888","1831","1831","1831"
"175968","29.43404606985772","29.43404606985772","29.43404606985772","1833","1833","1833"
"176064","13.81296098114807","8.240398906739864","19.385523055556277","1834","1834","1834"
"176256","23.30339759005085","23.30339759005085","23.30339759005085","1836","1836","1836"
"176352","25.491373436244878","25.491373436244878","25.491373436244878","1837","1837","1837"
"176448","8.217815135818102","0.3836174986676703","16.05201277296853","1838","1838","1838"
"176544","8.74941556695698","0.3836174986676703","17.11521363524629","1839","1839","1839"
"176640","8.240398906739864","8.240398906739864","8.240398906739864","1840","1840","1840"
"176736","29.49158154485541","29.49158154485541","29.49158154485541","1841","1841","1841"
"176832","23.73803404508612","23.73803404508612","23.73803404508612","1842","1842","1842"
"176928","14.796991112481292","14.796991112481292","14.796991112481292","1843","1843","1843"
"177024","17.11521363524629","17.11521363524629","17.11521363524629","1844","1844","1844"
"177120","29.320695430564765","29.320695430564765","29.320695430564765","1845","1845","1845"
"177216","0.3836174986676703","0.3836174986676703","0.3836174986676703","1846","1846","1846"
"177312","-8.66020325142038","-8.66020325142038","-8.66020325142038","1847","1847","1847"
"177408","14.913800312067321","0.3836174986676703","29.44398312546697","1848","1848","1848"
"177600","10.274698608786682","10.274698608786682","10.274698608786682","1850","1850","1850"
"177696","12.909015407332417","12.909015407332417","12.909015407332417","1851","1851","1851"
"177792","0.3836174986676703","0.3836174986676703","0.3836174986676703","1852","1852","1852"
"177888","14.796991112481292","14.796991112481292","14.796991112481292","1853","1853","1853"
"177984","19.757293121321634","10.425929641987006","29.088656600656265","1854","1854","1854"
"178080","29.15488480475467","29.15488480475467","29.15488480475467","1855","1855","1855"
"178176","12.61146037723415","12.61146037723415","12.61146037723415","1856","1856","1856"
"178272","17.11521363524629","17.11521363524629","17.11521363524629","1857","1857","1857"
"178368","0.3836174986676703","0.3836174986676703","0.3836174986676703","1858","1858","1858"
"178560","23.73803404508612","23.73803404508612","23.73803404508612","1860","1860","1860"
"178656","25.328039093962005","25.328039093962005","25.328039093962005","1861","1861","1861"
"178752","8.74941556695698","0.3836174986676703","17.11521363524629","1862","1862","1862"
"178944","24.912050079030635","20.55923134135129","29.264868816709978","1864","1864","1864"
"179232","8.240398906739864","8.240398906739864","8.240398906739864","1867","1867","1867"
"179328","-8.66020325142038","-8.66020325142038","-8.66020325142038","1868","1868","1868"
"179424","-8.66020325142038","-8.66020325142038","-8.66020325142038","1869","1869","1869"
"179520","23.150665258795463","16.924244567980924","29.377085949610002","1870","1870","1870"
"179616","-8.66020325142038","-8.66020325142038","-8.66020325142038","1871","1871","1871"
"179712","8.240398906739864","8.240398906739864","8.240398906739864","1872","1872","1872"
"179808","17.11521363524629","17.11521363524629","17.11521363524629","1873","1873","1873"
"179904","0.3383983949172267","0.3383983949172267","0.3383983949172267","1874","1874","1874"
"180000","29.18890130440896","29.18890130440896","29.18890130440896","1875","1875","1875"
"180096","15.956102373863793","8.240398906739864","23.671805840987723","1876","1876","1876"
"180192","9.337000041254834","9.337000041254834","9.337000041254834","1877","1877","1877"
"180288","29.367817865759328","29.367817865759328","29.367817865759328","1878","1878","1878"
"180384","20.493003137252888","20.493003137252888","20.493003137252888","1879","1879","1879"
"180576","4.860308769961252","0.3836174986676703","9.337000041254834","1881","1881","1881"
"180768","-8.66020325142038","-8.66020325142038","-8.66020325142038","1883","1883","1883"
"180960","17.389194887254895","9.337000041254834","25.441389733254958","1885","1885","1885"
"181056","110.82971265866837","110.82971265866837","110.82971265866837","1886","1886","1886"
"181152","12.677806270993077","8.240398906739864","17.11521363524629","1887","1887","1887"
"181248","4.312008202703767","4.312008202703767","4.312008202703767","1888","1888","1888"
"181440","8.240398906739864","8.240398906739864","8.240398906739864","1890","1890","1890"
"181536","16.471619980092573","16.471619980092573","16.471619980092573","1891","1891","1891"
"181632","29.49158154485541","29.49158154485541","29.49158154485541","1892","1892","1892"
"181728","0.3836174986676703","0.3836174986676703","0.3836174986676703","1893","1893","1893"
"181824","16.694900187982984","16.694900187982984","16.694900187982984","1894","1894","1894"
"181920","17.11521363524629","17.11521363524629","17.11521363524629","1895","1895","1895"
"182112","8.78869947399735","8.240398906739864","9.337000041254834","1897","1897","1897"
"182208","0.3836174986676703","0.3836174986676703","0.3836174986676703","1898","1898","1898"
"182400","10.236435719566895","-8.66020325142038","29.13307469055417","1900","1900","1900"
"182496","15.761021340265536","15.761021340265536","15.761021340265536","1901","1901","1901"
"182592","29.43404606985772","29.43404606985772","29.43404606985772","1902","1902","1902"
"182688","98.00483773307283","98.00483773307283","98.00483773307283","1903","1903","1903"
"182784","15.95610237386379","14.796991112481292","17.11521363524629","1904","1904","1904"
"182880","75.88661364658176","75.88661364658176","75.88661364658176","1905","1905","1905"
"183072","29.377085949610002","29.377085949610002","29.377085949610002","1907","1907","1907"
"183168","17.11521363524629","17.11521363524629","17.11521363524629","1908","1908","1908"
"183264","25.541862025123585","25.541862025123585","25.541862025123585","1909","1909","1909"
"183360","14.79108490646813","0.3836174986676703","29.19855231426859","1910","1910","1910"
"183552","27.76312736845177","17.11521363524629","38.411041101657254","1912","1912","1912"
"183648","9.337000041254834","9.337000041254834","9.337000041254834","1913","1913","1913"
"183744","14.33822096187252","14.33822096187252","14.33822096187252","1914","1914","1914"
"183840","9.884570277111974","0.3836174986676703","19.385523055556277","1915","1915","1915"
"183936","9.337000041254834","9.337000041254834","9.337000041254834","1916","1916","1916"
"184224","23.184840430856333","23.184840430856333","23.184840430856333","1919","1919","1919"
"184320","20.436043017005172","20.436043017005172","20.436043017005172","1920","1920","1920"
"184416","29.254467226466375","29.254467226466375","29.254467226466375","1921","1921","1921"
"184512","-4.138292876376355","-8.66020325142038","0.3836174986676703","1922","1922","1922"
"184704","14.777432673377367","14.777432673377367","14.777432673377367","1924","1924","1924"
"184800","-8.66020325142038","-8.66020325142038","-8.66020325142038","1925","1925","1925"
"184896","12.677806270993077","8.240398906739864","17.11521363524629","1926","1926","1926"
"184992","8.240398906739864","8.240398906739864","8.240398906739864","1927","1927","1927"
"185184","11.518695009610578","11.518695009610578","11.518695009610578","1929","1929","1929"
"185280","4.080291588761181","-8.66020325142038","16.820786428942743","1930","1930","1930"
"185376","29.377085949610002","29.377085949610002","29.377085949610002","1931","1931","1931"
"185568","29.320695430564765","29.320695430564765","29.320695430564765","1933","1933","1933"
"185760","29.320695430564765","29.320695430564765","29.320695430564765","1935","1935","1935"
"185856","17.11521363524629","17.11521363524629","17.11521363524629","1936","1936","1936"
"186048","29.377085949610002","29.377085949610002","29.377085949610002","1938","1938","1938"
"186144","11.518123810043944","-0.2099021723402581","23.246149792428145","1939","1939","1939"
"186240","8.990929878359246","7.623418407623682","10.35844134909481","1940","1940","1940"
"186432","14.796991112481292","14.796991112481292","14.796991112481292","1942","1942","1942"
"186528","14.796991112481292","14.796991112481292","14.796991112481292","1943","1943","1943"
"186624","16.692340793242767","14.796991112481292","18.587690474004244","1944","1944","1944"
"186720","0.3836174986676703","0.3836174986676703","0.3836174986676703","1945","1945","1945"
"186912","23.671805840987723","23.671805840987723","23.671805840987723","1947","1947","1947"
"187008","29.254467226466375","29.254467226466375","29.254467226466375","1948","1948","1948"
"187104","52.23851732892786","0.2931792911667843","104.18385536668895","1949","1949","1949"
"187296","-8.66020325142038","-8.66020325142038","-8.66020325142038","1951","1951","1951"
"187488","8.240398906739864","8.240398906739864","8.240398906739864","1953","1953","1953"
"187584","8.240398906739864","8.240398906739864","8.240398906739864","1954","1954","1954"
"187680","-8.66020325142038","-8.66020325142038","-8.66020325142038","1955","1955","1955"
"187776","64.62977927714354","0.3836174986676703","128.87594105561942","1956","1956","1956"
"187968","23.73803404508612","23.73803404508612","23.73803404508612","1958","1958","1958"
"188160","-2.1740975243583067","-8.66020325142038","4.312008202703767","1960","1960","1960"
"188256","17.840220741029672","17.840220741029672","17.840220741029672","1961","1961","1961"
"188352","23.73803404508612","23.73803404508612","23.73803404508612","1962","1962","1962"
"188544","5.074269588377277","-0.2099021723402581","10.35844134909481","1964","1964","1964"
"188640","-8.66020325142038","-8.66020325142038","-8.66020325142038","1965","1965","1965"
"189024","66.06158611036602","4.312008202703767","127.81116401802828","1969","1969","1969"
"189120","9.337000041254834","9.337000041254834","9.337000041254834","1970","1970","1970"
"189216","4.312008202703767","4.312008202703767","4.312008202703767","1971","1971","1971"
"189312","4.312008202703767","4.312008202703767","4.312008202703767","1972","1972","1972"
"189408","18.606677180753483","18.606677180753483","18.606677180753483","1973","1973","1973"
"189600","29.31085774551161","29.31085774551161","29.31085774551161","1975","1975","1975"
"189792","25.437053462891946","21.44006085592617","29.43404606985772","1977","1977","1977"
"189888","4.860308769961252","0.3836174986676703","9.337000041254834","1978","1978","1978"
"189984","17.11521363524629","17.11521363524629","17.11521363524629","1979","1979","1979"
"190368","15.858733701312431","8.240398906739864","23.477068495885","1983","1983","1983"
"190464","34.539978978134705","34.539978978134705","34.539978978134705","1984","1984","1984"
"190560","12.677806270993077","8.240398906739864","17.11521363524629","1985","1985","1985"
"190752","85.8907201249384","85.8907201249384","85.8907201249384","1987","1987","1987"
"190848","29.31085774551161","29.31085774551161","29.31085774551161","1988","1988","1988"
"190944","0.3383983949172267","0.3383983949172267","0.3383983949172267","1989","1989","1989"
"191328","8.240398906739864","8.240398906739864","8.240398906739864","1993","1993","1993"
"191424","-8.66020325142038","-8.66020325142038","-8.66020325142038","1994","1994","1994"
"191520","29.18890130440896","29.18890130440896","29.18890130440896","1995","1995","1995"
"191712","71.27096346320559","14.796991112481292","127.74493581392989","1997","1997","1997"
"191904","27.25574239800528","25.434413315997162","29.0770714800134","1999","1999","1999"
"192096","0.3836174986676703","0.3836174986676703","0.3836174986676703","2001","2001","2001"
"192192","59.79999133500747","17.11521363524629","102.48476903476865","2002","2002","2002"
"192384","12.894469476851688","12.894469476851688","12.894469476851688","2004","2004","2004"
"192480","19.072882814277662","19.072882814277662","19.072882814277662","2005","2005","2005"
"192576","17.11521363524629","17.11521363524629","17.11521363524629","2006","2006","2006"
"192768","6.977926324514068","6.977926324514068","6.977926324514068","2008","2008","2008"
"192960","17.11521363524629","17.11521363524629","17.11521363524629","2010","2010","2010"
"193152","-8.66020325142038","-8.66020325142038","-8.66020325142038","2012","2012","2012"
"193344","-8.66020325142038","-8.66020325142038","-8.66020325142038","2014","2014","2014"
"193440","13.454031696983268","0.3836174986676703","26.524445895298864","2015","2015","2015"
"193632","0.3836174986676703","0.3836174986676703","0.3836174986676703","2017","2017","2017"
"193728","-8.66020325142038","-8.66020325142038","-8.66020325142038","2018","2018","2018"
"193824","13.226106838250562","13.226106838250562","13.226106838250562","2019","2019","2019"
"193920","-8.66020325142038","-8.66020325142038","-8.66020325142038","2020","2020","2020"
"194016","2.6390170266262074","2.6390170266262074","2.6390170266262074","2021","2021","2021"
"194112","3.9386568958750487","-8.66020325142038","16.537517043170478","2022","2022","2022"
"194208","40.34947684572591","8.240398906739864","72.45855478471195","2023","2023","2023"
"194304","9.337000041254834","9.337000041254834","9.337000041254834","2024","2024","2024"
"194400","29.377085949610002","29.377085949610002","29.377085949610002","2025","2025","2025"
"194496","-8.66020325142038","-8.66020325142038","-8.66020325142038","2026","2026","2026"
"194688","17.11521363524629","17.11521363524629","17.11521363524629","2028","2028","2028"
"194976","16.824771975416393","16.824771975416393","16.824771975416393","2031","2031","2031"
"195072","18.911093622113256","18.911093622113256","18.911093622113256","2032","2032","2032"
"195168","-8.66020325142038","-8.66020325142038","-8.66020325142038","2033","2033","2033"
"195360","23.671805840987723","23.671805840987723","23.671805840987723","2035","2035","2035"
"195456","13.667873298453433","0.3836174986676703","26.952129098239194","2036","2036","2036"
"195552","8.240398906739864","8.240398906739864","8.240398906739864","2037","2037","2037"
"195840","8.240398906739864","8.240398906739864","8.240398906739864","2040","2040","2040"
"196032","9.337000041254834","9.337000041254834","9.337000041254834","2042","2042","2042"
"196224","25.34291683999452","25.34291683999452","25.34291683999452","2044","2044","2044"
"196320","25.441389733254958","25.441389733254958","25.441389733254958","2045","2045","2045"
"196512","23.650354225338955","23.650354225338955","23.650354225338955","2047","2047","2047"
"196608","29.367817865759328","29.367817865759328","29.367817865759328","2048","2048","2048"
"196704","9.337000041254834","9.337000041254834","9.337000041254834","2049","2049","2049"
"196800","4.227505191912954","-8.66020325142038","17.11521363524629","2050","2050","2050"
"196896","48.45493554307478","48.45493554307478","48.45493554307478","2051","2051","2051"
"197088","12.044268720852296","0.3836174986676703","23.70491994303692","2053","2053","2053"
"197280","8.906807002809776","-8.66020325142038","26.473817257039933","2055","2055","2055"
"197376","14.796991112481292","14.796991112481292","14.796991112481292","2056","2056","2056"
"197472","19.254171755870434","19.254171755870434","19.254171755870434","2057","2057","2057"
"197664","4.860308769961252","0.3836174986676703","9.337000041254834","2059","2059","2059"
"197760","25.541862025123585","25.541862025123585","25.541862025123585","2060","2060","2060"
"197952","17.11521363524629","17.11521363524629","17.11521363524629","2062","2062","2062"
"198048","3.0683939305304557","-8.66020325142038","14.796991112481292","2063","2063","2063"
"198144","-8.66020325142038","-8.66020325142038","-8.66020325142038","2064","2064","2064"
"198240","8.240398906739864","8.240398906739864","8.240398906739864","2065","2065","2065"
"198336","14.592468955543161","14.592468955543161","14.592468955543161","2066","2066","2066"
"198432","15.03897669857096","12.962739761895628","17.11521363524629","2067","2067","2067"
"198528","9.337000041254834","9.337000041254834","9.337000041254834","2068","2068","2068"
"198624","5.0590751449427","5.0590751449427","5.0590751449427","2069","2069","2069"
"198720","10.409830257836422","10.409830257836422","10.409830257836422","2070","2070","2070"
"198816","20.493003137252888","20.493003137252888","20.493003137252888","2071","2071","2071"
"199008","0.3836174986676703","0.3836174986676703","0.3836174986676703","2073","2073","2073"
"199200","8.240398906739864","8.240398906739864","8.240398906739864","2075","2075","2075"
"199296","16.90179487377959","4.312008202703767","29.49158154485541","2076","2076","2076"
"199392","129.95147341682258","129.95147341682258","129.95147341682258","2077","2077","2077"
"199584","4.312008202703767","4.312008202703767","4.312008202703767","2079","2079","2079"
"199776","14.880351724138837","0.3836174986676703","29.377085949610002","2081","2081","2081"
"199872","4.492396936723354","-8.66020325142038","17.64499712486709","2082","2082","2082"
"199968","4.227505191912954","4.227505191912954","4.227505191912954","2083","2083","2083"