"Step","MacIAC_run_0_['instructions_enabled']_20260317_115149 - Instruction_Compliance","MacIAC_run_0_['instructions_enabled']_20260317_115149 - Instruction_Compliance__MIN","MacIAC_run_0_['instructions_enabled']_20260317_115149 - Instruction_Compliance__MAX"
"0","0.8227083333333334","0.8227083333333334","0.8227083333333334"
"1","0.8752083333333335","0.8752083333333335","0.8752083333333335"
"2","0.8804166666666666","0.8804166666666666","0.8804166666666666"
"3","0.73875","0.73875","0.73875"
"4","0.8089583333333333","0.8089583333333333","0.8089583333333333"
"5","0.8097916666666668","0.8097916666666668","0.8097916666666668"
"6","0.9537500000000002","0.9537500000000002","0.9537500000000002"
"7","0.66","0.66","0.66"
"8","0.6635416666666666","0.6635416666666666","0.6635416666666666"
"9","0.7275","0.7275","0.7275"
"10","0.8150000000000001","0.8150000000000001","0.8150000000000001"
"11","0.87","0.87","0.87"
"12","0.7372916666666667","0.7372916666666667","0.7372916666666667"
"13","0.9016666666666665","0.9016666666666665","0.9016666666666665"
"14","0.8137500000000001","0.8137500000000001","0.8137500000000001"
"15","0.7802083333333334","0.7802083333333334","0.7802083333333334"
"16","0.8758333333333334","0.8758333333333334","0.8758333333333334"
"17","0.8666666666666666","0.8666666666666666","0.8666666666666666"
"18","0.7056250000000001","0.7056250000000001","0.7056250000000001"
"19","0.8783333333333333","0.8783333333333333","0.8783333333333333"
"20","0.8797916666666667","0.8797916666666667","0.8797916666666667"
"21","0.9581249999999999","0.9581249999999999","0.9581249999999999"
"22","0.8729166666666668","0.8729166666666668","0.8729166666666668"
"23","0.728125","0.728125","0.728125"
"24","0.6493749999999999","0.6493749999999999","0.6493749999999999"
"25","0.8339583333333334","0.8339583333333334","0.8339583333333334"
"26","0.6304166666666667","0.6304166666666667","0.6304166666666667"
"27","0.8154166666666667","0.8154166666666667","0.8154166666666667"
"28","0.9591666666666668","0.9591666666666668","0.9591666666666668"
"29","0.9641666666666667","0.9641666666666667","0.9641666666666667"
"30","0.7362500000000001","0.7362500000000001","0.7362500000000001"
"31","0.8981249999999998","0.8981249999999998","0.8981249999999998"
"32","0.6335416666666667","0.6335416666666667","0.6335416666666667"
"33","0.8108333333333334","0.8108333333333334","0.8108333333333334"
"34","0.886875","0.886875","0.886875"
"35","0.8166666666666665","0.8166666666666665","0.8166666666666665"
"36","0.8095833333333333","0.8095833333333333","0.8095833333333333"
"37","0.57375","0.57375","0.57375"
"38","0.7422916666666666","0.7422916666666666","0.7422916666666666"
"39","0.7358333333333333","0.7358333333333333","0.7358333333333333"
"40","0.6537499999999999","0.6537499999999999","0.6537499999999999"
"41","0.6552083333333333","0.6552083333333333","0.6552083333333333"
"42","0.8962499999999999","0.8962499999999999","0.8962499999999999"
"43","0.73375","0.73375","0.73375"
"44","0.6966666666666667","0.6966666666666667","0.6966666666666667"
"45","0.8897916666666666","0.8897916666666666","0.8897916666666666"
"46","0.7379166666666667","0.7379166666666667","0.7379166666666667"
"47","0.72625","0.72625","0.72625"
"48","0.8312499999999999","0.8312499999999999","0.8312499999999999"
"49","0.8145833333333333","0.8145833333333333","0.8145833333333333"
"50","0.7302083333333332","0.7302083333333332","0.7302083333333332"
"51","0.89125","0.89125","0.89125"
"52","0.8075","0.8075","0.8075"
"53","0.5779166666666667","0.5779166666666667","0.5779166666666667"
"54","0.9760416666666667","0.9760416666666667","0.9760416666666667"
"55","0.7379166666666667","0.7379166666666667","0.7379166666666667"
"56","0.83","0.83","0.83"
"57","0.9845833333333333","0.9845833333333333","0.9845833333333333"
"58","0.9120833333333334","0.9120833333333334","0.9120833333333334"
"59","0.6381249999999999","0.6381249999999999","0.6381249999999999"
"60","0.6552083333333333","0.6552083333333333","0.6552083333333333"
"61","0.7122916666666667","0.7122916666666667","0.7122916666666667"
"62","0.8787499999999998","0.8787499999999998","0.8787499999999998"
"63","0.8264583333333332","0.8264583333333332","0.8264583333333332"
"64","0.9829166666666667","0.9829166666666667","0.9829166666666667"
"65","0.7949999999999999","0.7949999999999999","0.7949999999999999"
"66","0.8087499999999999","0.8087499999999999","0.8087499999999999"
"67","0.9658333333333333","0.9658333333333333","0.9658333333333333"
"68","0.5779166666666667","0.5779166666666667","0.5779166666666667"
"69","0.7897916666666666","0.7897916666666666","0.7897916666666666"
"70","0.6370833333333333","0.6370833333333333","0.6370833333333333"
"71","0.8145833333333333","0.8145833333333333","0.8145833333333333"
"72","0.9795833333333333","0.9795833333333333","0.9795833333333333"
"73","0.6654166666666667","0.6654166666666667","0.6654166666666667"
"74","0.7379166666666667","0.7379166666666667","0.7379166666666667"
"75","0.9075000000000001","0.9075000000000001","0.9075000000000001"
"76","0.7891666666666667","0.7891666666666667","0.7891666666666667"
"77","0.8847916666666666","0.8847916666666666","0.8847916666666666"
"78","0.9741666666666666","0.9741666666666666","0.9741666666666666"
"79","0.6308333333333334","0.6308333333333334","0.6308333333333334"
"80","0.8089583333333333","0.8089583333333333","0.8089583333333333"
"81","0.8083333333333335","0.8083333333333335","0.8083333333333335"
"82","0.970625","0.970625","0.970625"
"83","0.9820833333333333","0.9820833333333333","0.9820833333333333"
"84","0.8262499999999999","0.8262499999999999","0.8262499999999999"
"85","0.639375","0.639375","0.639375"
"86","0.736875","0.736875","0.736875"
"87","0.7287500000000001","0.7287500000000001","0.7287500000000001"
"88","0.9035416666666668","0.9035416666666668","0.9035416666666668"
"89","0.7356250000000001","0.7356250000000001","0.7356250000000001"
"90","0.73375","0.73375","0.73375"
"91","0.8920833333333333","0.8920833333333333","0.8920833333333333"
"92","0.905625","0.905625","0.905625"
"93","0.8247916666666667","0.8247916666666667","0.8247916666666667"
"94","0.73875","0.73875","0.73875"
"95","0.9049999999999999","0.9049999999999999","0.9049999999999999"
"96","0.8247916666666666","0.8247916666666666","0.8247916666666666"
"97","0.743125","0.743125","0.743125"
"98","0.9981249999999999","0.9981249999999999","0.9981249999999999"
"99","0.9027083333333333","0.9027083333333333","0.9027083333333333"
"100","0.5635416666666667","0.5635416666666667","0.5635416666666667"
"101","0.7368750000000001","0.7368750000000001","0.7368750000000001"
"102","0.7366666666666668","0.7366666666666668","0.7366666666666668"
"103","0.9158333333333334","0.9158333333333334","0.9158333333333334"
"104","0.8952083333333333","0.8952083333333333","0.8952083333333333"
"105","0.7385416666666668","0.7385416666666668","0.7385416666666668"
"106","0.82625","0.82625","0.82625"
"107","0.9052083333333334","0.9052083333333334","0.9052083333333334"
"108","0.74625","0.74625","0.74625"
"109","0.49666666666666665","0.49666666666666665","0.49666666666666665"
"110","0.9935416666666668","0.9935416666666668","0.9935416666666668"
"111","0.74625","0.74625","0.74625"
"112","0.9845833333333335","0.9845833333333335","0.9845833333333335"
"113","0.9047916666666667","0.9047916666666667","0.9047916666666667"
"114","0.9116666666666666","0.9116666666666666","0.9116666666666666"
"115","0.9110416666666667","0.9110416666666667","0.9110416666666667"
"116","0.9902083333333334","0.9902083333333334","0.9902083333333334"
"117","0.7433333333333333","0.7433333333333333","0.7433333333333333"
"118","0.8279166666666667","0.8279166666666667","0.8279166666666667"
"119","0.7460416666666667","0.7460416666666667","0.7460416666666667"
"120","0.90625","0.90625","0.90625"
"121","0.645625","0.645625","0.645625"
"122","0.6585416666666667","0.6585416666666667","0.6585416666666667"
"123","0.740625","0.740625","0.740625"
"124","0.6635416666666666","0.6635416666666666","0.6635416666666666"
"125","0.7404166666666666","0.7404166666666666","0.7404166666666666"
"126","0.8993749999999999","0.8993749999999999","0.8993749999999999"
"127","0.9027083333333333","0.9027083333333333","0.9027083333333333"
"128","0.8649999999999999","0.8649999999999999","0.8649999999999999"
"129","0.89","0.89","0.89"
"130","0.8014583333333333","0.8014583333333333","0.8014583333333333"
"131","0.8879166666666668","0.8879166666666668","0.8879166666666668"
"132","0.87125","0.87125","0.87125"
"133","0.9014583333333333","0.9014583333333333","0.9014583333333333"
"134","0.8808333333333334","0.8808333333333334","0.8808333333333334"
"135","0.5741666666666667","0.5741666666666667","0.5741666666666667"
"136","0.6547916666666667","0.6547916666666667","0.6547916666666667"
"137","0.9870833333333334","0.9870833333333334","0.9870833333333334"
"138","0.7285416666666666","0.7285416666666666","0.7285416666666666"
"139","0.66625","0.66625","0.66625"
"140","0.6625","0.6625","0.6625"
"141","0.8275","0.8275","0.8275"
"142","0.901875","0.901875","0.901875"
"143","0.9083333333333332","0.9083333333333332","0.9083333333333332"
"144","0.5764583333333334","0.5764583333333334","0.5764583333333334"
"145","0.4927083333333333","0.4927083333333333","0.4927083333333333"
"146","0.82125","0.82125","0.82125"
"147","0.8975","0.8975","0.8975"
"148","0.7404166666666666","0.7404166666666666","0.7404166666666666"
"149","0.9929166666666666","0.9929166666666666","0.9929166666666666"
"150","0.9966666666666667","0.9966666666666667","0.9966666666666667"
"151","0.8235416666666667","0.8235416666666667","0.8235416666666667"
"152","0.8949999999999999","0.8949999999999999","0.8949999999999999"
"153","0.6616666666666667","0.6616666666666667","0.6616666666666667"
"154","0.8216666666666667","0.8216666666666667","0.8216666666666667"
"155","0.6587500000000001","0.6587500000000001","0.6587500000000001"
"156","0.9074999999999999","0.9074999999999999","0.9074999999999999"
"157","0.7466666666666667","0.7466666666666667","0.7466666666666667"
"158","0.6620833333333334","0.6620833333333334","0.6620833333333334"
"159","0.8312499999999999","0.8312499999999999","0.8312499999999999"
"160","0.8143750000000001","0.8143750000000001","0.8143750000000001"
"161","0.8189583333333333","0.8189583333333333","0.8189583333333333"
"162","0.9060416666666667","0.9060416666666667","0.9060416666666667"
"163","0.91125","0.91125","0.91125"
"164","0.749375","0.749375","0.749375"
"165","0.7379166666666667","0.7379166666666667","0.7379166666666667"
"166","0.745625","0.745625","0.745625"
"167","0.7402083333333334","0.7402083333333334","0.7402083333333334"
"168","0.8285416666666666","0.8285416666666666","0.8285416666666666"
"169","0.97375","0.97375","0.97375"
"170","0.8922916666666668","0.8922916666666668","0.8922916666666668"
"171","0.8137500000000001","0.8137500000000001","0.8137500000000001"
"172","0.8266666666666668","0.8266666666666668","0.8266666666666668"
"173","0.9847916666666667","0.9847916666666667","0.9847916666666667"
"174","0.9102083333333333","0.9102083333333333","0.9102083333333333"
"175","0.66375","0.66375","0.66375"
"176","0.82875","0.82875","0.82875"
"177","0.8227083333333333","0.8227083333333333","0.8227083333333333"
"178","0.808125","0.808125","0.808125"
"179","0.8160416666666667","0.8160416666666667","0.8160416666666667"
"180","0.7391666666666667","0.7391666666666667","0.7391666666666667"
"181","0.7474999999999999","0.7474999999999999","0.7474999999999999"
"182","0.805625","0.805625","0.805625"
"183","0.7466666666666667","0.7466666666666667","0.7466666666666667"
"184","0.64625","0.64625","0.64625"
"185","0.7204166666666666","0.7204166666666666","0.7204166666666666"
"186","0.9158333333333334","0.9158333333333334","0.9158333333333334"
"187","0.8168749999999999","0.8168749999999999","0.8168749999999999"
"188","0.7322916666666667","0.7322916666666667","0.7322916666666667"
"189","0.9085416666666667","0.9085416666666667","0.9085416666666667"
"190","0.8312500000000002","0.8312500000000002","0.8312500000000002"
"191","0.8864583333333332","0.8864583333333332","0.8864583333333332"
"192","0.8241666666666667","0.8241666666666667","0.8241666666666667"
"193","0.8208333333333333","0.8208333333333333","0.8208333333333333"
"194","0.8866666666666667","0.8866666666666667","0.8866666666666667"
"195","0.6602083333333333","0.6602083333333333","0.6602083333333333"
"196","0.9052083333333334","0.9052083333333334","0.9052083333333334"
"197","0.8310416666666667","0.8310416666666667","0.8310416666666667"
"198","0.8077083333333334","0.8077083333333334","0.8077083333333334"
"199","0.9741666666666666","0.9741666666666666","0.9741666666666666"
"200","0.6660416666666666","0.6660416666666666","0.6660416666666666"
"201","0.7979166666666666","0.7979166666666666","0.7979166666666666"
"202","0.7329166666666667","0.7329166666666667","0.7329166666666667"
"203","0.8602083333333334","0.8602083333333334","0.8602083333333334"
"204","0.9029166666666666","0.9029166666666666","0.9029166666666666"
"205","0.7454166666666667","0.7454166666666667","0.7454166666666667"
"206","0.8239583333333335","0.8239583333333335","0.8239583333333335"
"207","0.8991666666666668","0.8991666666666668","0.8991666666666668"
"208","0.8183333333333334","0.8183333333333334","0.8183333333333334"
"209","0.6575","0.6575","0.6575"
"210","0.8110416666666667","0.8110416666666667","0.8110416666666667"
"211","0.8170833333333333","0.8170833333333333","0.8170833333333333"
"212","0.6625","0.6625","0.6625"
"213","0.9033333333333333","0.9033333333333333","0.9033333333333333"
"214","0.8970833333333333","0.8970833333333333","0.8970833333333333"
"215","0.969375","0.969375","0.969375"
"216","0.8902083333333333","0.8902083333333333","0.8902083333333333"
"217","0.7222916666666666","0.7222916666666666","0.7222916666666666"
"218","0.976875","0.976875","0.976875"
"219","0.7364583333333333","0.7364583333333333","0.7364583333333333"
"220","0.901875","0.901875","0.901875"
"221","0.7402083333333334","0.7402083333333334","0.7402083333333334"
"222","0.8241666666666666","0.8241666666666666","0.8241666666666666"
"223","0.9902083333333334","0.9902083333333334","0.9902083333333334"
"224","0.8308333333333332","0.8308333333333332","0.8308333333333332"
"225","0.8258333333333333","0.8258333333333333","0.8258333333333333"
"226","0.9039583333333333","0.9039583333333333","0.9039583333333333"
"227","0.8979166666666667","0.8979166666666667","0.8979166666666667"
"228","0.8141666666666668","0.8141666666666668","0.8141666666666668"
"229","0.811875","0.811875","0.811875"
"230","0.6587500000000001","0.6587500000000001","0.6587500000000001"
"231","0.8833333333333334","0.8833333333333334","0.8833333333333334"
"232","0.7416666666666667","0.7416666666666667","0.7416666666666667"
"233","0.8127083333333335","0.8127083333333335","0.8127083333333335"
"234","0.9102083333333333","0.9102083333333333","0.9102083333333333"
"235","0.6608333333333334","0.6608333333333334","0.6608333333333334"
"236","0.7333333333333334","0.7333333333333334","0.7333333333333334"
"237","0.9060416666666667","0.9060416666666667","0.9060416666666667"
"238","0.5681250000000001","0.5681250000000001","0.5681250000000001"
"239","0.9860416666666668","0.9860416666666668","0.9860416666666668"
"240","0.9716666666666667","0.9716666666666667","0.9716666666666667"
"241","0.8906250000000001","0.8906250000000001","0.8906250000000001"
"242","0.56875","0.56875","0.56875"
"243","0.9047916666666667","0.9047916666666667","0.9047916666666667"
"244","0.5752083333333333","0.5752083333333333","0.5752083333333333"
"245","0.64625","0.64625","0.64625"
"246","0.7272916666666666","0.7272916666666666","0.7272916666666666"
"247","0.7414583333333334","0.7414583333333334","0.7414583333333334"
"248","0.9006250000000001","0.9006250000000001","0.9006250000000001"
"249","0.7460416666666667","0.7460416666666667","0.7460416666666667"
"250","0.90125","0.90125","0.90125"
"251","0.9877083333333333","0.9877083333333333","0.9877083333333333"
"252","0.7314583333333333","0.7314583333333333","0.7314583333333333"
"253","0.9858333333333333","0.9858333333333333","0.9858333333333333"
"254","0.904375","0.904375","0.904375"
"255","0.8933333333333335","0.8933333333333335","0.8933333333333335"
"256","0.7389583333333333","0.7389583333333333","0.7389583333333333"
"257","0.8768750000000001","0.8768750000000001","0.8768750000000001"
"258","0.6604166666666667","0.6604166666666667","0.6604166666666667"
"259","0.8997916666666667","0.8997916666666667","0.8997916666666667"
"260","0.9879166666666667","0.9879166666666667","0.9879166666666667"
"261","0.8235416666666667","0.8235416666666667","0.8235416666666667"
"262","0.9039583333333333","0.9039583333333333","0.9039583333333333"
"263","0.9856250000000001","0.9856250000000001","0.9856250000000001"
"264","0.9077083333333333","0.9077083333333333","0.9077083333333333"
"265","0.8883333333333333","0.8883333333333333","0.8883333333333333"
"266","0.8191666666666667","0.8191666666666667","0.8191666666666667"
"267","0.8185416666666666","0.8185416666666666","0.8185416666666666"
"268","0.7427083333333333","0.7427083333333333","0.7427083333333333"
"269","0.648125","0.648125","0.648125"
"270","0.7420833333333334","0.7420833333333334","0.7420833333333334"
"271","0.8152083333333332","0.8152083333333332","0.8152083333333332"
"272","0.5729166666666666","0.5729166666666666","0.5729166666666666"
"273","0.90375","0.90375","0.90375"
"274","0.8316666666666667","0.8316666666666667","0.8316666666666667"
"275","0.9016666666666665","0.9016666666666665","0.9016666666666665"
"276","0.72625","0.72625","0.72625"
"277","0.9925","0.9925","0.9925"
"278","0.655625","0.655625","0.655625"
"279","0.9047916666666668","0.9047916666666668","0.9047916666666668"
"280","0.665","0.665","0.665"
"281","0.8289583333333334","0.8289583333333334","0.8289583333333334"
"282","0.7320833333333333","0.7320833333333333","0.7320833333333333"
"283","0.9091666666666667","0.9091666666666667","0.9091666666666667"
"284","0.9829166666666667","0.9829166666666667","0.9829166666666667"
"285","0.7293750000000001","0.7293750000000001","0.7293750000000001"
"286","0.9968750000000001","0.9968750000000001","0.9968750000000001"
"287","0.8262499999999999","0.8262499999999999","0.8262499999999999"
"288","0.9052083333333334","0.9052083333333334","0.9052083333333334"
"289","0.8847916666666665","0.8847916666666665","0.8847916666666665"
"290","0.8962500000000001","0.8962500000000001","0.8962500000000001"
"291","0.8275","0.8275","0.8275"
"292","0.7229166666666668","0.7229166666666668","0.7229166666666668"
"293","0.8889583333333334","0.8889583333333334","0.8889583333333334"
"294","0.7727083333333334","0.7727083333333334","0.7727083333333334"
"295","0.7472916666666668","0.7472916666666668","0.7472916666666668"
"296","0.9125000000000001","0.9125000000000001","0.9125000000000001"
"297","0.9129166666666668","0.9129166666666668","0.9129166666666668"
"298","0.7414583333333334","0.7414583333333334","0.7414583333333334"
"299","0.9089583333333334","0.9089583333333334","0.9089583333333334"
"300","0.7335416666666665","0.7335416666666665","0.7335416666666665"
"301","0.9766666666666667","0.9766666666666667","0.9766666666666667"
"302","0.8870833333333334","0.8870833333333334","0.8870833333333334"
"303","0.6629166666666667","0.6629166666666667","0.6629166666666667"
"304","0.9166666666666666","0.9166666666666666","0.9166666666666666"
"305","0.7439583333333334","0.7439583333333334","0.7439583333333334"
"306","0.9125","0.9125","0.9125"
"307","0.7295833333333333","0.7295833333333333","0.7295833333333333"
"308","0.7445833333333333","0.7445833333333333","0.7445833333333333"
"309","0.7408333333333333","0.7408333333333333","0.7408333333333333"
"310","0.8322916666666668","0.8322916666666668","0.8322916666666668"
"311","0.8916666666666667","0.8916666666666667","0.8916666666666667"
"312","0.7333333333333334","0.7333333333333334","0.7333333333333334"
"313","0.9135416666666667","0.9135416666666667","0.9135416666666667"
"314","0.9064583333333335","0.9064583333333335","0.9064583333333335"
"315","0.7322916666666667","0.7322916666666667","0.7322916666666667"
"316","0.8143750000000001","0.8143750000000001","0.8143750000000001"
"317","0.9104166666666665","0.9104166666666665","0.9104166666666665"
"318","0.74375","0.74375","0.74375"
"319","0.8183333333333334","0.8183333333333334","0.8183333333333334"
"320","0.9041666666666667","0.9041666666666667","0.9041666666666667"
"321","0.5791666666666666","0.5791666666666666","0.5791666666666666"
"322","0.9008333333333335","0.9008333333333335","0.9008333333333335"
"323","0.9122916666666666","0.9122916666666666","0.9122916666666666"
"324","0.653125","0.653125","0.653125"
"325","0.8914583333333334","0.8914583333333334","0.8914583333333334"
"326","0.82125","0.82125","0.82125"
"327","0.7347916666666667","0.7347916666666667","0.7347916666666667"
"328","0.898125","0.898125","0.898125"
"329","0.8272916666666666","0.8272916666666666","0.8272916666666666"
"330","0.8189583333333333","0.8189583333333333","0.8189583333333333"
"331","0.8914583333333335","0.8914583333333335","0.8914583333333335"
"332","0.9079166666666666","0.9079166666666666","0.9079166666666666"
"333","0.7341666666666667","0.7341666666666667","0.7341666666666667"
"334","0.6445833333333334","0.6445833333333334","0.6445833333333334"
"335","0.8285416666666667","0.8285416666666667","0.8285416666666667"
"336","0.8174999999999999","0.8174999999999999","0.8174999999999999"
"337","0.7352083333333334","0.7352083333333334","0.7352083333333334"
"338","0.658125","0.658125","0.658125"
"339","0.8212500000000001","0.8212500000000001","0.8212500000000001"
"340","0.8141666666666666","0.8141666666666666","0.8141666666666666"
"341","0.985","0.985","0.985"
"342","0.8243749999999999","0.8243749999999999","0.8243749999999999"
"343","0.7414583333333334","0.7414583333333334","0.7414583333333334"
"344","0.8291666666666666","0.8291666666666666","0.8291666666666666"
"345","0.8133333333333335","0.8133333333333335","0.8133333333333335"
"346","0.7339583333333334","0.7339583333333334","0.7339583333333334"
"347","0.9716666666666667","0.9716666666666667","0.9716666666666667"
"348","0.9927083333333334","0.9927083333333334","0.9927083333333334"
"349","0.665625","0.665625","0.665625"
"350","0.9039583333333333","0.9039583333333333","0.9039583333333333"
"351","0.8950000000000001","0.8950000000000001","0.8950000000000001"
"352","0.8960416666666667","0.8960416666666667","0.8960416666666667"
"353","0.7477083333333333","0.7477083333333333","0.7477083333333333"
"354","0.9125000000000001","0.9125000000000001","0.9125000000000001"
"355","0.8116666666666666","0.8116666666666666","0.8116666666666666"
"356","0.9710416666666667","0.9710416666666667","0.9710416666666667"
"357","0.8137500000000001","0.8137500000000001","0.8137500000000001"
"358","0.8062499999999999","0.8062499999999999","0.8062499999999999"
"359","0.9097916666666667","0.9097916666666667","0.9097916666666667"
"360","0.9035416666666666","0.9035416666666666","0.9035416666666666"
"361","0.9904166666666666","0.9904166666666666","0.9904166666666666"
"362","0.8997916666666667","0.8997916666666667","0.8997916666666667"
"363","0.796875","0.796875","0.796875"
"364","0.6460416666666667","0.6460416666666667","0.6460416666666667"
"365","0.5689583333333333","0.5689583333333333","0.5689583333333333"
"366","0.70375","0.70375","0.70375"
"367","0.7404166666666666","0.7404166666666666","0.7404166666666666"
"368","0.87875","0.87875","0.87875"
"369","0.8225000000000001","0.8225000000000001","0.8225000000000001"
"370","0.8950000000000001","0.8950000000000001","0.8950000000000001"
"371","0.9841666666666667","0.9841666666666667","0.9841666666666667"
"372","0.82375","0.82375","0.82375"
"373","0.6575","0.6575","0.6575"
"374","0.9914583333333334","0.9914583333333334","0.9914583333333334"
"375","0.8322916666666668","0.8322916666666668","0.8322916666666668"
"376","0.8779166666666667","0.8779166666666667","0.8779166666666667"
"377","0.82125","0.82125","0.82125"
"378","0.8991666666666666","0.8991666666666666","0.8991666666666666"
"379","0.8249999999999998","0.8249999999999998","0.8249999999999998"
"380","0.905625","0.905625","0.905625"
"381","0.9900000000000001","0.9900000000000001","0.9900000000000001"
"382","0.650625","0.650625","0.650625"
"383","0.8150000000000001","0.8150000000000001","0.8150000000000001"
"384","0.895","0.895","0.895"
"385","0.7464583333333333","0.7464583333333333","0.7464583333333333"
"386","0.9727083333333334","0.9727083333333334","0.9727083333333334"
"387","0.8183333333333334","0.8183333333333334","0.8183333333333334"
"388","0.9810416666666667","0.9810416666666667","0.9810416666666667"
"389","0.5720833333333334","0.5720833333333334","0.5720833333333334"
"390","0.7941666666666666","0.7941666666666666","0.7941666666666666"
"391","0.8985416666666666","0.8985416666666666","0.8985416666666666"
"392","0.8847916666666665","0.8847916666666665","0.8847916666666665"
"393","0.8308333333333334","0.8308333333333334","0.8308333333333334"
"394","0.8220833333333334","0.8220833333333334","0.8220833333333334"
"395","0.8229166666666666","0.8229166666666666","0.8229166666666666"
"396","0.906875","0.906875","0.906875"
"397","0.8997916666666667","0.8997916666666667","0.8997916666666667"
"398","0.8275","0.8275","0.8275"
"399","0.7341666666666667","0.7341666666666667","0.7341666666666667"
"400","0.658125","0.658125","0.658125"
"401","0.7379166666666667","0.7379166666666667","0.7379166666666667"
"402","0.8210416666666666","0.8210416666666666","0.8210416666666666"
"403","0.6602083333333333","0.6602083333333333","0.6602083333333333"
"404","0.9852083333333335","0.9852083333333335","0.9852083333333335"
"405","0.8295833333333335","0.8295833333333335","0.8295833333333335"
"406","0.9033333333333333","0.9033333333333333","0.9033333333333333"
"407","0.9008333333333334","0.9008333333333334","0.9008333333333334"
"408","0.9085416666666667","0.9085416666666667","0.9085416666666667"
"409","0.5585416666666666","0.5585416666666666","0.5585416666666666"
"410","0.8279166666666667","0.8279166666666667","0.8279166666666667"
"411","0.7352083333333335","0.7352083333333335","0.7352083333333335"
"412","0.9093749999999999","0.9093749999999999","0.9093749999999999"
"413","0.8260416666666668","0.8260416666666668","0.8260416666666668"
"414","0.9079166666666666","0.9079166666666666","0.9079166666666666"
"415","0.9695833333333334","0.9695833333333334","0.9695833333333334"
"416","0.9139583333333333","0.9139583333333333","0.9139583333333333"
"417","0.8160416666666667","0.8160416666666667","0.8160416666666667"
"418","0.7983333333333333","0.7983333333333333","0.7983333333333333"
"419","0.8225000000000001","0.8225000000000001","0.8225000000000001"
"420","0.8072916666666666","0.8072916666666666","0.8072916666666666"
"421","0.9754166666666667","0.9754166666666667","0.9754166666666667"
"422","0.7989583333333333","0.7989583333333333","0.7989583333333333"
"423","0.8197916666666667","0.8197916666666667","0.8197916666666667"
"424","0.9097916666666667","0.9097916666666667","0.9097916666666667"
"425","0.8604166666666666","0.8604166666666666","0.8604166666666666"
"426","0.7252083333333333","0.7252083333333333","0.7252083333333333"
"427","0.8112500000000001","0.8112500000000001","0.8112500000000001"
"428","0.745625","0.745625","0.745625"
"429","0.88375","0.88375","0.88375"
"430","0.89875","0.89875","0.89875"
"431","0.7402083333333334","0.7402083333333334","0.7402083333333334"
"432","0.7947916666666668","0.7947916666666668","0.7947916666666668"
"433","0.8864583333333335","0.8864583333333335","0.8864583333333335"
"434","0.7243749999999999","0.7243749999999999","0.7243749999999999"
"435","0.9004166666666668","0.9004166666666668","0.9004166666666668"
"436","0.9925","0.9925","0.9925"
"437","0.5629166666666666","0.5629166666666666","0.5629166666666666"
"438","0.9027083333333334","0.9027083333333334","0.9027083333333334"
"439","0.5789583333333334","0.5789583333333334","0.5789583333333334"
"440","0.655","0.655","0.655"
"441","0.8083333333333332","0.8083333333333332","0.8083333333333332"
"442","0.9075000000000001","0.9075000000000001","0.9075000000000001"
"443","0.7291666666666666","0.7291666666666666","0.7291666666666666"
"444","0.5710416666666667","0.5710416666666667","0.5710416666666667"
"445","0.8283333333333333","0.8283333333333333","0.8283333333333333"
"446","0.9787500000000001","0.9787500000000001","0.9787500000000001"
"447","0.7489583333333334","0.7489583333333334","0.7489583333333334"
"448","0.8975","0.8975","0.8975"
"449","0.899375","0.899375","0.899375"
"450","0.8104166666666667","0.8104166666666667","0.8104166666666667"
"451","0.9097916666666667","0.9097916666666667","0.9097916666666667"
"452","0.9060416666666667","0.9060416666666667","0.9060416666666667"
"453","0.7458333333333332","0.7458333333333332","0.7458333333333332"
"454","0.8177083333333331","0.8177083333333331","0.8177083333333331"
"455","0.9872916666666667","0.9872916666666667","0.9872916666666667"
"456","0.5733333333333334","0.5733333333333334","0.5733333333333334"
"457","0.9085416666666667","0.9085416666666667","0.9085416666666667"
"458","0.96125","0.96125","0.96125"
"459","0.9910416666666667","0.9910416666666667","0.9910416666666667"
"460","0.578125","0.578125","0.578125"
"461","0.8285416666666667","0.8285416666666667","0.8285416666666667"
"462","0.9831249999999999","0.9831249999999999","0.9831249999999999"
"463","0.8152083333333332","0.8152083333333332","0.8152083333333332"
"464","0.8285416666666666","0.8285416666666666","0.8285416666666666"
"465","0.8239583333333335","0.8239583333333335","0.8239583333333335"
"466","0.7402083333333334","0.7402083333333334","0.7402083333333334"
"467","0.9091666666666667","0.9091666666666667","0.9091666666666667"
"468","0.9004166666666666","0.9004166666666666","0.9004166666666666"
"469","0.7420833333333333","0.7420833333333333","0.7420833333333333"
"470","0.6564583333333334","0.6564583333333334","0.6564583333333334"
"471","0.8302083333333333","0.8302083333333333","0.8302083333333333"
"472","0.6589583333333333","0.6589583333333333","0.6589583333333333"
"473","0.9016666666666665","0.9016666666666665","0.9016666666666665"
"474","0.9943749999999999","0.9943749999999999","0.9943749999999999"
"475","0.8225000000000001","0.8225000000000001","0.8225000000000001"
"476","0.8191666666666667","0.8191666666666667","0.8191666666666667"
"477","0.8983333333333334","0.8983333333333334","0.8983333333333334"
"478","0.7452083333333333","0.7452083333333333","0.7452083333333333"
"479","0.6579166666666667","0.6579166666666667","0.6579166666666667"
"480","0.6502083333333334","0.6502083333333334","0.6502083333333334"
"481","0.8235416666666667","0.8235416666666667","0.8235416666666667"
"482","0.73875","0.73875","0.73875"
"483","0.5791666666666667","0.5791666666666667","0.5791666666666667"
"484","0.8095833333333334","0.8095833333333334","0.8095833333333334"
"485","0.8283333333333333","0.8283333333333333","0.8283333333333333"
"486","0.9058333333333334","0.9058333333333334","0.9058333333333334"
"487","0.9058333333333333","0.9058333333333333","0.9058333333333333"
"488","0.9083333333333332","0.9083333333333332","0.9083333333333332"
"489","0.8995833333333333","0.8995833333333333","0.8995833333333333"
"490","0.9795833333333334","0.9795833333333334","0.9795833333333334"
"491","0.8112499999999999","0.8112499999999999","0.8112499999999999"
"492","0.6593749999999999","0.6593749999999999","0.6593749999999999"
"493","0.9083333333333333","0.9083333333333333","0.9083333333333333"
"494","0.7395833333333334","0.7395833333333334","0.7395833333333334"
"495","0.7420833333333334","0.7420833333333334","0.7420833333333334"
"496","0.899375","0.899375","0.899375"
"497","0.9118749999999999","0.9118749999999999","0.9118749999999999"
"498","0.8270833333333334","0.8270833333333334","0.8270833333333334"
"499","0.8295833333333333","0.8295833333333333","0.8295833333333333"
"500","0.8227083333333334","0.8227083333333334","0.8227083333333334"
"501","0.7389583333333333","0.7389583333333333","0.7389583333333333"
"502","0.8860416666666665","0.8860416666666665","0.8860416666666665"
"503","0.8250000000000001","0.8250000000000001","0.8250000000000001"
"504","0.9066666666666666","0.9066666666666666","0.9066666666666666"
"505","0.828125","0.828125","0.828125"
"506","0.6614583333333334","0.6614583333333334","0.6614583333333334"
"507","0.8277083333333333","0.8277083333333333","0.8277083333333333"
"508","0.8181249999999999","0.8181249999999999","0.8181249999999999"
"509","0.8939583333333333","0.8939583333333333","0.8939583333333333"
"510","0.8077083333333334","0.8077083333333334","0.8077083333333334"
"511","0.7472916666666668","0.7472916666666668","0.7472916666666668"
"512","0.8947916666666668","0.8947916666666668","0.8947916666666668"
"513","0.7389583333333333","0.7389583333333333","0.7389583333333333"
"514","0.740625","0.740625","0.740625"
"515","0.904375","0.904375","0.904375"
"516","0.72125","0.72125","0.72125"
"517","0.75","0.75","0.75"
"518","0.8166666666666665","0.8166666666666665","0.8166666666666665"
"519","0.895","0.895","0.895"
"520","0.8914583333333334","0.8914583333333334","0.8914583333333334"
"521","0.8214583333333335","0.8214583333333335","0.8214583333333335"
"522","0.7356250000000001","0.7356250000000001","0.7356250000000001"
"523","0.82375","0.82375","0.82375"
"524","0.9045833333333334","0.9045833333333334","0.9045833333333334"
"525","0.9079166666666666","0.9079166666666666","0.9079166666666666"
"526","0.8814583333333333","0.8814583333333333","0.8814583333333333"
"527","0.9016666666666667","0.9016666666666667","0.9016666666666667"
"528","0.8937500000000002","0.8937500000000002","0.8937500000000002"
"529","0.8989583333333334","0.8989583333333334","0.8989583333333334"
"530","0.66125","0.66125","0.66125"
"531","0.821875","0.821875","0.821875"
"532","0.79625","0.79625","0.79625"
"533","0.6489583333333333","0.6489583333333333","0.6489583333333333"
"534","0.7316666666666666","0.7316666666666666","0.7316666666666666"
"535","0.8233333333333333","0.8233333333333333","0.8233333333333333"
"536","0.8927083333333333","0.8927083333333333","0.8927083333333333"
"537","0.734375","0.734375","0.734375"
"538","0.7458333333333332","0.7458333333333332","0.7458333333333332"
"539","0.5697916666666666","0.5697916666666666","0.5697916666666666"
"540","0.8210416666666666","0.8210416666666666","0.8210416666666666"
"541","0.975","0.975","0.975"
"542","0.9745833333333334","0.9745833333333334","0.9745833333333334"
"543","0.8989583333333333","0.8989583333333333","0.8989583333333333"
"544","0.9058333333333334","0.9058333333333334","0.9058333333333334"
"545","0.8239583333333332","0.8239583333333332","0.8239583333333332"
"546","0.73375","0.73375","0.73375"
"547","0.9933333333333333","0.9933333333333333","0.9933333333333333"
"548","0.574375","0.574375","0.574375"
"549","0.7166666666666667","0.7166666666666667","0.7166666666666667"
"550","0.9037499999999999","0.9037499999999999","0.9037499999999999"
"551","0.9116666666666666","0.9116666666666666","0.9116666666666666"
"552","0.6454166666666666","0.6454166666666666","0.6454166666666666"
"553","0.6266666666666666","0.6266666666666666","0.6266666666666666"
"554","0.8270833333333334","0.8270833333333334","0.8270833333333334"
"555","0.8929166666666667","0.8929166666666667","0.8929166666666667"
"556","0.6597916666666667","0.6597916666666667","0.6597916666666667"
"557","0.9706250000000001","0.9706250000000001","0.9706250000000001"
"558","0.866875","0.866875","0.866875"
"559","0.9708333333333333","0.9708333333333333","0.9708333333333333"
"560","0.8229166666666666","0.8229166666666666","0.8229166666666666"
"561","0.7302083333333332","0.7302083333333332","0.7302083333333332"
"562","0.9093749999999999","0.9093749999999999","0.9093749999999999"
"563","0.738125","0.738125","0.738125"
"564","0.82","0.82","0.82"
"565","0.8270833333333334","0.8270833333333334","0.8270833333333334"
"566","0.5760416666666667","0.5760416666666667","0.5760416666666667"
"567","0.9114583333333334","0.9114583333333334","0.9114583333333334"
"568","0.9858333333333335","0.9858333333333335","0.9858333333333335"
"569","0.8962500000000001","0.8962500000000001","0.8962500000000001"
"570","0.7354166666666666","0.7354166666666666","0.7354166666666666"
"571","0.985","0.985","0.985"
"572","0.7356250000000001","0.7356250000000001","0.7356250000000001"
"573","0.6572916666666667","0.6572916666666667","0.6572916666666667"
"574","0.8239583333333335","0.8239583333333335","0.8239583333333335"
"575","0.9050000000000001","0.9050000000000001","0.9050000000000001"
"576","0.898125","0.898125","0.898125"
"577","0.6552083333333333","0.6552083333333333","0.6552083333333333"
"578","0.9895833333333335","0.9895833333333335","0.9895833333333335"
"579","0.9010416666666666","0.9010416666666666","0.9010416666666666"
"580","0.74125","0.74125","0.74125"
"581","0.990625","0.990625","0.990625"
"582","0.7302083333333332","0.7302083333333332","0.7302083333333332"
"583","0.9885416666666665","0.9885416666666665","0.9885416666666665"
"584","0.9031250000000001","0.9031250000000001","0.9031250000000001"
"585","0.9104166666666665","0.9104166666666665","0.9104166666666665"
"586","0.8304166666666667","0.8304166666666667","0.8304166666666667"
"587","0.8189583333333333","0.8189583333333333","0.8189583333333333"
"588","0.9093750000000002","0.9093750000000002","0.9093750000000002"
"589","0.7443749999999999","0.7443749999999999","0.7443749999999999"
"590","0.7454166666666667","0.7454166666666667","0.7454166666666667"
"591","0.9729166666666665","0.9729166666666665","0.9729166666666665"
"592","0.8266666666666667","0.8266666666666667","0.8266666666666667"
"593","0.8150000000000001","0.8150000000000001","0.8150000000000001"
"594","0.8179166666666666","0.8179166666666666","0.8179166666666666"
"595","0.8270833333333334","0.8270833333333334","0.8270833333333334"
"596","0.7279166666666667","0.7279166666666667","0.7279166666666667"
"597","0.8239583333333332","0.8239583333333332","0.8239583333333332"
"598","0.7395833333333334","0.7395833333333334","0.7395833333333334"
"599","0.9802083333333332","0.9802083333333332","0.9802083333333332"
"600","0.8239583333333332","0.8239583333333332","0.8239583333333332"
"601","0.7364583333333333","0.7364583333333333","0.7364583333333333"
"602","0.4920833333333334","0.4920833333333334","0.4920833333333334"
"603","0.9810416666666666","0.9810416666666666","0.9810416666666666"
"604","0.9787499999999999","0.9787499999999999","0.9787499999999999"
"605","0.9885416666666668","0.9885416666666668","0.9885416666666668"
"606","0.7291666666666666","0.7291666666666666","0.7291666666666666"
"607","0.9656249999999998","0.9656249999999998","0.9656249999999998"
"608","0.8908333333333333","0.8908333333333333","0.8908333333333333"
"609","0.8216666666666667","0.8216666666666667","0.8216666666666667"
"610","0.9743749999999999","0.9743749999999999","0.9743749999999999"
"611","0.7295833333333334","0.7295833333333334","0.7295833333333334"
"612","0.8166666666666665","0.8166666666666665","0.8166666666666665"
"613","0.995625","0.995625","0.995625"
"614","0.6545833333333333","0.6545833333333333","0.6545833333333333"
"615","0.9093750000000002","0.9093750000000002","0.9093750000000002"
"616","0.9735416666666666","0.9735416666666666","0.9735416666666666"
"617","0.5735416666666667","0.5735416666666667","0.5735416666666667"
"618","0.8139583333333333","0.8139583333333333","0.8139583333333333"
"619","0.9093749999999999","0.9093749999999999","0.9093749999999999"
"620","0.8991666666666666","0.8991666666666666","0.8991666666666666"
"621","0.6625","0.6625","0.6625"
"622","0.48666666666666664","0.48666666666666664","0.48666666666666664"
"623","0.8039583333333334","0.8039583333333334","0.8039583333333334"
"624","0.6622916666666666","0.6622916666666666","0.6622916666666666"
"625","0.980625","0.980625","0.980625"
"626","0.8952083333333333","0.8952083333333333","0.8952083333333333"
"627","0.6635416666666667","0.6635416666666667","0.6635416666666667"
"628","0.8116666666666666","0.8116666666666666","0.8116666666666666"
"629","0.8295833333333333","0.8295833333333333","0.8295833333333333"
"630","0.9052083333333333","0.9052083333333333","0.9052083333333333"
"631","0.8083333333333332","0.8083333333333332","0.8083333333333332"
"632","0.5714583333333333","0.5714583333333333","0.5714583333333333"
"633","0.6614583333333334","0.6614583333333334","0.6614583333333334"
"634","0.8160416666666667","0.8160416666666667","0.8160416666666667"
"635","0.9060416666666665","0.9060416666666665","0.9060416666666665"
"636","0.9829166666666667","0.9829166666666667","0.9829166666666667"
"637","0.7233333333333333","0.7233333333333333","0.7233333333333333"
"638","0.729375","0.729375","0.729375"
"639","0.8179166666666667","0.8179166666666667","0.8179166666666667"
"640","0.9012500000000001","0.9012500000000001","0.9012500000000001"
"641","0.8975","0.8975","0.8975"
"642","0.9104166666666668","0.9104166666666668","0.9104166666666668"
"643","0.745","0.745","0.745"
"644","0.99375","0.99375","0.99375"
"645","0.736875","0.736875","0.736875"
"646","0.5806250000000001","0.5806250000000001","0.5806250000000001"
"647","0.9070833333333334","0.9070833333333334","0.9070833333333334"
"648","0.7352083333333334","0.7352083333333334","0.7352083333333334"
"649","0.9862500000000001","0.9862500000000001","0.9862500000000001"
"650","0.7395833333333334","0.7395833333333334","0.7395833333333334"
"651","0.8195833333333334","0.8195833333333334","0.8195833333333334"
"652","0.7397916666666666","0.7397916666666666","0.7397916666666666"
"653","0.9145833333333333","0.9145833333333333","0.9145833333333333"
"654","0.8158333333333333","0.8158333333333333","0.8158333333333333"
"655","0.8125","0.8125","0.8125"
"656","0.825625","0.825625","0.825625"
"657","0.7383333333333333","0.7383333333333333","0.7383333333333333"
"658","0.7458333333333332","0.7458333333333332","0.7458333333333332"
"659","0.65625","0.65625","0.65625"
"660","0.8177083333333334","0.8177083333333334","0.8177083333333334"
"661","0.6464583333333334","0.6464583333333334","0.6464583333333334"
"662","0.9025","0.9025","0.9025"
"663","0.9910416666666667","0.9910416666666667","0.9910416666666667"
"664","0.9114583333333334","0.9114583333333334","0.9114583333333334"
"665","0.9125","0.9125","0.9125"
"666","0.8179166666666666","0.8179166666666666","0.8179166666666666"
"667","0.8145833333333333","0.8145833333333333","0.8145833333333333"
"668","0.828125","0.828125","0.828125"
"669","0.8175","0.8175","0.8175"
"670","0.975625","0.975625","0.975625"
"671","0.7414583333333334","0.7414583333333334","0.7414583333333334"
"672","0.8279166666666665","0.8279166666666665","0.8279166666666665"
"673","0.7356250000000001","0.7356250000000001","0.7356250000000001"
"674","0.8239583333333332","0.8239583333333332","0.8239583333333332"
"675","0.7231249999999999","0.7231249999999999","0.7231249999999999"
"676","0.6560416666666667","0.6560416666666667","0.6560416666666667"
"677","0.8264583333333334","0.8264583333333334","0.8264583333333334"
"678","0.7395833333333334","0.7395833333333334","0.7395833333333334"
"679","0.9145833333333333","0.9145833333333333","0.9145833333333333"
"680","0.73375","0.73375","0.73375"
"681","0.893125","0.893125","0.893125"
"682","0.9037499999999999","0.9037499999999999","0.9037499999999999"
"683","0.824375","0.824375","0.824375"
"684","0.8312499999999999","0.8312499999999999","0.8312499999999999"
"685","0.8070833333333334","0.8070833333333334","0.8070833333333334"
"686","0.8954166666666667","0.8954166666666667","0.8954166666666667"
"687","0.82125","0.82125","0.82125"
"688","0.9125","0.9125","0.9125"
"689","0.73875","0.73875","0.73875"
"690","0.8122916666666665","0.8122916666666665","0.8122916666666665"
"691","0.9089583333333332","0.9089583333333332","0.9089583333333332"
"692","0.7404166666666666","0.7404166666666666","0.7404166666666666"
"693","0.8116666666666665","0.8116666666666665","0.8116666666666665"
"694","0.7364583333333333","0.7364583333333333","0.7364583333333333"
"695","0.8166666666666668","0.8166666666666668","0.8166666666666668"
"696","0.9016666666666667","0.9016666666666667","0.9016666666666667"
"697","0.9941666666666668","0.9941666666666668","0.9941666666666668"
"698","0.9812500000000001","0.9812500000000001","0.9812500000000001"
"699","0.8916666666666666","0.8916666666666666","0.8916666666666666"
"700","0.90625","0.90625","0.90625"
"701","0.8270833333333334","0.8270833333333334","0.8270833333333334"
"702","0.6635416666666667","0.6635416666666667","0.6635416666666667"
"703","0.9093749999999999","0.9093749999999999","0.9093749999999999"
"704","0.9041666666666667","0.9041666666666667","0.9041666666666667"
"705","0.65625","0.65625","0.65625"
"706","0.8312499999999999","0.8312499999999999","0.8312499999999999"
"707","0.8220833333333334","0.8220833333333334","0.8220833333333334"
"708","0.6604166666666667","0.6604166666666667","0.6604166666666667"
"709","0.8224999999999999","0.8224999999999999","0.8224999999999999"
"710","0.8179166666666666","0.8179166666666666","0.8179166666666666"
"711","0.89875","0.89875","0.89875"
"712","0.9010416666666666","0.9010416666666666","0.9010416666666666"
"713","0.97625","0.97625","0.97625"
"714","0.9020833333333332","0.9020833333333332","0.9020833333333332"
"715","0.8139583333333333","0.8139583333333333","0.8139583333333333"
"716","0.8810416666666666","0.8810416666666666","0.8810416666666666"
"717","0.8250000000000001","0.8250000000000001","0.8250000000000001"
"718","0.82125","0.82125","0.82125"
"719","0.7408333333333333","0.7408333333333333","0.7408333333333333"
"720","0.7447916666666666","0.7447916666666666","0.7447916666666666"
"721","0.8250000000000001","0.8250000000000001","0.8250000000000001"
"722","0.7389583333333333","0.7389583333333333","0.7389583333333333"
"723","0.82","0.82","0.82"
"724","0.8108333333333334","0.8108333333333334","0.8108333333333334"
"725","0.9047916666666667","0.9047916666666667","0.9047916666666667"
"726","0.7845","0.7845","0.7845"
"727","0.7345833333333333","0.7345833333333333","0.7345833333333333"
"728","0.5708333333333333","0.5708333333333333","0.5708333333333333"
"729","0.821875","0.821875","0.821875"
"730","0.8210416666666666","0.8210416666666666","0.8210416666666666"
"731","0.734375","0.734375","0.734375"
"732","0.9004166666666668","0.9004166666666668","0.9004166666666668"
"733","0.8166666666666668","0.8166666666666668","0.8166666666666668"
"734","0.8","0.8","0.8"
"735","0.6381249999999999","0.6381249999999999","0.6381249999999999"
"736","0.9787499999999999","0.9787499999999999","0.9787499999999999"
"737","0.8852499999999999","0.8852499999999999","0.8852499999999999"
"738","0.5585416666666667","0.5585416666666667","0.5585416666666667"
"739","0.741875","0.741875","0.741875"
"740","0.8807500000000001","0.8807500000000001","0.8807500000000001"
"741","0.7975","0.7975","0.7975"
"742","0.82375","0.82375","0.82375"
"743","0.98375","0.98375","0.98375"
"744","0.87675","0.87675","0.87675"
"745","0.8070833333333334","0.8070833333333334","0.8070833333333334"
"746","0.7368750000000001","0.7368750000000001","0.7368750000000001"
"747","0.9974999999999999","0.9974999999999999","0.9974999999999999"
"748","0.8214583333333333","0.8214583333333333","0.8214583333333333"
"749","0.9930000000000001","0.9930000000000001","0.9930000000000001"
"750","0.8967500000000002","0.8967500000000002","0.8967500000000002"
"751","0.8932500000000001","0.8932500000000001","0.8932500000000001"
"752","0.7975","0.7975","0.7975"
"753","0.9091666666666667","0.9091666666666667","0.9091666666666667"
"754","0.9114583333333334","0.9114583333333334","0.9114583333333334"
"755","0.9006249999999999","0.9006249999999999","0.9006249999999999"
"756","0.99375","0.99375","0.99375"
"757","0.7479166666666667","0.7479166666666667","0.7479166666666667"
"758","0.7479166666666667","0.7479166666666667","0.7479166666666667"
"759","0.9760416666666667","0.9760416666666667","0.9760416666666667"
"760","0.8291666666666666","0.8291666666666666","0.8291666666666666"
"761","0.7477083333333333","0.7477083333333333","0.7477083333333333"
"762","0.982","0.982","0.982"
"763","0.7458333333333332","0.7458333333333332","0.7458333333333332"
"764","0.8592500000000001","0.8592500000000001","0.8592500000000001"
"765","0.7427083333333333","0.7427083333333333","0.7427083333333333"
"766","0.7441666666666666","0.7441666666666666","0.7441666666666666"
"767","0.81","0.81","0.81"
"768","0.7143750000000001","0.7143750000000001","0.7143750000000001"
"769","0.8983333333333334","0.8983333333333334","0.8983333333333334"
"770","0.8","0.8","0.8"
"771","0.991","0.991","0.991"
"772","0.992","0.992","0.992"
"773","0.89725","0.89725","0.89725"
"774","0.9730208333333333","0.9730208333333333","0.9730208333333333"
"775","0.8232351657940663","0.8232351657940663","0.8232351657940663"
"776","0.9116666666666666","0.9116666666666666","0.9116666666666666"
"777","0.6907500000000001","0.6907500000000001","0.6907500000000001"
"778","0.9827083333333332","0.9827083333333332","0.9827083333333332"
"779","0.8983333333333333","0.8983333333333333","0.8983333333333333"
"780","0.9816666666666668","0.9816666666666668","0.9816666666666668"
"781","0.9006249999999999","0.9006249999999999","0.9006249999999999"
"782","0.7425","0.7425","0.7425"
"783","0.8268749999999999","0.8268749999999999","0.8268749999999999"
"784","0.7324999999999999","0.7324999999999999","0.7324999999999999"
"785","0.89125","0.89125","0.89125"
"786","0.8210416666666668","0.8210416666666668","0.8210416666666668"
"787","0.9020833333333332","0.9020833333333332","0.9020833333333332"
"788","0.8908333333333333","0.8908333333333333","0.8908333333333333"
"789","0.73375","0.73375","0.73375"
"790","0.8927083333333333","0.8927083333333333","0.8927083333333333"
"791","0.69875","0.69875","0.69875"
"792","0.915625","0.915625","0.915625"
"793","0.9981249999999999","0.9981249999999999","0.9981249999999999"
"794","0.69275","0.69275","0.69275"
"795","0.7402083333333334","0.7402083333333334","0.7402083333333334"
"796","0.5930000000000001","0.5930000000000001","0.5930000000000001"
"797","0.6487499999999999","0.6487499999999999","0.6487499999999999"
"798","0.8827083333333333","0.8827083333333333","0.8827083333333333"
"799","0.7383333333333334","0.7383333333333334","0.7383333333333334"
"800","0.68025","0.68025","0.68025"
"801","0.8722916666666666","0.8722916666666666","0.8722916666666666"
"802","0.67875","0.67875","0.67875"
"803","0.8137500000000001","0.8137500000000001","0.8137500000000001"
"804","0.9022916666666667","0.9022916666666667","0.9022916666666667"
"805","0.7917500000000001","0.7917500000000001","0.7917500000000001"
"806","0.8817499999999999","0.8817499999999999","0.8817499999999999"
"807","0.82625","0.82625","0.82625"
"808","0.6491666666666667","0.6491666666666667","0.6491666666666667"
"809","0.6975","0.6975","0.6975"
"810","0.79425","0.79425","0.79425"
"811","0.892","0.892","0.892"
"812","0.83725","0.83725","0.83725"
"813","0.8697549019607843","0.8697549019607843","0.8697549019607843"
"814","0.7728949579831934","0.7728949579831934","0.7728949579831934"
"815","0.7287500000000001","0.7287500000000001","0.7287500000000001"
"816","0.8957499999999999","0.8957499999999999","0.8957499999999999"
"817","0.8","0.8","0.8"
"818","0.9531683168316831","0.9531683168316831","0.9531683168316831"
"819","0.89375","0.89375","0.89375"
"820","0.79625","0.79625","0.79625"
"821","0.8910650179497408","0.8910650179497408","0.8910650179497408"
"822","0.8","0.8","0.8"
"823","0.9845","0.9845","0.9845"
"824","0.8871944444444445","0.8871944444444445","0.8871944444444445"
"825","0.6885","0.6885","0.6885"
"826","0.9817121212121214","0.9817121212121214","0.9817121212121214"
"827","0.6778235294117647","0.6778235294117647","0.6778235294117647"
"828","0.7468354597977853","0.7468354597977853","0.7468354597977853"
"829","0.9933486394557823","0.9933486394557823","0.9933486394557823"
"830","0.9","0.9","0.9"
"831","0.68625","0.68625","0.68625"
"832","0.8975","0.8975","0.8975"
"833","0.78575","0.78575","0.78575"
"834","0.9070833333333335","0.9070833333333335","0.9070833333333335"
"835","0.8727499999999999","0.8727499999999999","0.8727499999999999"
"836","0.9715435902516345","0.9715435902516345","0.9715435902516345"
"837","0.6865","0.6865","0.6865"
"838","0.67725","0.67725","0.67725"
"839","0.77625","0.77625","0.77625"
"840","0.8975","0.8975","0.8975"
"841","0.6751111111111111","0.6751111111111111","0.6751111111111111"
"842","0.8710000000000001","0.8710000000000001","0.8710000000000001"
"843","0.8738611111111112","0.8738611111111112","0.8738611111111112"
"844","0.8703611111111111","0.8703611111111111","0.8703611111111111"
"845","0.6","0.6","0.6"
"846","0.98925","0.98925","0.98925"
"847","0.8","0.8","0.8"
"848","0.9550000000000001","0.9550000000000001","0.9550000000000001"
"849","0.99","0.99","0.99"
"850","0.79875","0.79875","0.79875"
"851","0.87575","0.87575","0.87575"
"852","0.874984980348119","0.874984980348119","0.874984980348119"
"853","0.7010666066606661","0.7010666066606661","0.7010666066606661"
"854","0.9638699460916442","0.9638699460916442","0.9638699460916442"
"855","0.69625","0.69625","0.69625"
"856","0.49874999999999997","0.49874999999999997","0.49874999999999997"
"857","0.9952830188679245","0.9952830188679245","0.9952830188679245"
"858","0.8747405660377359","0.8747405660377359","0.8747405660377359"
"859","0.7","0.7","0.7"
"860","0.894325221238938","0.894325221238938","0.894325221238938"
"861","0.6881521739130434","0.6881521739130434","0.6881521739130434"
"862","0.9045454545454544","0.9045454545454544","0.9045454545454544"
"863","0.7949999999999999","0.7949999999999999","0.7949999999999999"
"864","0.8932500000000001","0.8932500000000001","0.8932500000000001"
"865","0.9904999999999999","0.9904999999999999","0.9904999999999999"
"866","0.9","0.9","0.9"
"867","0.875","0.875","0.875"
"868","0.7887500000000001","0.7887500000000001","0.7887500000000001"
"869","0.9","0.9","0.9"
"870","0.89375","0.89375","0.89375"
"871","0.9960000000000001","0.9960000000000001","0.9960000000000001"
"872","0.7927045454545455","0.7927045454545455","0.7927045454545455"
"873","0.9833333333333334","0.9833333333333334","0.9833333333333334"
"874","0.985","0.985","0.985"
"875","0.8975","0.8975","0.8975"
"876","0.8949999999999999","0.8949999999999999","0.8949999999999999"
"877","0.8945652173913043","0.8945652173913043","0.8945652173913043"
"878","0.9925","0.9925","0.9925"
"879","0.8942454954954954","0.8942454954954954","0.8942454954954954"
"880","0.7932691873334237","0.7932691873334237","0.7932691873334237"
"881","0.79875","0.79875","0.79875"
"882","0.8975","0.8975","0.8975"
"883","0.9904954954954956","0.9904954954954956","0.9904954954954956"
"884","0.89875","0.89875","0.89875"
"885","0.99175","0.99175","0.99175"
"886","0.88125","0.88125","0.88125"
"887","0.9974999999999999","0.9974999999999999","0.9974999999999999"
"888","1","1","1"
"889","0.990049504950495","0.990049504950495","0.990049504950495"
"890","0.79375","0.79375","0.79375"
"891","0.9022727272727273","0.9022727272727273","0.9022727272727273"
"892","0.8925000000000001","0.8925000000000001","0.8925000000000001"
"893","0.9915495049504951","0.9915495049504951","0.9915495049504951"
"894","0.89625","0.89625","0.89625"
"895","0.9798355855855856","0.9798355855855856","0.9798355855855856"
"896","0.9","0.9","0.9"
"897","0.7841035353535353","0.7841035353535353","0.7841035353535353"
"898","0.8","0.8","0.8"
"899","0.8836904761904762","0.8836904761904762","0.8836904761904762"
"900","0.8925000000000001","0.8925000000000001","0.8925000000000001"
"901","0.7","0.7","0.7"
"902","0.5974999999999999","0.5974999999999999","0.5974999999999999"
"903","0.9802912621359223","0.9802912621359223","0.9802912621359223"
"904","0.8933703703703705","0.8933703703703705","0.8933703703703705"
"905","0.9","0.9","0.9"
"906","0.9955","0.9955","0.9955"
"907","0.8975","0.8975","0.8975"
"908","0.9","0.9","0.9"
"909","0.9984999999999999","0.9984999999999999","0.9984999999999999"
"910","0.791199494949495","0.791199494949495","0.791199494949495"
"911","0.9911479591836734","0.9911479591836734","0.9911479591836734"
"912","0.9918453608247422","0.9918453608247422","0.9918453608247422"
"913","0.7975","0.7975","0.7975"
"914","0.7975","0.7975","0.7975"
"915","1","1","1"
"916","0.99375","0.99375","0.99375"
"917","0.9925","0.9925","0.9925"
"918","0.9877499999999999","0.9877499999999999","0.9877499999999999"
"919","0.89625","0.89625","0.89625"
"920","0.998","0.998","0.998"
"921","0.7975","0.7975","0.7975"
"922","0.9779207002332886","0.9779207002332886","0.9779207002332886"
"923","0.8051305130513051","0.8051305130513051","0.8051305130513051"
"924","0.99375","0.99375","0.99375"
"925","1","1","1"
"926","0.8949999999999999","0.8949999999999999","0.8949999999999999"
"927","0.9949999999999999","0.9949999999999999","0.9949999999999999"
"928","0.9974999999999999","0.9974999999999999","0.9974999999999999"
"929","0.8975","0.8975","0.8975"
"930","0.7955","0.7955","0.7955"
"931","0.89975","0.89975","0.89975"
"932","0.99125","0.99125","0.99125"
"933","0.9703327265372168","0.9703327265372168","0.9703327265372168"
"934","0.8874887387387387","0.8874887387387387","0.8874887387387387"
"935","0.9","0.9","0.9"
"936","0.99225","0.99225","0.99225"
"937","0.9937995049504951","0.9937995049504951","0.9937995049504951"
"938","0.59875","0.59875","0.59875"
"939","0.7975","0.7975","0.7975"
"940","0.9862500000000001","0.9862500000000001","0.9862500000000001"
"941","0.8795744680851063","0.8795744680851063","0.8795744680851063"
"942","0.8945054945054945","0.8945054945054945","0.8945054945054945"
"943","0.8877995049504952","0.8877995049504952","0.8877995049504952"
"944","0.8946808510638299","0.8946808510638299","0.8946808510638299"
"945","0.8125","0.8125","0.8125"
"946","0.9837637362637363","0.9837637362637363","0.9837637362637363"
"947","0.986","0.986","0.986"
"948","0.98675","0.98675","0.98675"
"949","0.8959999999999999","0.8959999999999999","0.8959999999999999"
"950","0.9816868932038835","0.9816868932038835","0.9816868932038835"
"951","0.7819817400644469","0.7819817400644469","0.7819817400644469"
"952","0.89875","0.89875","0.89875"
"953","0.8798979897989799","0.8798979897989799","0.8798979897989799"
"954","0.9788617021276595","0.9788617021276595","0.9788617021276595"
"955","0.986510989010989","0.986510989010989","0.986510989010989"
"956","0.9947368421052631","0.9947368421052631","0.9947368421052631"
"957","0.9944444444444445","0.9944444444444445","0.9944444444444445"
"958","0.99875","0.99875","0.99875"
"959","0.8","0.8","0.8"
"960","0.99875","0.99875","0.99875"
"961","0.99875","0.99875","0.99875"
"962","0.9807919621749409","0.9807919621749409","0.9807919621749409"
"963","0.7743152173913044","0.7743152173913044","0.7743152173913044"
"964","0.9946808510638299","0.9946808510638299","0.9946808510638299"
"965","0.9962500000000001","0.9962500000000001","0.9962500000000001"
"966","0.8795625292192613","0.8795625292192613","0.8795625292192613"
"967","0.5864130434782608","0.5864130434782608","0.5864130434782608"
"968","0.9962500000000001","0.9962500000000001","0.9962500000000001"
"969","0.99875","0.99875","0.99875"
"970","0.9873906882591094","0.9873906882591094","0.9873906882591094"
"971","1","1","1"
"972","0.6875","0.6875","0.6875"
"973","1","1","1"
"974","1","1","1"
"975","0.9","0.9","0.9"
"976","0.7946808510638298","0.7946808510638298","0.7946808510638298"
"977","0.7818502441671189","0.7818502441671189","0.7818502441671189"
"978","0.7","0.7","0.7"
"979","0.6975","0.6975","0.6975"
"980","1","1","1"
"981","0.89875","0.89875","0.89875"
"982","0.9808245274914089","0.9808245274914089","0.9808245274914089"
"983","0.9896236559139785","0.9896236559139785","0.9896236559139785"
"984","0.7899868421052632","0.7899868421052632","0.7899868421052632"
"985","0.9828091397849462","0.9828091397849462","0.9828091397849462"
"986","0.8893568840579711","0.8893568840579711","0.8893568840579711"
"987","0.7828091397849463","0.7828091397849463","0.7828091397849463"
"988","0.99875","0.99875","0.99875"
"989","0.9967500000000001","0.9967500000000001","0.9967500000000001"
"990","0.9840591397849463","0.9840591397849463","0.9840591397849463"
"991","0.7880545069778082","0.7880545069778082","0.7880545069778082"
"992","0.99875","0.99875","0.99875"
"993","0.9","0.9","0.9"
"994","0.8982683982683983","0.8982683982683983","0.8982683982683983"
"995","0.781485358041638","0.781485358041638","0.781485358041638"
"996","0.8920652173913044","0.8920652173913044","0.8920652173913044"
"997","0.7867021276595745","0.7867021276595745","0.7867021276595745"
"998","0.8895285087719298","0.8895285087719298","0.8895285087719298"
"999","1","1","1"
"1000","0.99725","0.99725","0.99725"
"1001","0.9952500000000001","0.9952500000000001","0.9952500000000001"
"1002","0.897","0.897","0.897"
"1003","0.8853091397849463","0.8853091397849463","0.8853091397849463"
"1004","0.9634193481848184","0.9634193481848184","0.9634193481848184"
"1005","0.9962500000000001","0.9962500000000001","0.9962500000000001"
"1006","0.7909308510638298","0.7909308510638298","0.7909308510638298"
"1007","0.7847368421052632","0.7847368421052632","0.7847368421052632"
"1008","0.9807613612455292","0.9807613612455292","0.9807613612455292"
"1009","0.8843882978723403","0.8843882978723403","0.8843882978723403"
"1010","0.9681548582995951","0.9681548582995951","0.9681548582995951"
"1011","0.8975","0.8975","0.8975"
"1012","0.8835507870142646","0.8835507870142646","0.8835507870142646"
"1013","1","1","1"
"1014","0.9856068840579709","0.9856068840579709","0.9856068840579709"
"1015","0.9","0.9","0.9"
"1016","0.9753090705487122","0.9753090705487122","0.9753090705487122"
"1017","0.986413043478261","0.986413043478261","0.986413043478261"
"1018","0.8611568803227252","0.8611568803227252","0.8611568803227252"
"1019","0.8811243571762505","0.8811243571762505","0.8811243571762505"
"1020","0.9090909090909091","0.9090909090909091","0.9090909090909091"
"1021","0.7896303460133247","0.7896303460133247","0.7896303460133247"
"1022","0.9797916666666666","0.9797916666666666","0.9797916666666666"
"1023","0.9801209677419356","0.9801209677419356","0.9801209677419356"
"1024","0.986413043478261","0.986413043478261","0.986413043478261"
"1025","0.8897916666666665","0.8897916666666665","0.8897916666666665"
"1026","0.9","0.9","0.9"
"1027","0.9844823883161512","0.9844823883161512","0.9844823883161512"
"1028","0.89875","0.89875","0.89875"
"1029","0.8","0.8","0.8"
"1030","0.7975","0.7975","0.7975"
"1031","0.7975","0.7975","0.7975"
"1032","0.9974999999999999","0.9974999999999999","0.9974999999999999"
"1033","0.9947916666666666","0.9947916666666666","0.9947916666666666"
"1034","0.5974999999999999","0.5974999999999999","0.5974999999999999"
"1035","1","1","1"
"1036","0.9878230337078652","0.9878230337078652","0.9878230337078652"
"1037","0.8894736842105264","0.8894736842105264","0.8894736842105264"
"1038","0.8","0.8","0.8"
"1039","0.9","0.9","0.9"
"1040","0.974745605920444","0.974745605920444","0.974745605920444"
"1041","0.9","0.9","0.9"
"1042","0.8848157894736841","0.8848157894736841","0.8848157894736841"
"1043","0.8790973401245047","0.8790973401245047","0.8790973401245047"
"1044","0.8","0.8","0.8"
"1045","0.9945652173913043","0.9945652173913043","0.9945652173913043"
"1046","0.9907554945054944","0.9907554945054944","0.9907554945054944"
"1047","0.8","0.8","0.8"
"1048","0.99725","0.99725","0.99725"
"1049","0.9974999999999999","0.9974999999999999","0.9974999999999999"
"1050","0.99875","0.99875","0.99875"
"1051","0.7855921052631578","0.7855921052631578","0.7855921052631578"
"1052","0.9","0.9","0.9"
"1053","0.99875","0.99875","0.99875"
"1054","0.9","0.9","0.9"
"1055","0.7880952380952382","0.7880952380952382","0.7880952380952382"
"1056","0.9948979591836735","0.9948979591836735","0.9948979591836735"
"1057","0.8922368421052631","0.8922368421052631","0.8922368421052631"
"1058","0.8975","0.8975","0.8975"
"1059","0.7","0.7","0.7"
"1060","0.7925","0.7925","0.7925"
"1061","0.7975","0.7975","0.7975"
"1062","0.8","0.8","0.8"
"1063","0.8936994949494951","0.8936994949494951","0.8936994949494951"
"1064","0.8948979591836735","0.8948979591836735","0.8948979591836735"
"1065","0.8895833333333334","0.8895833333333334","0.8895833333333334"
"1066","0.89875","0.89875","0.89875"
"1067","0.9934868421052633","0.9934868421052633","0.9934868421052633"
"1068","0.8949999999999999","0.8949999999999999","0.8949999999999999"
"1069","0.8761078098471986","0.8761078098471986","0.8761078098471986"
"1070","0.99875","0.99875","0.99875"
"1071","0.9","0.9","0.9"
"1072","1","1","1"
"1073","0.7","0.7","0.7"
"1074","0.8842105263157893","0.8842105263157893","0.8842105263157893"
"1075","1","1","1"
"1076","0.9145833333333334","0.9145833333333334","0.9145833333333334"
"1077","0.9886489898989901","0.9886489898989901","0.9886489898989901"
"1078","0.8944308510638297","0.8944308510638297","0.8944308510638297"
"1079","0.880166962174941","0.880166962174941","0.880166962174941"
"1080","0.8946236559139784","0.8946236559139784","0.8946236559139784"
"1081","0.9","0.9","0.9"
"1082","0.9895980392156861","0.9895980392156861","0.9895980392156861"
"1083","0.8876237623762376","0.8876237623762376","0.8876237623762376"
"1084","0.8740272029557744","0.8740272029557744","0.8740272029557744"
"1085","0.9859933200084157","0.9859933200084157","0.9859933200084157"
"1086","1","1","1"
"1087","1","1","1"
"1088","0.878075980392157","0.878075980392157","0.878075980392157"
"1089","0.7975","0.7975","0.7975"
"1090","0.689795918367347","0.689795918367347","0.689795918367347"
"1091","0.8898979591836735","0.8898979591836735","0.8898979591836735"
"1092","0.8946808510638299","0.8946808510638299","0.8946808510638299"
"1093","0.7946808510638298","0.7946808510638298","0.7946808510638298"
"1094","1","1","1"
"1095","0.9791889697648376","0.9791889697648376","0.9791889697648376"
"1096","0.9","0.9","0.9"
"1097","0.8898474541331683","0.8898474541331683","0.8898474541331683"
"1098","0.7","0.7","0.7"
"1099","0.9988636363636364","0.9988636363636364","0.9988636363636364"
"1100","0.8888001330967171","0.8888001330967171","0.8888001330967171"
"1101","0.8681416102136529","0.8681416102136529","0.8681416102136529"
"1102","0.9","0.9","0.9"
"1103","0.9","0.9","0.9"
"1104","0.9901960784313726","0.9901960784313726","0.9901960784313726"
"1105","0.9768041237113401","0.9768041237113401","0.9768041237113401"
"1106","1","1","1"
"1107","0.9828485442329228","0.9828485442329228","0.9828485442329228"
"1108","0.9962500000000001","0.9962500000000001","0.9962500000000001"
"1109","0.6944444444444444","0.6944444444444444","0.6944444444444444"
"1110","0.9945054945054945","0.9945054945054945","0.9945054945054945"
"1111","0.8838125292192613","0.8838125292192613","0.8838125292192613"
"1112","1","1","1"
"1113","0.8894176931690929","0.8894176931690929","0.8894176931690929"
"1114","0.8805091998288403","0.8805091998288403","0.8805091998288403"
"1115","0.8970019342359768","0.8970019342359768","0.8970019342359768"
"1116","0.983625730994152","0.983625730994152","0.983625730994152"
"1117","0.8","0.8","0.8"
"1118","0.89625","0.89625","0.89625"
"1119","0.8862637362637363","0.8862637362637363","0.8862637362637363"
"1120","0.9","0.9","0.9"
"1121","0.9840937261632341","0.9840937261632341","0.9840937261632341"
"1122","0.8946236559139784","0.8946236559139784","0.8946236559139784"
"1123","0.7853333333333333","0.7853333333333333","0.7853333333333333"
"1124","0.8700881915370455","0.8700881915370455","0.8700881915370455"
"1125","0.968945035460993","0.968945035460993","0.968945035460993"
"1126","0.690463337831759","0.690463337831759","0.690463337831759"
"1127","0.9","0.9","0.9"
"1128","0.9815474884843167","0.9815474884843167","0.9815474884843167"
"1129","0.9818771258503401","0.9818771258503401","0.9818771258503401"
"1130","0.9779966064115294","0.9779966064115294","0.9779966064115294"
"1131","0.8","0.8","0.8"
"1132","0.8852494012287828","0.8852494012287828","0.8852494012287828"
"1133","1","1","1"
"1134","0.9877380952380953","0.9877380952380953","0.9877380952380953"
"1135","0.9789845826687932","0.9789845826687932","0.9789845826687932"
"1136","0.965032779791469","0.965032779791469","0.965032779791469"
"1137","0.9787722066386163","0.9787722066386163","0.9787722066386163"
"1138","0.8897435897435898","0.8897435897435898","0.8897435897435898"
"1139","0.8611672193749372","0.8611672193749372","0.8611672193749372"
"1140","0.9840985442329228","0.9840985442329228","0.9840985442329228"
"1141","0.9897959183673469","0.9897959183673469","0.9897959183673469"
"1142","0.6950000000000001","0.6950000000000001","0.6950000000000001"
"1143","0.8803461736444749","0.8803461736444749","0.8803461736444749"
"1144","0.5849462365591398","0.5849462365591398","0.5849462365591398"
"1145","0.8945652173913043","0.8945652173913043","0.8945652173913043"
"1146","0.9907916666666665","0.9907916666666665","0.9907916666666665"
"1147","0.7937891382011851","0.7937891382011851","0.7937891382011851"
"1148","0.8085106382978723","0.8085106382978723","0.8085106382978723"
"1149","0.8947368421052632","0.8947368421052632","0.8947368421052632"
"1150","0.9744620525782662","0.9744620525782662","0.9744620525782662"
"1151","0.8950980392156863","0.8950980392156863","0.8950980392156863"
"1152","0.8902436702836475","0.8902436702836475","0.8902436702836475"
"1153","0.988532110091743","0.988532110091743","0.988532110091743"
"1154","0.8907335907335907","0.8907335907335907","0.8907335907335907"
"1155","0.9834905660377359","0.9834905660377359","0.9834905660377359"
"1156","0.8097235117314743","0.8097235117314743","0.8097235117314743"
"1157","0.98125","0.98125","0.98125"
"1158","0.873695054945055","0.873695054945055","0.873695054945055"
"1159","0.9","0.9","0.9"
"1160","0.8949494949494949","0.8949494949494949","0.8949494949494949"
"1161","0.9781786941580757","0.9781786941580757","0.9781786941580757"
"1162","0.8528331291724148","0.8528331291724148","0.8528331291724148"
"1163","0.8873737373737374","0.8873737373737374","0.8873737373737374"
"1164","0.9","0.9","0.9"
"1165","0.9853076480736055","0.9853076480736055","0.9853076480736055"
"1166","0.9948453608247423","0.9948453608247423","0.9948453608247423"
"1167","0.9865591397849462","0.9865591397849462","0.9865591397849462"
"1168","0.7596375566512277","0.7596375566512277","0.7596375566512277"
"1169","0.8690835297285748","0.8690835297285748","0.8690835297285748"
"1170","0.8932554945054946","0.8932554945054946","0.8932554945054946"
"1171","0.8754131706076785","0.8754131706076785","0.8754131706076785"
"1172","0.8","0.8","0.8"
"1173","0.89375","0.89375","0.89375"
"1174","0.8815229563269877","0.8815229563269877","0.8815229563269877"
"1175","1","1","1"
"1176","0.9820113612455291","0.9820113612455291","0.9820113612455291"
"1177","0.9550822269726973","0.9550822269726973","0.9550822269726973"
"1178","0.7871134020618558","0.7871134020618558","0.7871134020618558"
"1179","0.7946808510638298","0.7946808510638298","0.7946808510638298"
"1180","0.881981740064447","0.881981740064447","0.881981740064447"
"1181","0.7971073171115065","0.7971073171115065","0.7971073171115065"
"1182","0.8743309050424294","0.8743309050424294","0.8743309050424294"
"1183","0.9090909090909091","0.9090909090909091","0.9090909090909091"
"1184","0.8871134020618557","0.8871134020618557","0.8871134020618557"
"1185","0.9812781531531531","0.9812781531531531","0.9812781531531531"
"1186","0.9","0.9","0.9"
"1187","0.8972537878787878","0.8972537878787878","0.8972537878787878"
"1188","0.85275","0.85275","0.85275"
"1189","0.8064667291471416","0.8064667291471416","0.8064667291471416"
"1190","0.771798653400029","0.771798653400029","0.771798653400029"
"1191","0.8868421052631579","0.8868421052631579","0.8868421052631579"
"1192","0.8948453608247423","0.8948453608247423","0.8948453608247423"
"1193","0.8948453608247423","0.8948453608247423","0.8948453608247423"
"1194","1","1","1"
"1195","0.9812959818902094","0.9812959818902094","0.9812959818902094"
"1196","0.9865591397849462","0.9865591397849462","0.9865591397849462"
"1197","0.8867021276595745","0.8867021276595745","0.8867021276595745"
"1198","0.967160342450212","0.967160342450212","0.967160342450212"
"1199","0.9946236559139784","0.9946236559139784","0.9946236559139784"
"1200","0.8897216951296649","0.8897216951296649","0.8897216951296649"
"1201","0.8813257835735531","0.8813257835735531","0.8813257835735531"
"1202","0.8683650615901456","0.8683650615901456","0.8683650615901456"
"1203","0.9090909090909091","0.9090909090909091","0.9090909090909091"
"1204","0.8947916666666667","0.8947916666666667","0.8947916666666667"
"1205","0.7947368421052632","0.7947368421052632","0.7947368421052632"
"1206","0.8603834219858155","0.8603834219858155","0.8603834219858155"
"1207","0.789521615097652","0.789521615097652","0.789521615097652"
"1208","0.848454293287228","0.848454293287228","0.848454293287228"
"1209","0.9","0.9","0.9"
"1210","0.986413043478261","0.986413043478261","0.986413043478261"
"1211","0.9884868421052632","0.9884868421052632","0.9884868421052632"
"1212","0.9871134020618557","0.9871134020618557","0.9871134020618557"
"1213","0.7760022909507447","0.7760022909507447","0.7760022909507447"
"1214","0.9818502441671189","0.9818502441671189","0.9818502441671189"
"1215","0.8740925687285224","0.8740925687285224","0.8740925687285224"
"1216","0.681544384057971","0.681544384057971","0.681544384057971"
"1217","0.9200383064516128","0.9200383064516128","0.9200383064516128"
"1218","0.8598557186196736","0.8598557186196736","0.8598557186196736"
"1219","0.9","0.9","0.9"
"1220","0.8868421052631579","0.8868421052631579","0.8868421052631579"
"1221","0.8895262118885722","0.8895262118885722","0.8895262118885722"
"1222","0.8","0.8","0.8"
"1223","0.8901988771529166","0.8901988771529166","0.8901988771529166"
"1224","0.9","0.9","0.9"
"1225","0.9836748952026083","0.9836748952026083","0.9836748952026083"
"1226","0.8944270221537387","0.8944270221537387","0.8944270221537387"
"1227","0.8565656686308861","0.8565656686308861","0.8565656686308861"
"1228","1","1","1"
"1229","0.9812673450508788","0.9812673450508788","0.9812673450508788"
"1230","0.9946236559139784","0.9946236559139784","0.9946236559139784"
"1231","0.7","0.7","0.7"
"1232","0.9951644100580271","0.9951644100580271","0.9951644100580271"
"1233","0.8845360824742269","0.8845360824742269","0.8845360824742269"
"1234","1","1","1"
"1235","0.8868421052631579","0.8868421052631579","0.8868421052631579"
"1236","0.8873737373737374","0.8873737373737374","0.8873737373737374"
"1237","0.8","0.8","0.8"
"1238","0.965929273113062","0.965929273113062","0.965929273113062"
"1239","0.9946236559139784","0.9946236559139784","0.9946236559139784"
"1240","0.9696136467627545","0.9696136467627545","0.9696136467627545"
"1241","0.97324325341147","0.97324325341147","0.97324325341147"
"1242","0.8845413926716029","0.8845413926716029","0.8845413926716029"
"1243","0.8946808510638299","0.8946808510638299","0.8946808510638299"
"1244","0.9622405692177753","0.9622405692177753","0.9622405692177753"
"1245","0.9884960684551342","0.9884960684551342","0.9884960684551342"
"1246","1","1","1"
"1247","0.8731182795698924","0.8731182795698924","0.8731182795698924"
"1248","0.9789738195418419","0.9789738195418419","0.9789738195418419"
"1249","0.9829957489372344","0.9829957489372344","0.9829957489372344"
"1250","0.8893280632411067","0.8893280632411067","0.8893280632411067"
"1251","0.7798982423681776","0.7798982423681776","0.7798982423681776"
"1252","0.9076076253495607","0.9076076253495607","0.9076076253495607"
"1253","0.8800459818902094","0.8800459818902094","0.8800459818902094"
"1254","0.9599394890183774","0.9599394890183774","0.9599394890183774"
"1255","1","1","1"
"1256","0.9","0.9","0.9"
"1257","0.7757728395563733","0.7757728395563733","0.7757728395563733"
"1258","0.9875124875124875","0.9875124875124875","0.9875124875124875"
"1259","0.8944444444444445","0.8944444444444445","0.8944444444444445"
"1260","0.9","0.9","0.9"
"1261","0.9945652173913043","0.9945652173913043","0.9945652173913043"
"1262","0.8944444444444445","0.8944444444444445","0.8944444444444445"
"1263","0.8898615739553961","0.8898615739553961","0.8898615739553961"
"1264","0.9814389697648377","0.9814389697648377","0.9814389697648377"
"1265","0.9537151029748283","0.9537151029748283","0.9537151029748283"
"1266","0.9865591397849462","0.9865591397849462","0.9865591397849462"
"1267","0.8181818181818182","0.8181818181818182","0.8181818181818182"
"1268","0.9726469182990922","0.9726469182990922","0.9726469182990922"
"1269","0.7","0.7","0.7"
"1270","0.7","0.7","0.7"
"1271","0.966372311827957","0.966372311827957","0.966372311827957"
"1272","0.6875054945054945","0.6875054945054945","0.6875054945054945"
"1273","0.9920652173913043","0.9920652173913043","0.9920652173913043"
"1274","0.9807347670250897","0.9807347670250897","0.9807347670250897"
"1275","0.9","0.9","0.9"
"1276","0.9881720430107528","0.9881720430107528","0.9881720430107528"
"1277","0.9783777466105656","0.9783777466105656","0.9783777466105656"
"1278","0.9591185410334345","0.9591185410334345","0.9591185410334345"
"1279","0.8827609890109891","0.8827609890109891","0.8827609890109891"
"1280","0.7890109890109891","0.7890109890109891","0.7890109890109891"
"1281","0.9","0.9","0.9"
"1282","0.8840389784946237","0.8840389784946237","0.8840389784946237"
"1283","0.8834407216494846","0.8834407216494846","0.8834407216494846"
"1284","0.893628312106573","0.893628312106573","0.893628312106573"
"1285","0.9838697243691126","0.9838697243691126","0.9838697243691126"
"1286","0.8086124401913876","0.8086124401913876","0.8086124401913876"
"1287","0.8946236559139784","0.8946236559139784","0.8946236559139784"
"1288","0.8789473684210526","0.8789473684210526","0.8789473684210526"
"1289","0.7892460684551341","0.7892460684551341","0.7892460684551341"
"1290","0.7616359292881032","0.7616359292881032","0.7616359292881032"
"1291","1","1","1"
"1292","0.8943181818181818","0.8943181818181818","0.8943181818181818"
"1293","0.7594361213206714","0.7594361213206714","0.7594361213206714"
"1294","0.8970019342359768","0.8970019342359768","0.8970019342359768"
"1295","0.9827956989247312","0.9827956989247312","0.9827956989247312"
"1296","0.8728132387706855","0.8728132387706855","0.8728132387706855"
"1297","0.7596267726351877","0.7596267726351877","0.7596267726351877"
"1298","0.9403888109708587","0.9403888109708587","0.9403888109708587"
"1299","0.9946236559139784","0.9946236559139784","0.9946236559139784"
"1300","0.6963709677419355","0.6963709677419355","0.6963709677419355"
"1301","0.8893604980192416","0.8893604980192416","0.8893604980192416"
"1302","0.9768091397849462","0.9768091397849462","0.9768091397849462"
"1303","0.6813829787234043","0.6813829787234043","0.6813829787234043"
"1304","0.567987012987013","0.567987012987013","0.567987012987013"
"1305","0.9841950179267134","0.9841950179267134","0.9841950179267134"
"1306","0.8","0.8","0.8"
"1307","0.9946236559139784","0.9946236559139784","0.9946236559139784"
"1308","0.9749231678486998","0.9749231678486998","0.9749231678486998"
"1309","1","1","1"
"1310","0.8835164835164836","0.8835164835164836","0.8835164835164836"
"1311","0.9052197802197802","0.9052197802197802","0.9052197802197802"
"1312","0.9781556869842098","0.9781556869842098","0.9781556869842098"
"1313","0.8595744680851064","0.8595744680851064","0.8595744680851064"
"1314","0.8816188965673503","0.8816188965673503","0.8816188965673503"
"1315","0.9894176931690929","0.9894176931690929","0.9894176931690929"
"1316","0.9650078141555413","0.9650078141555413","0.9650078141555413"
"1317","0.7870285087719298","0.7870285087719298","0.7870285087719298"
"1318","0.9876236559139786","0.9876236559139786","0.9876236559139786"
"1319","0.960842689918777","0.960842689918777","0.960842689918777"
"1320","0.875629851681745","0.875629851681745","0.875629851681745"
"1321","0.9881944444444445","0.9881944444444445","0.9881944444444445"
"1322","0.8676530343270368","0.8676530343270368","0.8676530343270368"
"1323","0.97875","0.97875","0.97875"
"1324","0.9732612674445207","0.9732612674445207","0.9732612674445207"
"1325","0.8946808510638299","0.8946808510638299","0.8946808510638299"
"1326","0.9","0.9","0.9"
"1327","0.9842093598357596","0.9842093598357596","0.9842093598357596"
"1328","0.8","0.8","0.8"
"1329","0.8","0.8","0.8"
"1330","0.8917158110706498","0.8917158110706498","0.8917158110706498"
"1331","0.7674497428705002","0.7674497428705002","0.7674497428705002"
"1332","0.9807692307692308","0.9807692307692308","0.9807692307692308"
"1333","0.5809185379837554","0.5809185379837554","0.5809185379837554"
"1334","0.9315127258160889","0.9315127258160889","0.9315127258160889"
"1335","0.9731182795698924","0.9731182795698924","0.9731182795698924"
"1336","0.8947368421052632","0.8947368421052632","0.8947368421052632"
"1337","0.981207622165069","0.981207622165069","0.981207622165069"
"1338","0.8755098047188703","0.8755098047188703","0.8755098047188703"
"1339","0.9942499999999999","0.9942499999999999","0.9942499999999999"
"1340","0.8853260869565217","0.8853260869565217","0.8853260869565217"
"1341","0.8840425531914894","0.8840425531914894","0.8840425531914894"
"1342","0.7805805305805307","0.7805805305805307","0.7805805305805307"
"1343","0.9840955700179002","0.9840955700179002","0.9840955700179002"
"1344","0.7822222222222222","0.7822222222222222","0.7822222222222222"
"1345","0.9090909090909091","0.9090909090909091","0.9090909090909091"
"1346","0.8945054945054945","0.8945054945054945","0.8945054945054945"
"1347","0.7835164835164835","0.7835164835164835","0.7835164835164835"
"1348","0.958521267929061","0.958521267929061","0.958521267929061"
"1349","0.9548344481605351","0.9548344481605351","0.9548344481605351"
"1350","0.9785","0.9785","0.9785"
"1351","0.8729721832632071","0.8729721832632071","0.8729721832632071"
"1352","0.9890096618357488","0.9890096618357488","0.9890096618357488"
"1353","0.8953703703703704","0.8953703703703704","0.8953703703703704"
"1354","0.986413043478261","0.986413043478261","0.986413043478261"
"1355","0.7","0.7","0.7"
"1356","0.9944444444444445","0.9944444444444445","0.9944444444444445"
"1357","0.7","0.7","0.7"
"1358","1","1","1"
"1359","0.9728260869565217","0.9728260869565217","0.9728260869565217"
"1360","0.7891888733052829","0.7891888733052829","0.7891888733052829"
"1361","0.9707696661007356","0.9707696661007356","0.9707696661007356"
"1362","0.9459530659860645","0.9459530659860645","0.9459530659860645"
"1363","0.8945054945054945","0.8945054945054945","0.8945054945054945"
"1364","0.7944444444444445","0.7944444444444445","0.7944444444444445"
"1365","0.9042033235581622","0.9042033235581622","0.9042033235581622"
"1366","0.8771141901576683","0.8771141901576683","0.8771141901576683"
"1367","0.8946808510638299","0.8946808510638299","0.8946808510638299"
"1368","0.8181818181818182","0.8181818181818182","0.8181818181818182"
"1369","0.7773125000000001","0.7773125000000001","0.7773125000000001"
"1370","0.9611578947368422","0.9611578947368422","0.9611578947368422"
"1371","0.7765","0.7765","0.7765"
"1372","0.7849462365591398","0.7849462365591398","0.7849462365591398"
"1373","0.9775873655913978","0.9775873655913978","0.9775873655913978"
"1374","0.7","0.7","0.7"
"1375","0.8602088034601332","0.8602088034601332","0.8602088034601332"
"1376","0.8947368421052632","0.8947368421052632","0.8947368421052632"
"1377","0.877343988598188","0.877343988598188","0.877343988598188"
"1378","0.9","0.9","0.9"
"1379","0.9594548608548019","0.9594548608548019","0.9594548608548019"
"1380","0.7203677731026961","0.7203677731026961","0.7203677731026961"
"1381","0.7839361355490388","0.7839361355490388","0.7839361355490388"
"1382","0.892929292929293","0.892929292929293","0.892929292929293"
"1383","0.8944444444444445","0.8944444444444445","0.8944444444444445"
"1384","0.8771141901576683","0.8771141901576683","0.8771141901576683"
"1385","0.7661290322580646","0.7661290322580646","0.7661290322580646"
"1386","0.9519560877883517","0.9519560877883517","0.9519560877883517"
"1387","0.8754162812210916","0.8754162812210916","0.8754162812210916"
"1388","0.9837515629606287","0.9837515629606287","0.9837515629606287"
"1389","0.8129958151167829","0.8129958151167829","0.8129958151167829"
"1390","0.8945652173913043","0.8945652173913043","0.8945652173913043"
"1391","0.9090909090909091","0.9090909090909091","0.9090909090909091"
"1392","1","1","1"
"1393","0.7753344481605351","0.7753344481605351","0.7753344481605351"
"1394","0.8864130434782609","0.8864130434782609","0.8864130434782609"
"1395","0.9810366993922394","0.9810366993922394","0.9810366993922394"
"1396","0.9","0.9","0.9"
"1397","0.9656806494113647","0.9656806494113647","0.9656806494113647"
"1398","0.9460873544010425","0.9460873544010425","0.9460873544010425"
"1399","0.8673880934399868","0.8673880934399868","0.8673880934399868"
"1400","0.9764140334792508","0.9764140334792508","0.9764140334792508"
"1401","0.7975","0.7975","0.7975"
"1402","0.7222777222777222","0.7222777222777222","0.7222777222777222"
"1403","0.9613790886690252","0.9613790886690252","0.9613790886690252"
"1404","0.9548339957914426","0.9548339957914426","0.9548339957914426"
"1405","0.7272727272727273","0.7272727272727273","0.7272727272727273"
"1406","0.9946808510638299","0.9946808510638299","0.9946808510638299"
"1407","0.89375","0.89375","0.89375"
"1408","1","1","1"
"1409","0.9702827678473736","0.9702827678473736","0.9702827678473736"
"1410","0.9833196569173359","0.9833196569173359","0.9833196569173359"
"1411","0.8865591397849462","0.8865591397849462","0.8865591397849462"
"1412","0.7807692307692309","0.7807692307692309","0.7807692307692309"
"1413","0.8975","0.8975","0.8975"
"1414","0.8857954545454545","0.8857954545454545","0.8857954545454545"
"1415","0.8696642148174407","0.8696642148174407","0.8696642148174407"
"1416","0.9806166056166056","0.9806166056166056","0.9806166056166056"
"1417","0.8945054945054945","0.8945054945054945","0.8945054945054945"
"1418","0.8456489630052044","0.8456489630052044","0.8456489630052044"
"1419","0.9957118353344768","0.9957118353344768","0.9957118353344768"
"1420","0.8181818181818182","0.8181818181818182","0.8181818181818182"
"1421","0.9757131166705635","0.9757131166705635","0.9757131166705635"
"1422","0.6946236559139785","0.6946236559139785","0.6946236559139785"
"1423","0.8671989468864469","0.8671989468864469","0.8671989468864469"
"1424","0.8862637362637363","0.8862637362637363","0.8862637362637363"
"1425","0.7945054945054946","0.7945054945054946","0.7945054945054946"
"1426","0.9751207729468598","0.9751207729468598","0.9751207729468598"
"1427","0.7804931335830212","0.7804931335830212","0.7804931335830212"
"1428","0.988949938949939","0.988949938949939","0.988949938949939"
"1429","0.9807081807081808","0.9807081807081808","0.9807081807081808"
"1430","0.97542403248925","0.97542403248925","0.97542403248925"
"1431","0.88025","0.88025","0.88025"
"1432","0.8807692307692309","0.8807692307692309","0.8807692307692309"
"1433","0.8862637362637363","0.8862637362637363","0.8862637362637363"
"1434","0.8868421052631579","0.8868421052631579","0.8868421052631579"
"1435","0.7","0.7","0.7"
"1436","0.9750249750249751","0.9750249750249751","0.9750249750249751"
"1437","0.9712695230054875","0.9712695230054875","0.9712695230054875"
"1438","0.9","0.9","0.9"
"1439","0.8964646464646464","0.8964646464646464","0.8964646464646464"
"1440","0.7807347670250897","0.7807347670250897","0.7807347670250897"
"1441","0.7657608695652173","0.7657608695652173","0.7657608695652173"
"1442","0.7890771028037383","0.7890771028037383","0.7890771028037383"
"1443","0.9945652173913043","0.9945652173913043","0.9945652173913043"
"1444","0.9668273174733388","0.9668273174733388","0.9668273174733388"
"1445","0.9945652173913043","0.9945652173913043","0.9945652173913043"
"1446","0.8537218181297905","0.8537218181297905","0.8537218181297905"
"1447","0.8728228760486825","0.8728228760486825","0.8728228760486825"
"1448","0.8891863455693244","0.8891863455693244","0.8891863455693244"
"1449","0.6812673450508788","0.6812673450508788","0.6812673450508788"
"1450","0.8946236559139784","0.8946236559139784","0.8946236559139784"
"1451","0.6864130434782608","0.6864130434782608","0.6864130434782608"
"1452","0.778494623655914","0.778494623655914","0.778494623655914"
"1453","0.7958117151665539","0.7958117151665539","0.7958117151665539"
"1454","0.7829787234042553","0.7829787234042553","0.7829787234042553"
"1455","0.9946808510638299","0.9946808510638299","0.9946808510638299"
"1456","0.78125","0.78125","0.78125"
"1457","0.8944444444444445","0.8944444444444445","0.8944444444444445"
"1458","0.9888875169774046","0.9888875169774046","0.9888875169774046"
"1459","0.7635869565217391","0.7635869565217391","0.7635869565217391"
"1460","0.8953271028037383","0.8953271028037383","0.8953271028037383"
"1461","0.9739782608695652","0.9739782608695652","0.9739782608695652"
"1462","0.9090909090909091","0.9090909090909091","0.9090909090909091"
"1463","0.8005050505050505","0.8005050505050505","0.8005050505050505"
"1464","0.8808289536550407","0.8808289536550407","0.8808289536550407"
"1465","0.982707509881423","0.982707509881423","0.982707509881423"
"1466","0.8776361819090454","0.8776361819090454","0.8776361819090454"
"1467","1","1","1"
"1468","0.7933365917236886","0.7933365917236886","0.7933365917236886"
"1469","0.8810366993922394","0.8810366993922394","0.8810366993922394"
"1470","0.9","0.9","0.9"
"1471","0.7837637362637363","0.7837637362637363","0.7837637362637363"
"1472","0.9810646342904408","0.9810646342904408","0.9810646342904408"
"1473","0.9892460684551342","0.9892460684551342","0.9892460684551342"
"1474","0.8783726911386486","0.8783726911386486","0.8783726911386486"
"1475","0.9817401462819992","0.9817401462819992","0.9817401462819992"
"1476","0.8582982702197288","0.8582982702197288","0.8582982702197288"
"1477","0.9884259259259259","0.9884259259259259","0.9884259259259259"
"1478","0.8894667348155721","0.8894667348155721","0.8894667348155721"
"1479","0.7808289536550406","0.7808289536550406","0.7808289536550406"
"1480","0.8867021276595745","0.8867021276595745","0.8867021276595745"
"1481","0.7944444444444445","0.7944444444444445","0.7944444444444445"
"1482","0.9946236559139784","0.9946236559139784","0.9946236559139784"
"1483","0.7868421052631579","0.7868421052631579","0.7868421052631579"
"1484","0.8813475997686524","0.8813475997686524","0.8813475997686524"
"1485","0.8181818181818182","0.8181818181818182","0.8181818181818182"
"1486","0.8943820224719101","0.8943820224719101","0.8943820224719101"
"1487","0.7","0.7","0.7"
"1488","0.9831002331002331","0.9831002331002331","0.9831002331002331"
"1489","0.7851648351648352","0.7851648351648352","0.7851648351648352"
"1490","0.888949938949939","0.888949938949939","0.888949938949939"
"1491","0.7","0.7","0.7"
"1492","0.9898422426512314","0.9898422426512314","0.9898422426512314"
"1493","0.8769570002232927","0.8769570002232927","0.8769570002232927"
"1494","0.9","0.9","0.9"
"1495","0.8865591397849462","0.8865591397849462","0.8865591397849462"
"1496","0.8864130434782609","0.8864130434782609","0.8864130434782609"
"1497","0.9603161672908864","0.9603161672908864","0.9603161672908864"
"1498","1","1","1"
"1499","0.89875","0.89875","0.89875"
"1500","0.9722222222222221","0.9722222222222221","0.9722222222222221"
"1501","0.9836111111111112","0.9836111111111112","0.9836111111111112"
"1502","0.6954545454545455","0.6954545454545455","0.6954545454545455"
"1503","0.8943820224719101","0.8943820224719101","0.8943820224719101"
"1504","0.9","0.9","0.9"
"1505","0.8836943678107774","0.8836943678107774","0.8836943678107774"
"1506","0.9944444444444445","0.9944444444444445","0.9944444444444445"
"1507","0.9873737373737373","0.9873737373737373","0.9873737373737373"
"1508","0.888888888888889","0.888888888888889","0.888888888888889"
"1509","0.9","0.9","0.9"
"1510","0.8712670180061486","0.8712670180061486","0.8712670180061486"
"1511","0.7223320158102766","0.7223320158102766","0.7223320158102766"
"1512","0.9947368421052631","0.9947368421052631","0.9947368421052631"
"1513","0.8864130434782609","0.8864130434782609","0.8864130434782609"
"1514","1","1","1"
"1515","0.8865591397849462","0.8865591397849462","0.8865591397849462"
"1516","0.8946808510638299","0.8946808510638299","0.8946808510638299"
"1517","0.9785877737822817","0.9785877737822817","0.9785877737822817"
"1518","0.9728228760486826","0.9728228760486826","0.9728228760486826"
"1519","0.9944444444444445","0.9944444444444445","0.9944444444444445"
"1520","0.9722554945054945","0.9722554945054945","0.9722554945054945"
"1521","1","1","1"
"1522","0.9879110251450677","0.9879110251450677","0.9879110251450677"
"1523","0.9897248345524208","0.9897248345524208","0.9897248345524208"
"1524","0.9658730314629193","0.9658730314629193","0.9658730314629193"
"1525","0.8743506493506494","0.8743506493506494","0.8743506493506494"
"1526","0.9898422426512314","0.9898422426512314","0.9898422426512314"
"1527","0.7865591397849462","0.7865591397849462","0.7865591397849462"
"1528","0.7809782608695651","0.7809782608695651","0.7809782608695651"
"1529","0.8745561357763321","0.8745561357763321","0.8745561357763321"
"1530","0.8891888733052828","0.8891888733052828","0.8891888733052828"
"1531","0.9909907277544024","0.9909907277544024","0.9909907277544024"
"1532","0.9675495517980075","0.9675495517980075","0.9675495517980075"
"1533","0.7803091397849462","0.7803091397849462","0.7803091397849462"
"1534","0.9795189210950079","0.9795189210950079","0.9795189210950079"
"1535","0.8944444444444445","0.8944444444444445","0.8944444444444445"
"1536","0.8859550561797753","0.8859550561797753","0.8859550561797753"
"1537","0.8943820224719101","0.8943820224719101","0.8943820224719101"
"1538","0.8945054945054945","0.8945054945054945","0.8945054945054945"
"1539","0.8754526095690192","0.8754526095690192","0.8754526095690192"
"1540","0.8812959818902094","0.8812959818902094","0.8812959818902094"
"1541","1","1","1"
"1542","0.7862637362637364","0.7862637362637364","0.7862637362637364"
"1543","0.8947368421052632","0.8947368421052632","0.8947368421052632"
"1544","1","1","1"
"1545","0.986413043478261","0.986413043478261","0.986413043478261"
"1546","0.8796938456732271","0.8796938456732271","0.8796938456732271"
"1547","0.8867021276595745","0.8867021276595745","0.8867021276595745"
"1548","0.7948979591836735","0.7948979591836735","0.7948979591836735"
"1549","0.9894153225806452","0.9894153225806452","0.9894153225806452"
"1550","0.8578853911932836","0.8578853911932836","0.8578853911932836"
"1551","0.9","0.9","0.9"
"1552","0.9488421052631579","0.9488421052631579","0.9488421052631579"
"1553","0.9040959040959041","0.9040959040959041","0.9040959040959041"
"1554","0.9121863799283153","0.9121863799283153","0.9121863799283153"
"1555","0.9946808510638299","0.9946808510638299","0.9946808510638299"
"1556","0.9605233995893989","0.9605233995893989","0.9605233995893989"
"1557","0.7842105263157895","0.7842105263157895","0.7842105263157895"
"1558","0.8864130434782609","0.8864130434782609","0.8864130434782609"
"1559","0.9808289536550406","0.9808289536550406","0.9808289536550406"
"1560","0.7737967551316608","0.7737967551316608","0.7737967551316608"
"1561","0.8865591397849462","0.8865591397849462","0.8865591397849462"
"1562","0.8","0.8","0.8"
"1563","0.9871355060034305","0.9871355060034305","0.9871355060034305"
"1564","0.9","0.9","0.9"
"1565","0.9921236559139786","0.9921236559139786","0.9921236559139786"
"1566","0.9535556745703296","0.9535556745703296","0.9535556745703296"
"1567","0.9946236559139784","0.9946236559139784","0.9946236559139784"
"1568","0.8062368163811289","0.8062368163811289","0.8062368163811289"
"1569","0.9757480130902291","0.9757480130902291","0.9757480130902291"
"1570","0.9646624713958811","0.9646624713958811","0.9646624713958811"
"1571","0.8766155862486137","0.8766155862486137","0.8766155862486137"
"1572","0.8808289536550407","0.8808289536550407","0.8808289536550407"
"1573","0.781207622165069","0.781207622165069","0.781207622165069"
"1574","0.8780000000000001","0.8780000000000001","0.8780000000000001"
"1575","0.973480729732995","0.973480729732995","0.973480729732995"
"1576","0.980795065950171","0.980795065950171","0.980795065950171"
"1577","0.9773825208607818","0.9773825208607818","0.9773825208607818"
"1578","0.9884259259259259","0.9884259259259259","0.9884259259259259"
"1579","0.9950592885375493","0.9950592885375493","0.9950592885375493"
"1580","0.9448224094881399","0.9448224094881399","0.9448224094881399"
"1581","0.9934343434343434","0.9934343434343434","0.9934343434343434"
"1582","0.88025","0.88025","0.88025"
"1583","0.9","0.9","0.9"
"1584","0.783956352636128","0.783956352636128","0.783956352636128"
"1585","0.9529900810799689","0.9529900810799689","0.9529900810799689"
"1586","0.9790165988098967","0.9790165988098967","0.9790165988098967"
"1587","0.8791721563460694","0.8791721563460694","0.8791721563460694"
"1588","0.8","0.8","0.8"
"1589","0.8773365679264555","0.8773365679264555","0.8773365679264555"
"1590","0.8","0.8","0.8"
"1591","0.9738289536550406","0.9738289536550406","0.9738289536550406"
"1592","0.6945054945054945","0.6945054945054945","0.6945054945054945"
"1593","0.8800376647834275","0.8800376647834275","0.8800376647834275"
"1594","0.9701347040056717","0.9701347040056717","0.9701347040056717"
"1595","0.9","0.9","0.9"
"1596","0.9935","0.9935","0.9935"
"1597","0.9751221001221001","0.9751221001221001","0.9751221001221001"
"1598","0.9801136363636364","0.9801136363636364","0.9801136363636364"
"1599","0.9479136091640933","0.9479136091640933","0.9479136091640933"
"1600","0.9747176824424016","0.9747176824424016","0.9747176824424016"
"1601","0.7775341963849536","0.7775341963849536","0.7775341963849536"
"1602","0.7885346303999881","0.7885346303999881","0.7885346303999881"
"1603","0.9","0.9","0.9"
"1604","0.9676530343270369","0.9676530343270369","0.9676530343270369"
"1605","0.7","0.7","0.7"
"1606","0.9790021929824562","0.9790021929824562","0.9790021929824562"
"1607","0.8550618385821753","0.8550618385821753","0.8550618385821753"
"1608","1","1","1"
"1609","0.9617554945054945","0.9617554945054945","0.9617554945054945"
"1610","0.9042033235581622","0.9042033235581622","0.9042033235581622"
"1611","0.6864130434782608","0.6864130434782608","0.6864130434782608"
"1612","0.9951644100580271","0.9951644100580271","0.9951644100580271"
"1613","0.8","0.8","0.8"
"1614","0.987781036168133","0.987781036168133","0.987781036168133"
"1615","0.9753318366221592","0.9753318366221592","0.9753318366221592"
"1616","0.8864130434782609","0.8864130434782609","0.8864130434782609"
"1617","0.7946808510638298","0.7946808510638298","0.7946808510638298"
"1618","0.8757480130902291","0.8757480130902291","0.8757480130902291"
"1619","0.9780000000000001","0.9780000000000001","0.9780000000000001"
"1620","0.7893038974719101","0.7893038974719101","0.7893038974719101"
"1621","0.9809185379837555","0.9809185379837555","0.9809185379837555"
"1622","0.8891291504194729","0.8891291504194729","0.8891291504194729"
"1623","0.9862637362637363","0.9862637362637363","0.9862637362637363"
"1624","0.8861111111111111","0.8861111111111111","0.8861111111111111"
"1625","1","1","1"
"1626","0.7","0.7","0.7"
"1627","0.8672121356903965","0.8672121356903965","0.8672121356903965"
"1628","0.9090909090909091","0.9090909090909091","0.9090909090909091"
"1629","0.9","0.9","0.9"
"1630","0.9489020902177844","0.9489020902177844","0.9489020902177844"
"1631","0.9887002042900919","0.9887002042900919","0.9887002042900919"
"1632","0.788888888888889","0.788888888888889","0.788888888888889"
"1633","0.9945054945054945","0.9945054945054945","0.9945054945054945"
"1634","0.9534712482468443","0.9534712482468443","0.9534712482468443"
"1635","0.6","0.6","0.6"
"1636","0.9888264669163546","0.9888264669163546","0.9888264669163546"
"1637","0.849974286949006","0.849974286949006","0.849974286949006"
"1638","0.8","0.8","0.8"
"1639","0.8710735948639176","0.8710735948639176","0.8710735948639176"
"1640","0.9945652173913043","0.9945652173913043","0.9945652173913043"
"1641","0.8944444444444445","0.8944444444444445","0.8944444444444445"
"1642","0.8","0.8","0.8"
"1643","0.8914141414141414","0.8914141414141414","0.8914141414141414"
"1644","0.7944444444444445","0.7944444444444445","0.7944444444444445"
"1645","0.8586385836385837","0.8586385836385837","0.8586385836385837"
"1646","0.9625622587756126","0.9625622587756126","0.9625622587756126"
"1647","0.9944444444444445","0.9944444444444445","0.9944444444444445"
"1648","0.9543159859008915","0.9543159859008915","0.9543159859008915"
"1649","0.9865591397849462","0.9865591397849462","0.9865591397849462"
"1650","0.9945652173913043","0.9945652173913043","0.9945652173913043"
"1651","0.8698067632850242","0.8698067632850242","0.8698067632850242"
"1652","0.9589405160057334","0.9589405160057334","0.9589405160057334"
"1653","0.8","0.8","0.8"
"1654","0.8944444444444445","0.8944444444444445","0.8944444444444445"
"1655","0.8862637362637363","0.8862637362637363","0.8862637362637363"
"1656","0.8890707118967989","0.8890707118967989","0.8890707118967989"
"1657","0.9699455134237742","0.9699455134237742","0.9699455134237742"
"1658","0.9729837553750598","0.9729837553750598","0.9729837553750598"
"1659","0.8864130434782609","0.8864130434782609","0.8864130434782609"
"1660","0.8945054945054945","0.8945054945054945","0.8945054945054945"
"1661","0.8806166056166056","0.8806166056166056","0.8806166056166056"
"1662","0.7222222222222222","0.7222222222222222","0.7222222222222222"
"1663","0.9865591397849462","0.9865591397849462","0.9865591397849462"
"1664","0.8131868131868132","0.8131868131868132","0.8131868131868132"
"1665","0.9677388270518137","0.9677388270518137","0.9677388270518137"
"1666","0.8181818181818182","0.8181818181818182","0.8181818181818182"
"1667","0.9951644100580271","0.9951644100580271","0.9951644100580271"
"1668","0.9794130434782609","0.9794130434782609","0.9794130434782609"
"1669","0.7881273316055925","0.7881273316055925","0.7881273316055925"
"1670","0.8859550561797753","0.8859550561797753","0.8859550561797753"
"1671","0.8912722732947451","0.8912722732947451","0.8912722732947451"
"1672","0.8943181818181818","0.8943181818181818","0.8943181818181818"
"1673","0.9039836567926455","0.9039836567926455","0.9039836567926455"
"1674","0.8945054945054945","0.8945054945054945","0.8945054945054945"
"1675","0.9944444444444445","0.9944444444444445","0.9944444444444445"
"1676","0.9838888888888888","0.9838888888888888","0.9838888888888888"
"1677","0.8729721832632071","0.8729721832632071","0.8729721832632071"
"1678","1","1","1"
"1679","0.8722187924435115","0.8722187924435115","0.8722187924435115"
"1680","0.5720661672908864","0.5720661672908864","0.5720661672908864"
"1681","0.8804931335830212","0.8804931335830212","0.8804931335830212"
"1682","0.9951124144672531","0.9951124144672531","0.9951124144672531"
"1683","0.9807692307692308","0.9807692307692308","0.9807692307692308"
"1684","0.8416267186919362","0.8416267186919362","0.8416267186919362"
"1685","0.8","0.8","0.8"
"1686","0.8865591397849462","0.8865591397849462","0.8865591397849462"
"1687","0.8817874396135265","0.8817874396135265","0.8817874396135265"
"1688","0.9846808510638297","0.9846808510638297","0.9846808510638297"
"1689","0.9637898130203943","0.9637898130203943","0.9637898130203943"
"1690","0.6945652173913043","0.6945652173913043","0.6945652173913043"
"1691","0.7655735948639174","0.7655735948639174","0.7655735948639174"
"1692","0.888949938949939","0.888949938949939","0.888949938949939"
"1693","0.9692571785268415","0.9692571785268415","0.9692571785268415"
"1694","0.9556352308450992","0.9556352308450992","0.9556352308450992"
"1695","0.9695797742939902","0.9695797742939902","0.9695797742939902"
"1696","0.8808685089583965","0.8808685089583965","0.8808685089583965"
"1697","0.7809185379837553","0.7809185379837553","0.7809185379837553"
"1698","0.8861111111111111","0.8861111111111111","0.8861111111111111"
"1699","0.9","0.9","0.9"
"1700","0.8890109890109891","0.8890109890109891","0.8890109890109891"
"1701","0.671916971916972","0.671916971916972","0.671916971916972"
"1702","0.9040404040404041","0.9040404040404041","0.9040404040404041"
"1703","0.7975","0.7975","0.7975"
"1704","0.8781985351410316","0.8781985351410316","0.8781985351410316"
"1705","0.8836956521739129","0.8836956521739129","0.8836956521739129"
"1706","0.779265873015873","0.779265873015873","0.779265873015873"
"1707","0.6888888888888889","0.6888888888888889","0.6888888888888889"
"1708","0.8943181818181818","0.8943181818181818","0.8943181818181818"
"1709","0.8856320224719101","0.8856320224719101","0.8856320224719101"
"1710","0.8617220898119775","0.8617220898119775","0.8617220898119775"
"1711","0.6943181818181818","0.6943181818181818","0.6943181818181818"
"1712","0.9753629824281997","0.9753629824281997","0.9753629824281997"
"1713","0.9722208503107378","0.9722208503107378","0.9722208503107378"
"1714","0.8944444444444445","0.8944444444444445","0.8944444444444445"
"1715","0.7837528063334516","0.7837528063334516","0.7837528063334516"
"1716","0.9663759355492368","0.9663759355492368","0.9663759355492368"
"1717","0.788888888888889","0.788888888888889","0.788888888888889"
"1718","0.989010989010989","0.989010989010989","0.989010989010989"
"1719","0.9945054945054945","0.9945054945054945","0.9945054945054945"
"1720","0.9805202735710796","0.9805202735710796","0.9805202735710796"
"1721","0.8777153558052435","0.8777153558052435","0.8777153558052435"
"1722","0.98989898989899","0.98989898989899","0.98989898989899"
"1723","0.9888888888888889","0.9888888888888889","0.9888888888888889"
"1724","0.9570676779606802","0.9570676779606802","0.9570676779606802"
"1725","0.8942500000000001","0.8942500000000001","0.8942500000000001"
"1726","0.8","0.8","0.8"
"1727","0.9","0.9","0.9"
"1728","0.9805016534597866","0.9805016534597866","0.9805016534597866"
"1729","0.9808103430723811","0.9808103430723811","0.9808103430723811"
"1730","0.882997311827957","0.882997311827957","0.882997311827957"
"1731","0.99875","0.99875","0.99875"
"1732","0.877899877899878","0.877899877899878","0.877899877899878"
"1733","0.9","0.9","0.9"
"1734","0.9868617021276596","0.9868617021276596","0.9868617021276596"
"1735","0.7845997973657548","0.7845997973657548","0.7845997973657548"
"1736","1","1","1"
"1737","0.889247311827957","0.889247311827957","0.889247311827957"
"1738","0.8840425531914894","0.8840425531914894","0.8840425531914894"
"1739","1","1","1"
"1740","0.883807554002062","0.883807554002062","0.883807554002062"
"1741","0.8946236559139784","0.8946236559139784","0.8946236559139784"
"1742","0.8","0.8","0.8"
"1743","0.9","0.9","0.9"
"1744","0.7844275637547476","0.7844275637547476","0.7844275637547476"
"1745","0.904040404040404","0.904040404040404","0.904040404040404"
"1746","0.9667756954266856","0.9667756954266856","0.9667756954266856"
"1747","0.9788211564320932","0.9788211564320932","0.9788211564320932"
"1748","0.7846938775510204","0.7846938775510204","0.7846938775510204"
"1749","0.8744286941580756","0.8744286941580756","0.8744286941580756"
"1750","0.9821738313180262","0.9821738313180262","0.9821738313180262"
"1751","0.9906542056074766","0.9906542056074766","0.9906542056074766"
"1752","0.904995904995905","0.904995904995905","0.904995904995905"
"1753","0.9954545454545455","0.9954545454545455","0.9954545454545455"
"1754","0.78625","0.78625","0.78625"
"1755","0.8857983193277311","0.8857983193277311","0.8857983193277311"
"1756","0.977060943601562","0.977060943601562","0.977060943601562"
"1757","0.9674862436006488","0.9674862436006488","0.9674862436006488"
"1758","0.9887918611668781","0.9887918611668781","0.9887918611668781"
"1759","0.9090909090909091","0.9090909090909091","0.9090909090909091"
"1760","0.9827573392790784","0.9827573392790784","0.9827573392790784"
"1761","0.9806698054376524","0.9806698054376524","0.9806698054376524"
"1762","0.882640424590889","0.882640424590889","0.882640424590889"
"1763","0.870389339763193","0.870389339763193","0.870389339763193"
"1764","0.9897624897624898","0.9897624897624898","0.9897624897624898"
"1765","0.8766025331441153","0.8766025331441153","0.8766025331441153"
"1766","0.6893129770992367","0.6893129770992367","0.6893129770992367"
"1767","0.7","0.7","0.7"
"1768","0.8919270833333334","0.8919270833333334","0.8919270833333334"
"1769","0.7829778065072184","0.7829778065072184","0.7829778065072184"
"1770","0.8972192162649614","0.8972192162649614","0.8972192162649614"
"1771","0.8929906542056074","0.8929906542056074","0.8929906542056074"
"1772","0.8819420402746523","0.8819420402746523","0.8819420402746523"
"1773","0.8950495049504952","0.8950495049504952","0.8950495049504952"
"1774","0.7900990099009901","0.7900990099009901","0.7900990099009901"
"1775","0.9","0.9","0.9"
"1776","0.6873737373737374","0.6873737373737374","0.6873737373737374"
"1777","0.882090258783926","0.882090258783926","0.882090258783926"
"1778","0.8684729609929078","0.8684729609929078","0.8684729609929078"
"1779","0.9044048734770385","0.9044048734770385","0.9044048734770385"
"1780","0.8892460684551342","0.8892460684551342","0.8892460684551342"
"1781","0.9840973401245048","0.9840973401245048","0.9840973401245048"
"1782","0.9954954954954955","0.9954954954954955","0.9954954954954955"
"1783","0.7869791666666666","0.7869791666666666","0.7869791666666666"
"1784","0.8947368421052632","0.8947368421052632","0.8947368421052632"
"1785","0.9581555059614373","0.9581555059614373","0.9581555059614373"
"1786","0.7791321934179077","0.7791321934179077","0.7791321934179077"
"1787","0.8760316575154427","0.8760316575154427","0.8760316575154427"
"1788","0.8946236559139784","0.8946236559139784","0.8946236559139784"
"1789","0.8819587628865978","0.8819587628865978","0.8819587628865978"
"1790","0.8947916666666668","0.8947916666666668","0.8947916666666668"
"1791","0.963027963027963","0.963027963027963","0.963027963027963"
"1792","0.8665809382484639","0.8665809382484639","0.8665809382484639"
"1793","0.9791666666666666","0.9791666666666666","0.9791666666666666"
"1794","1","1","1"
"1795","0.7644568664509723","0.7644568664509723","0.7644568664509723"
"1796","0.8832304693844405","0.8832304693844405","0.8832304693844405"
"1797","0.878834182229768","0.878834182229768","0.878834182229768"
"1798","0.8803604980192417","0.8803604980192417","0.8803604980192417"
"1799","0.894736842105263","0.894736842105263","0.894736842105263"
"1800","0.7617530795072789","0.7617530795072789","0.7617530795072789"
"1801","0.8923943381180223","0.8923943381180223","0.8923943381180223"
"1802","0.9672531769305963","0.9672531769305963","0.9672531769305963"
"1803","0.5971739794360175","0.5971739794360175","0.5971739794360175"
"1804","0.8942687747035574","0.8942687747035574","0.8942687747035574"
"1805","0.9783764622474301","0.9783764622474301","0.9783764622474301"
"1806","0.9642857142857144","0.9642857142857144","0.9642857142857144"
"1807","0.9090909090909091","0.9090909090909091","0.9090909090909091"
"1808","0.7675564516129032","0.7675564516129032","0.7675564516129032"
"1809","0.8816534260178749","0.8816534260178749","0.8816534260178749"
"1810","0.8760309785684408","0.8760309785684408","0.8760309785684408"
"1811","0.9090909090909091","0.9090909090909091","0.9090909090909091"
"1812","0.8786442744706797","0.8786442744706797","0.8786442744706797"
"1813","1","1","1"
"1814","0.8623979245794899","0.8623979245794899","0.8623979245794899"
"1815","0.9809110845295056","0.9809110845295056","0.9809110845295056"
"1816","0.7789473684210526","0.7789473684210526","0.7789473684210526"
"1817","0.9800315779697224","0.9800315779697224","0.9800315779697224"
"1818","0.9819819819819819","0.9819819819819819","0.9819819819819819"
"1819","0.8793244949494949","0.8793244949494949","0.8793244949494949"
"1820","0.7845360824742268","0.7845360824742268","0.7845360824742268"
"1821","0.59225","0.59225","0.59225"
"1822","0.9683956185567011","0.9683956185567011","0.9683956185567011"
"1823","0.8947368421052632","0.8947368421052632","0.8947368421052632"
"1824","0.8812785087719298","0.8812785087719298","0.8812785087719298"
"1825","0.9727949222282509","0.9727949222282509","0.9727949222282509"
"1826","1","1","1"
"1827","0.867532894736842","0.867532894736842","0.867532894736842"
"1828","0.9977272727272727","0.9977272727272727","0.9977272727272727"
"1829","0.8007575757575758","0.8007575757575758","0.8007575757575758"
"1830","0.878920515574651","0.878920515574651","0.878920515574651"
"1831","0.8808282567947517","0.8808282567947517","0.8808282567947517"
"1832","0.985","0.985","0.985"
"1833","0.893799504950495","0.893799504950495","0.893799504950495"
"1834","0.8846938775510204","0.8846938775510204","0.8846938775510204"
"1835","0.8767813930737347","0.8767813930737347","0.8767813930737347"
"1836","0.851313775510204","0.851313775510204","0.851313775510204"
"1837","0.8676456310679612","0.8676456310679612","0.8676456310679612"
"1838","0.9863636363636363","0.9863636363636363","0.9863636363636363"
"1839","0.7852941176470589","0.7852941176470589","0.7852941176470589"
"1840","0.7803921568627452","0.7803921568627452","0.7803921568627452"
"1841","0.8951456310679612","0.8951456310679612","0.8951456310679612"
"1842","0.9815848931831959","0.9815848931831959","0.9815848931831959"
"1843","0.970949494949495","0.970949494949495","0.970949494949495"
"1844","0.9731296659077672","0.9731296659077672","0.9731296659077672"
"1845","0.5801485148514851","0.5801485148514851","0.5801485148514851"
"1846","0.99125","0.99125","0.99125"
"1847","0.7802941176470589","0.7802941176470589","0.7802941176470589"
"1848","0.9824999999999999","0.9824999999999999","0.9824999999999999"
"1849","0.8","0.8","0.8"
"1850","0.9335911473500291","0.9335911473500291","0.9335911473500291"
"1851","0.8975","0.8975","0.8975"
"1852","0.8743835034013605","0.8743835034013605","0.8743835034013605"
"1853","0.9578168044077134","0.9578168044077134","0.9578168044077134"
"1854","0.8181818181818182","0.8181818181818182","0.8181818181818182"
"1855","0.9797464440321584","0.9797464440321584","0.9797464440321584"
"1856","0.8628747633073848","0.8628747633073848","0.8628747633073848"
"1857","0.885","0.885","0.885"
"1858","0.9684999999999999","0.9684999999999999","0.9684999999999999"
"1859","0.7790290342941301","0.7790290342941301","0.7790290342941301"
"1860","0.8","0.8","0.8"
"1861","0.9689897959183675","0.9689897959183675","0.9689897959183675"
"1862","0.8942499999999999","0.8942499999999999","0.8942499999999999"
"1863","0.9847969490826634","0.9847969490826634","0.9847969490826634"
"1864","0.7898989898989899","0.7898989898989899","0.7898989898989899"
"1865","0.89375","0.89375","0.89375"
"1866","0.784795918367347","0.784795918367347","0.784795918367347"
"1867","0.9822448979591837","0.9822448979591837","0.9822448979591837"
"1868","0.9750464740351585","0.9750464740351585","0.9750464740351585"
"1869","0.9044995408631773","0.9044995408631773","0.9044995408631773"
"1870","0.7948453608247423","0.7948453608247423","0.7948453608247423"
"1871","0.9845886808331581","0.9845886808331581","0.9845886808331581"
"1872","0.8930670339761249","0.8930670339761249","0.8930670339761249"
"1873","0.982449494949495","0.982449494949495","0.982449494949495"
"1874","0.8950980392156863","0.8950980392156863","0.8950980392156863"
"1875","0.7744871394355931","0.7744871394355931","0.7744871394355931"
"1876","0.9677519461392805","0.9677519461392805","0.9677519461392805"
"1877","0.9337371902589385","0.9337371902589385","0.9337371902589385"
"1878","0.8843201754385964","0.8843201754385964","0.8843201754385964"
"1879","0.6946236559139785","0.6946236559139785","0.6946236559139785"
"1880","0.9794407894736841","0.9794407894736841","0.9794407894736841"
"1881","0.8902979537644486","0.8902979537644486","0.8902979537644486"
"1882","0.9929461504227859","0.9929461504227859","0.9929461504227859"
"1883","0.9879646268797881","0.9879646268797881","0.9879646268797881"
"1884","0.9828125","0.9828125","0.9828125"
"1885","0.8819050687285224","0.8819050687285224","0.8819050687285224"
"1886","0.9949999999999999","0.9949999999999999","0.9949999999999999"
"1887","0.9947916666666666","0.9947916666666666","0.9947916666666666"
"1888","0.8975","0.8975","0.8975"
"1889","0.9947916666666666","0.9947916666666666","0.9947916666666666"
"1890","0.9962500000000001","0.9962500000000001","0.9962500000000001"
"1891","0.6848214285714286","0.6848214285714286","0.6848214285714286"
"1892","0.8","0.8","0.8"
"1893","0.9896808510638297","0.9896808510638297","0.9896808510638297"
"1894","0.9946236559139784","0.9946236559139784","0.9946236559139784"
"1895","0.5808873921777147","0.5808873921777147","0.5808873921777147"
"1896","0.9","0.9","0.9"
"1897","0.9639791368052238","0.9639791368052238","0.9639791368052238"
"1898","0.8952380952380953","0.8952380952380953","0.8952380952380953"
"1899","0.8933152173913044","0.8933152173913044","0.8933152173913044"
"1900","0.9","0.9","0.9"
"1901","0.8808289536550407","0.8808289536550407","0.8808289536550407"
"1902","0.781147363872083","0.781147363872083","0.781147363872083"
"1903","0.8919444444444444","0.8919444444444444","0.8919444444444444"
"1904","0.9857954545454545","0.9857954545454545","0.9857954545454545"
"1905","1","1","1"
"1906","0.9","0.9","0.9"
"1907","0.8725274725274726","0.8725274725274726","0.8725274725274726"
"1908","0.9799684835001854","0.9799684835001854","0.9799684835001854"
"1909","0.8678849233584991","0.8678849233584991","0.8678849233584991"
"1910","1","1","1"
"1911","0.9788493049027082","0.9788493049027082","0.9788493049027082"
"1912","0.9725845838749064","0.9725845838749064","0.9725845838749064"
"1913","0.8866388888888889","0.8866388888888889","0.8866388888888889"
"1914","0.8080808080808081","0.8080808080808081","0.8080808080808081"
"1915","0.7482539439337191","0.7482539439337191","0.7482539439337191"
"1916","0.8945652173913043","0.8945652173913043","0.8945652173913043"
"1917","0.88663202247191","0.88663202247191","0.88663202247191"
"1918","0.8775266712064465","0.8775266712064465","0.8775266712064465"
"1919","0.8748751560549314","0.8748751560549314","0.8748751560549314"
"1920","0.7778307266210491","0.7778307266210491","0.7778307266210491"
"1921","0.8944444444444445","0.8944444444444445","0.8944444444444445"
"1922","0.9780898876404495","0.9780898876404495","0.9780898876404495"
"1923","0.8945652173913043","0.8945652173913043","0.8945652173913043"
"1924","0.8743948951024031","0.8743948951024031","0.8743948951024031"
"1925","0.8737935977066412","0.8737935977066412","0.8737935977066412"
"1926","0.79625","0.79625","0.79625"
"1927","0.8945054945054945","0.8945054945054945","0.8945054945054945"
"1928","0.8875652173913042","0.8875652173913042","0.8875652173913042"
"1929","0.7891154951272253","0.7891154951272253","0.7891154951272253"
"1930","0.9754837553750597","0.9754837553750597","0.9754837553750597"
"1931","0.9696018629372251","0.9696018629372251","0.9696018629372251"
"1932","0.7679148749800924","0.7679148749800924","0.7679148749800924"
"1933","0.7945054945054946","0.7945054945054946","0.7945054945054946"
"1934","0.9751818230079099","0.9751818230079099","0.9751818230079099"
"1935","0.8809185379837554","0.8809185379837554","0.8809185379837554"
"1936","0.9944444444444445","0.9944444444444445","0.9944444444444445"
"1937","0.9090909090909091","0.9090909090909091","0.9090909090909091"
"1938","0.986413043478261","0.986413043478261","0.986413043478261"
"1939","0.885","0.885","0.885"
"1940","0.8861111111111111","0.8861111111111111","0.8861111111111111"
"1941","0.9749375780274656","0.9749375780274656","0.9749375780274656"
"1942","0.8651767797419971","0.8651767797419971","0.8651767797419971"
"1943","0.9946236559139784","0.9946236559139784","0.9946236559139784"
"1944","0.8944444444444445","0.8944444444444445","0.8944444444444445"
"1945","0.6630081962763936","0.6630081962763936","0.6630081962763936"
"1946","0.7666008149154218","0.7666008149154218","0.7666008149154218"
"1947","0.8888875169774046","0.8888875169774046","0.8888875169774046"
"1948","0.8843844327715296","0.8843844327715296","0.8843844327715296"
"1949","0.9668458781362007","0.9668458781362007","0.9668458781362007"
"1950","0.8966033966033966","0.8966033966033966","0.8966033966033966"
"1951","0.79125","0.79125","0.79125"
"1952","0.9947368421052631","0.9947368421052631","0.9947368421052631"
"1953","0.8971291866028708","0.8971291866028708","0.8971291866028708"
"1954","0.9566446520618557","0.9566446520618557","0.9566446520618557"
"1955","0.889236842105263","0.889236842105263","0.889236842105263"
"1956","1","1","1"
"1957","0.8181818181818182","0.8181818181818182","0.8181818181818182"
"1958","0.7948979591836735","0.7948979591836735","0.7948979591836735"
"1959","1","1","1"
"1960","0.9564861912015378","0.9564861912015378","0.9564861912015378"
"1961","0.8868063427800269","0.8868063427800269","0.8868063427800269"
"1962","0.9952380952380953","0.9952380952380953","0.9952380952380953"
"1963","0.88989898989899","0.88989898989899","0.88989898989899"
"1964","0.8699999999999999","0.8699999999999999","0.8699999999999999"
"1965","0.8077135493372607","0.8077135493372607","0.8077135493372607"
"1966","0.982090258783926","0.982090258783926","0.982090258783926"
"1967","0.8947368421052632","0.8947368421052632","0.8947368421052632"
"1968","0.7869791666666667","0.7869791666666667","0.7869791666666667"
"1969","0.9952153110047847","0.9952153110047847","0.9952153110047847"
"1970","0.9678849233584991","0.9678849233584991","0.9678849233584991"
"1971","0.9783650615901456","0.9783650615901456","0.9783650615901456"
"1972","0.8868421052631579","0.8868421052631579","0.8868421052631579"
"1973","0.9727236330359187","0.9727236330359187","0.9727236330359187"
"1974","0.8746243571762505","0.8746243571762505","0.8746243571762505"
"1975","0.9949494949494949","0.9949494949494949","0.9949494949494949"
"1976","0.8715789473684211","0.8715789473684211","0.8715789473684211"
"1977","0.8732551487414189","0.8732551487414189","0.8732551487414189"
"1978","0.7690229563269877","0.7690229563269877","0.7690229563269877"
"1979","0.9945652173913043","0.9945652173913043","0.9945652173913043"
"1980","0.8799440089585666","0.8799440089585666","0.8799440089585666"
"1981","0.9733922101449275","0.9733922101449275","0.9733922101449275"
"1982","0.9643978855856181","0.9643978855856181","0.9643978855856181"
"1983","0.7947916666666666","0.7947916666666666","0.7947916666666666"
"1984","0.9816028225806452","0.9816028225806452","0.9816028225806452"
"1985","0.9947368421052631","0.9947368421052631","0.9947368421052631"
"1986","0.8879549359575133","0.8879549359575133","0.8879549359575133"
"1987","0.9947916666666666","0.9947916666666666","0.9947916666666666"
"1988","1","1","1"
"1989","0.8945652173913043","0.8945652173913043","0.8945652173913043"
"1990","0.8893045069778083","0.8893045069778083","0.8893045069778083"
"1991","0.8685021229936544","0.8685021229936544","0.8685021229936544"
"1992","0.7223851417399805","0.7223851417399805","0.7223851417399805"
"1993","0.9675895198372892","0.9675895198372892","0.9675895198372892"
"1994","0.8945652173913043","0.8945652173913043","0.8945652173913043"
"1995","0.8970019342359768","0.8970019342359768","0.8970019342359768"
"1996","0.7851648351648353","0.7851648351648353","0.7851648351648353"
"1997","0.9842702976468756","0.9842702976468756","0.9842702976468756"
"1998","0.8779999999999999","0.8779999999999999","0.8779999999999999"
"1999","0.7751207729468599","0.7751207729468599","0.7751207729468599"
"2000","0.788949938949939","0.788949938949939","0.788949938949939"
"2001","0.9731151711378354","0.9731151711378354","0.9731151711378354"
"2002","0.7949612403100775","0.7949612403100775","0.7949612403100775"
"2003","0.8836359292881031","0.8836359292881031","0.8836359292881031"
"2004","0.9475950765751877","0.9475950765751877","0.9475950765751877"
"2005","0.8947368421052632","0.8947368421052632","0.8947368421052632"
"2006","0.9731058415268942","0.9731058415268942","0.9731058415268942"
"2007","0.79438202247191","0.79438202247191","0.79438202247191"
"2008","0.984154535274356","0.984154535274356","0.984154535274356"
"2009","0.9853892389925334","0.9853892389925334","0.9853892389925334"
"2010","0.9675037271125122","0.9675037271125122","0.9675037271125122"
"2011","0.8945652173913043","0.8945652173913043","0.8945652173913043"
"2012","0.9945054945054945","0.9945054945054945","0.9945054945054945"
"2013","0.789068100358423","0.789068100358423","0.789068100358423"
"2014","0.9294374795753683","0.9294374795753683","0.9294374795753683"
"2015","0.9722187924435115","0.9722187924435115","0.9722187924435115"
"2016","0.9943181818181819","0.9943181818181819","0.9943181818181819"
"2017","0.8687936261938587","0.8687936261938587","0.8687936261938587"
"2018","0.9","0.9","0.9"
"2019","0.8916318781365191","0.8916318781365191","0.8916318781365191"
"2020","0.974308300395257","0.974308300395257","0.974308300395257"
"2021","0.9945652173913043","0.9945652173913043","0.9945652173913043"
"2022","0.8575042329905029","0.8575042329905029","0.8575042329905029"
"2023","0.8891304347826086","0.8891304347826086","0.8891304347826086"
"2024","0.7945652173913043","0.7945652173913043","0.7945652173913043"
"2025","0.986413043478261","0.986413043478261","0.986413043478261"
"2026","0.989010989010989","0.989010989010989","0.989010989010989"
"2027","1","1","1"
"2028","0.9862637362637363","0.9862637362637363","0.9862637362637363"
"2029","1","1","1"
"2030","0.9744637385086825","0.9744637385086825","0.9744637385086825"
"2031","0.7777153558052434","0.7777153558052434","0.7777153558052434"
"2032","0.9825174825174826","0.9825174825174826","0.9825174825174826"
"2033","0.886667680145941","0.886667680145941","0.886667680145941"
"2034","0.8961618092052874","0.8961618092052874","0.8961618092052874"
"2035","0.787248322147651","0.787248322147651","0.787248322147651"
"2036","0.8816600217470097","0.8816600217470097","0.8816600217470097"
"2037","0.8","0.8","0.8"
"2038","0.8866653060201447","0.8866653060201447","0.8866653060201447"
"2039","0.9834554334554335","0.9834554334554335","0.9834554334554335"
"2040","0.9","0.9","0.9"
"2041","0.7749945103205972","0.7749945103205972","0.7749945103205972"
"2042","1","1","1"
"2043","0.9897435897435898","0.9897435897435898","0.9897435897435898"
"2044","1","1","1"
"2045","0.8944444444444445","0.8944444444444445","0.8944444444444445"
"2046","0.9525905118601748","0.9525905118601748","0.9525905118601748"
"2047","0.8799589455488332","0.8799589455488332","0.8799589455488332"
"2048","0.7752886158785035","0.7752886158785035","0.7752886158785035"
"2049","0.8181818181818182","0.8181818181818182","0.8181818181818182"
"2050","0.7795137362637362","0.7795137362637362","0.7795137362637362"
"2051","0.9723748473748474","0.9723748473748474","0.9723748473748474"
"2052","0.9835755642207256","0.9835755642207256","0.9835755642207256"
"2053","0.9707695183238663","0.9707695183238663","0.9707695183238663"
"2054","0.789727463312369","0.789727463312369","0.789727463312369"
"2055","0.7667840098348159","0.7667840098348159","0.7667840098348159"
"2056","0.8803995006242197","0.8803995006242197","0.8803995006242197"
"2057","0.9860579495410956","0.9860579495410956","0.9860579495410956"
"2058","0.8609862671660424","0.8609862671660424","0.8609862671660424"
"2059","0.8953271028037383","0.8953271028037383","0.8953271028037383"
"2060","0.7944444444444445","0.7944444444444445","0.7944444444444445"
"2061","0.988949938949939","0.988949938949939","0.988949938949939"
"2062","0.9507253859820928","0.9507253859820928","0.9507253859820928"
"2063","0.8806166056166056","0.8806166056166056","0.8806166056166056"
"2064","0.8945652173913043","0.8945652173913043","0.8945652173913043"
"2065","0.9945054945054945","0.9945054945054945","0.9945054945054945"
"2066","0.99000999000999","0.99000999000999","0.99000999000999"
"2067","0.9756882902044193","0.9756882902044193","0.9756882902044193"
"2068","0.9040959040959041","0.9040959040959041","0.9040959040959041"
"2069","0.8810366993922394","0.8810366993922394","0.8810366993922394"
"2070","0.8","0.8","0.8"
"2071","0.8834550561797754","0.8834550561797754","0.8834550561797754"
"2072","0.8333333333333334","0.8333333333333334","0.8333333333333334"
"2073","0.8","0.8","0.8"
"2074","0.982405235214224","0.982405235214224","0.982405235214224"
"2075","0.975629851681745","0.975629851681745","0.975629851681745"
"2076","0.7855769230769231","0.7855769230769231","0.7855769230769231"
"2077","0.6889472398632145","0.6889472398632145","0.6889472398632145"
"2078","0.9830183861082737","0.9830183861082737","0.9830183861082737"
"2079","0.6","0.6","0.6"
"2080","0.8720661672908865","0.8720661672908865","0.8720661672908865"
"2081","0.7853260869565217","0.7853260869565217","0.7853260869565217"
"2082","0.9690128313101785","0.9690128313101785","0.9690128313101785"
"2083","0.9839130434782609","0.9839130434782609","0.9839130434782609"