"Episode","Grouped runs - Returns_Instruction/dont_use_the_left_cutting_board","Grouped runs - Returns_Instruction/dont_use_the_left_cutting_board__MIN","Grouped runs - Returns_Instruction/dont_use_the_left_cutting_board__MAX","Grouped runs - _step","Grouped runs - _step__MIN","Grouped runs - _step__MAX"
"0","-18.852140822601246","-21.68507214565186","-16.019209499550634","0","0","0"
"96","-14.713975323876248","-21.018177193888366","-8.409773453864132","1","1","1"
"192","-17.172025575887673","-20.891349220239317","-13.452701931536026","2","2","2"
"288","-8.807278936974674","-10.703548407926332","-6.911009466023015","3","3","3"
"384","-16.069243037519996","-16.824547136053887","-15.313938938986103","4","4","4"
"480","-14.496755767305917","-14.496755767305917","-14.496755767305917","5","5","5"
"576","-7.90120820814599","-12.34338206372454","-3.45903435256744","6","6","6"
"672","-7.8411559836052245","-9.103209049255351","-6.579102917955098","7","7","7"
"768","-11.915592535974778","-13.808758795016661","-10.022426276932896","8","8","8"
"864","-8.66020325142038","-8.66020325142038","-8.66020325142038","9","9","9"
"960","-6.499323313658754","-9.803833178501876","-3.194813448815632","10","10","10"
"1056","-4.523513902584984","-4.523513902584984","-4.523513902584984","11","11","11"
"1152","-1.6199880358294174","-8.66020325142038","5.420227179761546","12","12","12"
"1248","4.377804261666245","4.377804261666245","4.377804261666245","13","13","13"
"1344","-1.9070712680563486","-3.9328761094685207","0.11873357335582364","14","14","14"
"1440","-3.5966257486260242","-6.1710189051238","-1.0222325921282482","15","15","15"
"1536","-3.939526908061113","-10.127316859046458","2.248263042924232","16","16","16"
"1632","-2.881646470476678","-2.881646470476678","-2.881646470476678","17","17","17"
"1728","-7.399321612925206","-8.66020325142038","-6.138439974430031","18","18","18"
"1824","1.577931400430185","1.577931400430185","1.577931400430185","19","19","19"
"1920","-5.687826716431767","-8.66020325142038","-2.7154501814431526","20","20","20"
"2016","-2.0967718213775735","-5.479275821101023","1.2857321783458764","21","21","21"
"2112","-3.089786185742192","-5.897686574428297","-0.28188579705608646","22","22","22"
"2208","-5.84067729915844","-8.66020325142038","-3.0211513468964992","23","23","23"
"2304","-4.611563910314086","-4.611563910314086","-4.611563910314086","24","24","24"
"2400","-1.6817757720889568","-2.0278614274068953","-1.3356901167710182","25","25","25"
"2592","-3.4046074759379064","-4.529360132242444","-2.279854819633368","27","27","27"
"2688","-7.057827514256388","-8.66020325142038","-5.455451777092396","28","28","28"
"2784","-3.911203134435863","-3.911203134435863","-3.911203134435863","29","29","29"
"2976","-7.720667599618835","-7.720667599618835","-7.720667599618835","31","31","31"
"3072","-6.828167668372657","-8.66020325142038","-4.996132085324934","32","32","32"
"3168","-6.023325953724503","-8.66020325142038","-3.3864486560286244","33","33","33"
"3264","-8.66020325142038","-8.66020325142038","-8.66020325142038","34","34","34"
"3360","-5.573752546708938","-5.573752546708938","-5.573752546708938","35","35","35"
"3456","-7.018793725848608","-8.66020325142038","-5.377384200276835","36","36","36"
"3552","-6.130455849524745","-6.496527823525706","-5.764383875523784","37","37","37"
"3648","-8.272095813173703","-8.66020325142038","-7.883988374927026","38","38","38"
"3744","-5.813855982305677","-7.397988529452705","-4.22972343515865","39","39","39"
"3840","-8.66020325142038","-8.66020325142038","-8.66020325142038","40","40","40"
"3936","-6.545739814439189","-8.66020325142038","-4.431276377457998","41","41","41"
"4032","-8.66020325142038","-8.66020325142038","-8.66020325142038","42","42","42"
"4128","-6.63654338802876","-8.66020325142038","-4.612883524637139","43","43","43"
"4224","-4.9075872066949575","-5.542576276964378","-4.272598136425538","44","44","44"
"4320","-8.66020325142038","-8.66020325142038","-8.66020325142038","45","45","45"
"4416","-8.66020325142038","-8.66020325142038","-8.66020325142038","46","46","46"
"4512","-8.66020325142038","-8.66020325142038","-8.66020325142038","47","47","47"
"4608","-8.66020325142038","-8.66020325142038","-8.66020325142038","48","48","48"
"4704","-8.106393274387663","-8.66020325142038","-7.552583297354948","49","49","49"
"4800","-8.66020325142038","-8.66020325142038","-8.66020325142038","50","50","50"
"4896","-8.66020325142038","-8.66020325142038","-8.66020325142038","51","51","51"
"4992","-8.66020325142038","-8.66020325142038","-8.66020325142038","52","52","52"
"5088","-8.66020325142038","-8.66020325142038","-8.66020325142038","53","53","53"
"5184","-6.510057364817158","-8.66020325142038","-4.359911478213935","54","54","54"
"5280","-8.66020325142038","-8.66020325142038","-8.66020325142038","55","55","55"
"5376","-8.66020325142038","-8.66020325142038","-8.66020325142038","56","56","56"
"5472","-8.66020325142038","-8.66020325142038","-8.66020325142038","57","57","57"
"5568","-7.31065680438495","-8.66020325142038","-5.961110357349518","58","58","58"
"5664","-8.66020325142038","-8.66020325142038","-8.66020325142038","59","59","59"
"5760","-8.66020325142038","-8.66020325142038","-8.66020325142038","60","60","60"
"5856","-8.66020325142038","-8.66020325142038","-8.66020325142038","61","61","61"
"5952","-8.66020325142038","-8.66020325142038","-8.66020325142038","62","62","62"
"6048","-8.66020325142038","-8.66020325142038","-8.66020325142038","63","63","63"
"6144","-7.697963054186668","-8.66020325142038","-6.735722856952956","64","64","64"
"6240","-6.773405033411297","-8.66020325142038","-4.886606815402215","65","65","65"
"6336","-7.668831968475809","-8.66020325142038","-6.677460685531237","66","66","66"
"6432","-8.66020325142038","-8.66020325142038","-8.66020325142038","67","67","67"
"6528","-8.66020325142038","-8.66020325142038","-8.66020325142038","68","68","68"
"6624","-7.167972827655852","-8.66020325142038","-5.675742403891323","69","69","69"
"6720","-8.66020325142038","-8.66020325142038","-8.66020325142038","70","70","70"
"6816","-7.773818379704251","-8.66020325142038","-6.887433507988121","71","71","71"
"6912","-7.152899793072372","-8.66020325142038","-5.645596334724364","72","72","72"
"7008","-7.529725657659374","-8.66020325142038","-6.3992480638983675","73","73","73"
"7104","-6.351161823138083","-8.66020325142038","-4.042120394855785","74","74","74"
"7200","-8.66020325142038","-8.66020325142038","-8.66020325142038","75","75","75"
"7296","-8.66020325142038","-8.66020325142038","-8.66020325142038","76","76","76"
"7392","-8.05416163630893","-8.66020325142038","-7.44812002119748","77","77","77"
"7488","-8.02512472124613","-8.66020325142038","-7.390046191071879","78","78","78"
"7584","-5.675742403891323","-5.675742403891323","-5.675742403891323","79","79","79"
"7680","-7.2272398730074","-7.2272398730074","-7.2272398730074","80","80","80"
"7776","-8.66020325142038","-8.66020325142038","-8.66020325142038","81","81","81"
"7872","-8.66020325142038","-8.66020325142038","-8.66020325142038","82","82","82"
"7968","-4.316474187575486","-8.66020325142038","0.02725487626940827","83","83","83"
"8064","-8.66020325142038","-8.66020325142038","-8.66020325142038","84","84","84"
"8160","-8.66020325142038","-8.66020325142038","-8.66020325142038","85","85","85"
"8256","-8.66020325142038","-8.66020325142038","-8.66020325142038","86","86","86"
"8352","-8.66020325142038","-8.66020325142038","-8.66020325142038","87","87","87"
"8448","-8.66020325142038","-8.66020325142038","-8.66020325142038","88","88","88"
"8544","-8.66020325142038","-8.66020325142038","-8.66020325142038","89","89","89"
"8640","-8.66020325142038","-8.66020325142038","-8.66020325142038","90","90","90"
"8736","-8.66020325142038","-8.66020325142038","-8.66020325142038","91","91","91"
"8832","-8.66020325142038","-8.66020325142038","-8.66020325142038","92","92","92"
"8928","-8.66020325142038","-8.66020325142038","-8.66020325142038","93","93","93"
"9024","-8.66020325142038","-8.66020325142038","-8.66020325142038","94","94","94"
"9120","-8.66020325142038","-8.66020325142038","-8.66020325142038","95","95","95"
"9216","-8.66020325142038","-8.66020325142038","-8.66020325142038","96","96","96"
"9312","-7.2411069662622545","-8.66020325142038","-5.8220106811041274","97","97","97"
"9408","-8.66020325142038","-8.66020325142038","-8.66020325142038","98","98","98"
"9504","-7.522612259736402","-8.660203251420382","-6.385021268052422","99","99","99"
"9600","-8.66020325142038","-8.66020325142038","-8.66020325142038","100","100","100"
"9792","-8.66020325142038","-8.66020325142038","-8.66020325142038","102","102","102"
"9888","-7.911752273139552","-8.66020325142038","-7.163301294858724","103","103","103"
"9984","-8.66020325142038","-8.66020325142038","-8.66020325142038","104","104","104"
"10080","-8.66020325142038","-8.66020325142038","-8.66020325142038","105","105","105"
"10176","-8.66020325142038","-8.66020325142038","-8.66020325142038","106","106","106"
"10272","-7.241106966262253","-8.66020325142038","-5.822010681104126","107","107","107"
"10368","-8.66020325142038","-8.66020325142038","-8.66020325142038","108","108","108"
"10464","-7.197668213088766","-8.66020325142038","-5.735133174757152","109","109","109"
"10560","-8.66020325142038","-8.66020325142038","-8.66020325142038","110","110","110"
"10656","-8.66020325142038","-8.66020325142038","-8.66020325142038","111","111","111"
"10752","-8.66020325142038","-8.66020325142038","-8.66020325142038","112","112","112"
"10848","-8.66020325142038","-8.66020325142038","-8.66020325142038","113","113","113"
"10944","-6.466400693922959","-8.66020325142038","-4.272598136425538","114","114","114"
"11040","-8.66020325142038","-8.66020325142038","-8.66020325142038","115","115","115"
"11136","-8.282197706834104","-8.660203251420382","-7.904192162247827","116","116","116"
"11232","-8.66020325142038","-8.66020325142038","-8.66020325142038","117","117","117"
"11328","-7.236200245227481","-7.236200245227481","-7.236200245227481","118","118","118"
"11424","-8.66020325142038","-8.66020325142038","-8.66020325142038","119","119","119"
"11520","-8.66020325142038","-8.66020325142038","-8.66020325142038","120","120","120"
"11616","-8.66020325142038","-8.66020325142038","-8.66020325142038","121","121","121"
"11712","-8.66020325142038","-8.66020325142038","-8.66020325142038","122","122","122"
"11808","-8.66020325142038","-8.66020325142038","-8.66020325142038","123","123","123"
"11904","-8.316190689558024","-8.66020325142038","-7.972178127695668","124","124","124"
"12000","5.241565887168859","5.241565887168859","5.241565887168859","125","125","125"
"12096","-7.94124422800322","-8.66020325142038","-7.2222852045860595","126","126","126"
"12192","-8.66020325142038","-8.66020325142038","-8.66020325142038","127","127","127"
"12288","-7.398399935973649","-8.66020325142038","-6.136596620526918","128","128","128"
"12384","-8.66020325142038","-8.66020325142038","-8.66020325142038","129","129","129"
"12480","-8.66020325142038","-8.66020325142038","-8.66020325142038","130","130","130"
"12576","-8.073166469482896","-8.66020325142038","-7.486129687545412","131","131","131"
"12672","-8.66020325142038","-8.66020325142038","-8.66020325142038","132","132","132"
"12768","-8.66020325142038","-8.66020325142038","-8.66020325142038","133","133","133"
"12864","-7.4273692957732464","-7.4273692957732464","-7.4273692957732464","134","134","134"
"12960","-8.66020325142038","-8.66020325142038","-8.66020325142038","135","135","135"
"13056","-8.66020325142038","-8.66020325142038","-8.66020325142038","136","136","136"
"13152","-8.266820046150906","-8.66020325142038","-7.873436840881433","137","137","137"
"13248","-5.84982495395892","-8.66020325142038","-3.0394466564974594","138","138","138"
"13344","-8.66020325142038","-8.66020325142038","-8.66020325142038","139","139","139"
"13440","-8.311514329482318","-8.66020325142038","-7.962825407544256","140","140","140"
"13536","-4.183511980126794","-4.183511980126794","-4.183511980126794","141","141","141"
"13632","-8.66020325142038","-8.66020325142038","-8.66020325142038","142","142","142"
"13728","-8.66020325142038","-8.66020325142038","-8.66020325142038","143","143","143"
"13824","-8.66020325142038","-8.66020325142038","-8.66020325142038","144","144","144"
"13920","-7.152899793072372","-8.66020325142038","-5.645596334724364","145","145","145"
"14016","-4.138292876376355","-8.66020325142038","0.3836174986676703","146","146","146"
"14112","-8.66020325142038","-8.66020325142038","-8.66020325142038","147","147","147"
"14208","-8.283622992197069","-8.66020325142038","-7.907042732973757","148","148","148"
"14304","-8.66020325142038","-8.66020325142038","-8.66020325142038","149","149","149"
"14400","-8.66020325142038","-8.66020325142038","-8.66020325142038","150","150","150"
"14496","-4.003262930117561","-4.003262930117561","-4.003262930117561","151","151","151"
"14592","-1.451634912872123","-2.179209410760426","-0.7240604149838201","152","152","152"
"14688","-1.2659962503167366","-6.032220813792568","3.500228313159095","153","153","153"
"14784","-7.363834319088468","-8.66020325142038","-6.067465386756557","154","154","154"
"14880","-8.66020325142038","-8.66020325142038","-8.66020325142038","155","155","155"
"14976","-2.904495165260102","-4.674287839902355","-1.1347024906178487","156","156","156"
"15072","-2.9262096461534544","-2.9262096461534544","-2.9262096461534544","157","157","157"
"15168","2.7088508739246064","0.3836174986676703","5.034084249181543","158","158","158"
"15264","1.7055997317704328","1.1382413190151124","2.272958144525753","159","159","159"
"15360","3.1817606409247734","0.3383983949172309","6.025122886932316","160","160","160"
"15456","-3.5962302400282193","-4.092617014002173","-3.0998434660542653","161","161","161"
"15552","-1.8110089720996414","-6.3771545127008045","2.7551365685015217","162","162","162"
"15648","-1.1246182930752788","-1.1246182930752788","-1.1246182930752788","163","163","163"
"15744","2.852868526916131","2.7421036038526467","2.9636334499796155","164","164","164"
"15840","1.134907601248192","1.134907601248192","1.134907601248192","165","165","165"
"15936","4.622420324218346","4.622420324218346","4.622420324218346","166","166","166"
"16032","0.38407425729141287","0.2931792911667915","0.4749692234160343","167","167","167"
"16128","-5.896785865608452","-8.66020325142038","-3.1333684797965238","168","168","168"
"16320","8.907123626899324","8.477247212543814","9.337000041254834","170","170","170"
"16416","6.053250007807565","5.290300162446961","6.816199853168168","171","171","171"
"16512","8.589552718205532","8.022077428082982","9.157028008328082","172","172","172"
"16608","2.0969140115312097","1.1371980870746032","3.0566299359878157","173","173","173"
"16704","9.651717624171894","6.411004491964481","12.892430756379307","174","174","174"
"16800","7.914084226444711","6.847531034032843","8.98063741885658","175","175","175"
"16896","7.121590959792867","5.743795660323993","8.49938625926174","176","176","176"
"16992","3.522914640443704","0.20364546574092035","6.8421838151464875","177","177","177"
"17088","9.841317386496769","8.98063741885658","10.701997354136957","178","178","178"
"17184","7.750959533901829","6.430843441446198","9.07107562635746","179","179","179"
"17280","7.748505744803962","7.748505744803962","7.748505744803962","180","180","180"
"17376","2.7407233604102066","-1.4828979254376244","6.964344646258038","181","181","181"
"17472","4.2975606810400855","0.2931792911667843","8.301942070913388","182","182","182"
"17568","7.505108023475148","2.1085581182691286","12.901657928681168","183","183","183"
"17664","4.04237237914006","0.031203986792841754","8.053540771487278","184","184","184"
"17760","8.775551800679613","8.775551800679613","8.775551800679613","185","185","185"
"17856","6.8677388708591325","4.961764087721582","8.773713653996683","186","186","186"
"17952","7.568949377789503","7.240488708042967","7.897410047536038","187","187","187"
"18048","3.689238792703408","-0.570663269482699","7.949140854889515","188","188","188"
"18144","3.954026635391264","3.954026635391264","3.954026635391264","189","189","189"
"18240","8.277589535640738","7.835235734445223","8.719943336836252","190","190","190"
"18336","11.420981727639827","8.953150743366109","13.888812711913546","191","191","191"
"18432","4.725103649747437","4.725103649747437","4.725103649747437","192","192","192"
"18528","9.337000041254834","9.337000041254834","9.337000041254834","193","193","193"
"18624","11.522521659190865","9.157028008328082","13.888015310053646","194","194","194"
"18720","8.157175502610732","7.256469993280643","9.057881011940822","195","195","195"
"18816","10.403823228790012","9.223861877551862","11.583784580028162","196","196","196"
"18912","7.082602623503256","2.7660796853585126","11.399125561647999","197","197","197"
"19008","5.768750001524627","2.4427733057981222","9.094726697251133","198","198","198"
"19104","9.291780937504392","9.291780937504392","9.291780937504392","199","199","199"
"19200","8.641540846057016","8.080834580035509","9.202247112078522","200","200","200"
"19296","10.665680184331482","9.024513470006527","12.306846898656438","201","201","201"
"19392","10.371643216274117","9.337000041254834","11.406286391293401","202","202","202"
"19488","3.2729445792962846","-2.780516935703386","9.326406094295955","203","203","203"
"19584","12.512909642254073","9.606356041331324","15.419463243176823","204","204","204"
"19680","7.598623072317906","5.8584282040584865","9.338817940577327","205","205","205"
"19776","9.157028008328082","9.157028008328082","9.157028008328082","206","206","206"
"19872","8.549404697519261","5.348881473998047","11.749927921040477","207","207","207"
"19968","11.726076058311559","4.293627822854204","19.158524293768913","208","208","208"
"20064","10.557916823169311","8.83181498249062","12.284018663848002","209","209","209"
"20160","11.754299655198295","8.240398906739864","15.268200403656724","210","210","210"
"20256","11.217888819835236","8.950633397785051","13.485144241885422","211","211","211"
"20352","9.24656183375395","9.24656183375395","9.24656183375395","212","212","212"
"20448","11.207026995624602","9.157028008328082","13.257025982921121","213","213","213"
"20544","13.182248875198873","13.182248875198873","13.182248875198873","214","214","214"
"20640","12.160687169147195","10.290954842956992","14.0304194953374","215","215","215"
"20736","11.113847934204006","6.876030414785241","15.351665453622774","216","216","216"
"20832","12.555436663938753","8.978855695730603","16.1320176321469","217","217","217"
"20928","9.24656183375395","9.24656183375395","9.24656183375395","218","218","218"
"21024","9.247014024791458","9.247014024791458","9.247014024791458","219","219","219"
"21120","11.522410227635174","9.223005401635085","13.821815053635264","220","220","220"
"21216","11.620593831900482","11.529737080498355","11.711450583302609","221","221","221"
"21312","11.478717210442522","9.24656183375395","13.710872587131094","222","222","222"
"21408","8.895047959477404","5.847127351797881","11.942968567156926","223","223","223"
"21504","9.322953851519362","4.410508728294618","14.235398974744108","224","224","224"
"21600","1.7390170427328862","-8.66020325142038","12.138237336886153","225","225","225"
"21696","10.918627581155441","9.293142078203145","12.544113084107739","226","226","226"
"21792","12.667086868676712","9.749172233277044","15.58500150407638","227","227","227"
"21888","13.4953886140431","12.43425558270612","14.556521645380078","228","228","228"
"21984","11.80061019800635","9.24656183375395","14.35465856225875","229","229","229"
"22080","14.418099722186975","13.33838437760496","15.49781506676899","230","230","230"
"22176","7.094278949147846","4.941769969022989","9.246787929272703","231","231","231"
"22272","11.281425687775961","9.157028008328082","13.40582336722384","232","232","232"
"22368","10.270547114280983","9.068389521156474","11.47270470740549","233","233","233"
"22464","9.438219450705873","4.725999010611246","14.150439890800499","234","234","234"
"22560","17.96135873984886","17.96135873984886","17.96135873984886","235","235","235"
"22656","9.113599626305264","9.113599626305264","9.113599626305264","236","236","236"
"22752","11.629948076998936","9.338322456002823","13.921573697995047","237","237","237"
"22848","15.114787268178048","13.987731734242818","16.24184280211328","238","238","238"
"22944","9.199050220067827","5.046579711223858","13.351520728911796","239","239","239"
"23040","15.838940841428201","12.225933649409653","19.45194803344675","240","240","240"
"23136","14.218721630484477","9.24656183375395","19.190881427215007","241","241","241"
"23232","15.849101492703493","13.054328163094553","18.643874822312434","242","242","242"
"23328","11.006357102899074","8.15460346932452","13.858110736473627","243","243","243"
"23424","6.452379155943376","4.979467652687142","7.925290659199611","244","244","244"
"23520","12.395679989770105","12.395679989770105","12.395679989770105","245","245","245"
"23616","18.371893481860404","18.371893481860404","18.371893481860404","246","246","246"
"23712","12.79624605770481","9.291780937504392","16.300711177905228","247","247","247"
"23808","14.763100028705704","9.099117559887238","20.42708249752417","248","248","248"
"23904","9.20269478120565","9.20269478120565","9.20269478120565","249","249","249"
"24000","13.304891260879511","13.304891260879511","13.304891260879511","250","250","250"
"24096","9.375140257583459","9.068389521156474","9.681890994010443","251","251","251"
"24192","11.99493442360621","9.157028008328082","14.832840838884337","252","252","252"
"24288","15.611387275931065","12.665441199382864","18.55733335247927","253","253","253"
"24384","16.93343663391095","16.93343663391095","16.93343663391095","254","254","254"
"24480","9.518684219638263","3.1293094501128045","15.908058989163724","255","255","255"
"24576","7.705054472147792","7.705054472147792","7.705054472147792","256","256","256"
"24672","12.80102393686812","9.24656183375395","16.355486039982292","257","257","257"
"24768","14.810384364484927","14.810384364484927","14.810384364484927","258","258","258"
"24864","16.066522177045314","10.884641530834823","21.2484028232558","259","259","259"
"24960","15.476381263260272","13.6379118331996","17.314850693320945","260","260","260"
"25056","13.981149121641874","11.620547322680393","16.341750920603353","261","261","261"
"25152","12.599547356982658","9.306853972087872","15.892240741877446","262","262","262"
"25248","14.12652616868513","14.12652616868513","14.12652616868513","263","263","263"
"25344","13.94426824082047","9.337000041254834","18.551536440386105","264","264","264"
"25440","16.176566923953768","16.176566923953768","16.176566923953768","265","265","265"
"25536","15.862296694149478","15.862296694149478","15.862296694149478","266","266","266"
"25728","13.332514393029","10.78999558500876","15.875033201049238","268","268","268"
"25824","11.771072846722426","11.771072846722426","11.771072846722426","269","269","269"
"25920","15.456587105247642","15.456587105247642","15.456587105247642","270","270","270"
"26016","14.603737938533271","12.76047693566687","16.44699894139967","271","271","271"
"26112","15.946583814633415","13.650645343787065","18.242522285479765","272","272","272"
"26208","15.846806452648858","13.44102052842673","18.252592376870986","273","273","273"
"26304","17.622127020137064","15.767854679963419","19.47639936031071","274","274","274"
"26400","16.278721603847266","14.676117096348685","17.881326111345846","275","275","275"
"26496","13.07398489449908","9.24656183375395","16.901407955244213","276","276","276"
"26592","14.780713252988232","12.859181443628342","16.702245062348123","277","277","277"
"26688","11.74199933761734","9.24656183375395","14.23743684148073","278","278","278"
"26784","14.922544774907747","14.265305071095092","15.579784478720402","279","279","279"
"26880","14.376679968008213","13.516333655525864","15.237026280490563","280","280","280"
"26976","17.431750019233224","15.328710411518133","19.534789626948314","281","281","281"
"27072","15.500405792140768","11.965212306852932","19.035599277428606","282","282","282"
"27168","10.432531440139584","5.153120273365623","15.711942606913546","283","283","283"
"27264","8.525596539000567","7.782021692371962","9.269171385629171","284","284","284"
"27360","11.327723805884967","9.84177306086859","12.813674550901343","285","285","285"
"27456","13.46726863499105","9.24656183375395","17.68797543622815","286","286","286"
"27552","14.05693238907214","14.05693238907214","14.05693238907214","287","287","287"
"27648","22.134308490238617","22.134308490238617","22.134308490238617","288","288","288"
"27744","13.211506034133738","11.779038650365493","14.64397341790198","289","289","289"
"27840","16.863814436514787","16.863814436514787","16.863814436514787","290","290","290"
"27936","12.832397165017483","9.24656183375395","16.418232496281018","291","291","291"
"28032","10.98802197438593","9.201794921041015","12.774249027730843","292","292","292"
"28128","19.24169288261909","19.057075992545954","19.426309772692232","293","293","293"
"28224","15.15329256528998","9.24656183375395","21.060023296826014","294","294","294"
"28320","14.187889998316614","12.944834271746732","15.430945724886493","295","295","295"
"28416","17.990605610663597","16.05420306597253","19.927008155354663","296","296","296"
"28512","12.588619671022572","6.262100986224897","18.915138355820247","297","297","297"
"28608","11.383618697089213","9.24656183375395","13.520675560424477","298","298","298"
"28704","4.33438791340018","-8.66020325142038","17.32897907822074","299","299","299"
"28800","14.049501009884088","11.927902959789868","16.171099059978307","300","300","300"
"28896","17.334829552482084","16.404813370595978","18.264845734368187","301","301","301"
"28992","13.324622851589602","9.937388087534185","16.71185761564502","302","302","302"
"29088","9.291780937504392","9.291780937504392","9.291780937504392","303","303","303"
"29184","13.95474301004398","9.337000041254834","18.57248597883313","304","304","304"
"29280","15.177159420279468","15.177159420279468","15.177159420279468","305","305","305"
"29376","16.540925185778242","16.455150915061758","16.626699456494723","306","306","306"
"29472","14.797524999192227","12.83854295776557","16.756507040618885","307","307","307"
"29568","19.10984161677452","19.10984161677452","19.10984161677452","308","308","308"
"29664","12.03834471753077","9.24656183375395","14.830127601307588","309","309","309"
"29760","19.337340392674484","19.337340392674484","19.337340392674484","310","310","310"
"29856","13.836612707412549","9.337000041254834","18.336225373570265","311","311","311"
"29952","8.978855695730603","8.978855695730603","8.978855695730603","312","312","312"
"30048","16.157261753534645","16.157261753534645","16.157261753534645","313","313","313"
"30144","14.34826942159474","13.119000524726859","15.577538318462619","314","314","314"
"30240","9.291780937504392","9.291780937504392","9.291780937504392","315","315","315"
"30336","11.462253932922323","9.337000041254834","13.58750782458981","316","316","316"
"30432","14.64528641675131","9.314390489379612","19.976182344123007","317","317","317"
"30528","12.151360465279533","6.322393124558817","17.980327806000247","318","318","318"
"30624","13.747766890753052","9.24656183375395","18.248971947752153","319","319","319"
"30720","16.265914448432326","16.265914448432326","16.265914448432326","320","320","320"
"30816","12.24194530863904","9.291780937504392","15.19210967977369","321","321","321"
"30912","17.592399087114593","17.592399087114593","17.592399087114593","322","322","322"
"31008","14.415044927559304","9.24656183375395","19.58352802136466","323","323","323"
"31104","15.548832162820013","9.247014024791458","21.850650300848567","324","324","324"
"31200","12.992555299117626","9.24656183375395","16.7385487644813","325","325","325"
"31296","15.141104042865646","9.337000041254834","20.94520804447646","326","326","326"
"31392","13.429769241974697","9.24656183375395","17.612976650195446","327","327","327"
"31488","17.694602090822205","14.845131354791135","20.544072826853274","328","328","328"
"31584","15.350207113488192","15.350207113488192","15.350207113488192","329","329","329"
"31680","13.442175345044834","9.24656183375395","17.63778885633572","330","330","330"
"31776","13.539940662696907","9.24656183375395","17.833319491639863","331","331","331"
"31872","17.76077496229461","14.908520159745585","20.613029764843642","332","332","332"
"31968","15.205345946713347","9.337000041254834","21.073691852171862","333","333","333"
"32064","15.628545364764168","15.628545364764168","15.628545364764168","334","334","334"
"32160","12.083828308999014","9.224178377397482","14.943478240600545","335","335","335"
"32256","14.46845140690709","11.816210381439733","17.120692432374447","336","336","336"
"32352","15.380596167733934","14.873415650680851","15.887776684787019","337","337","337"
"32448","15.040090388776049","15.02926839186333","15.050912385688768","338","338","338"
"32544","13.390654878511477","10.44697642271213","16.334333334310823","339","339","339"
"32640","16.78615677971186","14.703846284985428","18.868467274438295","340","340","340"
"32736","14.914422501665538","10.482819010384127","19.34602599294695","341","341","341"
"32832","8.94984345794741","8.562686874639985","9.337000041254834","342","342","342"
"32928","15.382543495030284","9.24656183375395","21.51852515630662","343","343","343"
"33024","11.67351138853467","9.224178377397482","14.12284439967186","344","344","344"
"33120","19.30172276458203","18.603277515506235","20.000168013657827","345","345","345"
"33216","16.690912197360415","16.555831462540144","16.825992932180686","346","346","346"
"33312","17.103767194911207","15.482404082485116","18.7251303073373","347","347","347"
"33408","18.127189701269977","15.60713790464434","20.64724149789561","348","348","348"
"33504","17.90293413414325","15.019137612753152","20.786730655533354","349","349","349"
"33600","10.750159988398002","9.337000041254834","12.16331993554117","350","350","350"
"33696","12.243478713039517","9.24656183375395","15.240395592325084","351","351","351"
"33792","11.118395148781598","5.710030050835327","16.526760246727868","352","352","352"
"33888","3.277640138695839","3.277640138695839","3.277640138695839","353","353","353"
"33984","15.030705279225497","13.922497012635267","16.13891354581573","354","354","354"
"34080","17.03729601080296","15.903067696361784","18.171524325244143","355","355","355"
"34176","13.917071741744465","8.33924812255369","19.49489536093524","356","356","356"
"34272","13.347167735527332","9.24656183375395","17.447773637300717","357","357","357"
"34368","18.05280125733333","15.764933961424505","20.34066855324215","358","358","358"
"34464","19.131638282915475","17.706473275436224","20.55680329039473","359","359","359"
"34560","17.298559165686378","17.01384930005154","17.583269031321212","360","360","360"
"34656","14.201966231453078","9.337000041254834","19.066932421651323","361","361","361"
"34752","16.092668426395665","15.242771312249864","16.942565540541466","362","362","362"
"34848","16.658010868203466","15.499583520705599","17.816438215701332","363","363","363"
"34944","16.154397089429622","15.020035700609156","17.288758478250084","364","364","364"
"35040","17.22825537607468","17.22825537607468","17.22825537607468","365","365","365"
"35136","15.51375915526361","15.481815782665942","15.545702527861277","366","366","366"
"35232","16.620167540855398","13.166856816318445","20.073478265392353","367","367","367"
"35328","14.759577710265827","9.24656183375395","20.272593586777703","368","368","368"
"35424","14.820902948498293","11.360000312542606","18.28180558445398","369","369","369"
"35520","15.751040605123778","14.223579578293883","17.278501631953674","370","370","370"
"35616","19.489686074853886","19.489686074853886","19.489686074853886","371","371","371"
"35712","18.628385107376637","16.444795264780566","20.811974949972708","372","372","372"
"35808","19.83977930341323","19.133635228926988","20.545923377899474","373","373","373"
"35904","17.331939489278014","17.331939489278014","17.331939489278014","374","374","374"
"36000","18.44736633285941","14.96031149527203","21.934421170446786","375","375","375"
"36096","17.36479920240875","13.308980789033518","21.420617615783986","376","376","376"
"36192","17.17894899095743","13.30800934407661","21.049888637838254","377","377","377"
"36288","18.5035516489584","18.5035516489584","18.5035516489584","378","378","378"
"36384","14.51976494657516","14.51976494657516","14.51976494657516","379","379","379"
"36480","19.165685443600736","17.597988435522115","20.733382451679358","380","380","380"
"36576","20.882373941817534","20.679372077999844","21.085375805635227","381","381","381"
"36672","21.150387116485753","21.150387116485753","21.150387116485753","382","382","382"
"36768","12.525762318699677","12.525762318699677","12.525762318699677","383","383","383"
"36864","15.939273614625975","12.658222448894373","19.22032478035758","384","384","384"
"36960","7.942686662940607","0.3383983949172267","15.546974930963987","385","385","385"
"37056","18.181917387081963","18.116496992611367","18.24733778155256","386","386","386"
"37152","21.29341068905236","21.255928184910474","21.33089319319425","387","387","387"
"37248","20.092069324575192","18.926172574567214","21.257966074583173","388","388","388"
"37344","17.295861993992986","15.804058421570392","18.787665566415583","389","389","389"
"37440","17.50061515840392","13.436677701485321","21.564552615322523","390","390","390"
"37536","21.625774438746916","20.811974949972708","22.43957392752112","391","391","391"
"37632","22.69077017525917","21.985871791145193","23.39566855937315","392","392","392"
"37728","17.78794209756252","15.030072036304144","20.5458121588209","393","393","393"
"37824","21.50164666203713","21.230821752445657","21.7724715716286","394","394","394"
"38016","17.052702919948594","16.21069401424968","17.89471182564751","396","396","396"
"38112","13.79875124749937","6.746577010170537","20.850925484828203","397","397","397"
"38208","19.333032755691345","18.57249777896419","20.0935677324185","398","398","398"
"38304","20.593718419311276","19.718353378415763","21.46908346020679","399","399","399"
"38400","21.139766854813956","20.69722520088553","21.582308508742386","400","400","400"
"38496","19.002269499815622","19.002269499815622","19.002269499815622","401","401","401"
"38592","20.827135555408418","20.827135555408418","20.827135555408418","402","402","402"
"38688","20.169996107874855","20.169996107874855","20.169996107874855","403","403","403"
"38784","17.41616745784015","16.033708949307496","18.798625966372803","404","404","404"
"38880","21.270877363245027","20.3883974547286","22.153357271761454","405","405","405"
"38976","17.627332303448394","16.938110820494238","18.31655378640255","406","406","406"
"39072","19.289239400890803","19.12520293467562","19.453275867105987","407","407","407"
"39168","19.604401375860945","16.44253231397775","22.76627043774414","408","408","408"
"39264","17.024902236873537","17.024902236873537","17.024902236873537","409","409","409"
"39360","17.060268335776705","15.700411743795208","18.420124927758202","410","410","410"
"39456","21.55949531243529","21.056418394276132","22.06257223059444","411","411","411"
"39552","16.25542587151582","12.372143372617515","20.138708370414125","412","412","412"
"39648","20.168922994705454","18.603719284452296","21.734126704958612","413","413","413"
"39744","21.102011160625747","21.102011160625747","21.102011160625747","414","414","414"
"39840","13.452288820040533","12.408029056499164","14.496548583581903","415","415","415"
"39936","17.941336387368942","14.831327225739368","21.05134554899852","416","416","416"
"40032","16.53539126542643","14.008741431398972","19.062041099453886","417","417","417"
"40128","15.262715634301097","15.262715634301097","15.262715634301097","418","418","418"
"40224","20.685818377695924","19.512253681745563","21.859383073646285","419","419","419"
"40320","16.804190297038602","16.424771541811705","17.183609052265503","420","420","420"
"40416","12.901276402160368","6.452124358839074","19.35042844548166","421","421","421"
"40512","19.253701710228235","17.530349663806607","20.977053756649866","422","422","422"
"40608","18.083748550479385","16.51430536723758","19.653191733721194","423","423","423"
"40704","17.919599702130178","15.54480262445604","20.29439677980432","424","424","424"
"40800","17.97978239608117","12.925652704246207","23.033912087916132","425","425","425"
"40896","19.497606328491017","18.165668366188488","20.82954429079355","426","426","426"
"40992","19.30225478209806","16.35299848855188","22.251511075644242","427","427","427"
"41088","6.592720881247656","-8.66020325142038","21.845645013915693","428","428","428"
"41184","21.748879113329604","21.748879113329604","21.748879113329604","429","429","429"
"41280","6.9893741050662515","-4.962906874923112","18.941655085055615","430","430","430"
"41376","18.724911294831276","17.114345922260252","20.3354766674023","431","431","431"
"41472","19.950539371389304","19.950539371389304","19.950539371389304","432","432","432"
"41568","21.129330774294193","19.02499182494752","23.233669723640865","433","433","433"
"41664","13.170318530296793","9.157028008328082","17.183609052265503","434","434","434"
"41760","17.666242368153735","15.988661751854218","19.343822984453254","435","435","435"
"41856","21.579715326277668","20.921797804120523","22.237632848434814","436","436","436"
"41952","18.73495685156085","18.73495685156085","18.73495685156085","437","437","437"
"42048","14.55037738143606","14.55037738143606","14.55037738143606","438","438","438"
"42240","18.85319146870461","16.51430536723758","21.192077570171637","440","440","440"
"42336","21.969367085601604","21.969367085601604","21.969367085601604","441","441","441"
"42432","17.009519162621245","14.113783105498456","19.905255219744035","442","442","442"
"42528","20.228866618216408","19.168982948811028","21.28875028762179","443","443","443"
"42624","19.419398901932617","18.952082676747093","19.886715127118144","444","444","444"
"42720","20.127413973538417","17.33730628888905","22.91752165818778","445","445","445"
"42816","19.65597738234373","19.179763516883607","20.13219124780385","446","446","446"
"42912","17.487496092577967","17.104247623901138","17.870744561254796","447","447","447"
"43008","18.83107940408529","17.20779891679542","20.454359891375162","448","448","448"
"43104","19.561198558732244","15.54480262445604","23.577594493008448","449","449","449"
"43200","20.8555575962721","18.649575474566724","23.061539717977478","450","450","450"
"43296","23.5061418873547","21.673891042986792","25.338392731722614","451","451","451"
"43392","22.33235036270211","22.33235036270211","22.33235036270211","452","452","452"
"43488","23.012443927781188","22.882115080427354","23.142772775135022","453","453","453"
"43584","17.27943381016686","11.546541463580548","23.012326156753176","454","454","454"
"43680","17.76113104677142","14.702035772426937","20.820226321115904","455","455","455"
"43776","21.851609549122813","20.901417022198984","22.80180207604664","456","456","456"
"43872","19.869059056763305","19.469231791971175","20.268886321555435","457","457","457"
"43968","19.904543407415865","16.51430536723758","23.29478144759415","458","458","458"
"44064","22.288150932194768","21.542389776473403","23.033912087916132","459","459","459"
"44160","18.828056201361427","16.47623620089692","21.17987620182593","460","460","460"
"44256","18.920055666013628","14.719979035741893","23.120132296285362","461","461","461"
"44352","18.649109492780187","14.145400366513297","23.15281861904708","462","462","462"
"44448","21.244540996346004","19.224751508701623","23.26433048399038","463","463","463"
"44544","21.31857249955123","19.187898871290358","23.449246127812103","464","464","464"
"44640","18.9796877760215","16.51430536723758","21.445070184805417","465","465","465"
"44736","13.714313397185222","8.084048956719228","19.34457783765122","466","466","466"
"44832","19.930697657577625","16.44253231397775","23.418863001177503","467","467","467"
"44928","16.143026898519793","11.443671152028674","20.842382645010908","468","468","468"
"45024","17.104247623901138","17.104247623901138","17.104247623901138","469","469","469"
"45120","17.280029198550665","12.925652704246207","21.63440569285512","470","470","470"
"45216","19.93540791446298","16.51430536723758","23.356510461688384","471","471","471"
"45312","7.171171505328783","-8.66020325142038","23.002546262077946","472","472","472"
"45408","19.904929030091","18.001618532791788","21.808239527390214","473","473","473"
"45504","22.55671059288253","22.166825391828148","22.94659579393692","474","474","474"
"45600","21.89596193321637","21.75350958973226","22.03841427670048","475","475","475"
"45696","19.042316558783533","15.157835344474307","22.926797773092762","476","476","476"
"45888","20.009205019492825","19.29066872784853","20.727741311137116","478","478","478"
"46080","17.642752857060145","17.22679478449167","18.058710929628624","480","480","480"
"46176","18.942212109931738","17.320728156367178","20.563696063496298","481","481","481"
"46272","18.33766295220522","17.183609052265503","19.491716852144943","482","482","482"
"46368","16.826573753395074","16.469538454524642","17.183609052265503","483","483","483"
"46464","18.92538435650558","18.92538435650558","18.92538435650558","484","484","484"
"46560","22.027835359307964","21.134845230850793","22.920825487765132","485","485","485"
"46656","16.49726957540749","16.49726957540749","16.49726957540749","486","486","486"
"46752","23.916628258429192","22.974615443275983","24.858641073582397","487","487","487"
"46848","21.920817505899244","21.277047862833548","22.564587148964943","488","488","488"
"46944","22.27273244428611","22.27273244428611","22.27273244428611","489","489","489"
"47040","20.840955022690892","19.498828089122295","22.183081956259485","490","490","490"
"47136","21.51041482881977","21.503927375926544","21.516902281712998","491","491","491"
"47232","21.866804891761348","20.58155110927443","23.15205867424827","492","492","492"
"47328","22.69287012886087","20.70632198996748","24.67941826775426","493","493","493"
"47424","22.07375559089276","21.196767548342272","22.95074363344325","494","494","494"
"47520","15.115985158456809","15.115985158456809","15.115985158456809","495","495","495"
"47616","20.984836202417696","18.754851830495735","23.214820574339658","496","496","496"
"47712","21.952436908800088","21.952436908800088","21.952436908800088","497","497","497"
"47808","23.706972932943234","23.113273516280497","24.30067234960597","498","498","498"
"47904","21.063230324005353","19.027236392293858","23.099224255716848","499","499","499"
"48000","11.438140990242154","0.3836174986676703","22.492664481816636","500","500","500"
"48096","22.406322973271177","22.333647540147496","22.478998406394858","501","501","501"
"48192","21.688062752938126","19.79845605285889","23.577669453017364","502","502","502"
"48288","23.04184626110168","21.271810796490993","24.811881725712364","503","503","503"
"48384","17.108541149755684","17.108541149755684","17.108541149755684","504","504","504"
"48480","22.933335766479818","22.615458943813888","23.251212589145748","505","505","505"
"48576","24.086175163336826","23.545463912904214","24.626886413769437","506","506","506"
"48672","24.107561539566568","22.358259714535432","25.8568633645977","507","507","507"
"48768","22.638896291037046","22.638896291037046","22.638896291037046","508","508","508"
"48864","24.655812076065516","24.381231801422064","24.93039235070897","509","509","509"
"48960","25.014436012252894","23.531214275239716","26.49765774926607","510","510","510"
"49056","20.955899719638527","17.183609052265503","24.72819038701155","511","511","511"
"49152","29.45598802344094","29.45598802344094","29.45598802344094","512","512","512"
"49248","19.147782715898153","15.11668833894635","23.178877092849955","513","513","513"
"49344","24.328792109498654","24.328792109498654","24.328792109498654","514","514","514"
"49440","27.019781114880537","24.882510212085588","29.157052017675486","515","515","515"
"49536","20.241462565434595","11.958862699662927","28.52406243120626","516","516","516"
"49632","10.61450995774024","0.3836174986676703","20.84540241681281","517","517","517"
"49728","26.39155002067471","25.660268416124964","27.122831625224457","518","518","518"
"49824","25.447143774576816","25.240459132631788","25.653828416521844","519","519","519"
"49920","25.72845103093036","24.983280370366092","26.473621691494625","520","520","520"
"50016","16.764926918711584","16.764926918711584","16.764926918711584","521","521","521"
"50112","25.882440961451508","23.992106778405315","27.772775144497697","522","522","522"
"50208","17.518174146329606","12.197742927494462","22.838605365164753","523","523","523"
"50304","22.953991310156226","21.985023617979714","23.92295900233274","524","524","524"
"50400","25.45176703246259","22.493115620340827","28.410418444584355","525","525","525"
"50496","12.179299352005135","-4.572001507194882","28.930600211205153","526","526","526"
"50592","27.590783761736667","27.590783761736667","27.590783761736667","527","527","527"
"50688","26.42722082985456","26.124169492981473","26.730272166727644","528","528","528"
"50784","23.783924531901736","21.318067360493423","26.24978170331005","529","529","529"
"50880","27.26477831597196","25.90531004188928","28.62424659005464","530","530","530"
"50976","23.84066968924455","23.137547573941784","24.543791804547315","531","531","531"
"51072","26.940970796001665","25.00390102955074","28.878040562452593","532","532","532"
"51168","23.37836140198617","23.37836140198617","23.37836140198617","533","533","533"
"51264","27.055024135381373","25.791644414929717","28.318403855833033","534","534","534"
"51360","26.76208845290577","25.233366484164968","28.29081042164657","535","535","535"
"51456","24.318599579017423","23.486825177873854","25.150373980160992","536","536","536"
"51552","23.924547154131815","19.3380788374354","28.511015470828234","537","537","537"
"51648","22.189072418476727","16.26436000138027","28.11378483557318","538","538","538"
"51744","24.822202651681735","23.674635335949525","25.96976996741395","539","539","539"
"51840","24.28947604016598","22.54660873556901","26.03234334476295","540","540","540"
"51936","22.76053556722854","22.76053556722854","22.76053556722854","541","541","541"
"52032","25.76166417720792","24.18108340080464","27.342244953611196","542","542","542"
"52128","27.61746245111578","26.18566821467349","29.04925668755807","543","543","543"
"52224","20.24625625533009","16.94704859775596","23.545463912904214","544","544","544"
"52320","22.78015964419415","17.487686909933302","28.072632378454994","545","545","545"
"52416","25.237409046608377","23.250429364625916","27.224388728590842","546","546","546"
"52512","25.81423663478492","24.78446679415128","26.84400647541856","547","547","547"
"52608","26.419627215731726","24.801276236444433","28.03797819501902","548","548","548"
"52704","29.400161409586165","29.400161409586165","29.400161409586165","549","549","549"
"52800","27.925059074819274","26.577602191816666","29.272515957821877","550","550","550"
"52896","23.249488967237927","17.11212565097567","29.386852283500183","551","551","551"
"52992","28.493601678064007","28.493601678064007","28.493601678064007","552","552","552"
"53088","15.56171219761358","3.279436874564267","27.843987520662893","553","553","553"
"53184","18.212721849909357","12.79304647350753","23.632397226311184","554","554","554"
"53280","26.63207504362128","24.8526551340747","28.411494953167864","555","555","555"
"53376","17.183609052265503","17.183609052265503","17.183609052265503","556","556","556"
"53472","26.216309309633196","23.11893137879298","29.31368724047341","557","557","557"
"53568","24.232573524258715","24.232573524258715","24.232573524258715","558","558","558"
"53664","26.857749164042367","24.805411987383525","28.910086340701206","559","559","559"
"53760","23.047734006866467","18.52890650627932","27.566561507453613","560","560","560"
"53856","27.048647429262143","26.672194860175804","27.425099998348482","561","561","561"
"53952","27.025955047641258","26.423668413160406","27.62824168212211","562","562","562"
"54048","21.908483981573","15.107791932951919","28.70917603019408","563","563","563"
"54144","26.278574189858695","24.22370529206993","28.33344308764746","564","564","564"
"54240","25.648803239413155","25.501728355804673","25.795878123021637","565","565","565"
"54336","26.2252241373843","26.2252241373843","26.2252241373843","566","566","566"
"54432","22.75176196009468","16.19381175101051","29.309712169178848","567","567","567"
"54528","27.118854281156835","26.088738109964044","28.14897045234963","568","568","568"
"54624","25.056071669087135","21.495034806778232","28.61710853139604","569","569","569"
"54720","27.228493980651013","26.053083476950434","28.403904484351592","570","570","570"
"54912","20.698012778353082","18.72126902722162","22.67475652948454","572","572","572"
"55008","27.063792432022645","26.293243620005924","27.834341244039365","573","573","573"
"55104","21.003209383944615","16.35299848855188","25.653420279337354","574","574","574"
"55200","26.56182560607975","26.04137057065167","27.082280641507836","575","575","575"
"55296","23.77995651526821","21.81116190356892","25.748751126967505","576","576","576"
"55392","18.633964804138202","12.788255392782402","24.479674215494","577","577","577"
"55488","25.994553417053112","25.04278887490011","26.946317959206112","578","578","578"
"55584","26.899778029386244","26.899778029386244","26.899778029386244","579","579","579"
"55680","27.067708612040434","26.40083005689693","27.734587167183935","580","580","580"
"55776","27.268010232269475","25.975472839961455","28.56054762457749","581","581","581"
"55872","27.296452351337614","25.47060037134935","29.122304331325875","582","582","582"
"55968","26.60334176162365","24.82484599927362","28.38183752397368","583","583","583"
"56064","25.257857273352567","25.257857273352567","25.257857273352567","584","584","584"
"56160","25.59183106855228","25.59183106855228","25.59183106855228","585","585","585"
"56256","22.29202113306188","17.454702808783242","27.12933945734052","586","586","586"
"56352","25.92029111760987","25.890246930204405","25.95033530501534","587","587","587"
"56448","26.35124570868562","26.35124570868562","26.35124570868562","588","588","588"
"56544","26.27181221490128","26.27181221490128","26.27181221490128","589","589","589"
"56640","18.96065716601624","13.265679292988114","24.65563503904437","590","590","590"
"56736","24.81228941621991","24.77114208672304","24.85343674571678","591","591","591"
"56832","27.09438706993009","26.243644839040932","27.945129300819247","592","592","592"
"56928","24.37194655101217","24.37194655101217","24.37194655101217","593","593","593"
"57024","23.896978589787807","19.106855982016516","28.6871011975591","594","594","594"
"57120","14.510598107928375","0.3836174986676703","28.63757871718908","595","595","595"
"57216","18.845970818618497","9.158827728657352","28.533113908579644","596","596","596"
"57312","28.890429425085127","28.890429425085127","28.890429425085127","597","597","597"
"57408","26.08204150811973","25.958801922057397","26.205281094182062","598","598","598"
"57504","28.270016825000113","28.270016825000113","28.270016825000113","599","599","599"
"57600","18.304418667483553","7.854021276859689","28.754816058107416","600","600","600"
"57696","20.113697602558307","20.113697602558307","20.113697602558307","601","601","601"
"57792","25.22161832760675","24.754432524028037","25.688804131185456","602","602","602"
"57888","26.50582913855684","26.50582913855684","26.50582913855684","603","603","603"
"57984","25.758089107671378","25.14174750566022","26.374430709682535","604","604","604"
"58080","27.81325510140951","27.81325510140951","27.81325510140951","605","605","605"
"58176","27.172809513485763","26.58444275787591","27.761176269095618","606","606","606"
"58272","20.707097231770383","13.67317183752265","27.741022626018115","607","607","607"
"58368","22.880403500718764","20.68600322255271","25.074803778884814","608","608","608"
"58464","26.602028397381098","25.778303785053865","27.425753009708327","609","609","609"
"58560","26.171527647597998","24.759965540783003","27.583089754412992","610","610","610"
"58656","17.518435512187164","9.247466215828963","25.789404808545367","611","611","611"
"58752","20.38928771087786","11.101778140275533","29.676797281480187","612","612","612"
"58848","23.696861367099523","21.700440471373017","25.693282262826024","613","613","613"
"58944","23.48247191870163","20.138267265342748","26.826676572060514","614","614","614"
"59040","21.360466835200548","16.336133054640097","26.384800615760998","615","615","615"
"59136","21.64179681702378","17.171837871202193","26.11175576284537","616","616","616"
"59232","26.882314928884586","26.521775577961883","27.24285427980729","617","617","617"
"59328","24.543188877318563","21.14104452227173","27.945333232365396","618","618","618"
"59424","20.86863200720289","14.28741643349169","27.44984758091409","619","619","619"
"59520","25.118692220790162","21.774117565004104","28.46326687657622","620","620","620"
"59616","25.545620723837366","25.110356652361656","25.98088479531308","621","621","621"
"59712","21.388977793164354","17.758083142100013","25.019872444228696","622","622","622"
"59808","26.313686157902644","26.313686157902644","26.313686157902644","623","623","623"
"59904","24.678125127578912","24.678125127578912","24.678125127578912","624","624","624"
"60000","24.453196801999066","23.33727348086062","25.569120123137512","625","625","625"
"60096","25.682532287402623","22.749441997997437","28.61562257680781","626","626","626"
"60192","25.592915234874766","21.862967826263947","29.322862643485582","627","627","627"
"60288","25.334924045698493","24.152380333704166","26.51746775769282","628","628","628"
"60384","24.932812991365104","23.436560679027117","26.429065303703094","629","629","629"
"60480","27.373879425353703","26.486022569868663","28.261736280838743","630","630","630"
"60576","22.638334093788522","18.556216686058963","26.720451501518085","631","631","631"
"60672","23.206196375844712","23.097397576625713","23.314995175063707","632","632","632"
"60768","25.417869766786705","23.218879403275352","27.616860130298058","633","633","633"
"60864","26.432114897608322","24.387921797624927","28.476307997591718","634","634","634"
"60960","26.785280790632775","25.12619493831929","28.444366642946264","635","635","635"
"61056","21.1384227681337","17.492182633122756","24.78466290314465","636","636","636"
"61152","23.17955907992459","23.007178229916683","23.3519399299325","637","637","637"
"61248","-8.66020325142038","-8.66020325142038","-8.66020325142038","638","638","638"
"61344","21.52545811613085","14.545372856359492","28.50554337590221","639","639","639"
"61440","24.947157527346178","24.447904902887274","25.44641015180508","640","640","640"
"61536","26.618128817715267","26.497090126125755","26.73916750930478","641","641","641"
"61632","26.104210102831033","24.68604184921959","27.522378356442474","642","642","642"
"61728","23.512183503428844","23.472627176099227","23.551739830758457","643","643","643"
"61824","26.61077191235745","26.552847545832982","26.66869627888192","644","644","644"
"61920","25.937630340662565","25.320484294558568","26.55477638676656","645","645","645"
"62016","27.011097099548422","27.011097099548422","27.011097099548422","646","646","646"
"62112","24.618736276501473","22.794210541003153","26.443262011999796","647","647","647"
"62208","27.250076974378196","27.250076974378196","27.250076974378196","648","648","648"
"62304","20.625930620390086","14.646961884288663","26.604899356491508","649","649","649"
"62400","23.67820412542758","21.918794440118734","25.437613810736426","650","650","650"
"62496","24.828881625054215","23.202576172615807","26.45518707749262","651","651","651"
"62592","26.720209005832945","26.720209005832945","26.720209005832945","652","652","652"
"62688","24.93112860556657","23.377365293575256","26.48489191755788","653","653","653"
"62784","24.692194135675926","22.664179265518907","26.720209005832945","654","654","654"
"62880","24.88118152669522","24.88118152669522","24.88118152669522","655","655","655"
"62976","25.126567450577774","24.101405433733895","26.151729467421653","656","656","656"
"63072","24.0036874733598","24.0036874733598","24.0036874733598","657","657","657"
"63168","18.820257150715996","9.158827728657352","28.48168657277464","658","658","658"
"63264","24.517389809423697","22.36258475867159","26.672194860175804","659","659","659"
"63360","25.566386236127112","25.566386236127112","25.566386236127112","660","660","660"
"63456","21.3242669933204","13.251243279409083","29.397290707231715","661","661","661"
"63552","27.432625893327533","26.720209005832945","28.145042780822124","662","662","662"
"63648","22.154082506236264","15.997167280751547","28.310997731720985","663","663","663"
"63744","27.175114339469058","26.249142844363057","28.10108583457506","664","664","664"
"63840","24.640103326440258","24.640103326440258","24.640103326440258","665","665","665"
"63936","24.109312997837698","24.109312997837698","24.109312997837698","666","666","666"
"64032","27.156418851588825","26.088219023372663","28.22461867980499","667","667","667"
"64128","22.96194148247286","19.143869684037824","26.78001328090789","668","668","668"
"64224","12.699679256997594","8.5487830802418","16.850575433753388","669","669","669"
"64320","26.128729253079285","25.93251691893348","26.32494158722509","670","670","670"
"64416","16.723884026934385","8.295446357429917","25.152321696438854","671","671","671"
"64512","26.44961834407595","25.560740261715747","27.33849642643615","672","672","672"
"64608","22.361119388184733","15.831531278906946","28.890707497462518","673","673","673"
"64704","26.346047367793076","26.342820479205695","26.349274256380458","674","674","674"
"64800","27.180352386141458","26.577602191816666","27.783102580466245","675","675","675"
"64896","27.55460394528005","26.429065303703094","28.680142586857006","676","676","676"
"64992","26.105737262900078","25.901342779043084","26.310131746757072","677","677","677"
"65088","18.128391462269562","8.161831092659144","28.094951831879982","678","678","678"
"65184","26.481952850693688","26.428679869728384","26.53522583165899","679","679","679"
"65280","25.934615970251002","25.244571084526765","26.624660855975236","680","680","680"
"65376","23.47924307212466","20.631707645713032","26.32677849853629","681","681","681"
"65472","18.02308853847957","8.942195970820405","27.103981106138733","682","682","682"
"65568","27.068029041810814","26.624660855975236","27.51139722764639","683","683","683"
"65664","28.195834404483648","26.66828862607698","29.723380182890317","684","684","684"
"65760","27.425486974374664","26.521775577961883","28.32919837078744","685","685","685"
"65856","22.771347512121572","21.134554814095694","24.408140210147447","686","686","686"
"65952","22.30675223780988","17.781232305556816","26.83227217006295","687","687","687"
"66048","20.802874926883273","20.802874926883273","20.802874926883273","688","688","688"
"66144","25.645219307689757","24.855009542955777","26.43542907242374","689","689","689"
"66240","24.794922407093786","24.465664720729972","25.1241800934576","690","690","690"
"66336","23.833002408715146","21.07339547871196","26.592609338718333","691","691","691"
"66432","26.003745616009414","25.55748870731677","26.450002524702057","692","692","692"
"66528","17.267025740710643","17.267025740710643","17.267025740710643","693","693","693"
"66624","26.90984359968178","25.24267757770191","28.577009621661645","694","694","694"
"66720","26.40648325019557","26.281020601011775","26.531945899379362","695","695","695"
"66816","26.739301982441056","26.30496945821784","27.173634506664275","696","696","696"
"66912","26.80703130923567","25.992284437532604","27.621778180938737","697","697","697"
"67008","25.904095762266863","25.780790080010334","26.02740144452339","698","698","698"
"67104","25.402514066550413","25.402514066550413","25.402514066550413","699","699","699"
"67200","27.574421317932128","26.39402657775684","28.754816058107416","700","700","700"
"67296","27.393973601733812","26.404062243272797","28.383884960194827","701","701","701"
"67392","24.97033709377017","23.682420366450668","26.258253821089667","702","702","702"
"67488","28.848575477027083","28.848575477027083","28.848575477027083","703","703","703"
"67584","21.80576844657433","21.80576844657433","21.80576844657433","704","704","704"
"67680","21.26214012604839","14.697364871467189","27.82691538062959","705","705","705"
"67776","28.587069069573438","28.587069069573438","28.587069069573438","706","706","706"
"67872","23.2806193052614","23.2806193052614","23.2806193052614","707","707","707"
"67968","21.817875293675424","21.817875293675424","21.817875293675424","708","708","708"
"68064","9.019296981754794","-8.66020325142038","26.698797214929968","709","709","709"
"68160","24.42163949221731","24.10108342323851","24.74219556119611","710","710","710"
"68256","26.553814736989047","26.553814736989047","26.553814736989047","711","711","711"
"68352","7.642393854613321","7.642393854613321","7.642393854613321","712","712","712"
"68448","27.589596082375927","26.57854338886684","28.60064877588501","713","713","713"
"68544","26.842899866220158","26.501182346375856","27.184617386064456","714","714","714"
"68640","26.795996753672583","26.795996753672583","26.795996753672583","715","715","715"
"68736","17.137168419945077","17.137168419945077","17.137168419945077","716","716","716"
"68832","22.41456607361956","16.199951368563912","28.629180778675206","717","717","717"
"68928","25.823612255168296","25.823612255168296","25.823612255168296","718","718","718"
"69024","26.70417565423113","26.613953880827722","26.794397427634532","719","719","719"
"69120","26.400120243841645","25.426083929394814","27.374156558288476","720","720","720"
"69216","26.709261898193724","26.42737792553716","26.991145870850286","721","721","721"
"69312","22.768929935192837","16.664962892387944","28.87289697799773","722","722","722"
"69408","25.101788608200415","23.28430483411821","26.91927238228262","723","723","723"
"69504","23.94603752597371","22.98945370362256","24.902621348324864","724","724","724"
"69600","26.81527491191721","26.812852653673637","26.817697170160784","725","725","725"
"69696","22.42110647790701","18.272029497916055","26.57018345789797","726","726","726"
"69792","18.758718822149106","8.942195970820405","28.575241673477805","727","727","727"
"69888","28.96057492957991","28.96057492957991","28.96057492957991","728","728","728"
"70080","22.266394982928706","16.567357022437598","27.965432943419813","730","730","730"
"70176","9.728242080886778","-8.66020325142038","28.116687413193937","731","731","731"
"70272","24.48579181316609","23.98538557784903","24.986198048483153","732","732","732"
"70368","20.61864905808612","17.818435114994738","23.418863001177503","733","733","733"
"70464","12.521068065722636","0.3836174986676703","24.6585186327776","734","734","734"
"70560","24.422155183971135","22.13953965805152","26.704770709890756","735","735","735"
"70656","27.347892242584507","26.537859457766423","28.157925027402595","736","736","736"
"70752","26.79133771688219","26.688847422578288","26.893828011186088","737","737","737"
"70848","27.3323786103617","26.672194860175804","27.992562360547595","738","738","738"
"70944","24.87033440185763","21.847021386858906","27.893647416856354","739","739","739"
"71040","21.93537565001398","15.270000123985994","28.600751176041967","740","740","740"
"71136","27.555073256708326","26.497061188860624","28.61308532455603","741","741","741"
"71232","27.791668340161316","26.70529611787004","28.878040562452593","742","742","742"
"71328","26.13703499091919","26.13703499091919","26.13703499091919","743","743","743"
"71424","26.294512256836832","25.931880471685133","26.657144041988527","744","744","744"
"71520","25.82067793596635","24.524873322909094","27.116482549023612","745","745","745"
"71616","19.597392415383414","11.378808628527944","27.815976202238886","746","746","746"
"71712","22.835822108176757","17.891229194496688","27.780415021856825","747","747","747"
"71808","16.057333693931028","4.523143839608743","27.59152354825331","748","748","748"
"71904","25.29948665055109","24.276393575490317","26.32257972561186","749","749","749"
"72000","26.54278619837668","26.413377536577563","26.672194860175804","750","750","750"
"72096","27.934083776763373","26.60113152389595","29.267036029630795","751","751","751"
"72192","26.768127190323106","25.0560387173564","28.480215663289812","752","752","752"
"72288","17.827821951695935","17.827821951695935","17.827821951695935","753","753","753"
"72384","27.488671522339274","27.488671522339274","27.488671522339274","754","754","754"
"72480","23.59085285974487","21.862967826263947","25.318737893225794","755","755","755"
"72576","25.108944539345277","22.93972456508792","27.278164513602633","756","756","756"
"72672","23.880869353983876","19.59960630381656","28.162132404151194","757","757","757"
"72768","25.618170659593208","25.618170659593208","25.618170659593208","758","758","758"
"72864","27.758228861795914","26.429065303703094","29.087392419888737","759","759","759"
"72960","25.963427552416213","23.450805203168688","28.476049901663735","760","760","760"
"73056","12.83490233971439","-0.803421843348187","26.473226522776965","761","761","761"
"73152","21.954401721849752","19.031654691750965","24.87714875194854","762","762","762"
"73248","15.127271369214625","14.39565592496471","15.858886813464542","763","763","763"
"73344","25.334248657613074","25.334248657613074","25.334248657613074","764","764","764"
"73440","25.74980565050278","24.65717219786476","26.842439103140794","765","765","765"
"73536","24.749475734816137","22.897819945736323","26.60113152389595","766","766","766"
"73632","25.005053386181814","23.570875829580135","26.43923094278349","767","767","767"
"73728","26.280302901701056","26.280302901701056","26.280302901701056","768","768","768"
"73824","22.65635499397208","20.006418848608376","25.306291139335787","769","769","769"
"73920","27.52154701458424","26.15343390649045","28.88966012267803","770","770","770"
"74016","27.63034872608835","26.65686057503141","28.603836877145287","771","771","771"
"74112","17.45496733952753","17.45496733952753","17.45496733952753","772","772","772"
"74208","21.415499032452015","16.199956355650656","26.631041709253374","773","773","773"
"74304","25.109263217404198","23.505227091661553","26.713299343146844","774","774","774"
"74400","23.16088482924811","20.81343111746647","25.50833854102975","775","775","775"
"74496","21.771915774394643","20.486532766632923","23.057298782156362","776","776","776"
"74592","16.83270154363043","8.889513845681554","24.77588924157931","777","777","777"
"74688","26.127956820360005","25.724899526420316","26.53101411429969","778","778","778"
"74784","26.916679707520856","26.916679707520856","26.916679707520856","779","779","779"
"74880","27.616723127469726","26.768708142860365","28.464738112079083","780","780","780"
"74976","25.187719715669125","21.881987675952807","28.49345175538544","781","781","781"
"75072","27.334223415481357","26.38093532225371","28.287511508709006","782","782","782"
"75168","27.731816588156953","26.55430815305818","28.909325023255725","783","783","783"
"75264","26.94832545032898","25.06894653535839","28.827704365299567","784","784","784"
"75360","22.932263263074603","21.791194773004122","24.073331753145084","785","785","785"
"75552","25.107638155438003","23.590377784879774","26.624898525996237","787","787","787"
"75648","26.38055174261147","26.38055174261147","26.38055174261147","788","788","788"
"75744","21.912440176821658","21.90608591352458","21.918794440118734","789","789","789"
"75840","25.86506181488857","25.057928769601332","26.672194860175804","790","790","790"
"75936","26.486750202997122","26.2532914001613","26.720209005832945","791","791","791"
"76032","26.010301583589573","25.21531895367398","26.805284213505168","792","792","792"
"76128","26.624660855975236","26.624660855975236","26.624660855975236","793","793","793"
"76224","27.79726062799929","26.577602191816666","29.016919064181913","794","794","794"
"76320","28.801428788159843","28.801428788159843","28.801428788159843","795","795","795"
"76416","26.654829835299232","26.63730476327047","26.672354907327996","796","796","796"
"76512","26.687245743674374","26.577602191816666","26.796889295532083","797","797","797"
"76608","25.16525468132172","24.87714875194854","25.453360610694897","798","798","798"
"76704","25.275086311981866","24.4821771790294","26.067995444934336","799","799","799"
"76800","20.46744216381876","12.934386508413809","28.000497819223714","800","800","800"
"76896","24.742393005522928","21.792013076063736","27.692772934982123","801","801","801"
"76992","26.095778694047212","24.368245805139757","27.823311582954663","802","802","802"
"77088","26.881988294719967","25.56469929291107","28.199277296528862","803","803","803"
"77184","26.529954320161174","24.34769698249846","28.71221165782389","804","804","804"
"77280","26.805242232151066","24.30959227990858","29.300892184393554","805","805","805"
"77376","24.425151725886103","22.917729500100542","25.932573951671664","806","806","806"
"77472","27.741622059994036","26.636830356869403","28.846413763118672","807","807","807"
"77568","25.74710698511476","23.364853903496346","28.12936006673317","808","808","808"
"77664","26.395443131952234","24.644053647726068","28.146832616178404","809","809","809"
"77856","26.16852585430415","24.181028226059265","28.15602348254904","811","811","811"
"77952","18.73573651910825","9.096336858432409","28.37513617978409","812","812","812"
"78048","26.872496110618904","25.08640826025443","28.658583960983382","813","813","813"
"78144","26.577602191816666","26.577602191816666","26.577602191816666","814","814","814"
"78240","26.9828057985778","25.126153030504568","28.839458566651036","815","815","815"
"78336","0.3836174986676703","0.3836174986676703","0.3836174986676703","816","816","816"
"78432","21.773172937186132","14.089925265428468","29.456420608943795","817","817","817"
"78528","27.674959240980378","26.624660855975236","28.725257625985524","818","818","818"
"78624","25.157120966454084","25.157120966454084","25.157120966454084","819","819","819"
"78720","27.582894808945717","26.43923094278349","28.726558675107942","820","820","820"
"78816","27.632179461187448","26.55477638676656","28.70958253560834","821","821","821"
"78912","27.18003087937785","26.49923066771483","27.86083109104087","822","822","822"
"79008","24.88204818160922","24.099251350962735","25.664845012255704","823","823","823"
"79104","27.586441484530166","26.503100807372295","28.669782161688037","824","824","824"
"79200","27.954409464801195","27.954409464801195","27.954409464801195","825","825","825"
"79296","24.562224280041452","22.641263843886684","26.48318471619622","826","826","826"
"79392","27.673474209383986","26.53372614066672","28.813222278101254","827","827","827"
"79488","27.64881760994956","26.624660855975236","28.67297436392389","828","828","828"
"79584","27.191452074181328","26.450002524702057","27.9329016236606","829","829","829"
"79680","23.77048976901341","18.792110398619528","28.74886913940729","830","830","830"
"79776","25.230895303280448","22.584197179147605","27.87759342741329","831","831","831"
"79872","23.753532798822953","19.40019309656594","28.106872501079962","832","832","832"
"79968","27.460009363568485","26.409697439519736","28.510321287617234","833","833","833"
"80064","26.48489191755788","26.48489191755788","26.48489191755788","834","834","834"
"80160","27.10161004792728","25.920691484343003","28.282528611511562","835","835","835"
"80256","26.606654169033582","26.145873429288795","27.06743490877837","836","836","836"
"80352","26.006996184344228","26.006996184344228","26.006996184344228","837","837","837"
"80448","19.852557483771985","12.646353008288187","27.058761959255783","838","838","838"
"80544","16.356083044516687","6.362394345545207","26.34977174348817","839","839","839"
"80640","18.31423099087862","8.844535502480039","27.783926479277202","840","840","840"
"80736","24.694224898880613","24.135136640301162","25.25331315746006","841","841","841"
"80832","11.784629301430463","11.784629301430463","11.784629301430463","842","842","842"
"80928","22.1856189779932","16.641593562834263","27.729644393152135","843","843","843"
"81024","26.43923094278349","26.43923094278349","26.43923094278349","844","844","844"
"81120","25.64190610984781","24.134924670083233","27.148887549612386","845","845","845"
"81216","8.82511714142233","-8.66020325142038","26.31043753426504","846","846","846"
"81312","17.311647140669205","17.311647140669205","17.311647140669205","847","847","847"
"81408","27.40580634644322","26.589667945592804","28.221944747293637","848","848","848"
"81504","27.26495555452651","25.803398999421507","28.726512109631507","849","849","849"
"81600","27.6817816018717","26.485122528541588","28.878440675201812","850","850","850"
"81696","25.442269376698157","25.021229208121575","25.86330954527474","851","851","851"
"81888","26.629004442408714","26.48489191755788","26.773116967259543","853","853","853"
"81984","24.824609149043184","23.291926047643095","26.35729225044327","854","854","854"
"82080","27.376156745459177","26.577602191816666","28.17471129910169","855","855","855"
"82176","26.98059071147555","26.56675672111204","27.39442470183906","856","856","856"
"82272","24.291588416048448","24.291588416048448","24.291588416048448","857","857","857"
"82368","25.930404410992356","25.47778542509873","26.38302339688598","858","858","858"
"82464","26.277361560043232","25.902424640275033","26.652298479811435","859","859","859"
"82560","25.393709256022493","24.76385402936873","26.023564482676257","860","860","860"
"82656","25.32542645419167","24.471750967740846","26.179101940642493","861","861","861"
"82752","24.730322386535384","23.502582943440533","25.958061829630235","862","862","862"
"82848","17.74397153440758","8.958699470198143","26.529243598617022","863","863","863"
"82944","21.38241789585625","14.881836326525109","27.882999465187392","864","864","864"
"83040","23.550478438314087","21.665231712008737","25.435725164619438","865","865","865"
"83136","29.393841926309367","29.393841926309367","29.393841926309367","866","866","866"
"83232","25.371698917314003","21.48039695530767","29.263000879320337","867","867","867"
"83328","28.070534350773713","26.624660855975236","29.516407845572186","868","868","868"
"83424","21.231049035538902","14.569194013895265","27.89290405718254","869","869","869"
"83520","27.19234603651641","26.236553924653357","28.14813814837946","870","870","870"
"83616","28.90282652777751","28.90282652777751","28.90282652777751","871","871","871"
"83712","27.224033715468966","26.4751875004449","27.972879930493033","872","872","872"
"83808","26.60113152389595","26.60113152389595","26.60113152389595","873","873","873"
"83904","27.48370827441697","26.624660855975236","28.342755692858706","874","874","874"
"84000","25.344845852325427","21.975184959163972","28.714506745486883","875","875","875"
"84096","20.725572941965183","12.747480391648725","28.70366549228164","876","876","876"
"84192","21.06556791074645","13.504139177321454","28.626996644171445","877","877","877"
"84288","28.25147382855923","28.25147382855923","28.25147382855923","878","878","878"
"84384","24.655802967699007","22.841888958448106","26.469716976949908","879","879","879"
"84480","27.49763255521281","26.64361614233765","28.35164896808797","880","880","880"
"84576","27.262370946419114","26.511533524328186","28.013208368510043","881","881","881"
"84672","26.547652991345686","26.547652991345686","26.547652991345686","882","882","882"
"84768","26.19436313702971","24.196547545393926","28.1921787286655","883","883","883"
"84864","26.734536923780496","26.734536923780496","26.734536923780496","884","884","884"
"84960","28.71343009671287","28.71343009671287","28.71343009671287","885","885","885"
"85056","21.77164467610705","19.697139232562304","23.846150119651796","886","886","886"
"85152","25.186907268579898","21.357772137087842","29.016042400071953","887","887","887"
"85248","27.176918740816447","26.04166958193486","28.312167899698032","888","888","888"
"85344","26.995067117572244","24.846212126257672","29.143922108886816","889","889","889"
"85440","25.08008260786798","23.332034258711808","26.828130957024154","890","890","890"
"85536","27.594639243566277","26.619652601471298","28.569625885661253","891","891","891"
"85632","27.709276595424935","26.787399631293287","28.631153559556584","892","892","892"
"85728","26.682313371584435","26.499388731119083","26.86523801204979","893","893","893"
"85824","27.857040536771812","26.219703646355782","29.494377427187846","894","894","894"
"85920","26.32895392661957","24.803282507835732","27.85462534540341","895","895","895"
"86016","17.289111246607764","9.126766948828415","25.451455544387112","896","896","896"
"86112","23.117157369747744","19.08602883519414","27.14828590430135","897","897","897"
"86208","28.281800366622974","28.281800366622974","28.281800366622974","898","898","898"
"86304","27.25855880278977","25.03986572399299","29.47725188158655","899","899","899"
"86400","27.734613622477532","26.656401307965876","28.812825936989192","900","900","900"
"86496","23.71562796131819","18.016675012745303","29.414580909891075","901","901","901"
"86592","28.713130607423423","28.713130607423423","28.713130607423423","902","902","902"
"86688","20.82530481365811","13.436651950749196","28.213957676567027","903","903","903"
"86784","27.754084566981994","26.73595586157996","28.77221327238403","904","904","904"
"86880","26.777625259401244","26.777625259401244","26.777625259401244","905","905","905"
"86976","27.918533114861454","26.584259949000334","29.252806280722574","906","906","906"
"87072","28.22349811331626","26.94221720920107","29.504779017431456","907","907","907"
"87168","27.99529931433137","26.995191782975134","28.995406845687604","908","908","908"
"87264","28.161076418251604","26.92735783102706","29.39479500547615","909","909","909"
"87360","9.912836897520046","-8.66020325142038","28.485877046460473","910","910","910"
"87456","25.16639668061256","21.26970614527788","29.06308721594724","911","911","911"
"87552","27.795036613081145","26.809806449433733","28.780266776728553","912","912","912"
"87648","27.835507982047723","26.946447700811216","28.724568263284233","913","913","913"
"87744","27.914403280697286","26.668312569301595","29.160493992092977","914","914","914"
"87840","18.256218752017148","9.307252891105138","27.20518461292916","915","915","915"
"87936","27.044428229605355","27.044428229605355","27.044428229605355","916","916","916"
"88032","23.337798182822212","17.721474539375286","28.954121826269137","917","917","917"
"88128","27.521343031033112","26.96272617637763","28.07995988568859","918","918","918"
"88224","21.975184959163972","21.975184959163972","21.975184959163972","919","919","919"
"88320","24.986435086411962","23.64077817098733","26.332092001836596","920","920","920"
"88416","25.52360675463623","24.075536434659597","26.971677074612863","921","921","921"
"88512","27.907882181861602","26.94246215433757","28.873302209385635","922","922","922"
"88608","23.906888063239414","21.521111842753328","26.292664283725504","923","923","923"
"88704","26.402365605327887","25.841509542828742","26.963221667827032","924","924","924"
"88800","24.758933754263744","22.498181211902146","27.019686296625345","925","925","925"
"88896","29.316816270628223","29.316816270628223","29.316816270628223","926","926","926"
"88992","28.145064739282788","26.950843084132895","29.339286394432676","927","927","927"
"89088","27.871975831284956","26.492052934356682","29.25189872821323","928","928","928"
"89184","28.216607993013227","27.0602310947508","29.372984891275657","929","929","929"
"89280","27.914153539138916","26.214706864995676","29.613600213282155","930","930","930"
"89376","26.286602273843766","26.286602273843766","26.286602273843766","931","931","931"
"89472","24.03223754428433","20.671687351254132","27.39278773731453","932","932","932"
"89568","27.870749166713665","26.874183986640364","28.867314346786966","933","933","933"
"89664","28.050659559379422","26.826649982439797","29.274669136319048","934","934","934"
"89760","28.108610626605323","26.888654451832895","29.32856680137775","935","935","935"
"89856","28.513092426048892","28.513092426048892","28.513092426048892","936","936","936"
"89952","28.478247622054305","28.478247622054305","28.478247622054305","937","937","937"
"90048","28.472292328984395","28.472292328984395","28.472292328984395","938","938","938"
"90144","19.739127087409546","15.72461330039892","23.75364087442017","939","939","939"
"90240","27.189954991455522","27.189954991455522","27.189954991455522","940","940","940"
"90336","27.730012677492223","26.942957972181873","28.517067382802573","941","941","941"
"90432","27.761586584211976","27.761586584211976","27.761586584211976","942","942","942"
"90528","26.735318757926343","26.572895100868458","26.897742414984226","943","943","943"
"90624","28.316061113313175","27.024394160145544","29.60772806648081","944","944","944"
"90720","21.144793629116357","13.647212520114596","28.642374738118118","945","945","945"
"90816","28.188973819155105","27.0602310947508","29.31771654355941","946","946","946"
"90912","28.840423265820778","28.840423265820778","28.840423265820778","947","947","947"
"91008","10.291924914161791","-8.66020325142038","29.244053079743964","948","948","948"
"91104","26.97265903109446","25.663538442665352","28.28177961952357","949","949","949"
"91200","26.975002295134207","26.975002295134207","26.975002295134207","950","950","950"
"91296","27.112356997803275","24.870817144390834","29.353896851215715","951","951","951"
"91392","24.99202665054174","21.617466678766924","28.36658662231655","952","952","952"
"91488","13.86145157564621","0.3836174986676703","27.33928565262475","953","953","953"
"91584","27.630204319090954","26.518645263086714","28.741763375095193","954","954","954"
"91680","26.973538765956672","26.973538765956672","26.973538765956672","955","955","955"
"91776","23.86070176139679","18.17436599948911","29.547037523304468","956","956","956"
"91872","17.956235999567625","6.5422699371467985","29.370202061988447","957","957","957"
"91968","28.77693488419366","28.77693488419366","28.77693488419366","958","958","958"
"92064","26.323804018358672","25.891833532303192","26.75577450441415","959","959","959"
"92160","24.52123308889488","23.44666499208243","25.595801185707337","960","960","960"
"92256","27.776545062452342","26.759307113521846","28.79378301138284","961","961","961"
"92352","26.55262211814951","25.628404455385546","27.476839780913476","962","962","962"
"92448","24.611388676430884","24.611388676430884","24.611388676430884","963","963","963"
"92544","24.67761932944508","20.38366692580149","28.971571733088673","964","964","964"
"92640","24.957331618007814","24.957331618007814","24.957331618007814","965","965","965"
"92736","26.890470839229444","26.890470839229444","26.890470839229444","966","966","966"
"92832","26.278959928044053","25.448699734036886","27.10922012205122","967","967","967"
"92928","25.315579147476868","25.315579147476868","25.315579147476868","968","968","968"
"93024","25.905992521831685","24.98533506122357","26.826649982439797","969","969","969"
"93120","26.35598410866765","25.873095277457445","26.83887293987785","970","970","970"
"93216","27.73435875789093","26.864647379004325","28.604070136777537","971","971","971"
"93312","27.96985405148194","26.802833168572718","29.136874934391155","972","972","972"
"93408","27.01405271644849","27.01405271644849","27.01405271644849","973","973","973"
"93504","27.963191513405924","26.88917829474127","29.037204732070578","974","974","974"
"93600","17.56424859952505","9.278500259281897","25.849996939768204","975","975","975"
"93696","26.97950828697916","26.921276572923357","27.03774000103497","976","976","976"
"93792","27.541336415637474","27.0602310947508","28.02244173652415","977","977","977"
"93888","27.912080236269453","27.0604760398873","28.76368443265161","978","978","978"
"93984","23.63136110943759","20.44031414236024","26.822408076514943","979","979","979"
"94080","26.770224373874882","26.35675290824356","27.1836958395062","980","980","980"
"94176","26.98669210144179","26.814430296357386","27.15895390652619","981","981","981"
"94272","28.67939641962869","28.67939641962869","28.67939641962869","982","982","982"
"94368","27.88375149997971","26.95972739118438","28.80777560877504","983","983","983"
"94464","26.281959996000914","23.047512146429643","29.516407845572186","984","984","984"
"94560","23.387784958508263","19.380493978028948","27.395075938987574","985","985","985"
"94656","27.821740907721193","26.286676120864833","29.356805694577556","986","986","986"
"94752","26.073959278088168","26.073959278088168","26.073959278088168","987","987","987"
"94848","22.932830606326533","19.390941981351023","26.474719231302046","988","988","988"
"94944","27.583836025948646","27.0602310947508","28.10744095714649","989","989","989"
"95040","27.266158585794216","26.95972739118438","27.57258978040405","990","990","990"
"95136","27.433932248420234","26.461103928783302","28.406760568057166","991","991","991"
"95232","23.61486447941956","17.65805276555069","29.571676193288432","992","992","992"
"95328","27.899224017450692","26.874183986640364","28.92426404826102","993","993","993"
"95424","28.007860230517373","26.984375498791078","29.031344962243665","994","994","994"
"95520","21.79984887365197","13.751385682121478","29.848312065182466","995","995","995"
"95616","28.926330841809687","28.926330841809687","28.926330841809687","996","996","996"
"95712","21.057876826650737","13.556422668721359","28.559330984580118","997","997","997"
"95808","26.980405119365916","25.581222855633165","28.379587383098666","998","998","998"
"95904","23.31142951261593","17.573602337673794","29.04925668755807","999","999","999"
"96000","27.709160283699703","26.902661722828185","28.51565884457122","1000","1000","1000"
"96096","26.016317403832844","25.27828285311164","26.75435195455405","1001","1001","1001"
"96192","27.786243782110887","27.786243782110887","27.786243782110887","1002","1002","1002"
"96288","24.866298596845088","21.423180076867986","28.30941711682219","1003","1003","1003"
"96384","27.65839056308699","26.72263119803351","28.594149928140464","1004","1004","1004"
"96480","28.632750983584142","28.632750983584142","28.632750983584142","1005","1005","1005"
"96576","23.05048258528315","23.05048258528315","23.05048258528315","1006","1006","1006"
"96672","27.34821436299398","26.522632075323102","28.17379665066485","1007","1007","1007"
"96768","24.040166694608253","22.90951168712363","25.170821702092873","1008","1008","1008"
"96864","26.5162048857267","25.08768746142554","27.94472231002786","1009","1009","1009"
"96960","28.01699353931412","26.72263119803351","29.311355880594736","1010","1010","1010"
"97056","27.82709479755467","26.675969112417153","28.978220482692183","1011","1011","1011"
"97152","26.88328460005296","26.577558582256025","27.189010617849895","1012","1012","1012"
"97248","27.936967038759086","26.919190970081587","28.95474310743658","1013","1013","1013"
"97344","26.841586280633422","26.841586280633422","26.841586280633422","1014","1014","1014"
"97440","29.031013671265143","29.031013671265143","29.031013671265143","1015","1015","1015"
"97536","23.038836578294507","16.572894139157555","29.504779017431456","1016","1016","1016"
"97632","18.806449633187956","9.247466215828963","28.36543305054695","1017","1017","1017"
"97728","27.463624871482814","26.59692536458767","28.33032437837796","1018","1018","1018"
"97824","27.19813413677884","26.794057006066268","27.60221126749141","1019","1019","1019"
"97920","27.53532078838286","27.53532078838286","27.53532078838286","1020","1020","1020"
"98016","26.49494971899378","25.37809424613342","27.611805191854145","1021","1021","1021"
"98112","28.000135119921516","26.87013071134744","29.130139528495594","1022","1022","1022"
"98208","28.083137961769424","26.870218504868614","29.296057418670237","1023","1023","1023"
"98304","17.917002728649464","17.917002728649464","17.917002728649464","1024","1024","1024"
"98400","27.691482669948655","26.180652498116086","29.20231284178122","1025","1025","1025"
"98496","28.08416424415589","26.744191349109997","29.424137139201783","1026","1026","1026"
"98592","27.92373802473849","26.812165023459386","29.0353110260176","1027","1027","1027"
"98688","27.874223923153856","26.849014631876805","28.89943321443091","1028","1028","1028"
"98784","28.176179227801427","27.01173195772338","29.34062649787947","1029","1029","1029"
"98880","20.10008042485706","12.623282041893633","27.576878807820492","1030","1030","1030"
"98976","22.851315389827167","22.851315389827167","22.851315389827167","1031","1031","1031"
"99072","27.406548290568363","26.656058498723812","28.157038082412914","1032","1032","1032"
"99168","27.734540999670607","26.431613203174635","29.037468796166582","1033","1033","1033"
"99264","27.090468291656954","26.24824553051602","27.93269105279789","1034","1034","1034"
"99360","26.881059312725224","26.74039197019956","27.021726655250887","1035","1035","1035"
"99456","27.64454600389728","27.0602310947508","28.228860913043757","1036","1036","1036"
"99552","26.845023981627683","24.219885904605093","29.470162058650278","1037","1037","1037"
"99648","28.228071885049268","26.970697269324926","29.485446500773605","1038","1038","1038"
"99744","28.205671089359658","26.798407592336936","29.61293458638238","1039","1039","1039"
"99840","27.890383741551247","26.77851838492355","29.002249098178947","1040","1040","1040"
"99936","26.3833532791811","26.22765097438852","26.539055583973685","1041","1041","1041"
"100032","20.669675161731327","14.492853769357296","26.846496554105354","1042","1042","1042"
"100128","18.52475203748137","18.52475203748137","18.52475203748137","1043","1043","1043"
"100224","27.167435944917056","27.057722691409843","27.27714919842427","1044","1044","1044"
"100320","27.536449927164597","26.00574336561315","29.06715648871604","1045","1045","1045"
"100416","23.222566794926564","17.74129965273686","28.703833937116265","1046","1046","1046"
"100512","27.09996477439145","27.09996477439145","27.09996477439145","1047","1047","1047"
"100608","27.20868769100116","27.20868769100116","27.20868769100116","1048","1048","1048"
"100704","29.208832371723656","29.208832371723656","29.208832371723656","1049","1049","1049"
"100800","28.181072297100297","26.882998784215836","29.479145809984757","1050","1050","1050"
"100896","28.35716196256235","27.037443897938456","29.676880027186247","1051","1051","1051"
"100992","27.645907679349413","26.837040644984523","28.454774713714308","1052","1052","1052"
"101088","26.567922973709596","26.511185091443956","26.624660855975236","1053","1053","1053"
"101184","20.618871420596673","20.618871420596673","20.618871420596673","1054","1054","1054"
"101280","27.869280043048725","27.069170162585365","28.669389923512085","1055","1055","1055"
"101376","25.341758121537232","22.114730185134114","28.568786057940347","1056","1056","1056"
"101472","27.01936952211628","25.865256445763404","28.17348259846915","1057","1057","1057"
"101568","27.812754509540067","27.0602310947508","28.565277924329333","1058","1058","1058"
"101664","27.71836476326727","26.61844878410744","28.818280742427103","1059","1059","1059"
"101760","27.398434384936053","25.482583942603934","29.314284827268175","1060","1060","1060"
"101952","26.5763887498389","25.03770375843562","28.115073741242185","1062","1062","1062"
"102048","26.794663676613673","25.59678131374371","27.99254603948364","1063","1063","1063"
"102144","28.262161721676243","26.96371781206624","29.56060563128625","1064","1064","1064"
"102240","24.72525975446372","24.72525975446372","24.72525975446372","1065","1065","1065"
"102336","26.773152774025718","26.582587735985193","26.96371781206624","1066","1066","1066"
"102432","26.8199173807998","26.686881044022442","26.95295371757716","1067","1067","1067"
"102528","29.14226048462429","29.14226048462429","29.14226048462429","1068","1068","1068"
"102624","29.24992881317645","29.24992881317645","29.24992881317645","1069","1069","1069"
"102720","26.742023382628595","24.17597213681838","29.308074628438806","1070","1070","1070"
"102816","29.245090724326133","29.245090724326133","29.245090724326133","1071","1071","1071"
"102912","28.136353083275992","27.09068720608869","29.182018960463296","1072","1072","1072"
"103008","24.22687680489546","22.21031739200917","26.24343621778175","1073","1073","1073"
"103104","25.475071857083734","23.067810752478493","27.88233296168897","1074","1074","1074"
"103200","27.678468310068503","26.808847493004553","28.548089127132453","1075","1075","1075"
"103296","27.95722757830315","26.793886323800525","29.120568832805777","1076","1076","1076"
"103392","28.0540076652645","26.64122006924805","29.466795261280954","1077","1077","1077"
"103488","28.96057492957991","28.96057492957991","28.96057492957991","1078","1078","1078"
"103584","27.965659561487563","26.94791007251258","28.98340905046254","1079","1079","1079"
"103680","5.83272557940176","5.83272557940176","5.83272557940176","1080","1080","1080"
"103776","27.21598568014899","25.562700328781","28.869271031516977","1081","1081","1081"
"103872","27.993280968280246","27.0602310947508","28.926330841809687","1082","1082","1082"
"103968","27.100185379488863","26.702521786204457","27.497848972773266","1083","1083","1083"
"104064","28.86531611793396","28.86531611793396","28.86531611793396","1084","1084","1084"
"104160","26.69631243929141","24.989070072247703","28.403554806335123","1085","1085","1085"
"104256","27.82952323575625","27.01719979654456","28.641846674967937","1086","1086","1086"
"104352","27.85103651435999","26.857068310935137","28.845004717784846","1087","1087","1087"
"104448","20.524869039677384","13.050229650690989","27.99950842866378","1088","1088","1088"
"104544","27.343096114159206","26.332332719960803","28.35385950835761","1089","1089","1089"
"104640","27.03995869568807","27.03995869568807","27.03995869568807","1090","1090","1090"
"104736","27.98979357929712","26.776414869448317","29.20317228914593","1091","1091","1091"
"104832","26.904907637107282","26.904907637107282","26.904907637107282","1092","1092","1092"
"104928","27.80010159577987","27.093055392504283","28.50714779905546","1093","1093","1093"
"105024","26.923282520618706","26.834833083514027","27.01173195772338","1094","1094","1094"
"105216","28.962415577551237","28.962415577551237","28.962415577551237","1096","1096","1096"
"105312","29.46169218133311","29.46169218133311","29.46169218133311","1097","1097","1097"
"105408","29.182171287406135","29.182171287406135","29.182171287406135","1098","1098","1098"
"105504","21.907609134356683","14.668326037413195","29.14689223130017","1099","1099","1099"
"105600","29.529478247595968","29.529478247595968","29.529478247595968","1100","1100","1100"
"105696","26.131685663725285","22.55437107907912","29.709000248371446","1101","1101","1101"
"105792","28.306249545116643","27.08472560840101","29.527773481832273","1102","1102","1102"
"105888","28.511628500179523","28.511628500179523","28.511628500179523","1103","1103","1103"
"105984","27.480832758255215","26.75304467267668","28.20862084383375","1104","1104","1104"
"106080","27.024090026041343","25.12939954941886","28.91878050266382","1105","1105","1105"
"106176","26.82031900837697","26.82031900837697","26.82031900837697","1106","1106","1106"
"106272","25.40589570361891","25.40589570361891","25.40589570361891","1107","1107","1107"
"106368","25.703394350876803","24.707364265356546","26.69942443639706","1108","1108","1108"
"106464","27.745060414229847","27.031751034626943","28.45836979383275","1109","1109","1109"
"106560","27.159152532362764","26.68577555147241","27.632529513253118","1110","1110","1110"
"106656","27.80496654371941","27.10548199490737","28.504451092531447","1111","1111","1111"
"106752","24.102731007441314","19.796101851869278","28.409360163013346","1112","1112","1112"
"106848","27.855387113734572","26.95602664531197","28.754747582157172","1113","1113","1113"
"106944","27.685780629138314","26.16387607183852","29.207685186438113","1114","1114","1114"
"107040","27.227340533602998","26.96371781206624","27.490963255139754","1115","1115","1115"
"107136","25.35385526131615","21.13506471267928","29.57264580995302","1116","1116","1116"
"107232","29.550121508317684","29.550121508317684","29.550121508317684","1117","1117","1117"
"107328","20.420142750358302","11.268609307428168","29.571676193288432","1118","1118","1118"
"107424","28.129863652977768","26.998598340180816","29.261128965774716","1119","1119","1119"
"107520","28.17231576568549","27.259176279879867","29.08545525149111","1120","1120","1120"
"107616","24.63408418783255","22.470486025360017","26.79768235030508","1121","1121","1121"
"107712","28.19135417366177","27.021836164779927","29.360872182543616","1122","1122","1122"
"107808","29.616996150331488","29.616996150331488","29.616996150331488","1123","1123","1123"
"107904","28.102271315623902","26.948666993878962","29.255875637368845","1124","1124","1124"
"108000","28.396646585359292","27.041407684759232","29.751885485959356","1125","1125","1125"
"108096","27.97772822564132","26.85182670551925","29.103629745763396","1126","1126","1126"
"108192","23.029967097966","16.788942321180983","29.27099187475102","1127","1127","1127"
"108288","27.829586740741128","26.956954445611455","28.702219035870804","1128","1128","1128"
"108384","27.75419015973856","27.10922012205122","28.3991601974259","1129","1129","1129"
"108480","27.08873776752678","25.162051959562138","29.01542357549142","1130","1130","1130"
"108576","28.039543955560397","27.15870398801124","28.920383923109554","1131","1131","1131"
"108672","28.07535515929022","26.997703013003946","29.153007305576487","1132","1132","1132"
"108768","27.9796542299924","27.01173195772338","28.94757650226142","1133","1133","1133"
"108864","27.055417002941446","25.045073958881623","29.06576004700127","1134","1134","1134"
"108960","21.66127733199106","14.074308015814477","29.248246648167644","1135","1135","1135"
"109056","23.537198565066895","18.13384839143229","28.9405487387015","1136","1136","1136"
"109152","26.11529174125882","26.11529174125882","26.11529174125882","1137","1137","1137"
"109248","27.81729065023326","25.844972913477804","29.789608386988718","1138","1138","1138"
"109344","10.408638039016123","-8.66020325142038","29.477479329452628","1139","1139","1139"
"109440","27.03598152623709","27.03598152623709","27.03598152623709","1140","1140","1140"
"109536","23.302197731263906","17.52379245409428","29.08060300843353","1141","1141","1141"
"109632","26.81704133776016","24.315761960612036","29.318320714908282","1142","1142","1142"
"109728","26.531826093789135","26.531826093789135","26.531826093789135","1143","1143","1143"
"109824","28.187189333624595","27.0602310947508","29.314147572498392","1144","1144","1144"
"109920","26.92620497229109","26.92620497229109","26.92620497229109","1145","1145","1145"
"110016","27.46863199902137","26.01970035463753","28.917563643405213","1146","1146","1146"
"110112","27.927350021352183","26.11384659626818","29.740853446436184","1147","1147","1147"
"110208","27.9676206156363","26.91618380786567","29.019057423406924","1148","1148","1148"
"110304","27.442290771100257","26.709186426897173","28.175395115303342","1149","1149","1149"
"110400","20.932516873751954","12.98747792488702","28.877555822616888","1150","1150","1150"
"110496","28.0908532890369","26.94803319115157","29.23367338692223","1151","1151","1151"
"110592","26.90177777386978","24.635874630774723","29.167680916964837","1152","1152","1152"
"110784","23.933869189606483","21.31571993295179","26.552018446261176","1154","1154","1154"
"110880","27.14650962523124","25.465161301913234","28.82785794854924","1155","1155","1155"
"110976","27.01197445340852","27.01197445340852","27.01197445340852","1156","1156","1156"
"111072","27.346633593877364","26.96371781206624","27.729549375688485","1157","1157","1157"
"111168","25.798380204110078","25.54272501372682","26.054035394493336","1158","1158","1158"
"111264","27.683085637329697","26.381526191341372","28.984645083318025","1159","1159","1159"
"111360","28.125899345307168","26.45224740700039","29.79955128361395","1160","1160","1160"
"111456","29.495505266048816","29.495505266048816","29.495505266048816","1161","1161","1161"
"111552","27.806338499663582","27.01173195772338","28.600945041603783","1162","1162","1162"
"111648","19.59154627541693","9.20001392166521","29.983078629168652","1163","1163","1163"
"111744","24.374111965776507","20.99418001813675","27.75404391341626","1164","1164","1164"
"111840","28.387850069171364","27.15870398801124","29.616996150331488","1165","1165","1165"
"111936","28.132034641542894","27.0602310947508","29.203838188334988","1166","1166","1166"
"112032","27.73948378739749","26.944728941342582","28.5342386334524","1167","1167","1167"
"112128","22.525536253171673","16.87727585567849","28.17379665066485","1168","1168","1168"
"112224","25.06329048904541","23.064880113551613","27.06170086453921","1169","1169","1169"
"112320","22.45915863893541","22.45915863893541","22.45915863893541","1170","1170","1170"
"112416","26.366322865255608","26.366322865255608","26.366322865255608","1171","1171","1171"
"112512","29.856505562845694","29.856505562845694","29.856505562845694","1172","1172","1172"
"112608","23.83280229851287","21.05967791359032","26.60592668343542","1173","1173","1173"
"112704","15.235729475864005","15.235729475864005","15.235729475864005","1174","1174","1174"
"112800","27.12587969025776","27.12587969025776","27.12587969025776","1175","1175","1175"
"112896","27.238300461892564","26.08947112661004","28.387129797175092","1176","1176","1176"
"112992","26.594431216650086","24.397077240016174","28.791785193284","1177","1177","1177"
"113088","26.882998784215836","26.882998784215836","26.882998784215836","1178","1178","1178"
"113184","23.166188374870536","19.44217524512841","26.890201504612662","1179","1179","1179"
"113280","28.06102826014319","27.012858786836375","29.10919773345","1180","1180","1180"
"113376","22.228583553165354","15.007656436615486","29.449510669715224","1181","1181","1181"
"113472","23.79135931394302","18.17013550787896","29.412583120007078","1182","1182","1182"
"113568","17.82396813148428","6.294039411752844","29.353896851215715","1183","1183","1183"
"113664","24.173456912026076","20.596218145787745","27.750695678264407","1184","1184","1184"
"113760","27.748366620289662","26.693803892682578","28.802929347896747","1185","1185","1185"
"113856","25.929943637811267","22.942582339908682","28.91730493571385","1186","1186","1186"
"113952","27.676652795164586","26.081578815171433","29.271726775157738","1187","1187","1187"
"114048","27.170305227400068","27.131922763798975","27.20868769100116","1188","1188","1188"
"114144","28.096272117706043","26.954771837475665","29.237772397936425","1189","1189","1189"
"114240","26.175877754548367","26.175877754548367","26.175877754548367","1190","1190","1190"
"114336","29.542162144423393","29.542162144423393","29.542162144423393","1191","1191","1191"
"114432","27.8677940606363","27.15870398801124","28.576884133261355","1192","1192","1192"
"114528","21.101814616974668","21.101814616974668","21.101814616974668","1193","1193","1193"
"114624","27.597433873055927","25.934078862021583","29.260788884090275","1194","1194","1194"
"114720","27.398029349318726","26.812165023459386","27.983893675178063","1195","1195","1195"
"114816","27.093697484424247","25.41931407178257","28.76808089706593","1196","1196","1196"
"114912","26.696511340121848","25.435461753919956","27.95756092632374","1197","1197","1197"
"115008","27.715695852920934","26.86523801204979","28.566153693792078","1198","1198","1198"
"115104","28.009308485136593","26.92016993182914","29.098447038444043","1199","1199","1199"
"115200","26.493302485773064","24.680274092061904","28.306330879484225","1200","1200","1200"
"115296","27.823652788334492","26.81722386639265","28.830081710276332","1201","1201","1201"
"115392","29.449510669715224","29.449510669715224","29.449510669715224","1202","1202","1202"
"115488","28.290715037309667","27.069170162585365","29.51225991203397","1203","1203","1203"
"115680","28.29675675062937","26.970697269324926","29.622816231933818","1205","1205","1205"
"115776","21.33642056601012","12.806879305680333","29.865961826339905","1206","1206","1206"
"115872","28.260606592556925","26.924801996285993","29.596411188827854","1207","1207","1207"
"115968","19.09594185450775","9.007919934548077","29.183963774467426","1208","1208","1208"
"116064","14.972778034592082","14.972778034592082","14.972778034592082","1209","1209","1209"
"116160","29.28435232991091","29.28435232991091","29.28435232991091","1210","1210","1210"
"116256","15.176040258913423","15.176040258913423","15.176040258913423","1211","1211","1211"
"116352","28.057052584861253","26.814595218370734","29.299509951351773","1212","1212","1212"
"116448","26.944680031440512","24.541754871480464","29.347605191400564","1213","1213","1213"
"116544","27.75325239613064","25.94589916097503","29.56060563128625","1214","1214","1214"
"116640","28.54683702559807","28.54683702559807","28.54683702559807","1215","1215","1215"
"116736","29.026803133678307","29.026803133678307","29.026803133678307","1216","1216","1216"
"116832","27.021652571196785","27.021652571196785","27.021652571196785","1217","1217","1217"
"116928","25.717182185934384","25.07890857272811","26.355455799140653","1218","1218","1218"
"117024","24.628057463770933","22.3582169619266","26.897897965615265","1219","1219","1219"
"117120","27.68593099456148","26.86523801204979","28.506623977073172","1220","1220","1220"
"117216","27.881787355179057","26.619652601471298","29.143922108886816","1221","1221","1221"
"117312","27.86216889603025","26.874183986640364","28.85015380542014","1222","1222","1222"
"117408","27.01616503721294","24.76932919510554","29.263000879320337","1223","1223","1223"
"117504","27.228181223222066","24.712966703439108","29.743395743005024","1224","1224","1224"
"117600","27.04080485303108","26.85387181588313","27.22773789017903","1225","1225","1225"
"117696","28.07243389682322","26.24548730095937","29.899380492687072","1226","1226","1226"
"117792","27.247232855654268","26.8335596451259","27.660906066182637","1227","1227","1227"
"117888","27.880370173574846","26.779591318281227","28.981149028868465","1228","1228","1228"
"117984","26.710488663508713","26.667174276322967","26.753803050694458","1229","1229","1229"
"118080","22.686188146806284","19.707290128371874","25.665086165240695","1230","1230","1230"
"118176","21.740262022138886","21.564218635842916","21.91630540843486","1231","1231","1231"
"118272","24.016959054370787","21.23574818642564","26.79816992231594","1232","1232","1232"
"118368","25.53316093313886","25.53316093313886","25.53316093313886","1233","1233","1233"
"118464","25.257655544369754","23.863192534719705","26.652118554019804","1234","1234","1234"
"118560","25.787136908835443","24.89011784328149","26.68415597438939","1235","1235","1235"
"118656","21.92095237166006","20.954531782991957","22.887372960328165","1236","1236","1236"
"118752","27.552341518886546","26.84958482768833","28.255098210084764","1237","1237","1237"
"118848","26.734041005583165","26.734041005583165","26.734041005583165","1238","1238","1238"
"118944","13.860053253538718","0.3836174986676703","27.336489008409764","1239","1239","1239"
"119040","28.004855612370108","26.828361752429537","29.181349472310682","1240","1240","1240"
"119136","28.290619416863635","26.90728256314805","29.673956270579215","1241","1241","1241"
"119232","27.86010886917908","26.181374824727026","29.53884291363113","1242","1242","1242"
"119328","28.158403779307555","26.812028541183654","29.504779017431456","1243","1243","1243"
"119424","28.251372713626452","26.828789156673686","29.673956270579215","1244","1244","1244"
"119520","28.117996552709847","26.907426304041948","29.32856680137775","1245","1245","1245"
"119616","28.08320321714796","26.932497313232684","29.233909121063235","1246","1246","1246"
"119712","28.20522586797115","26.96733770611957","29.443114029822738","1247","1247","1247"
"119808","27.86463130935583","26.917853187369744","28.81140943134191","1248","1248","1248"
"119904","26.798407592336936","26.798407592336936","26.798407592336936","1249","1249","1249"
"120000","27.59832904990538","27.009260858588863","28.187397241221902","1250","1250","1250"
"120096","28.49662431516854","27.069170162585365","29.924078467751713","1251","1251","1251"
"120192","19.262657366117807","9.22450843531542","29.300806296920197","1252","1252","1252"
"120288","28.27942712874379","26.936038025553753","29.622816231933825","1253","1253","1253"
"120384","28.04410185195395","26.653535481390893","29.434668222517008","1254","1254","1254"
"120480","26.699569602392575","26.699569602392575","26.699569602392575","1255","1255","1255"
"120576","28.482862842448455","27.10922012205122","29.856505562845694","1256","1256","1256"
"120672","28.129568562410075","26.788921580081517","29.470215544738632","1257","1257","1257"
"120768","27.89585575433198","26.845703926516506","28.946007582147452","1258","1258","1258"
"120864","29.015038758918774","29.015038758918774","29.015038758918774","1259","1259","1259"
"120960","27.943941382782754","26.80822181688716","29.079660948678345","1260","1260","1260"
"121056","27.725411833580463","26.996048953446618","28.454774713714308","1261","1261","1261"
"121152","26.148028138358555","23.516385385970185","28.77967089074692","1262","1262","1262"
"121248","26.71917077434339","24.903701271814757","28.53464027687202","1263","1263","1263"
"121344","28.10258049721279","26.710170473622014","29.494990520803572","1264","1264","1264"
"121440","29.73525426827058","29.73525426827058","29.73525426827058","1265","1265","1265"
"121632","26.96371781206624","26.96371781206624","26.96371781206624","1267","1267","1267"
"121728","24.69428287203273","20.263585270537202","29.124980473528257","1268","1268","1268"
"121824","27.957552671795952","26.653359813042382","29.26174553054952","1269","1269","1269"
"121920","21.458988778247644","13.626371321187387","29.2916062353079","1270","1270","1270"
"122016","27.935723507255865","27.15870398801124","28.712743026500487","1271","1271","1271"
"122112","19.513730581902497","9.20001392166521","29.827447242139783","1272","1272","1272"
"122208","21.435546357393374","13.726393830626519","29.14469888416023","1273","1273","1273"
"122304","24.807436739019362","24.807436739019362","24.807436739019362","1274","1274","1274"
"122400","25.889085212473105","24.738739997334292","27.039430427611915","1275","1275","1275"
"122496","27.888690759012604","26.382586512549054","29.39479500547615","1276","1276","1276"
"122592","28.01814808381284","26.822537066190126","29.213759101435556","1277","1277","1277"
"122688","28.095300246160114","27.061210900038738","29.129389592281488","1278","1278","1278"
"122784","28.24786836736073","26.91618380786567","29.579552926855786","1279","1279","1279"
"122880","27.0602310947508","27.0602310947508","27.0602310947508","1280","1280","1280"
"122976","28.43140297416172","26.938727480571725","29.924078467751713","1281","1281","1281"
"123072","28.464649123678043","27.063045837809124","29.866252409546963","1282","1282","1282"
"123168","28.46887757703141","27.20868769100116","29.72906746306166","1283","1283","1283"
"123264","25.82313713564903","25.82313713564903","25.82313713564903","1284","1284","1284"
"123360","23.95413535133914","18.042308876338378","29.865961826339905","1285","1285","1285"
"123456","28.05951484782258","26.36756346455067","29.75146623109449","1286","1286","1286"
"123552","9.171533861541352","9.171533861541352","9.171533861541352","1287","1287","1287"
"123648","28.321300224414735","27.019686296625345","29.622914152204125","1288","1288","1288"
"123744","29.75146623109449","29.75146623109449","29.75146623109449","1289","1289","1289"
"123840","28.368936318751384","27.110369830359545","29.627502807143223","1290","1290","1290"
"123936","24.19649152177707","19.53647356482754","28.8565094787266","1291","1291","1291"
"124032","27.62991867934072","25.62030912741771","29.639528231263732","1292","1292","1292"
"124128","28.309206121884593","26.96371781206624","29.65469443170295","1293","1293","1293"
"124224","24.795764666594","24.795764666594","24.795764666594","1294","1294","1294"
"124320","27.892794335799763","26.870660147945543","28.91492852365398","1295","1295","1295"
"124416","24.978607194448394","24.978607194448394","24.978607194448394","1296","1296","1296"
"124512","26.243028489557542","22.90018421998675","29.585872759128335","1297","1297","1297"
"124608","9.337000041254834","9.337000041254834","9.337000041254834","1298","1298","1298"
"124704","27.92456016217524","26.826649982439797","29.022470341910683","1299","1299","1299"
"124800","28.184804680870226","26.678424525784408","29.691184835956044","1300","1300","1300"
"124896","28.04020444834996","26.868137107633668","29.212271789066257","1301","1301","1301"
"124992","25.901463328266537","23.90945681009804","27.893469846435032","1302","1302","1302"
"125088","23.055377283946463","19.26344873110016","26.847305836792767","1303","1303","1303"
"125184","23.895756523680326","22.91699985704463","24.87451319031602","1304","1304","1304"
"125280","24.004236316049766","22.683166227963373","25.32530640413616","1305","1305","1305"
"125376","24.607869916555035","24.607869916555035","24.607869916555035","1306","1306","1306"
"125472","24.64865596917687","23.35192426471807","25.94538767363567","1307","1307","1307"
"125568","27.26668589273757","27.08472560840101","27.44864617707413","1308","1308","1308"
"125664","27.70131074236257","26.780181294987802","28.622440189737336","1309","1309","1309"
"125760","29.303115865148946","29.303115865148946","29.303115865148946","1310","1310","1310"
"125856","28.415550322814067","26.97459508278244","29.856505562845694","1311","1311","1311"
"125952","27.93996884336503","27.93996884336503","27.93996884336503","1312","1312","1312"
"126048","25.455378881712647","23.195162613267325","27.715595150157974","1313","1313","1313"
"126144","27.10922012205122","27.10922012205122","27.10922012205122","1314","1314","1314"
"126240","27.005228881523685","27.005228881523685","27.005228881523685","1315","1315","1315"
"126336","26.464705478866037","25.808840454811616","27.12057050292046","1316","1316","1316"
"126432","27.71056494157265","26.098375224553777","29.322754658591524","1317","1317","1317"
"126528","28.110607669270923","27.073332009994836","29.14788332854701","1318","1318","1318"
"126624","25.556535479225907","24.94182420500094","26.171246753450877","1319","1319","1319"
"126720","23.087286346749096","16.532345799946157","29.64222689355203","1320","1320","1320"
"126816","8.651812600693285","8.651812600693285","8.651812600693285","1321","1321","1321"
"126912","24.011392833736096","24.011392833736096","24.011392833736096","1322","1322","1322"
"127008","25.309582157527828","23.97794424580761","26.64122006924805","1323","1323","1323"
"127104","26.99055921167006","26.802257510168566","27.178860913171558","1324","1324","1324"
"127200","29.02603412615762","29.02603412615762","29.02603412615762","1325","1325","1325"
"127296","22.84799426684557","22.84799426684557","22.84799426684557","1326","1326","1326"
"127392","28.22756961055596","26.732665586424474","29.722473634687447","1327","1327","1327"
"127488","28.011804447638088","26.398474762512073","29.625134132764103","1328","1328","1328"
"127584","28.247708133037513","26.83629535876329","29.65912090731174","1329","1329","1329"
"127680","28.03856249061047","26.273421390149586","29.803703591071354","1330","1330","1330"
"127776","19.333527416118635","9.10446094614336","29.562593886093907","1331","1331","1331"
"127872","28.104336140455317","26.76557694594241","29.443095334968223","1332","1332","1332"
"127968","28.14004406005351","26.69164868682691","29.588439433280108","1333","1333","1333"
"128064","23.511402297501846","18.17436599948911","28.84843859551458","1334","1334","1334"
"128160","9.604619174810033","-8.66020325142038","27.869441601040446","1335","1335","1335"
"128256","26.922095414469396","26.68548684092755","27.15870398801124","1336","1336","1336"
"128352","25.986546419181472","25.442040090185444","26.531052748177505","1337","1337","1337"
"128448","22.689008919227817","17.372851722182766","28.005166116272868","1338","1338","1338"
"128544","27.941738632670692","26.92290233576147","28.96057492957991","1339","1339","1339"
"128640","22.33009295092789","15.186738799101386","29.4734471027544","1340","1340","1340"
"128736","28.104169241648158","26.83995928147009","29.36837920182623","1341","1341","1341"
"128832","28.246345737454565","26.90871072443091","29.58398075047822","1342","1342","1342"
"128928","26.828987070446043","26.828987070446043","26.828987070446043","1343","1343","1343"
"129024","26.47747280094896","23.12247964480397","29.832465957093948","1344","1344","1344"
"129120","27.118824533564137","24.70838398088914","29.52926508623914","1345","1345","1345"
"129216","26.78551330050675","26.782907443567698","26.788119157445802","1346","1346","1346"
"129312","27.71675713764585","26.826649982439797","28.606864292851903","1347","1347","1347"
"129408","34.62225120928569","26.751163019173603","42.49333939939778","1348","1348","1348"
"129504","26.831252433299625","26.82047745505763","26.842027411541622","1349","1349","1349"
"129600","26.696909062414644","26.696909062414644","26.696909062414644","1350","1350","1350"
"129696","25.495608414797395","24.112414326570605","26.87880250302419","1351","1351","1351"
"129792","20.76106107928147","17.488659617470763","24.033462541092177","1352","1352","1352"
"129888","23.494180378397278","23.494180378397278","23.494180378397278","1353","1353","1353"
"129984","22.897150334429988","21.603103982776695","24.191196686083277","1354","1354","1354"
"130080","15.889240929735474","8.23459814899924","23.543883710471707","1355","1355","1355"
"130176","25.30763575437377","23.764904335974258","26.850367172773286","1356","1356","1356"
"130272","50.01324138999475","26.96371781206624","73.06276496792326","1357","1357","1357"
"130368","21.732680366807173","21.732680366807173","21.732680366807173","1358","1358","1358"
"130464","0.3836174986676703","0.3836174986676703","0.3836174986676703","1359","1359","1359"
"130560","25.034578930961164","22.959772793651236","27.10938506827109","1360","1360","1360"
"130656","20.50507777580945","0.3836174986676703","40.62653805295123","1361","1361","1361"
"130752","23.12111188516618","23.12111188516618","23.12111188516618","1362","1362","1362"
"130848","11.745365443811508","0.3836174986676703","23.107113388955344","1363","1363","1363"
"130944","25.059263754266595","23.252410312162823","26.866117196370364","1364","1364","1364"
"131040","21.745326860662875","18.16818985948076","25.32246386184499","1365","1365","1365"
"131136","27.15870398801124","27.15870398801124","27.15870398801124","1366","1366","1366"
"131232","27.189165072727576","27.189165072727576","27.189165072727576","1367","1367","1367"
"131328","41.458692323272615","17.474643484384508","65.44274116216071","1368","1368","1368"
"131424","37.1795077895046","25.869519511758394","48.4894960672508","1369","1369","1369"
"131520","57.54444426170833","26.96371781206624","88.12517071135042","1370","1370","1370"
"131616","23.877159565224286","20.717727420413723","27.03659171003485","1371","1371","1371"
"131712","40.22073771708543","26.826649982439797","53.614825451731065","1372","1372","1372"
"131904","40.71467606206697","26.790560533723607","54.638791590410335","1374","1374","1374"
"132000","27.01173195772338","27.01173195772338","27.01173195772338","1375","1375","1375"
"132096","26.28528207403947","26.28528207403947","26.28528207403947","1376","1376","1376"
"132192","44.51779763763061","26.822537066190126","62.213058209071086","1377","1377","1377"
"132288","56.369621445601666","27.03646896705873","85.7027739241446","1378","1378","1378"
"132384","31.995659597163296","13.193995634129518","50.79732356019707","1379","1379","1379"
"132480","21.656932468989186","19.40778806985309","23.906076868125282","1380","1380","1380"
"132576","59.07030482121188","59.07030482121188","59.07030482121188","1381","1381","1381"
"132672","24.64016800277238","24.096500626626693","25.18383537891807","1382","1382","1382"
"132768","16.86025521990298","9.337000041254834","24.38351039855113","1383","1383","1383"
"132864","21.75909005941937","18.99051403228617","24.52766608655257","1384","1384","1384"
"132960","26.298519136234663","26.298519136234663","26.298519136234663","1385","1385","1385"
"133056","23.530512131389095","21.824415142428478","25.23660912034971","1386","1386","1386"
"133152","36.93257021971321","25.27880665671222","48.586333782714206","1387","1387","1387"
"133248","24.7771268975342","23.04176689932789","26.51248689574051","1388","1388","1388"
"133440","17.131675719780013","17.131675719780013","17.131675719780013","1390","1390","1390"
"133536","22.600167596732902","21.546975045465704","23.653360148000097","1391","1391","1391"
"133632","23.043089801829296","19.0089656296157","27.077213974042895","1392","1392","1392"
"133728","22.100904401892123","17.274960777013867","26.92684802677038","1393","1393","1393"
"133824","22.01747895448038","17.274960777013867","26.759997131946896","1394","1394","1394"
"133920","57.60180823210273","24.654039338558952","90.5495771256465","1395","1395","1395"
"134016","41.85790590811892","16.065488282072522","67.65032353416532","1396","1396","1396"
"134112","22.754776277790256","20.627743849600247","24.88180870598027","1397","1397","1397"
"134208","38.62079641646808","26.94042855071524","50.30116428222093","1398","1398","1398"
"134304","66.22587889402661","26.932497313232684","105.51926047482053","1399","1399","1399"
"134400","105.41037630298477","105.41037630298477","105.41037630298477","1400","1400","1400"
"134496","16.331405821951034","9.15175728032293","23.511054363579138","1401","1401","1401"
"134592","18.069916604913775","18.069916604913775","18.069916604913775","1402","1402","1402"
"134688","26.09991480809537","25.139598521439936","27.0602310947508","1403","1403","1403"
"134784","53.146539000151236","23.61911946171365","82.67395853858882","1404","1404","1404"
"134880","64.31556975886397","25.296683691602805","103.33445582612515","1405","1405","1405"
"134976","45.89696195774021","25.61621102116833","66.1777128943121","1406","1406","1406"
"135072","25.434342482823272","25.434342482823272","25.434342482823272","1407","1407","1407"
"135168","26.971614939483317","26.971614939483317","26.971614939483317","1408","1408","1408"
"135360","27.016310918638073","27.016310918638073","27.016310918638073","1410","1410","1410"
"135456","63.73721088990575","27.121591088541223","100.35283069127027","1411","1411","1411"
"135552","60.95178228069991","20.95784510675553","100.94571945464429","1412","1412","1412"
"135648","68.78486479397127","27.029970814503695","110.53975877343885","1413","1413","1413"
"135744","67.0672778719157","27.064468733682617","107.07008701014881","1414","1414","1414"
"135840","70.38979691244894","26.879224457053972","113.90036936784391","1415","1415","1415"
"135936","54.20503436934793","17.172678277992993","91.23739046070285","1416","1416","1416"
"136032","70.36805214555896","26.940000886683517","113.7961034044344","1417","1417","1417"
"136128","113.04225582173098","113.04225582173098","113.04225582173098","1418","1418","1418"
"136224","119.42235489535314","119.42235489535314","119.42235489535314","1419","1419","1419"
"136320","26.62817483729954","26.62817483729954","26.62817483729954","1420","1420","1420"
"136416","48.715523620339056","26.803593613702308","70.62745362697581","1421","1421","1421"
"136512","63.8149996475743","26.841964095817385","100.7880351993312","1422","1422","1422"
"136608","64.00070425406274","25.293077535277455","102.70833097284802","1423","1423","1423"
"136704","25.710602413534996","25.710602413534996","25.710602413534996","1424","1424","1424"
"136896","98.8389980053558","98.8389980053558","98.8389980053558","1426","1426","1426"
"136992","8.656839360845241","-0.041445114277292604","17.355123835967774","1427","1427","1427"
"137088","62.529531636202606","24.974467449974814","100.0845958224304","1428","1428","1428"
"137184","64.65124655364997","18.184948884038775","111.11754422326115","1429","1429","1429"
"137280","46.86120144195287","12.058160425228069","81.66424245867768","1430","1430","1430"
"137376","24.836151181290077","24.836151181290077","24.836151181290077","1431","1431","1431"
"137472","62.90410758227322","16.51162578513474","109.2965893794117","1432","1432","1432"
"137568","26.12727812242095","26.12727812242095","26.12727812242095","1433","1433","1433"
"137664","70.63073708429273","25.84950760269866","115.41196656588681","1434","1434","1434"
"137760","70.62476933051298","24.942449807596105","116.30708885342983","1435","1435","1435"
"137856","70.71212901419648","25.89266553543021","115.53159249296274","1436","1436","1436"
"137952","70.32701999366367","26.106868393180164","114.54717159414716","1437","1437","1437"
"138048","24.153136867742955","24.153136867742955","24.153136867742955","1438","1438","1438"
"138144","26.362664994502182","26.362664994502182","26.362664994502182","1439","1439","1439"
"138240","64.54857190603956","13.378488845244329","115.71865496683479","1440","1440","1440"
"138336","25.241530484340316","25.241530484340316","25.241530484340316","1441","1441","1441"
"138432","106.23370573369736","106.23370573369736","106.23370573369736","1442","1442","1442"
"138528","13.317032680134917","13.317032680134917","13.317032680134917","1443","1443","1443"
"138624","20.77243505380903","20.77243505380903","20.77243505380903","1444","1444","1444"
"138720","72.82475270119235","26.633992710861904","119.01551269152282","1445","1445","1445"
"138816","26.43923094278349","26.43923094278349","26.43923094278349","1446","1446","1446"
"138912","64.93180386663072","17.415802501124208","112.44780523213721","1447","1447","1447"
"139008","64.3187424824986","20.59461427650623","108.04287068849099","1448","1448","1448"
"139104","66.33024429449085","25.663107599114856","106.99738098986684","1449","1449","1449"
"139200","70.12562006602498","26.505283975555415","113.74595615649454","1450","1450","1450"
"139296","19.504053394059383","19.504053394059383","19.504053394059383","1451","1451","1451"
"139392","26.030306223615057","26.030306223615057","26.030306223615057","1452","1452","1452"
"139488","62.812309639351525","26.497061188860624","99.12755808984242","1453","1453","1453"
"139584","17.180926064395152","17.180926064395152","17.180926064395152","1454","1454","1454"
"139680","72.13629274045543","26.908030438936215","117.36455504197464","1455","1455","1455"
"139776","68.68421484340588","26.7838041559003","110.58462553091147","1456","1456","1456"
"139872","63.62275440257644","5.042454918227831","122.20305388692505","1457","1457","1457"
"139968","67.22797078658708","26.88205878215332","107.57388279102084","1458","1458","1458"
"140064","69.14024380937653","26.86323537216175","111.41725224659132","1459","1459","1459"
"140160","65.85920591701982","9.956265822460871","121.76214601157878","1460","1460","1460"
"140256","69.89081865103397","26.66341396803594","113.118223334032","1461","1461","1461"
"140352","62.30348860205768","2.3376951130919164","122.26928209102346","1462","1462","1462"
"140448","69.37035269344912","26.557997032322703","112.18270835457554","1463","1463","1463"
"140544","26.364190745928546","26.364190745928546","26.364190745928546","1464","1464","1464"
"140640","66.50523606306169","26.860536080195047","106.14993604592833","1465","1465","1465"
"140736","26.533587440261414","26.533587440261414","26.533587440261414","1466","1466","1466"
"140832","75.30954319932037","26.375643649336528","124.24344274930422","1467","1467","1467"
"140928","71.9901879849062","21.644196702932","122.33617926688041","1468","1468","1468"
"141024","69.46856476035539","17.852343420826365","121.08478609988443","1469","1469","1469"
"141120","69.31616821398234","26.834689548996025","111.79764687896864","1470","1470","1470"
"141312","26.74605718611954","26.74605718611954","26.74605718611954","1472","1472","1472"
"141408","26.43310860684076","26.43310860684076","26.43310860684076","1473","1473","1473"
"141504","17.355123835967774","17.355123835967774","17.355123835967774","1474","1474","1474"
"141600","72.55950346332963","23.78907606132605","121.32993086533321","1475","1475","1475"
"141696","25.825384737911413","25.825384737911413","25.825384737911413","1476","1476","1476"
"141792","73.14580035184892","26.004978191090924","120.28662251260691","1477","1477","1477"
"141888","118.76777432257288","118.76777432257288","118.76777432257288","1478","1478","1478"
"141984","72.02965443787545","26.997527817383297","117.06178105836761","1479","1479","1479"
"142080","69.19332913728306","26.93327473337557","111.45338354119056","1480","1480","1480"
"142176","26.598649632162132","26.598649632162132","26.598649632162132","1481","1481","1481"
"142272","26.161022825836604","26.161022825836604","26.161022825836604","1482","1482","1482"
"142368","67.70302312749085","12.177987486439681","123.22805876854203","1483","1483","1483"
"142464","13.69388371808206","13.69388371808206","13.69388371808206","1484","1484","1484"
"142560","26.903217623341504","26.903217623341504","26.903217623341504","1485","1485","1485"
"142656","70.41558111201022","26.270657672968827","114.5605045510516","1486","1486","1486"
"142752","73.49781496390786","23.288359229016454","123.70727069879926","1487","1487","1487"
"142848","57.77965563165652","25.482090532100173","90.07722073121286","1488","1488","1488"
"142944","73.66535380881123","26.15832517729629","121.17238244032617","1489","1489","1489"
"143040","64.72181014577271","26.606101844334077","102.83751844721132","1490","1490","1490"
"143136","74.3619625831193","26.59847316783454","122.12545199840403","1491","1491","1491"
"143232","70.14002370305434","26.479922742017465","113.80012466409121","1492","1492","1492"
"143328","24.175435664278126","24.175435664278126","24.175435664278126","1493","1493","1493"
"143424","20.182667011740232","20.182667011740232","20.182667011740232","1494","1494","1494"
"143520","74.0411957246592","25.926459997587937","122.15593145173048","1495","1495","1495"
"143616","74.26747412589694","25.439010767709657","123.09593748408422","1496","1496","1496"
"143712","74.25727830445959","26.235337462286473","122.2792191466327","1497","1497","1497"
"143808","74.5863836028406","26.598242556850835","122.57452464883036","1498","1498","1498"
"143904","15.24833087290689","15.24833087290689","15.24833087290689","1499","1499","1499"
"144000","124.03558698355293","124.03558698355293","124.03558698355293","1500","1500","1500"
"144288","25.32843478160199","25.32843478160199","25.32843478160199","1503","1503","1503"
"144384","70.80486647860738","23.107211924898163","118.5025210323166","1504","1504","1504"
"144480","24.595036145680425","24.595036145680425","24.595036145680425","1505","1505","1505"
"144576","56.7083661461755","25.91033843441899","87.50639385793201","1506","1506","1506"
"144672","73.51057810464594","25.87080418735004","121.15035202194184","1507","1507","1507"
"144768","26.096549300515456","26.096549300515456","26.096549300515456","1508","1508","1508"
"144864","14.194833661904061","14.194833661904061","14.194833661904061","1509","1509","1509"
"144960","69.93532656141166","17.902342411103444","121.96831071171988","1510","1510","1510"
"145056","58.88701804932582","20.510488506043547","97.26354759260809","1511","1511","1511"
"145152","122.08052784461992","122.08052784461992","122.08052784461992","1512","1512","1512"
"145248","69.7082282709637","13.473501155179536","125.94295538674787","1513","1513","1513"
"145344","26.469738070015854","26.469738070015854","26.469738070015854","1514","1514","1514"
"145536","25.842248264199043","25.842248264199043","25.842248264199043","1516","1516","1516"
"145632","24.855981224185204","24.855981224185204","24.855981224185204","1517","1517","1517"
"145728","58.48648908197089","6.685970913995654","110.28700724994613","1518","1518","1518"
"145824","73.0765211598331","24.927020591357095","121.22602172830912","1519","1519","1519"
"145920","21.154889445988793","21.154889445988793","21.154889445988793","1520","1520","1520"
"146016","66.18597704402728","21.591340502215306","110.78061358583925","1521","1521","1521"
"146112","19.07690244026761","19.07690244026761","19.07690244026761","1522","1522","1522"
"146208","18.867164936597106","18.867164936597106","18.867164936597106","1523","1523","1523"
"146304","76.38684567749826","26.64122006924805","126.13247128574848","1524","1524","1524"
"146400","16.29106364970748","16.29106364970748","16.29106364970748","1525","1525","1525"
"146496","73.40583620401043","24.60750501698338","122.20416739103749","1526","1526","1526"
"146592","68.3658372266108","13.707066438535675","123.02460801468591","1527","1527","1527"
"146688","122.92744790797039","122.92744790797039","122.92744790797039","1528","1528","1528"
"146784","76.2014743496872","25.186693109121084","127.21625559025333","1529","1529","1529"
"146880","75.84055498270521","39.35933036234259","112.32177960306785","1530","1530","1530"
"146976","23.403860061735884","23.403860061735884","23.403860061735884","1531","1531","1531"
"147072","17.72887415867423","17.72887415867423","17.72887415867423","1532","1532","1532"
"147168","81.65946876013294","37.18646623451739","126.13247128574848","1533","1533","1533"
"147264","120.34301303165215","120.34301303165215","120.34301303165215","1534","1534","1534"
"147360","72.26981329435367","18.407155302958845","126.13247128574848","1535","1535","1535"
"147456","26.362713581574514","26.362713581574514","26.362713581574514","1536","1536","1536"
"147552","75.35247627077992","24.57248125581136","126.13247128574848","1537","1537","1537"
"147648","63.04863094542773","26.25650269380821","99.84075919704725","1538","1538","1538"
"147744","23.372941204089663","23.372941204089663","23.372941204089663","1539","1539","1539"
"147840","26.48489191755788","26.48489191755788","26.48489191755788","1540","1540","1540"
"147936","26.60583843346932","26.60583843346932","26.60583843346932","1541","1541","1541"
"148032","73.38063984791447","24.705242466348654","122.05603722948027","1542","1542","1542"
"148128","21.918794440118734","21.918794440118734","21.918794440118734","1543","1543","1543"
"148224","67.07342126868153","10.205702421161956","123.9411401162011","1544","1544","1544"
"148320","121.97860828606106","121.97860828606106","121.97860828606106","1545","1545","1545"
"148416","26.857346630031973","26.857346630031973","26.857346630031973","1546","1546","1546"
"148512","74.57746437588669","24.1236289080085","125.03129984376488","1547","1547","1547"
"148608","21.681210761048803","21.681210761048803","21.681210761048803","1548","1548","1548"
"148704","82.76640435375847","82.76640435375847","82.76640435375847","1549","1549","1549"
"148800","93.1636695892891","60.77856771587071","125.54877146270749","1550","1550","1550"
"148896","70.44079569014231","20.12921699824151","120.75237438204312","1551","1551","1551"
"148992","52.582481616111124","52.582481616111124","52.582481616111124","1552","1552","1552"
"149088","78.64792318255249","33.16547230249851","124.13037406260648","1553","1553","1553"
"149184","104.28411581649442","87.51746203275871","121.05076960023014","1554","1554","1554"
"149280","73.89824314354018","24.285441466358446","123.51104482072192","1555","1555","1555"
"149376","40.74228872984257","40.74228872984257","40.74228872984257","1556","1556","1556"
"149472","125.03129984376488","125.03129984376488","125.03129984376488","1557","1557","1557"
"149568","18.865815965584627","18.865815965584627","18.865815965584627","1558","1558","1558"
"149664","94.58127363214973","64.59173865774258","124.57080860655687","1559","1559","1559"
"149760","74.06287876368482","22.610434652590648","125.515322874779","1560","1560","1560"
"149952","61.18699823425542","61.18699823425542","61.18699823425542","1562","1562","1562"
"150048","116.90959595769958","108.78789207163427","125.03129984376488","1563","1563","1563"
"150144","124.00736832029949","124.00736832029949","124.00736832029949","1564","1564","1564"
"150240","20.919356163467068","20.919356163467068","20.919356163467068","1565","1565","1565"
"150336","0.3836174986676703","0.3836174986676703","0.3836174986676703","1566","1566","1566"
"150432","118.71468376827737","118.71468376827737","118.71468376827737","1567","1567","1567"
"150528","19.66072480332256","19.66072480332256","19.66072480332256","1568","1568","1568"
"150624","37.11231469019644","37.11231469019644","37.11231469019644","1569","1569","1569"
"150720","106.30249779514183","91.93297859545773","120.67201699482594","1570","1570","1570"
"150912","124.12678378518454","124.12678378518454","124.12678378518454","1572","1572","1572"
"151008","2.9584635663071595","2.9584635663071595","2.9584635663071595","1573","1573","1573"
"151104","125.03129984376488","125.03129984376488","125.03129984376488","1574","1574","1574"
"151200","48.259771158188016","48.259771158188016","48.259771158188016","1575","1575","1575"
"151296","73.01742400513663","21.9605825141168","124.07426549615647","1576","1576","1576"
"151392","110.93140391271638","110.93140391271638","110.93140391271638","1577","1577","1577"
"151488","64.09011513231663","6.079846293688277","122.10038397094497","1578","1578","1578"
"151584","109.9484721923459","95.82267888853534","124.07426549615647","1579","1579","1579"
"151680","60.942734508158836","60.942734508158836","60.942734508158836","1580","1580","1580"
"151776","95.23043426110591","64.2038642113096","126.25700431090223","1581","1581","1581"
"151872","84.73279917392706","43.40002423796261","126.06557410989151","1582","1582","1582"
"152064","106.18095032647568","106.18095032647568","106.18095032647568","1584","1584","1584"
"152256","70.95423047565657","70.95423047565657","70.95423047565657","1586","1586","1586"
"152352","93.7381289247588","61.2762136588631","126.2000441906545","1587","1587","1587"
"152448","116.36125736102653","116.36125736102653","116.36125736102653","1588","1588","1588"
"152928","119.86993899020746","119.86993899020746","119.86993899020746","1593","1593","1593"
"153024","76.98030692431229","47.76861561143187","106.19199823719272","1594","1594","1594"
"153120","123.115841635642","123.115841635642","123.115841635642","1595","1595","1595"
"153216","125.22216044357312","125.22216044357312","125.22216044357312","1596","1596","1596"
"153312","125.16017873159748","125.16017873159748","125.16017873159748","1597","1597","1597"
"153408","-15.555285370263434","-15.555285370263434","-15.555285370263434","1598","1598","1598"
"153504","125.10407016514748","125.10407016514748","125.10407016514748","1599","1599","1599"
"153600","114.45998191037376","104.78987171073626","124.13009211001126","1600","1600","1600"
"153696","-0.5695818063740756","-0.5695818063740756","-0.5695818063740756","1601","1601","1601"
"153888","115.0623362328391","103.92462827502371","126.2000441906545","1603","1603","1603"
"153984","102.85174720595394","102.85174720595394","102.85174720595394","1604","1604","1604"
"154080","110.52020200841906","110.52020200841906","110.52020200841906","1605","1605","1605"
"154176","86.41998113221493","46.70749097868136","126.13247128574848","1606","1606","1606"
"154272","111.11950302444052","111.11950302444052","111.11950302444052","1607","1607","1607"
"154368","16.44253231397775","16.44253231397775","16.44253231397775","1608","1608","1608"
"154464","126.13247128574848","126.13247128574848","126.13247128574848","1609","1609","1609"
"154560","111.34666526491148","111.34666526491148","111.34666526491148","1610","1610","1610"
"154752","111.76525149452686","111.76525149452686","111.76525149452686","1612","1612","1612"
"154848","92.36060402951409","59.689908215263294","125.03129984376488","1613","1613","1613"
"154944","114.4301452690813","103.86210479644689","124.99818574171569","1614","1614","1614"
"155040","110.66570431840404","110.66570431840404","110.66570431840404","1615","1615","1615"
"155136","117.09190867483855","109.21874571001061","124.96507163966649","1616","1616","1616"
"155232","104.6687837058345","104.6687837058345","104.6687837058345","1617","1617","1617"
"155424","123.56741939204112","123.56741939204112","123.56741939204112","1619","1619","1619"
"155520","117.24299457380823","110.44005258177114","124.04593656584532","1620","1620","1620"
"155616","109.48667941160741","109.48667941160741","109.48667941160741","1621","1621","1621"
"155712","111.25713143948562","111.25713143948562","111.25713143948562","1622","1622","1622"
"155808","98.13545913589576","74.37413186393671","121.89678640785479","1623","1623","1623"
"155904","93.36692388728011","77.24716836295282","109.48667941160741","1624","1624","1624"
"156000","52.459875962659254","6.446687462716792","98.47306446260171","1625","1625","1625"
"156096","116.92170893022207","113.25922929812161","120.58418856232252","1626","1626","1626"
"156288","111.46742734547173","111.46742734547173","111.46742734547173","1628","1628","1628"
"156384","112.1649474875941","112.1649474875941","112.1649474875941","1629","1629","1629"
"156480","110.4222918096051","110.4222918096051","110.4222918096051","1630","1630","1630"
"156672","119.55210807421298","119.55210807421298","119.55210807421298","1632","1632","1632"
"156768","113.94637012663304","108.91970059127961","118.97303966198648","1633","1633","1633"
"156864","110.41642984257432","110.41642984257432","110.41642984257432","1634","1634","1634"
"156960","110.41667233825945","110.41667233825945","110.41667233825945","1635","1635","1635"
"157056","63.61157140624152","3.2157744921835376","124.00736832029949","1636","1636","1636"
"157152","108.03712855918147","108.03712855918147","108.03712855918147","1637","1637","1637"
"157248","121.37188003782856","121.37188003782856","121.37188003782856","1638","1638","1638"
"157344","63.68745053028194","6.158075192676927","121.21682586788695","1639","1639","1639"
"157440","103.26975561295154","103.26975561295154","103.26975561295154","1640","1640","1640"
"157536","90.91072290094905","62.55758486130559","119.26386094059251","1641","1641","1641"
"157728","110.29469214249048","110.29469214249048","110.29469214249048","1643","1643","1643"
"157824","108.9858205732597","108.9858205732597","108.9858205732597","1644","1644","1644"
"157920","123.51104482072192","123.51104482072192","123.51104482072192","1645","1645","1645"
"158016","60.02255273509684","60.02255273509684","60.02255273509684","1646","1646","1646"
"158112","111.63133308478137","110.21541715790192","113.04724901166084","1647","1647","1647"
"158304","109.40474518286989","109.40474518286989","109.40474518286989","1649","1649","1649"
"158400","124.07426549615647","124.07426549615647","124.07426549615647","1650","1650","1650"
"158496","115.52081385790768","111.16040528529176","119.8812224305236","1651","1651","1651"
"158592","118.61143591447575","112.12467480932963","125.09819701962186","1652","1652","1652"
"158784","117.5926240486277","112.12467480932963","123.06057328792576","1654","1654","1654"
"158880","117.32422225623837","109.55024749285488","125.09819701962186","1655","1655","1655"
"158976","61.59072087452798","-1.9167552705658986","125.09819701962186","1656","1656","1656"
"159072","111.76861370403802","111.76861370403802","111.76861370403802","1657","1657","1657"
"159168","80.56361626823954","56.30534735542959","104.82188518104948","1658","1658","1658"
"159360","-10.919741492781544","-10.919741492781544","-10.919741492781544","1660","1660","1660"
"159456","108.63807371143622","108.63807371143622","108.63807371143622","1661","1661","1661"
"159552","124.00736832029949","124.00736832029949","124.00736832029949","1662","1662","1662"
"159648","124.01282246379613","124.01282246379613","124.01282246379613","1663","1663","1663"
"159744","126.13247128574848","126.13247128574848","126.13247128574848","1664","1664","1664"
"159840","110.23810517257577","110.23810517257577","110.23810517257577","1665","1665","1665"
"159936","99.14065834001713","73.72853401007356","124.55278266996068","1666","1666","1666"
"160032","108.1357821706965","108.1357821706965","108.1357821706965","1667","1667","1667"
"160128","122.2619769955056","122.2619769955056","122.2619769955056","1668","1668","1668"
"160224","115.74224449190228","108.37971791016476","123.10477107363982","1669","1669","1669"
"160320","121.97860828606106","121.97860828606106","121.97860828606106","1670","1670","1670"
"160416","122.01747865803992","122.01747865803992","122.01747865803992","1671","1671","1671"
"160512","120.93037288853506","120.93037288853506","120.93037288853506","1672","1672","1672"
"160608","124.00736832029949","124.00736832029949","124.00736832029949","1673","1673","1673"
"160704","109.19762599294532","109.19762599294532","109.19762599294532","1674","1674","1674"
"160800","117.51225425263456","111.01714018496962","124.00736832029949","1675","1675","1675"
"160896","117.94564493248957","111.88392154467965","124.00736832029949","1676","1676","1676"
"160992","69.48331715564076","11.789441544597038","127.17719276668448","1677","1677","1677"
"161088","117.40422519016204","109.71025336070223","125.09819701962186","1678","1678","1678"
"161184","66.67693991103306","11.197948370335641","122.15593145173048","1679","1679","1679"
"161280","104.0294022944245","104.0294022944245","104.0294022944245","1680","1680","1680"
"161376","5.3316392656702","5.3316392656702","5.3316392656702","1681","1681","1681"
"161472","107.4932236119635","107.4932236119635","107.4932236119635","1682","1682","1682"
"161568","109.3963688094818","109.3963688094818","109.3963688094818","1683","1683","1683"
"161760","117.75916671920928","109.45275932852704","126.06557410989151","1685","1685","1685"
"161856","67.61946136757939","13.509767458439498","121.72915527671927","1686","1686","1686"
"162048","109.19661162914024","106.85335228854552","111.53987096973495","1688","1688","1688"
"162144","106.80285640887594","106.80285640887594","106.80285640887594","1689","1689","1689"
"162240","123.02062247703839","123.02062247703839","123.02062247703839","1690","1690","1690"
"162336","123.28742137874674","123.28742137874674","123.28742137874674","1691","1691","1691"
"162432","91.31955244586646","57.64091915001723","124.99818574171569","1692","1692","1692"
"162528","110.20674358932112","110.20674358932112","110.20674358932112","1693","1693","1693"
"162720","109.3094942282049","109.3094942282049","109.3094942282049","1695","1695","1695"
"162816","108.18318457916169","108.18318457916169","108.18318457916169","1696","1696","1696"
"162912","64.25395151458557","5.5142269171023575","122.99367611206878","1697","1697","1697"
"163008","123.46740811413494","123.46740811413494","123.46740811413494","1698","1698","1698"
"163104","127.17719276668448","127.17719276668448","127.17719276668448","1699","1699","1699"
"163200","108.10853430286494","108.10853430286494","108.10853430286494","1700","1700","1700"
"163296","69.62683779352416","12.1433799962208","127.11029559082752","1701","1701","1701"
"163392","117.132896664024","111.99651123702456","122.26928209102346","1702","1702","1702"
"163488","101.30237030485603","76.47226932396357","126.13247128574848","1703","1703","1703"
"163584","104.89393230350095","104.89393230350095","104.89393230350095","1704","1704","1704"
"163872","117.70192401729798","111.16040528529176","124.24344274930422","1707","1707","1707"
"163968","126.13247128574848","126.13247128574848","126.13247128574848","1708","1708","1708"
"164064","112.21242691162952","112.21242691162952","112.21242691162952","1709","1709","1709"
"164160","111.20890442231918","111.20890442231918","111.20890442231918","1710","1710","1710"
"164256","112.14941674230964","112.14941674230964","112.14941674230964","1711","1711","1711"
"164352","123.10477107363982","123.10477107363982","123.10477107363982","1712","1712","1712"
"164448","118.05879277147022","111.15251390327394","124.96507163966649","1713","1713","1713"
"164640","125.61008082427931","125.61008082427931","125.61008082427931","1715","1715","1715"
"164736","111.19176686854641","111.19176686854641","111.19176686854641","1716","1716","1716"
"164832","111.19176686854641","111.19176686854641","111.19176686854641","1717","1717","1717"
"164928","66.9791476053248","10.834355175747039","123.12394003490256","1718","1718","1718"
"165024","124.00770280617878","124.00770280617878","124.00770280617878","1719","1719","1719"
"165120","112.47053809435741","103.04996652792155","121.89110966079328","1720","1720","1720"
"165216","115.64458391423057","107.97967038168159","123.30949744677956","1721","1721","1721"
"165312","121.16656692878627","121.16656692878627","121.16656692878627","1722","1722","1722"
"165408","109.26876914236718","109.26876914236718","109.26876914236718","1723","1723","1723"
"165504","106.37819360627475","89.76271110048071","122.99367611206878","1724","1724","1724"
"165600","111.93094856114183","111.93094856114183","111.93094856114183","1725","1725","1725"
"165696","117.7225224146299","113.8845920686123","121.5604527606475","1726","1726","1726"
"165792","115.98441086636208","111.10401476624652","120.86480696647763","1727","1727","1727"
"165888","3.6737860727737","3.6737860727737","3.6737860727737","1728","1728","1728"
"165984","121.3615668331211","121.3615668331211","121.3615668331211","1729","1729","1729"
"166176","121.85832669976458","121.85832669976458","121.85832669976458","1731","1731","1731"
"166272","115.55990339115617","109.26148008254776","121.85832669976458","1732","1732","1732"
"166368","123.8755741941437","123.8755741941437","123.8755741941437","1733","1733","1733"
"166464","122.86188198591297","122.86188198591297","122.86188198591297","1734","1734","1734"
"166560","117.23136264047393","110.58715108680417","123.8755741941437","1735","1735","1735"
"166656","117.99110591231806","111.01714018496962","124.96507163966649","1736","1736","1736"
"166752","122.972976947484","122.972976947484","122.972976947484","1737","1737","1737"
"166848","118.49218345132523","112.01929526298397","124.96507163966649","1738","1738","1738"
"166944","123.33627295860991","123.33627295860991","123.33627295860991","1739","1739","1739"
"167040","124.96507163966649","124.96507163966649","124.96507163966649","1740","1740","1740"
"167136","110.97641509913191","110.97641509913191","110.97641509913191","1741","1741","1741"
"167232","65.35215267825639","6.763165240311684","123.9411401162011","1742","1742","1742"
"167424","65.49760841836809","7.560922824650426","123.43429401208574","1744","1744","1744"
"167520","113.93909800371249","105.08122428434885","122.79697172307613","1745","1745","1745"
"167616","89.732582588434","56.668193453791865","122.79697172307613","1746","1746","1746"
"167712","116.46039996406262","108.50047701122013","124.42032291690509","1747","1747","1747"
"167808","118.59273078123871","118.59273078123871","118.59273078123871","1748","1748","1748"
"168000","109.88940652713609","109.88940652713609","109.88940652713609","1750","1750","1750"
"168192","67.03741541635151","67.03741541635151","67.03741541635151","1752","1752","1752"
"168384","109.48412091178169","109.48412091178169","109.48412091178169","1754","1754","1754"
"168480","113.2072062039143","112.11216034143433","114.30225206639427","1755","1755","1755"
"168576","117.29720779268618","108.59506967957927","125.9993459057931","1756","1756","1756"
"168672","60.84051073727441","60.84051073727441","60.84051073727441","1757","1757","1757"
"168768","108.85671993691089","103.05611929328307","114.65732058053871","1758","1758","1758"
"168864","108.83782426427234","108.83782426427234","108.83782426427234","1759","1759","1759"
"169056","23.91171604170921","23.91171604170921","23.91171604170921","1761","1761","1761"
"169152","69.94346573844618","29.504779017431456","110.38215245946091","1762","1762","1762"
"169248","68.63680263276015","26.930215881058878","110.34338938446143","1763","1763","1763"
"169344","86.1282640210848","65.31838552679321","106.9381425153764","1764","1764","1764"
"169440","108.66022137900916","108.66022137900916","108.66022137900916","1765","1765","1765"
"169536","125.03129984376488","125.03129984376488","125.03129984376488","1766","1766","1766"
"169632","116.37754415569663","109.89320632548026","122.86188198591297","1767","1767","1767"
"169728","122.86188198591297","122.86188198591297","122.86188198591297","1768","1768","1768"
"169824","123.8755741941437","123.8755741941437","123.8755741941437","1769","1769","1769"
"169920","116.98294837607975","111.10401476624652","122.86188198591297","1770","1770","1770"
"170016","66.23021427112974","7.560922824650426","124.89950571760906","1771","1771","1771"
"170208","117.13819978444712","111.94875035747388","122.32764921142035","1773","1773","1773"
"170304","116.44665447882753","110.03142697174208","122.86188198591297","1774","1774","1774"
"170400","117.04765675765113","117.04765675765113","117.04765675765113","1775","1775","1775"
"170592","125.03129984376488","125.03129984376488","125.03129984376488","1777","1777","1777"
"170880","108.5553317229365","108.5553317229365","108.5553317229365","1780","1780","1780"
"170976","113.27184005072425","108.59506967957927","117.94861042186923","1781","1781","1781"
"171072","88.1433245511044","57.8283980030953","118.45825109911348","1782","1782","1782"
"171168","104.99928559200863","104.99928559200863","104.99928559200863","1783","1783","1783"
"171264","119.8812224305236","119.8812224305236","119.8812224305236","1784","1784","1784"
"171360","55.60770917837574","55.60770917837574","55.60770917837574","1785","1785","1785"
"171552","120.86480696647763","120.86480696647763","120.86480696647763","1787","1787","1787"
"171648","111.24435334603552","101.62389972559342","120.86480696647763","1788","1788","1788"
"171744","97.08671372898077","97.08671372898077","97.08671372898077","1789","1789","1789"
"171840","108.02333522716498","108.02333522716498","108.02333522716498","1790","1790","1790"
"171936","100.85782429440096","100.85782429440096","100.85782429440096","1791","1791","1791"
"172032","104.1675794048923","104.1675794048923","104.1675794048923","1792","1792","1792"
"172128","123.9411401162011","123.9411401162011","123.9411401162011","1793","1793","1793"
"172224","109.38857276192398","109.38857276192398","109.38857276192398","1794","1794","1794"
"172320","123.9411401162011","123.9411401162011","123.9411401162011","1795","1795","1795"
"172416","111.45641621539443","99.51132137973181","123.40151105105704","1796","1796","1796"
"172512","116.1848655610147","109.5727593989533","122.79697172307613","1797","1797","1797"
"172608","124.96507163966649","124.96507163966649","124.96507163966649","1798","1798","1798"
"172704","117.8280002936995","110.69092894773252","124.96507163966649","1799","1799","1799"
"172800","126.06557410989151","126.06557410989151","126.06557410989151","1800","1800","1800"
"172896","112.10704736528386","112.10704736528386","112.10704736528386","1801","1801","1801"
"172992","118.9983223796153","113.0315731195641","124.96507163966649","1802","1802","1802"
"173088","91.23585668026554","56.95639048575209","125.515322874779","1803","1803","1803"
"173184","92.13279167391549","60.324443231629886","123.9411401162011","1804","1804","1804"
"173280","110.76271009548995","110.76271009548995","110.76271009548995","1805","1805","1805"
"173376","110.38215245946091","110.38215245946091","110.38215245946091","1806","1806","1806"
"173472","118.10266882262016","111.24026600557383","124.96507163966649","1807","1807","1807"
"173568","118.67741457138288","111.28925503287425","126.06557410989151","1808","1808","1808"
"173760","64.13563333706293","5.3843369176583895","122.88692975646747","1810","1810","1810"
"173856","113.91595365186697","113.91595365186697","113.91595365186697","1811","1811","1811"
"173952","125.03129984376488","125.03129984376488","125.03129984376488","1812","1812","1812"
"174048","124.31183112928751","124.31183112928751","124.31183112928751","1813","1813","1813"
"174144","105.3072471945818","105.3072471945818","105.3072471945818","1814","1814","1814"
"174240","93.66039346918423","70.90481391310286","116.4159730252656","1815","1815","1815"
"174336","110.20284064959861","110.20284064959861","110.20284064959861","1816","1816","1816"
"174432","117.31010690136918","111.15280568860341","123.46740811413494","1817","1817","1817"
"174528","68.01252983463888","68.01252983463888","68.01252983463888","1818","1818","1818"
"174624","111.74580805857225","99.5504760009434","123.9411401162011","1819","1819","1819"
"174720","111.24026600557383","111.24026600557383","111.24026600557383","1820","1820","1820"
"174816","124.96507163966649","124.96507163966649","124.96507163966649","1821","1821","1821"
"174912","118.42380746568429","110.81515492352628","126.0324600078423","1822","1822","1822"
"175008","117.73492141113552","110.43854297850615","125.03129984376488","1823","1823","1823"
"175104","125.09819701962186","125.09819701962186","125.09819701962186","1824","1824","1824"
"175200","110.74308361285371","110.74308361285371","110.74308361285371","1825","1825","1825"
"175296","109.40474518286989","109.40474518286989","109.40474518286989","1826","1826","1826"
"175392","124.42032291690509","124.42032291690509","124.42032291690509","1827","1827","1827"
"175488","117.08862186622778","109.17322099250947","125.0040227399461","1828","1828","1828"
"175584","125.9993459057931","125.9993459057931","125.9993459057931","1829","1829","1829"
"175680","126.39173853550405","126.39173853550405","126.39173853550405","1830","1830","1830"
"175776","116.23231441497542","107.49955719028435","124.96507163966649","1831","1831","1831"
"175872","126.06557410989151","126.06557410989151","126.06557410989151","1832","1832","1832"
"175968","109.26097309480937","109.26097309480937","109.26097309480937","1833","1833","1833"
"176064","121.36591048806022","121.36591048806022","121.36591048806022","1834","1834","1834"
"176160","110.47868232865034","110.47868232865034","110.47868232865034","1835","1835","1835"
"176256","116.84209519918429","110.25013698377818","123.43405341459041","1836","1836","1836"
"176352","119.62545009575156","119.62545009575156","119.62545009575156","1837","1837","1837"
"176448","117.03603827734419","110.66037738497285","123.41169916971553","1838","1838","1838"
"176544","118.02843873992491","111.02557763608493","125.03129984376488","1839","1839","1839"
"176640","116.99868608331596","111.20040044355581","122.79697172307613","1840","1840","1840"
"176928","113.91595365186697","113.91595365186697","113.91595365186697","1843","1843","1843"
"177312","116.32264410705339","107.54709119448492","125.09819701962186","1847","1847","1847"
"177408","115.22710571112293","107.52136391221384","122.93284751003203","1848","1848","1848"
"177504","125.03129984376488","125.03129984376488","125.03129984376488","1849","1849","1849"
"177600","74.92472499117748","74.92472499117748","74.92472499117748","1850","1850","1850"
"177696","116.48932421976843","107.94734859577197","125.03129984376488","1851","1851","1851"
"177792","125.58188556475667","125.58188556475667","125.58188556475667","1852","1852","1852"
"177888","116.97680153527708","108.33826891786897","125.61533415268516","1853","1853","1853"
"177984","123.9742542182503","123.9742542182503","123.9742542182503","1854","1854","1854"
"178176","109.1783309348663","109.1783309348663","109.1783309348663","1856","1856","1856"
"178272","117.63867681634315","109.1783309348663","126.09902269782","1857","1857","1857"
"178368","109.72089680296891","109.72089680296891","109.72089680296891","1858","1858","1858"
"178464","92.3911371540666","57.60508154144872","127.17719276668448","1859","1859","1859"
"178560","-30.942738990866207","-30.942738990866207","-30.942738990866207","1860","1860","1860"
"178752","90.42623594088803","59.09905137086001","121.75342051091604","1862","1862","1862"
"178848","109.80599152521691","109.80599152521691","109.80599152521691","1863","1863","1863"
"178944","109.5792549375497","109.5792549375497","109.5792549375497","1864","1864","1864"
"179136","109.6331111084759","109.6331111084759","109.6331111084759","1866","1866","1866"
"179232","113.01655088019314","99.93407906256628","126.09902269782","1867","1867","1867"
"179328","109.89297461858406","109.89297461858406","109.89297461858406","1868","1868","1868"
"179520","75.32861551451128","75.32861551451128","75.32861551451128","1870","1870","1870"
"179712","110.88597689163103","110.88597689163103","110.88597689163103","1872","1872","1872"
"179808","-0.8716263478820883","-0.8716263478820883","-0.8716263478820883","1873","1873","1873"
"179904","117.66679854589636","111.39245697559161","123.9411401162011","1874","1874","1874"
"180000","125.03129984376488","125.03129984376488","125.03129984376488","1875","1875","1875"
"180096","109.98929177737452","109.98929177737452","109.98929177737452","1876","1876","1876"
"180192","91.67171270604976","58.24522839247766","125.09819701962186","1877","1877","1877"
"180288","71.61110440004899","20.294760892127584","122.92744790797039","1878","1878","1878"
"180480","124.69021232652928","124.69021232652928","124.69021232652928","1880","1880","1880"
"180576","125.03129984376488","125.03129984376488","125.03129984376488","1881","1881","1881"
"180672","66.24845429175579","7.398711563889714","125.09819701962186","1882","1882","1882"
"180768","65.94246577193636","7.398711563889714","124.48621997998299","1883","1883","1883"
"180864","109.17053488730849","109.17053488730849","109.17053488730849","1884","1884","1884"
"180960","119.06206116907398","112.05854822825644","126.06557410989151","1885","1885","1885"
"181056","111.96274852726938","99.91812873423927","124.00736832029949","1886","1886","1886"
"181248","124.96507163966649","124.96507163966649","124.96507163966649","1888","1888","1888"
"181344","96.56714684382364","96.56714684382364","96.56714684382364","1889","1889","1889"
"181440","126.09902269782","126.09902269782","126.09902269782","1890","1890","1890"
"181536","122.79697172307613","122.79697172307613","122.79697172307613","1891","1891","1891"
"181728","117.94818890548393","111.88900949066837","124.00736832029949","1893","1893","1893"
"181824","124.31724926312327","124.31724926312327","124.31724926312327","1894","1894","1894"
"182016","108.89171009161618","105.67637281794849","112.10704736528386","1896","1896","1896"
"182112","119.22879906120124","111.28040535571802","127.17719276668448","1897","1897","1897"
"182208","126.06557410989151","126.06557410989151","126.06557410989151","1898","1898","1898"
"182304","109.21806889150906","109.21806889150906","109.21806889150906","1899","1899","1899"
"182496","119.53486681692914","111.8925408671738","127.17719276668448","1901","1901","1901"
"182592","112.10704736528386","112.10704736528386","112.10704736528386","1902","1902","1902"
"182688","91.39460159199942","59.72862989607308","123.06057328792576","1903","1903","1903"
"182784","124.58623125788917","124.58623125788917","124.58623125788917","1904","1904","1904"
"182880","112.5042629135836","112.5042629135836","112.5042629135836","1905","1905","1905"
"182976","65.2772994683596","7.560922824650426","122.99367611206878","1906","1906","1906"
"183168","115.10587568138801","109.94127763171738","120.27047373105864","1908","1908","1908"
"183360","119.32176659059384","119.32176659059384","119.32176659059384","1910","1910","1910"
"183456","111.24026600557383","111.24026600557383","111.24026600557383","1911","1911","1911"
"183552","124.00736832029949","124.00736832029949","124.00736832029949","1912","1912","1912"
"183648","117.55036173867632","112.10704736528386","122.99367611206878","1913","1913","1913"
"183744","112.10704736528386","112.10704736528386","112.10704736528386","1914","1914","1914"
"183840","113.91595365186697","113.91595365186697","113.91595365186697","1915","1915","1915"
"183936","112.3048419762733","112.3048419762733","112.3048419762733","1916","1916","1916"
"184032","126.13247128574848","126.13247128574848","126.13247128574848","1917","1917","1917"
"184128","108.0082764367408","108.0082764367408","108.0082764367408","1918","1918","1918"
"184224","56.00066202918809","56.00066202918809","56.00066202918809","1919","1919","1919"
"184416","118.755423044559","110.33365332243349","127.17719276668448","1921","1921","1921"
"184512","107.50203966973018","107.50203966973018","107.50203966973018","1922","1922","1922"
"184608","118.67586849094491","110.17454421520532","127.17719276668448","1923","1923","1923"
"184704","76.4376714884184","76.4376714884184","76.4376714884184","1924","1924","1924"
"184800","113.0712225794353","113.0712225794353","113.0712225794353","1925","1925","1925"
"184896","118.26401176761657","110.33365332243349","126.19437021279964","1926","1926","1926"
"184992","111.24026600557383","111.24026600557383","111.24026600557383","1927","1927","1927"
"185088","71.62686190742542","16.424771541811705","126.82895227303915","1928","1928","1928"
"185184","71.23691397389663","16.336133054640097","126.13769489315317","1929","1929","1929"
"185280","62.33629516673729","62.33629516673729","62.33629516673729","1930","1930","1930"
"185376","112.10704736528386","112.10704736528386","112.10704736528386","1931","1931","1931"
"185472","127.23472824168218","127.23472824168218","127.23472824168218","1932","1932","1932"
"185568","60.34056721569307","60.34056721569307","60.34056721569307","1933","1933","1933"
"185664","111.38931853260914","97.72311037695633","125.05552668826193","1934","1934","1934"
"185760","118.52290974706932","111.28040535571802","125.76541413842061","1935","1935","1935"
"185952","16.424771541811705","16.424771541811705","16.424771541811705","1937","1937","1937"
"186144","7.560922824650426","7.560922824650426","7.560922824650426","1939","1939","1939"
"186240","113.0712225794353","113.0712225794353","113.0712225794353","1940","1940","1940"
"186336","64.17574251995987","5.290911751993971","123.06057328792576","1941","1941","1941"
"186432","125.09819701962186","125.09819701962186","125.09819701962186","1942","1942","1942"
"186528","111.41843831817131","111.41843831817131","111.41843831817131","1943","1943","1943"
"186624","107.63576897973243","107.63576897973243","107.63576897973243","1944","1944","1944"
"186720","16.469538454524642","16.469538454524642","16.469538454524642","1945","1945","1945"
"186816","16.51430536723758","16.51430536723758","16.51430536723758","1946","1946","1946"
"186912","97.19957600727435","67.22195924786422","127.17719276668448","1947","1947","1947"
"187008","127.73861633072133","127.73861633072133","127.73861633072133","1948","1948","1948"
"187104","99.80467645025527","89.63583436905994","109.97351853145062","1949","1949","1949"
"187296","57.991509729819356","57.991509729819356","57.991509729819356","1951","1951","1951"
"187392","47.08140243149292","47.08140243149292","47.08140243149292","1952","1952","1952"
"187488","107.64539382114089","107.64539382114089","107.64539382114089","1953","1953","1953"
"187584","113.47300472821411","108.58911549839173","118.35689395803647","1954","1954","1954"
"187680","109.47721124909559","109.47721124909559","109.47721124909559","1955","1955","1955"
"187776","113.95310449766674","108.08989682764675","119.81631216768673","1956","1956","1956"
"187872","109.41319689452177","109.41319689452177","109.41319689452177","1957","1957","1957"
"187968","110.4222918096051","110.4222918096051","110.4222918096051","1958","1958","1958"
"188064","107.37282442134324","103.91830733285349","110.82734150983299","1959","1959","1959"
"188160","111.28040535571802","111.28040535571802","111.28040535571802","1960","1960","1960"
"188256","117.86784423953752","110.12035432638987","125.61533415268516","1961","1961","1961"
"188352","86.04246776038624","59.30403079844025","112.78090472233222","1962","1962","1962"
"188448","126.06557410989151","126.06557410989151","126.06557410989151","1963","1963","1963"
"188544","126.06557410989151","126.06557410989151","126.06557410989151","1964","1964","1964"
"188640","120.06759655632975","112.95800034597501","127.17719276668448","1965","1965","1965"
"188736","120.1610731532001","113.14495353971571","127.17719276668448","1966","1966","1966"
"188832","119.45832078097747","112.72721015595874","126.1894314059962","1967","1967","1967"
"188928","92.80093972904831","59.46940817234814","126.13247128574848","1968","1968","1968"
"189024","7.560922824650426","7.560922824650426","7.560922824650426","1969","1969","1969"
"189120","125.09819701962186","125.09819701962186","125.09819701962186","1970","1970","1970"
"189216","126.621383438288","126.621383438288","126.621383438288","1971","1971","1971"
"189312","119.85347221704754","113.57447314834658","126.13247128574848","1972","1972","1972"
"189408","119.82865695258738","113.17660212578095","126.48071177939381","1973","1973","1973"
"189504","111.23257473846652","111.23257473846652","111.23257473846652","1974","1974","1974"
"189600","117.91620779826728","109.69994431078608","126.13247128574848","1975","1975","1975"
"189696","92.54242193012803","59.01926975036453","126.06557410989151","1976","1976","1976"
"189792","6.805158149884692","6.805158149884692","6.805158149884692","1977","1977","1977"
"189888","92.96327605453857","61.88061554323182","124.04593656584532","1978","1978","1978"
"190080","106.93085397719322","106.93085397719322","106.93085397719322","1980","1980","1980"
"190176","110.91216394028491","110.91216394028491","110.91216394028491","1981","1981","1981"
"190272","118.71456390518378","111.29665652461907","126.13247128574848","1982","1982","1982"
"190368","119.172449098689","112.21242691162952","126.13247128574848","1983","1983","1983"
"190656","109.49249728516979","109.49249728516979","109.49249728516979","1986","1986","1986"
"190752","118.65531196562569","112.21242691162952","125.09819701962186","1987","1987","1987"
"190848","119.172449098689","112.21242691162952","126.13247128574848","1988","1988","1988"
"190944","117.86955285074956","111.63692689841527","124.10217880308386","1989","1989","1989"
"191040","120.05098860632924","115.00378019303663","125.09819701962186","1990","1990","1990"
"191136","118.63710320617486","111.2086323024582","126.06557410989151","1991","1991","1991"
"191232","127.17719276668448","127.17719276668448","127.17719276668448","1992","1992","1992"
"191328","119.65883227788706","113.22608599174097","126.09157856403316","1993","1993","1993"
"191424","80.08606893446238","80.08606893446238","80.08606893446238","1994","1994","1994"
"191520","119.74340166508489","114.06614728045803","125.42065604971174","1995","1995","1995"
"191616","127.17719276668448","127.17719276668448","127.17719276668448","1996","1996","1996"
"191808","114.02182803687222","114.02182803687222","114.02182803687222","1998","1998","1998"
"192192","127.17719276668448","127.17719276668448","127.17719276668448","2002","2002","2002"
"192288","113.53928979509706","113.53928979509706","113.53928979509706","2003","2003","2003"
"192384","120.31358809856434","113.97234417091221","126.65483202621648","2004","2004","2004"
"192576","109.92333914146455","109.92333914146455","109.92333914146455","2006","2006","2006"
"192672","110.12492749810035","110.12492749810035","110.12492749810035","2007","2007","2007"
"192768","60.324443231629886","60.324443231629886","60.324443231629886","2008","2008","2008"
"192960","119.11782226209561","113.13744750456937","125.09819701962186","2010","2010","2010"
"193056","60.34918516460989","60.34918516460989","60.34918516460989","2011","2011","2011"
"193152","124.07426549615647","124.07426549615647","124.07426549615647","2012","2012","2012"
"193248","113.13744750456937","113.13744750456937","113.13744750456937","2013","2013","2013"
"193344","110.97641509913191","110.97641509913191","110.97641509913191","2014","2014","2014"
"193440","120.01027287964862","113.8845920686123","126.13595369068493","2015","2015","2015"
"193536","120.12248860394999","113.00021153630945","127.24476567159051","2016","2016","2016"
"193632","126.6886184786695","126.6886184786695","126.6886184786695","2017","2017","2017"
"193728","111.34564555191949","111.34564555191949","111.34564555191949","2018","2018","2018"
"193824","126.13247128574848","126.13247128574848","126.13247128574848","2019","2019","2019"
"193920","119.03865369513582","111.94483610452315","126.13247128574848","2020","2020","2020"
"194016","120.16636465509993","113.08796363860934","127.24476567159051","2021","2021","2021"
"194112","113.03897461130893","113.03897461130893","113.03897461130893","2022","2022","2022"
"194208","119.61021746217891","113.08796363860934","126.13247128574848","2023","2023","2023"
"194400","118.20905523126241","110.28563917677634","126.13247128574848","2025","2025","2025"
"194496","126.06557410989151","126.06557410989151","126.06557410989151","2026","2026","2026"
"194688","5.574175897048498","5.574175897048498","5.574175897048498","2028","2028","2028"
"194880","127.17719276668448","127.17719276668448","127.17719276668448","2030","2030","2030"
"194976","127.17719276668448","127.17719276668448","127.17719276668448","2031","2031","2031"
"195072","112.1634378843291","112.1634378843291","112.1634378843291","2032","2032","2032"
"195168","119.29562077480708","112.10704736528386","126.48419418433029","2033","2033","2033"
"195264","127.73861633072133","127.73861633072133","127.73861633072133","2034","2034","2034"
"195552","119.61668784789352","114.02182803687222","125.21154765891481","2037","2037","2037"
"195744","92.66889990603991","60.306499968314924","125.03129984376488","2039","2039","2039"
"195840","113.11712747425088","113.11712747425088","113.11712747425088","2040","2040","2040"
"195936","112.21242691162952","112.21242691162952","112.21242691162952","2041","2041","2041"
"196128","125.09819701962186","125.09819701962186","125.09819701962186","2043","2043","2043"
"196224","59.932882400461864","7.560922824650426","112.3048419762733","2044","2044","2044"
"196320","119.35164889564726","113.08796363860934","125.61533415268516","2045","2045","2045"
"196416","118.62112668322561","112.14405634682936","125.09819701962186","2046","2046","2046"
"196512","110.83940449203999","110.83940449203999","110.83940449203999","2047","2047","2047"
"196608","109.37573399708879","105.71989487461349","113.0315731195641","2048","2048","2048"
"196704","111.13653581187549","111.13653581187549","111.13653581187549","2049","2049","2049"
"196800","114.02182803687222","114.02182803687222","114.02182803687222","2050","2050","2050"
"196896","119.33492460168301","113.08796363860934","125.58188556475667","2051","2051","2051"
"196992","111.67861974402376","111.67861974402376","111.67861974402376","2052","2052","2052"
"197088","120.19215161704132","112.08426333932445","128.30003989475819","2053","2053","2053"
"197184","120.13033731070348","113.04969540226946","127.2109792191375","2054","2054","2054"
"197280","112.26191077758955","112.26191077758955","112.26191077758955","2055","2055","2055"
"197376","118.66987177393315","112.24154652824443","125.09819701962186","2056","2056","2056"
"197472","113.13744750456937","113.13744750456937","113.13744750456937","2057","2057","2057"
"197568","117.92955996274577","112.6310611569495","123.22805876854203","2058","2058","2058"
"197664","124.71724417374277","124.71724417374277","124.71724417374277","2059","2059","2059"
"197856","101.73283206293004","91.75412078518725","111.71154334067285","2061","2061","2061"
"198048","107.86200042832289","107.86200042832289","107.86200042832289","2063","2063","2063"
"198144","121.07995368872777","114.91514170586503","127.24476567159051","2064","2064","2064"
"198240","113.5796377707208","113.5796377707208","113.5796377707208","2065","2065","2065"
"198336","113.13744750456937","113.13744750456937","113.13744750456937","2066","2066","2066"
"198432","127.21625559025333","127.21625559025333","127.21625559025333","2067","2067","2067"
"198528","126.65483202621648","126.65483202621648","126.65483202621648","2068","2068","2068"
"198624","112.98258409226369","112.98258409226369","112.98258409226369","2069","2069","2069"
"198720","119.90501097294653","113.67755066014458","126.13247128574848","2070","2070","2070"
"198816","113.08796363860934","113.08796363860934","113.08796363860934","2071","2071","2071"
"198912","125.09819701962186","125.09819701962186","125.09819701962186","2072","2072","2072"
"199008","118.70151949794757","118.70151949794757","118.70151949794757","2073","2073","2073"
"199104","67.81517471709732","8.941730955525154","126.6886184786695","2074","2074","2074"
"199200","127.17719276668448","127.17719276668448","127.17719276668448","2075","2075","2075"
"199296","127.17719276668448","127.17719276668448","127.17719276668448","2076","2076","2076"
"199392","7.560922824650426","7.560922824650426","7.560922824650426","2077","2077","2077"
"199488","118.28550713212732","110.43854297850615","126.13247128574848","2078","2078","2078"
"199680","127.17719276668448","127.17719276668448","127.17719276668448","2080","2080","2080"
"199776","126.65483202621648","126.65483202621648","126.65483202621648","2081","2081","2081"
"199872","103.25875754199853","103.25875754199853","103.25875754199853","2082","2082","2082"
"199968","126.09902269782","126.09902269782","126.09902269782","2083","2083","2083"