"Episode","Grouped runs - Returns_Instruction/stay","Grouped runs - Returns_Instruction/stay__MIN","Grouped runs - Returns_Instruction/stay__MAX","Grouped runs - _step","Grouped runs - _step__MIN","Grouped runs - _step__MAX"
"0","-7.2815431836582265","-12.540358954415609","-2.0227274129008443","0","0","0"
"96","-12.105699716195627","-13.186348529068376","-11.02505090332288","1","1","1"
"192","-10.016675304338001","-10.778959673878166","-9.254390934797835","2","2","2"
"288","-12.581053474110783","-12.581053474110783","-12.581053474110783","3","3","3"
"384","-10.874900642071108","-10.975923119201921","-10.773878164940294","4","4","4"
"480","-14.197125761316471","-14.441475230878991","-13.952776291753953","5","5","5"
"576","-11.770308171767555","-16.773570409855243","-6.767045933679867","6","6","6"
"672","-8.831635012617998","-12.909445643657358","-4.753824381578635","7","7","7"
"768","-10.821007684908263","-11.842032531778377","-9.799982838038149","8","8","8"
"864","-8.798638245032912","-11.23608226079612","-6.361194229269701","9","9","9"
"960","-5.442648727039017","-6.449021392326207","-4.436276061751826","10","10","10"
"1056","-6.82017856989372","-10.379995870266832","-3.260361269520609","11","11","11"
"1152","2.4218385916574636","2.4218385916574636","2.4218385916574636","12","12","12"
"1248","-2.800858424937922","-4.715393035465363","-0.886323814410481","13","13","13"
"1344","-6.003090470594136","-9.240266105238671","-2.765914835949601","14","14","14"
"1440","-6.191919334581394","-8.66020325142038","-3.723635417742407","15","15","15"
"1536","-2.5537537955653358","-7.015842479512995","1.908334888382323","16","16","16"
"1632","-1.2652799513725428","-5.366541591143422","2.8359816883983364","17","17","17"
"1728","-3.259384811891885","-8.66020325142038","2.1414336276366104","18","18","18"
"1824","-0.808987253246543","-4.307239352800282","2.6892648463071964","19","19","19"
"1920","-3.095787066915099","-7.0215894642313605","0.8300153304011632","20","20","20"
"2016","-3.4234502871919834","-5.148285099517477","-1.6986154748664892","21","21","21"
"2112","-1.7651917752095285","-2.4487638086647077","-1.0816197417543494","22","22","22"
"2208","-1.749404849161673","-3.6465484390969745","0.14773874077362859","23","23","23"
"2304","-4.426130213362942","-4.612883524637139","-4.239376902088744","24","24","24"
"2400","-5.354541779861933","-8.66020325142038","-2.048880308303484","25","25","25"
"2496","-2.5875380118731792","-3.028530966398195","-2.1465450573481633","26","26","26"
"2592","-8.66020325142038","-8.66020325142038","-8.66020325142038","27","27","27"
"2688","-5.269970529305295","-5.72995353621599","-4.809987522394602","28","28","28"
"2880","-6.840220658678769","-8.66020325142038","-5.020238065937156","30","30","30"
"2976","-8.66020325142038","-8.66020325142038","-8.66020325142038","31","31","31"
"3072","-8.66020325142038","-8.66020325142038","-8.66020325142038","32","32","32"
"3168","-8.66020325142038","-8.66020325142038","-8.66020325142038","33","33","33"
"3264","-8.66020325142038","-8.66020325142038","-8.66020325142038","34","34","34"
"3360","-8.66020325142038","-8.66020325142038","-8.66020325142038","35","35","35"
"3456","-6.195738988813856","-8.66020325142038","-3.731274726207331","36","36","36"
"3552","-4.652050303725147","-4.652050303725147","-4.652050303725147","37","37","37"
"3648","-8.66020325142038","-8.66020325142038","-8.66020325142038","38","38","38"
"3744","-8.66020325142038","-8.66020325142038","-8.66020325142038","39","39","39"
"3840","-6.615435907427302","-8.66020325142038","-4.570668563434223","40","40","40"
"3936","-8.208946152233723","-8.66020325142038","-7.757689053047066","41","41","41"
"4032","-4.028797549034863","-4.65335672190497","-3.4042383761647557","42","42","42"
"4128","-4.299118164601977","-7.043565350506502","-1.554670978697453","43","43","43"
"4224","-8.66020325142038","-8.66020325142038","-8.66020325142038","44","44","44"
"4320","-8.66020325142038","-8.66020325142038","-8.66020325142038","45","45","45"
"4416","-3.909787817081218","-3.909787817081218","-3.909787817081218","46","46","46"
"4512","-4.316474187575486","-8.66020325142038","0.02725487626940827","47","47","47"
"4608","-8.66020325142038","-8.66020325142038","-8.66020325142038","48","48","48"
"4704","-8.66020325142038","-8.66020325142038","-8.66020325142038","49","49","49"
"4800","-8.66020325142038","-8.66020325142038","-8.66020325142038","50","50","50"
"4896","-8.66020325142038","-8.66020325142038","-8.66020325142038","51","51","51"
"4992","-8.66020325142038","-8.66020325142038","-8.66020325142038","52","52","52"
"5088","-8.111931374157992","-8.66020325142038","-7.563659496895602","53","53","53"
"5184","-8.66020325142038","-8.660203251420382","-8.66020325142038","54","54","54"
"5280","-8.66020325142038","-8.66020325142038","-8.66020325142038","55","55","55"
"5376","-6.552845267960562","-8.66020325142038","-4.445487284500744","56","56","56"
"5472","-7.236200245227481","-8.66020325142038","-5.812197239034582","57","57","57"
"5568","-8.66020325142038","-8.66020325142038","-8.66020325142038","58","58","58"
"5664","-8.66020325142038","-8.66020325142038","-8.66020325142038","59","59","59"
"5760","-8.66020325142038","-8.66020325142038","-8.66020325142038","60","60","60"
"5856","-7.053674246208583","-8.66020325142038","-5.447145240996787","61","61","61"
"5952","-8.66020325142038","-8.66020325142038","-8.66020325142038","62","62","62"
"6048","-8.66020325142038","-8.66020325142038","-8.66020325142038","63","63","63"
"6144","-8.66020325142038","-8.66020325142038","-8.66020325142038","64","64","64"
"6240","-8.66020325142038","-8.66020325142038","-8.66020325142038","65","65","65"
"6336","-6.421857615773588","-8.66020325142038","-4.183511980126794","66","66","66"
"6432","-8.66020325142038","-8.66020325142038","-8.66020325142038","67","67","67"
"6528","-8.66020325142038","-8.66020325142038","-8.66020325142038","68","68","68"
"6624","-8.66020325142038","-8.66020325142038","-8.66020325142038","69","69","69"
"6720","-5.330212274992986","-8.66020325142038","-2.000221298565592","70","70","70"
"6816","-6.136596620526918","-6.136596620526918","-6.136596620526918","71","71","71"
"6912","-8.66020325142038","-8.66020325142038","-8.66020325142038","72","72","72"
"7008","-5.17813716117251","-8.66020325142038","-1.6960710709246403","73","73","73"
"7104","-8.66020325142038","-8.66020325142038","-8.66020325142038","74","74","74"
"7200","-7.498873171429752","-8.161398566074995","-6.836347776784508","75","75","75"
"7296","-8.66020325142038","-8.66020325142038","-8.66020325142038","76","76","76"
"7392","-8.66020325142038","-8.66020325142038","-8.66020325142038","77","77","77"
"7488","-8.208946152233723","-8.66020325142038","-7.757689053047066","78","78","78"
"7584","-8.66020325142038","-8.66020325142038","-8.66020325142038","79","79","79"
"7680","-8.66020325142038","-8.66020325142038","-8.66020325142038","80","80","80"
"7776","-8.66020325142038","-8.66020325142038","-8.66020325142038","81","81","81"
"7872","-8.66020325142038","-8.66020325142038","-8.66020325142038","82","82","82"
"7968","-8.66020325142038","-8.66020325142038","-8.66020325142038","83","83","83"
"8064","-8.66020325142038","-8.66020325142038","-8.66020325142038","84","84","84"
"8160","-4.946332028603092","-4.946332028603092","-4.946332028603092","85","85","85"
"8256","-8.66020325142038","-8.66020325142038","-8.66020325142038","86","86","86"
"8352","-7.64837331972457","-8.66020325142038","-6.63654338802876","87","87","87"
"8448","-8.66020325142038","-8.66020325142038","-8.66020325142038","88","88","88"
"8544","-7.337512778680953","-8.66020325142038","-6.014822305941526","89","89","89"
"8640","-8.66020325142038","-8.66020325142038","-8.66020325142038","90","90","90"
"8736","-8.66020325142038","-8.66020325142038","-8.66020325142038","91","91","91"
"8832","-7.978836294049465","-8.66020325142038","-7.297469336678549","92","92","92"
"8928","-8.66020325142038","-8.66020325142038","-8.66020325142038","93","93","93"
"9024","-8.66020325142038","-8.66020325142038","-8.66020325142038","94","94","94"
"9120","-8.66020325142038","-8.66020325142038","-8.66020325142038","95","95","95"
"9216","-8.66020325142038","-8.66020325142038","-8.66020325142038","96","96","96"
"9312","-8.66020325142038","-8.66020325142038","-8.66020325142038","97","97","97"
"9408","-8.66020325142038","-8.66020325142038","-8.66020325142038","98","98","98"
"9504","-8.66020325142038","-8.66020325142038","-8.66020325142038","99","99","99"
"9600","-8.66020325142038","-8.66020325142038","-8.66020325142038","100","100","100"
"9696","-8.66020325142038","-8.66020325142038","-8.66020325142038","101","101","101"
"9792","-8.66020325142038","-8.66020325142038","-8.66020325142038","102","102","102"
"9888","-8.66020325142038","-8.660203251420382","-8.66020325142038","103","103","103"
"9984","-8.22658614921179","-8.66020325142038","-7.792969047003202","104","104","104"
"10080","-6.421857615773588","-6.421857615773588","-6.421857615773588","105","105","105"
"10176","-8.66020325142038","-8.66020325142038","-8.66020325142038","106","106","106"
"10272","-8.66020325142038","-8.66020325142038","-8.66020325142038","107","107","107"
"10368","-8.66020325142038","-8.66020325142038","-8.66020325142038","108","108","108"
"10464","-7.152899793072372","-8.66020325142038","-5.645596334724363","109","109","109"
"10560","-8.66020325142038","-8.66020325142038","-8.66020325142038","110","110","110"
"10656","-8.66020325142038","-8.66020325142038","-8.66020325142038","111","111","111"
"10752","-8.66020325142038","-8.66020325142038","-8.66020325142038","112","112","112"
"10848","-8.66020325142038","-8.66020325142038","-8.66020325142038","113","113","113"
"10944","-8.66020325142038","-8.66020325142038","-8.66020325142038","114","114","114"
"11040","-8.66020325142038","-8.66020325142038","-8.66020325142038","115","115","115"
"11136","-8.66020325142038","-8.66020325142038","-8.66020325142038","116","116","116"
"11232","-8.66020325142038","-8.66020325142038","-8.66020325142038","117","117","117"
"11328","-8.66020325142038","-8.66020325142038","-8.66020325142038","118","118","118"
"11424","-7.775360679828525","-8.66020325142038","-6.890518108236669","119","119","119"
"11520","-8.66020325142038","-8.66020325142038","-8.66020325142038","120","120","120"
"11616","-8.66020325142038","-8.66020325142038","-8.66020325142038","121","121","121"
"11712","-8.66020325142038","-8.66020325142038","-8.66020325142038","122","122","122"
"11808","-7.764864997161663","-8.66020325142038","-6.869526742902946","123","123","123"
"11904","-8.297210985880923","-8.66020325142038","-7.934218720341468","124","124","124"
"12000","-8.66020325142038","-8.66020325142038","-8.66020325142038","125","125","125"
"12096","-8.66020325142038","-8.66020325142038","-8.66020325142038","126","126","126"
"12192","-8.66020325142038","-8.66020325142038","-8.66020325142038","127","127","127"
"12288","-8.66020325142038","-8.66020325142038","-8.66020325142038","128","128","128"
"12384","-8.66020325142038","-8.66020325142038","-8.66020325142038","129","129","129"
"12480","-8.66020325142038","-8.66020325142038","-8.66020325142038","130","130","130"
"12576","-8.66020325142038","-8.66020325142038","-8.66020325142038","131","131","131"
"12672","-6.3992480638983675","-8.66020325142038","-4.138292876376355","132","132","132"
"12768","-8.66020325142038","-8.66020325142038","-8.66020325142038","133","133","133"
"12864","-8.66020325142038","-8.66020325142038","-8.66020325142038","134","134","134"
"12960","-7.267545110997609","-8.66020325142038","-5.8748869705748366","135","135","135"
"13056","-4.183511980126794","-8.66020325142038","0.2931792911667915","136","136","136"
"13152","-8.66020325142038","-8.66020325142038","-8.66020325142038","137","137","137"
"13248","-7.710867913958447","-8.66020325142038","-6.761532576496514","138","138","138"
"13344","-8.016281854640626","-8.66020325142038","-7.3723604578608715","139","139","139"
"13440","-8.66020325142038","-8.66020325142038","-8.66020325142038","140","140","140"
"13536","-8.66020325142038","-8.66020325142038","-8.66020325142038","141","141","141"
"13632","-8.66020325142038","-8.66020325142038","-8.66020325142038","142","142","142"
"13728","-8.66020325142038","-8.66020325142038","-8.66020325142038","143","143","143"
"13824","-5.645596334724364","-5.645596334724364","-5.645596334724364","144","144","144"
"13920","-6.914333023482725","-8.66020325142038","-5.16846279554507","145","145","145"
"14016","-8.66020325142038","-8.66020325142038","-8.66020325142038","146","146","146"
"14112","-8.66020325142038","-8.66020325142038","-8.66020325142038","147","147","147"
"14208","-8.18976999293956","-8.18976999293956","-8.18976999293956","148","148","148"
"14304","-5.096397055404834","-5.096397055404834","-5.096397055404834","149","149","149"
"14400","-6.922482109096725","-8.66020325142038","-5.1847609667730685","150","150","150"
"14496","-5.446940765073231","-6.755588653770106","-4.138292876376355","151","151","151"
"14592","-0.7062765205770838","-1.5632761612927812","0.15072312013861358","152","152","152"
"14688","-1.8544997576672515","-4.092617014002173","0.3836174986676703","153","153","153"
"14784","-0.08749640083492762","-0.08749640083492762","-0.08749640083492762","154","154","154"
"14880","-0.08678455580644506","-4.183511980126794","4.009942868513904","155","155","155"
"14976","-4.316474187575486","-8.66020325142038","0.02725487626940827","156","156","156"
"15072","2.1801530067521684","2.118921234297755","2.241384779206582","157","157","157"
"15168","2.7438266965843088","-2.7961530001990393","8.283806393367657","158","158","158"
"15264","4.773814730267235","4.773814730267235","4.773814730267235","159","159","159"
"15360","8.173167682236432","7.410026097817725","8.93630926665514","160","160","160"
"15456","2.153943878683187","0.31578884304201116","3.9920989143243633","161","161","161"
"15552","4.774897434960076","4.774897434960076","4.774897434960076","162","162","162"
"15648","2.023079735480919","-0.6798440389502343","4.726003509912072","163","163","163"
"15744","4.642620064983614","4.51491737646935","4.770322753497878","164","164","164"
"15840","5.592870662581796","1.9355618717578758","9.250179453405716","165","165","165"
"15936","8.445425550616049","8.172627924542416","8.718223176689682","166","166","166"
"16032","-4.403608206739914","-4.404302017533828","-4.4029143959459995","167","167","167"
"16128","9.159732179017777","8.980646417458225","9.338817940577327","168","168","168"
"16224","1.985470326553445","0.007811337708597617","3.9631293153982923","169","169","169"
"16320","10.209810840169709","10.115981092102198","10.303640588237222","170","170","170"
"16416","2.9538130297842913","1.5559371426826332","4.35168891688595","171","171","171"
"16512","1.8018378381617834","0.29498810099266976","3.308687575330897","172","172","172"
"16608","4.29169196494073","3.9478141055598917","4.635569824321568","173","173","173"
"16704","0.29363148220429536","0.20364546574092035","0.3836174986676703","174","174","174"
"16800","8.054021881838937","7.750273575898229","8.357770187779645","175","175","175"
"16896","6.176214683271363","4.81508966621081","7.537339700331916","176","176","176"
"16992","5.905769210031207","0.2931792911667915","11.518359128895622","177","177","177"
"17088","9.398540599982777","8.848995924866749","9.948085275098807","178","178","178"
"17184","8.346282125194033","7.535088572932854","9.157475677455212","179","179","179"
"17280","6.857903315359696","4.938252682926153","8.777553947793239","180","180","180"
"17376","3.869747400966941","3.869747400966941","3.869747400966941","181","181","181"
"17472","9.597712246433598","9.158827728657352","10.036596764209843","182","182","182"
"17568","8.97093473988031","8.685643701990488","9.256225777770132","183","183","183"
"17664","4.7882795001604554","0.11500697856930522","9.461552021751606","184","184","184"
"17760","10.38530058043259","8.892433215505196","11.878167945359984","185","185","185"
"17856","14.143414772669315","14.143414772669315","14.143414772669315","186","186","186"
"17952","10.868642589266198","9.067494182902214","12.669790995630184","187","187","187"
"18048","7.768156255928056","7.06748789141683","8.468824620439282","188","188","188"
"18144","8.416197208692484","7.675366409056888","9.157028008328082","189","189","189"
"18240","-8.66020325142038","-8.66020325142038","-8.66020325142038","190","190","190"
"18336","9.699800865136197","9.699800865136197","9.699800865136197","191","191","191"
"18432","15.494505542003646","15.494505542003646","15.494505542003646","192","192","192"
"18528","11.551963374937227","10.451611244630364","12.652315505244088","193","193","193"
"18624","9.615237215775274","7.745275652639762","11.485198778910787","194","194","194"
"18720","9.845484560784236","9.068389521156474","10.622579600411996","195","195","195"
"18816","0.24931223861848562","0.24931223861848562","0.24931223861848562","196","196","196"
"18912","9.733237187839109","8.652260047412518","10.814214328265697","197","197","197"
"19008","8.698261266496466","8.698261266496466","8.698261266496466","198","198","198"
"19104","10.99861139728468","8.4987000857656","13.498522708803758","199","199","199"
"19200","9.06023130934931","8.769729142603008","9.350733476095613","200","200","200"
"19296","6.684638531663626","2.8499187650131823","10.519358298314069","201","201","201"
"19392","4.937388886362214","0.20364546574092035","9.671132306983509","202","202","202"
"19488","9.161860589577515","8.518907981716007","9.804813197439024","203","203","203"
"19584","7.99200064568986","-0.3332962511010171","16.317297542480738","204","204","204"
"19680","15.089640979754934","15.089640979754934","15.089640979754934","205","205","205"
"19776","9.764039856132275","7.424258610152217","12.103821102112335","206","206","206"
"19872","7.402375101605154","3.954696139438781","10.850054063771527","207","207","207"
"19968","13.423170399050846","9.817038635105359","17.029302162996334","208","208","208"
"20064","8.459371897541951","5.520663946845868","11.398079848238034","209","209","209"
"20160","8.891140510556575","8.579586239907497","9.202694781205654","210","210","210"
"20256","9.945081924848072","9.157028008328082","10.73313584136806","211","211","211"
"20352","12.74529340753708","9.201794921041015","16.288791894033142","212","212","212"
"20448","9.112708764742276","9.112708764742276","9.112708764742276","213","213","213"
"20544","12.238055518947611","8.022380282112104","16.453730755783116","214","214","214"
"20640","8.512945846353293","4.6812365971991365","12.344655095507449","215","215","215"
"20736","13.578845802959481","8.937200128218132","18.220491477700833","216","216","216"
"20832","15.433607863999473","10.943473275582546","19.9237424524164","217","217","217"
"20928","8.73153363918064","8.64078078340504","8.822286494956241","218","218","218"
"21024","9.789654224088132","9.337000041254834","10.242308406921431","219","219","219"
"21120","1.8500861944782478","-8.66020325142038","12.360375640376876","220","220","220"
"21216","13.060536406352853","13.060536406352853","13.060536406352853","221","221","221"
"21312","10.16679442897563","9.24656183375395","11.08702702419731","222","222","222"
"21408","12.004818578657716","9.201794921041015","14.807842236274416","223","223","223"
"21504","8.633077399580193","8.633077399580193","8.633077399580193","224","224","224"
"21600","12.800946431082194","12.800946431082194","12.800946431082194","225","225","225"
"21696","11.344040079059027","11.162787702923758","11.525292455194299","226","226","226"
"21888","15.323289612811447","15.323289612811447","15.323289612811447","228","228","228"
"21984","4.725103649747435","4.725103649747435","4.725103649747435","229","229","229"
"22080","10.238274440797296","9.201794921041015","11.274753960553577","230","230","230"
"22176","12.659475190211833","9.157028008328082","16.16192237209558","231","231","231"
"22272","14.865234906025677","9.157326454412834","20.57314335763852","232","232","232"
"22368","12.91293354857509","12.625746397973403","13.200120699176775","233","233","233"
"22464","11.252491197599301","9.337000041254834","13.167982353943767","234","234","234"
"22560","13.03126114425805","12.051821855407887","14.01070043310821","235","235","235"
"22656","3.3419178619843812","-8.66020325142038","15.344038975389143","236","236","236"
"22752","13.037955411725978","8.98063741885658","17.09527340459538","237","237","237"
"22848","11.980365830390696","8.931349271820471","15.02938238896092","238","238","238"
"22944","14.120342257278514","13.242980405400449","14.99770410915658","239","239","239"
"23040","14.355712570738708","14.355712570738708","14.355712570738708","240","240","240"
"23136","10.70366276129187","6.526818617528744","14.880506905054995","241","241","241"
"23232","17.484482677096878","16.518671007819034","18.450294346374722","242","242","242"
"23328","12.578390804835173","9.201794921041015","15.954986688629333","243","243","243"
"23424","17.30285233386275","17.30285233386275","17.30285233386275","244","244","244"
"23520","4.036900261858632","0.2931792911667843","7.780621232550478","245","245","245"
"23616","13.560513736906154","10.459855837847154","16.661171635965154","246","246","246"
"23712","12.61847829148345","9.89426782161603","15.342688761350871","247","247","247"
"23808","11.246347984191267","9.157028008328082","13.335667960054455","248","248","248"
"23904","13.190206888529719","12.832960863718782","13.547452913340654","249","249","249"
"24000","13.692250956100947","8.521205202508085","18.86329670969381","250","250","250"
"24096","13.45771786389629","13.45771786389629","13.45771786389629","251","251","251"
"24192","2.308731979086116","-8.66020325142038","13.277667209592613","252","252","252"
"24288","0.24841237845385056","0.24841237845385056","0.24841237845385056","253","253","253"
"24384","15.738492499512981","15.738492499512981","15.738492499512981","254","254","254"
"24480","9.24656183375395","9.24656183375395","9.24656183375395","255","255","255"
"24576","12.110566033177143","10.464905003872499","13.75622706248179","256","256","256"
"24672","15.723051092051172","12.724471693079709","18.721630491022637","257","257","257"
"24768","12.689499193801428","9.24656183375395","16.132436553848905","258","258","258"
"24864","4.356257607355854","-8.66020325142038","17.37271846613209","259","259","259"
"24960","14.533007096713868","12.967049233202431","16.098964960225306","260","260","260"
"25056","15.56546880201415","14.041401967643843","17.089535636384458","261","261","261"
"25152","15.701963192153364","15.14866418243592","16.255262201870806","262","262","262"
"25248","16.927667007822503","14.889443573581378","18.96589044206363","263","263","263"
"25344","13.895612139275162","12.55082868622524","15.240395592325084","264","264","264"
"25440","7.192044403162409","5.119258454655689","9.26483035166913","265","265","265"
"25536","12.187242141741724","9.24656183375395","15.127922449729498","266","266","266"
"25632","15.859370062449464","14.865729684651795","16.853010440247132","267","267","267"
"25728","15.862981567207406","11.881172098406468","19.844791036008345","268","268","268"
"25824","17.738870816362297","14.091058571255498","21.386683061469096","269","269","269"
"25920","13.661137897255653","9.24656183375395","18.07571396075736","270","270","270"
"26016","2.663937565803251","-8.66020325142038","13.988078383026883","271","271","271"
"26112","14.640116705839368","9.201794921041015","20.07843849063772","272","272","272"
"26208","14.108851193541486","13.54740374178255","14.670298645300424","273","273","273"
"26304","13.019675815995022","8.825295703105104","17.21405592888494","274","274","274"
"26400","12.793015945322168","9.24656183375395","16.339470056890388","275","275","275"
"26496","14.404894501652178","13.45115039214675","15.358638611157605","276","276","276"
"26592","15.069844848897768","11.439410989860068","18.700278707935468","277","277","277"
"26688","15.853723835174","15.853723835174","15.853723835174","278","278","278"
"26784","2.185748671392223","-8.66020325142038","13.031700594204827","279","279","279"
"26880","6.429552309455985","3.70207661058389","9.157028008328082","280","280","280"
"26976","16.122046046736727","13.200004289616647","19.04408780385681","281","281","281"
"27072","11.077175731157602","9.24656183375395","12.907789628561256","282","282","282"
"27168","11.570102624244413","9.18687261680337","13.953332631685454","283","283","283"
"27264","12.497436378098016","9.216717225278659","15.778155530917374","284","284","284"
"27360","7.541849564039241","7.541849564039241","7.541849564039241","285","285","285"
"27456","11.462173705863478","9.24656183375395","13.677785577973005","286","286","286"
"27552","9.112708764742276","8.978855695730603","9.24656183375395","287","287","287"
"27648","13.780145991471407","9.201794921041015","18.3584970619018","288","288","288"
"27744","9.24656183375395","9.24656183375395","9.24656183375395","289","289","289"
"27840","12.599637703048604","9.112261095615148","16.087014310482058","290","290","290"
"27936","7.193107186511619","7.193107186511619","7.193107186511619","291","291","291"
"28032","11.901541739567014","9.24656183375395","14.556521645380078","292","292","292"
"28128","14.466632938007034","10.137183975946876","18.796081900067193","293","293","293"
"28224","9.24656183375395","9.24656183375395","9.24656183375395","294","294","294"
"28320","19.00968107028145","19.00968107028145","19.00968107028145","295","295","295"
"28416","14.171477161590417","9.157326454412834","19.185627868768","296","296","296"
"28512","9.24656183375395","9.24656183375395","9.24656183375395","297","297","297"
"28608","15.21588243559615","11.872981406992606","18.558783464199692","298","298","298"
"28704","-4.183511980126794","-4.183511980126794","-4.183511980126794","299","299","299"
"28800","12.168824218094798","9.337000041254834","15.000648394934764","300","300","300"
"28896","18.197573149187516","15.518261085565479","20.87688521280955","301","301","301"
"28992","15.258911740328347","15.258911740328347","15.258911740328347","302","302","302"
"29088","11.709790140065408","3.3379322770297626","20.081648003101055","303","303","303"
"29184","13.826345131131706","9.24656183375395","18.40612842850946","304","304","304"
"29280","14.32636468918863","9.24656183375395","19.40616754462331","305","305","305"
"29376","16.19183576148493","10.573557483212227","21.81011403975764","306","306","306"
"29472","15.451062821910114","9.337000041254834","21.56512560256539","307","307","307"
"29568","11.273227924474776","11.273227924474776","11.273227924474776","308","308","308"
"29664","12.349435017208869","9.291780937504392","15.407089096913344","309","309","309"
"29760","3.7363202360854952","-8.66020325142038","16.13284372359137","310","310","310"
"29856","14.115932953973996","9.524739246300937","18.707126661647056","311","311","311"
"29952","16.78435556883059","14.810619994086618","18.758091143574568","312","312","312"
"30048","12.859576876505407","9.24656183375395","16.472591919256867","313","313","313"
"30144","12.597030772719174","7.070311957721219","18.12374958771713","314","314","314"
"30240","13.551874638854677","9.337000041254834","17.766749236454523","315","315","315"
"30336","15.649705772358836","11.561074480604598","19.738337064113075","316","316","316"
"30432","20.18675163024068","20.18675163024068","20.18675163024068","317","317","317"
"30528","18.522107280682693","18.522107280682693","18.522107280682693","318","318","318"
"30624","14.245310404570187","9.337000041254834","19.153620767885542","319","319","319"
"30720","18.945778278334604","18.945778278334604","18.945778278334604","320","320","320"
"30816","15.611291601484474","12.141950853539807","19.08063234942914","321","321","321"
"30912","9.407460217188815","3.277640138695839","15.53728029568179","322","322","322"
"31008","11.834026641091167","7.294758391609319","16.373294890573014","323","323","323"
"31104","12.517927471574186","12.517927471574186","12.517927471574186","324","324","324"
"31200","12.60922254252577","4.275073444817594","20.943371640233945","325","325","325"
"31296","9.24656183375395","9.24656183375395","9.24656183375395","326","326","326"
"31392","16.927150088637834","11.919544685320165","21.934755491955503","327","327","327"
"31488","14.972101372070114","9.24656183375395","20.697640910386276","328","328","328"
"31584","10.268891213715976","4.7700966579791215","15.76768576945283","329","329","329"
"31680","9.179411464684549","9.179411464684549","9.179411464684549","330","330","330"
"31776","13.593172621673702","9.157920362121493","18.028424881225913","331","331","331"
"31872","15.195306248224238","12.091065698022986","18.29954679842549","332","332","332"
"31968","19.97406681951323","19.97406681951323","19.97406681951323","333","333","333"
"32064","13.473768018294557","9.24656183375395","17.700974202835162","334","334","334"
"32160","16.18200666112111","16.18200666112111","16.18200666112111","335","335","335"
"32256","14.833058182611001","9.337000041254834","20.32911632396717","336","336","336"
"32352","14.725261452213767","10.9586989413649","18.491823963062632","337","337","337"
"32448","12.907733517217952","12.881856024116578","12.933611010319325","338","338","338"
"32544","11.59879972425611","9.24656183375395","13.951037614758272","339","339","339"
"32640","10.499368838540146","9.24656183375395","11.752175843326341","340","340","340"
"32736","21.102213035042645","21.102213035042645","21.102213035042645","341","341","341"
"32832","6.855227347439463","0.2931792911667843","13.417275403712143","342","342","342"
"32928","13.31390024280713","9.24656183375395","17.38123865186031","343","343","343"
"33024","16.653740344388254","12.660239190880898","20.64724149789561","344","344","344"
"33120","20.352723606447682","20.352723606447682","20.352723606447682","345","345","345"
"33216","14.718579273038305","14.718579273038305","14.718579273038305","346","346","346"
"33312","12.474787309003272","9.24656183375395","15.703012784252593","347","347","347"
"33408","15.630156036908087","13.152540990949522","18.107771082866652","348","348","348"
"33504","14.00949341516781","13.173855475544487","14.845131354791135","349","349","349"
"33600","5.226466208038971","-8.66020325142038","19.113135667498323","350","350","350"
"33696","15.726799029123276","12.074348293432898","19.379249764813654","351","351","351"
"33792","10.447091051686701","3.1784546848249007","17.715727418548504","352","352","352"
"33888","17.499084623879156","16.60011384979315","18.398055397965166","353","353","353"
"33984","9.24656183375395","9.24656183375395","9.24656183375395","354","354","354"
"34080","18.845466553401877","15.004024097423976","22.686909009379775","355","355","355"
"34176","19.571051454759296","18.761384396810595","20.380718512707997","356","356","356"
"34368","19.34172645827635","17.629837322250214","21.05361559430249","358","358","358"
"34464","11.098344970679678","5.82703992941439","16.369650011944966","359","359","359"
"34560","20.536019463077622","20.21239704557989","20.859641880575353","360","360","360"
"34656","20.250664561642772","20.250664561642772","20.250664561642772","361","361","361"
"34752","13.744102639986107","9.24656183375395","18.241643446218266","362","362","362"
"34848","17.41956665603188","15.420367625251837","19.418765686811923","363","363","363"
"34944","16.901470957642125","16.901470957642125","16.901470957642125","364","364","364"
"35040","8.440859698567943","0.9003981069576786","15.981321290178206","365","365","365"
"35136","23.095222986045222","23.095222986045222","23.095222986045222","366","366","366"
"35232","20.590159219942436","20.590159219942436","20.590159219942436","367","367","367"
"35328","10.708433239165817","9.24656183375395","12.170304644577685","368","368","368"
"35424","13.241859605984676","9.24656183375395","17.2371573782154","369","369","369"
"35520","17.085840583127258","9.24656183375395","24.925119332500564","370","370","370"
"35616","12.429436781182043","9.24955248589642","15.609321076467666","371","371","371"
"35712","14.149091150142478","9.24656183375395","19.05162046653101","372","372","372"
"35808","4.825550761318228","-8.66020325142038","18.311304774056836","373","373","373"
"35904","15.986697634013055","10.794053212806181","21.17934205521993","374","374","374"
"36000","15.350821913238747","14.886518120352825","15.815125706124668","375","375","375"
"36096","20.72046285645353","20.71150265810408","20.729423054802975","376","376","376"
"36192","20.866258704455994","20.866258704455994","20.866258704455994","377","377","377"
"36288","14.510477909444116","9.24656183375395","19.77439398513428","378","378","378"
"36384","21.21383700952288","21.21383700952288","21.21383700952288","379","379","379"
"36480","17.286466598407642","14.039967457325552","20.532965739489732","380","380","380"
"36576","16.910462731944225","12.517927471574186","21.302997992314264","381","381","381"
"36672","13.68297503679533","8.48089618088026","18.885053892710403","382","382","382"
"36768","11.948816493593332","7.8484817082197935","16.04915127896687","383","383","383"
"36864","19.33878999710047","18.322348025278924","20.355231968922013","384","384","384"
"36960","18.749352142265586","18.749352142265586","18.749352142265586","385","385","385"
"37056","20.23403089262872","18.66284721920784","21.8052145660496","386","386","386"
"37152","20.01194605904151","17.89000717425464","22.133884943828377","387","387","387"
"37248","6.522248194668702","-8.66020325142038","21.704699640757784","388","388","388"
"37344","23.59527390758516","23.59527390758516","23.59527390758516","389","389","389"
"37440","20.955975521500545","20.955975521500545","20.955975521500545","390","390","390"
"37536","19.881818180211496","19.881818180211496","19.881818180211496","391","391","391"
"37632","17.31061512050185","17.31061512050185","17.31061512050185","392","392","392"
"37728","20.40472131775004","20.40472131775004","20.40472131775004","393","393","393"
"37824","20.202381496189414","19.17422921905746","21.23053377332137","394","394","394"
"37920","11.966898006899054","9.337000041254834","14.596795972543273","395","395","395"
"38016","21.519738023062846","20.49318474178834","22.546291304337352","396","396","396"
"38112","14.933890215896383","14.933890215896383","14.933890215896383","397","397","397"
"38208","18.14254286086767","15.745178656508145","20.539907065227194","398","398","398"
"38304","17.702456906214934","16.44289117924405","18.96202263318582","399","399","399"
"38400","16.793304930661055","16.51430536723758","17.07230449408453","400","400","400"
"38496","20.94414460944966","19.791322466183097","22.096966752716217","401","401","401"
"38592","16.39821660315841","13.733876960519744","19.062556245797076","402","402","402"
"38688","23.46610248453985","23.46610248453985","23.46610248453985","403","403","403"
"38784","19.189454959270435","16.28194316582465","22.096966752716217","404","404","404"
"38880","14.568781478867338","6.043755269171928","23.093807688562748","405","405","405"
"38976","20.24961553099069","18.710821851221937","21.788409210759443","406","406","406"
"39072","20.701875370633157","20.701875370633157","20.701875370633157","407","407","407"
"39168","17.602710768825418","14.946901665824779","20.258519871826053","408","408","408"
"39264","16.848190466320602","11.746589092536723","21.949791840104478","409","409","409"
"39360","20.03233490367586","17.281522148461747","22.78314765888997","410","410","410"
"39456","21.462200875443493","20.927749391669213","21.99665235921777","411","411","411"
"39552","18.8955108462967","17.52556470510133","20.265456987492065","412","412","412"
"39648","20.301420404757376","20.301420404757376","20.301420404757376","413","413","413"
"39744","20.66780304731486","20.51024387373579","20.82536222089393","414","414","414"
"39840","19.52964063266127","17.828352486273797","21.23092877904874","415","415","415"
"39936","22.191335069526936","21.969367085601604","22.41330305345227","416","416","416"
"40032","21.09427729204655","19.034246288816597","23.1543082952765","417","417","417"
"40128","4.900893993827278","-8.66020325142038","18.461991239074937","418","418","418"
"40224","21.050661752374825","18.42636033918984","23.67496316555981","419","419","419"
"40320","21.31571993295179","21.31571993295179","21.31571993295179","420","420","420"
"40416","13.12555161758386","9.067494182902214","17.183609052265503","421","421","421"
"40512","18.193050110720336","16.478418840607667","19.907681380833004","422","422","422"
"40608","18.02038506308586","15.547778970425535","20.492991155746186","423","423","423"
"40704","15.370722248391496","12.754561057402473","17.98688343938052","424","424","424"
"40800","18.839795825111125","18.814022544410513","18.865569105811733","425","425","425"
"40896","17.419703866796524","17.104247623901138","17.735160109691915","426","426","426"
"40992","4.261702900422561","-8.66020325142038","17.183609052265503","427","427","427"
"41088","18.39308709419303","17.14392833808332","19.642245850302743","428","428","428"
"41184","17.08016691079888","16.51430536723758","17.646028454360177","429","429","429"
"41280","20.593048136425818","20.593048136425818","20.593048136425818","430","430","430"
"41376","21.985023617979714","21.985023617979714","21.985023617979714","431","431","431"
"41472","13.799771224952513","7.990976546268708","19.60856590363632","432","432","432"
"41568","20.943166855682247","20.943166855682247","20.943166855682247","433","433","433"
"41664","20.118792961952927","20.118792961952927","20.118792961952927","434","434","434"
"41760","15.935940678759332","15.609321076467666","16.262560281050998","435","435","435"
"41856","16.43160043506502","15.507753349949674","17.355447520180373","436","436","436"
"41952","3.9270510579085993","3.9270510579085993","3.9270510579085993","437","437","437"
"42048","17.06109103504685","14.121870258576664","20.000311811517033","438","438","438"
"42144","19.635651553263422","18.410427917371837","20.860875189155003","439","439","439"
"42240","18.810682584786427","16.44253231397775","21.1788328555951","440","440","440"
"42336","21.39782655398466","21.39782655398466","21.39782655398466","441","441","441"
"42432","19.313763814454507","18.67535309814487","19.952174530764143","442","442","442"
"42528","18.443116594903035","18.443116594903035","18.443116594903035","443","443","443"
"42624","12.752626699902958","3.891164531278685","21.61408886852723","444","444","444"
"42720","16.84895720975154","16.51430536723758","17.183609052265503","445","445","445"
"42816","16.95069267891266","16.51430536723758","17.38707999058774","446","446","446"
"42912","16.799843778394234","16.44253231397775","17.157155242810713","447","447","447"
"43008","16.507313590061926","15.910379556222715","17.104247623901138","448","448","448"
"43104","15.457871906708007","11.379201553222257","19.536542260193755","449","449","449"
"43200","18.264515723402212","17.062902262180458","19.46612918462397","450","450","450"
"43296","19.482203088040404","16.51430536723758","22.450100808843228","451","451","451"
"43392","18.065709519299595","15.055118210582034","21.076300828017153","452","452","452"
"43488","18.641755358404517","15.804058421570392","21.479452295238644","453","453","453"
"43584","17.18110988632947","15.105006085747156","19.257213686911783","454","454","454"
"43680","21.240812005110147","19.82644853404718","22.655175476173113","455","455","455"
"43776","17.989814787943278","12.925652704246206","23.053976871640348","456","456","456"
"43872","19.42049351041241","16.735984965777753","22.105002055047066","457","457","457"
"44064","16.053600288213143","9.337000041254834","22.77020053517145","459","459","459"
"44160","15.277613994803026","12.925652704246207","17.629575285359845","460","460","460"
"44256","21.743826208294912","21.743826208294912","21.743826208294912","461","461","461"
"44352","21.779320309067167","20.621484066099544","22.937156552034786","462","462","462"
"44448","22.511368384063143","21.565854311309273","23.456882456817013","463","463","463"
"44544","16.170353771534128","9.337000041254834","23.003707501813423","464","464","464"
"44640","9.631036095824939","3.74042472051217","15.521647471137708","465","465","465"
"44736","16.51430536723758","16.51430536723758","16.51430536723758","466","466","466"
"44832","15.747407919254135","11.675364729662178","19.819451108846092","467","467","467"
"44928","14.367871471898692","14.037955229847801","14.69778771394958","468","468","468"
"45024","16.02298375545184","15.70249564864993","16.34347186225375","469","469","469"
"45120","21.983040761679","18.981010717446583","24.985070805911416","470","470","470"
"45216","13.25839096718126","12.925652704246207","13.591129230116314","471","471","471"
"45312","-8.66020325142038","-8.66020325142038","-8.66020325142038","472","472","472"
"45408","18.434280121697277","16.49636210392262","20.37219813947193","473","473","473"
"45504","13.492831724131992","5.676598426128777","21.309065022135208","474","474","474"
"45600","21.234646328458112","18.794657320966696","23.674635335949525","475","475","475"
"45696","19.51479750971307","16.51430536723758","22.51528965218856","476","476","476"
"45792","23.33837720510637","22.747159075701713","23.929595334511024","477","477","477"
"45888","24.798365032678433","24.798365032678433","24.798365032678433","478","478","478"
"45984","18.178608904030224","12.77897745793677","23.578240350123675","479","479","479"
"46080","11.774912323082969","6.234782339675119","17.31504230649082","480","480","480"
"46176","17.176501370409817","17.169393688554134","17.183609052265503","481","481","481"
"46272","18.536369146255694","16.893618138045337","20.179120154466055","482","482","482"
"46368","23.778281254772324","22.441385715490142","25.115176794054502","483","483","483"
"46464","17.819812126018945","11.939140400845222","23.700483851192672","484","484","484"
"46560","22.195907592108952","21.56489012401341","22.826925060204495","485","485","485"
"46656","15.206182588136272","14.746473304502976","15.665891871769569","486","486","486"
"46752","15.940782702718025","10.655354647000058","21.22621075843599","487","487","487"
"46848","18.012827418691046","12.480190924477876","23.545463912904214","488","488","488"
"46944","12.340066703383584","2.133842102429817","22.546291304337352","489","489","489"
"47040","21.98601611162779","20.738362499614716","23.233669723640865","490","490","490"
"47136","19.39776508184125","16.747613478542235","22.047916685140265","491","491","491"
"47232","23.334954264698062","23.334954264698062","23.334954264698062","492","492","492"
"47328","9.247466215828963","9.247466215828963","9.247466215828963","493","493","493"
"47424","14.659087890140187","5.836330415982547","23.481845364297826","494","494","494"
"47520","24.03678668686842","24.03678668686842","24.03678668686842","495","495","495"
"47616","17.505771938505262","16.336133054640097","18.675410822370424","496","496","496"
"47712","22.76139111571367","22.492664481816636","23.030117749610707","497","497","497"
"47808","21.679342364133607","20.68341770356037","22.675267024706844","498","498","498"
"47904","19.36889771600233","15.715318579235243","23.022476852769415","499","499","499"
"48000","22.12351616141039","19.5352768153231","24.711755507497678","500","500","500"
"48096","12.035470606863825","8.498854546897784","15.572086666829865","501","501","501"
"48192","18.79236401424305","16.262560281050998","21.3221677474351","502","502","502"
"48288","22.06690553847534","21.433224790156544","22.700586286794138","503","503","503"
"48384","18.91417279316185","14.912433821241464","22.915911765082235","504","504","504"
"48480","15.17353094005903","7.9032733253197796","22.443788554798278","505","505","505"
"48576","18.495333788735433","13.955722987868105","23.03494458960276","506","506","506"
"48672","16.124847525764586","8.509162652501743","23.74053239902743","507","507","507"
"48768","13.060414068851305","6.7454723593063814","19.375355778396226","508","508","508"
"48864","18.01550868194877","16.530688630707036","19.500328733190504","509","509","509"
"48960","12.888743356918017","11.054497319317775","14.72298939451826","510","510","510"
"49056","17.093458256425954","11.495772776744326","22.691143736107584","511","511","511"
"49152","19.741255375264824","19.677934416466993","19.804576334062656","512","512","512"
"49248","25.94937210371944","23.826672360469722","28.072071846969163","513","513","513"
"49344","25.80616159969137","25.80616159969137","25.80616159969137","514","514","514"
"49440","22.57936842799598","22.57936842799598","22.57936842799598","515","515","515"
"49536","15.45997437083045","15.104087546213492","15.815861195447408","516","516","516"
"49632","23.979265744776214","23.94643741792575","24.012094071626677","517","517","517"
"49728","16.12739137568576","15.150535127470382","17.104247623901138","518","518","518"
"49824","25.527797266257757","23.342809909177237","27.71278462333828","519","519","519"
"49920","22.216441666654895","20.965982873986196","23.466900459323597","520","520","520"
"50016","16.810406258932932","8.472248667139104","25.148563850726763","521","521","521"
"50112","21.700439326270498","15.42493492337506","27.975943729165937","522","522","522"
"50208","25.711650200043024","25.013773553914366","26.409526846171687","523","523","523"
"50304","17.729824998618476","7.3736874760142985","28.085962521222655","524","524","524"
"50400","18.551851630022817","17.183609052265503","19.920094207780135","525","525","525"
"50592","20.55609300245974","19.893558027391343","21.21862797752814","527","527","527"
"50688","26.523798733434443","25.47982718003136","27.567770286837526","528","528","528"
"50784","23.539807935451552","23.539807935451552","23.539807935451552","529","529","529"
"50880","19.59172443293818","16.219499762896127","22.963949102980234","530","530","530"
"50976","17.166128921263127","16.352560148684","17.979697693842255","531","531","531"
"51072","22.42663580101014","21.96640959551324","22.886862006507037","532","532","532"
"51168","26.689129703021635","25.341245391512828","28.03701401453044","533","533","533"
"51264","20.237147479912462","11.398224861006492","29.076070098818434","534","534","534"
"51360","25.0624188269854","22.476921886238873","27.64791576773193","535","535","535"
"51456","15.413885920376526","10.149325518194837","20.678446322558212","536","536","536"
"51552","18.421116256863538","9.158827728657352","27.683404785069726","537","537","537"
"51648","23.101773552223314","22.397117642341286","23.80642946210534","538","538","538"
"51744","9.892323667737191","2.206415734315814","17.578231601158567","539","539","539"
"51840","26.38999061634911","26.38999061634911","26.38999061634911","540","540","540"
"51936","25.663755842242253","23.243717960429375","28.083793724055127","541","541","541"
"52032","17.07147897575791","9.07107562635746","25.07188232515836","542","542","542"
"52128","23.32949063117575","21.97160308397394","24.687378178377568","543","543","543"
"52224","28.943606484510013","28.943606484510013","28.943606484510013","544","544","544"
"52320","20.556760229943784","19.311559669208776","21.80196079067879","545","545","545"
"52512","24.965424353838074","23.873326637962307","26.057522069713844","547","547","547"
"52608","18.214137672111328","8.6278384226823","27.800436921540356","548","548","548"
"52704","22.570130057577416","22.570130057577416","22.570130057577416","549","549","549"
"52800","23.308978535967462","19.487460653516308","27.13049641841862","550","550","550"
"52896","24.341013630367215","22.18496607187381","26.497061188860624","551","551","551"
"52992","21.571911592126693","19.180019203978187","23.9638039802752","552","552","552"
"53088","25.476414236637666","24.96644537849968","25.986383094775647","553","553","553"
"53184","26.402452298804008","26.004671222379358","26.800233375228654","554","554","554"
"53280","27.49374168920337","26.56883424212045","28.418649136286295","555","555","555"
"53376","16.196248726149108","9.158827728657352","23.233669723640865","556","556","556"
"53472","21.7792727749112","16.424771541811705","27.133774008010697","557","557","557"
"53568","23.128039501189516","18.303831297954883","27.95224770442415","558","558","558"
"53664","20.13766203182136","13.963865856273122","26.311458207369597","559","559","559"
"53760","27.720450771919907","26.712881529005575","28.728020014834236","560","560","560"
"53856","23.31477609954748","19.681747297663126","26.947804901431837","561","561","561"
"53952","27.344367877655372","27.344367877655372","27.344367877655372","562","562","562"
"54048","20.64916698483244","17.797898444540905","23.50043552512398","563","563","563"
"54144","27.03472565480311","24.987883470847333","29.081567838758886","564","564","564"
"54240","24.512183017056643","23.409630582978718","25.61473545113457","565","565","565"
"54336","25.632681554911407","25.632681554911407","25.632681554911407","566","566","566"
"54432","25.3375404973241","24.218249115496718","26.45683187915148","567","567","567"
"54528","19.445081953039377","17.433531105976215","21.456632800102536","568","568","568"
"54624","21.918794440118734","21.918794440118734","21.918794440118734","569","569","569"
"54720","24.90673875686625","24.90673875686625","24.90673875686625","570","570","570"
"54816","26.923040276596765","26.923040276596765","26.923040276596765","571","571","571"
"54912","27.237415094266503","25.60914024016469","28.86568994836831","572","572","572"
"55008","24.25210384652233","20.648816255690104","27.85539143735456","573","573","573"
"55104","25.704558548000747","24.516490650413626","26.892626445587872","574","574","574"
"55200","17.504564382488788","9.158827728657352","25.85030103632022","575","575","575"
"55296","24.909085536322632","23.51640986419346","26.301761208451804","576","576","576"
"55392","17.56285429239569","9.114951677507406","26.010756907283977","577","577","577"
"55488","18.83714032012287","12.324152173199167","25.350128467046574","578","578","578"
"55584","20.507268236661798","20.507268236661798","20.507268236661798","579","579","579"
"55680","27.376262640927855","26.208691069959507","28.543834211896208","580","580","580"
"55776","25.102455485797474","21.391780671979202","28.813130299615747","581","581","581"
"55872","22.972108214068513","17.693892768272793","28.250323659864236","582","582","582"
"55968","20.95513385374186","18.55567064289683","23.35459706458689","583","583","583"
"56064","20.47831185420582","16.26436000138027","24.692263707031373","584","584","584"
"56160","26.497594334993185","26.497594334993185","26.497594334993185","585","585","585"
"56256","19.651488919954108","18.019427022588268","21.28355081731995","586","586","586"
"56352","24.58205915514255","22.955763741497073","26.208354568788025","587","587","587"
"56448","26.327633934039888","25.87130032633866","26.78396754174112","588","588","588"
"56544","16.20500199027914","9.158827728657352","23.25117625190093","589","589","589"
"56640","23.330869085293386","23.211353245706213","23.450384924880563","590","590","590"
"56736","16.679039624440218","9.158827728657352","24.199251520223083","591","591","591"
"56832","25.782472728621734","24.148635217497606","27.416310239745858","592","592","592"
"56928","19.9088409854035","17.891744292316293","21.925937678490712","593","593","593"
"57024","25.304978785597918","24.96980200925687","25.64015556193897","594","594","594"
"57120","19.605776468869614","14.959071011433451","24.25248192630578","595","595","595"
"57216","24.754799991641626","24.336568708287537","25.173031274995715","596","596","596"
"57312","22.350565215140385","17.87571853368784","26.82541189659293","597","597","597"
"57408","9.158827728657352","9.158827728657352","9.158827728657352","598","598","598"
"57504","24.66384097101898","22.558973799177597","26.768708142860365","599","599","599"
"57600","25.2205350487828","21.862967826263947","28.57810227130165","600","600","600"
"57696","24.565128133581517","22.574602010637523","26.555654256525514","601","601","601"
"57792","26.280744290788384","26.280744290788384","26.280744290788384","602","602","602"
"57888","21.49715253462058","21.49715253462058","21.49715253462058","603","603","603"
"57984","20.517158847344845","16.893563320917668","24.14075437377202","604","604","604"
"58080","25.53004163560267","24.777097855088087","26.28298541611726","605","605","605"
"58176","25.195980863182413","24.096384758024588","26.295576968340242","606","606","606"
"58272","21.825220561230307","17.104247623901138","26.546193498559475","607","607","607"
"58368","16.96478604296304","9.030002877206282","24.899569208719797","608","608","608"
"58464","25.75137779891274","24.396441064662376","27.1063145331631","609","609","609"
"58560","24.07795118938212","21.65884118990361","26.497061188860624","610","610","610"
"58656","17.448118185957647","17.183609052265503","17.71262731964979","611","611","611"
"58752","24.024621426852192","21.722849781173544","26.32639307253084","612","612","612"
"58848","20.97454980380347","16.26436000138027","25.684739606226668","613","613","613"
"58944","8.605081562403948","8.605081562403948","8.605081562403948","614","614","614"
"59040","17.686549764542242","17.686549764542242","17.686549764542242","615","615","615"
"59136","27.37784855232014","26.310509494313486","28.445187610326787","616","616","616"
"59232","18.999730168502023","11.225459443531838","26.77400089347221","617","617","617"
"59328","27.553638429125773","26.54459519306119","28.562681665190354","618","618","618"
"59424","26.339312255310862","26.15661363933905","26.522010871282674","619","619","619"
"59520","19.39161597882052","16.26436000138027","22.518871956260774","620","620","620"
"59616","24.087503594762744","21.663240724809715","26.51176646471577","621","621","621"
"59712","9.158827728657352","9.158827728657352","9.158827728657352","622","622","622"
"59808","19.867564877710876","16.51430536723758","23.220824388184177","623","623","623"
"59904","20.436560999664113","19.222713333945226","21.650408665383","624","624","624"
"60000","25.23385614924133","25.23385614924133","25.23385614924133","625","625","625"
"60096","21.862967826263947","21.862967826263947","21.862967826263947","626","626","626"
"60192","16.533959146010563","9.158827728657352","23.909090563363772","627","627","627"
"60288","25.078444266250457","23.799596282057642","26.35729225044327","628","628","628"
"60384","17.868214960237008","17.868214960237008","17.868214960237008","629","629","629"
"60480","24.638838198081547","22.60548153598729","26.672194860175804","630","630","630"
"60576","25.073096602944435","25.073096602944435","25.073096602944435","631","631","631"
"60672","23.63117529202077","20.811365192278203","26.450985391763336","632","632","632"
"60768","17.82628554772339","9.158827728657352","26.493743366789428","633","633","633"
"60864","26.014014792144344","26.014014792144344","26.014014792144344","634","634","634"
"60960","23.166359501947312","19.19171730945572","27.141001694438906","635","635","635"
"61056","22.767432065130407","18.76615598740045","26.768708142860365","636","636","636"
"61152","15.935648125518757","6.075580970428911","25.7957152806086","637","637","637"
"61248","24.759918893761732","23.125811209766624","26.39402657775684","638","638","638"
"61344","20.12445781079466","17.216077802296496","23.032837819292826","639","639","639"
"61440","24.295716045489467","24.295716045489467","24.295716045489467","640","640","640"
"61536","27.296846236790763","26.6966844994178","27.897007974163724","641","641","641"
"61632","24.139189245520814","21.967343510148726","26.311034980892902","642","642","642"
"61728","24.250493781770736","20.76661287090182","27.73437469263965","643","643","643"
"61824","20.85582837386626","15.033008216347742","26.67864853138478","644","644","644"
"61920","17.446772069666974","9.158827728657352","25.734716410676597","645","645","645"
"62016","23.997415079456403","21.506113108678477","26.488717050234328","646","646","646"
"62112","24.228899256202652","22.108524256024843","26.349274256380458","647","647","647"
"62208","24.224958170424152","21.825255484873068","26.624660855975236","648","648","648"
"62304","8.889513845681554","8.889513845681554","8.889513845681554","649","649","649"
"62400","23.436137978515877","23.436137978515877","23.436137978515877","650","650","650"
"62496","21.902932237736362","14.98077210442998","28.825092371042743","651","651","651"
"62592","26.054915730563977","25.50822697389021","26.601604487237747","652","652","652"
"62688","20.20885681672304","17.903866663741077","22.513846969705","653","653","653"
"62784","21.452119141065175","17.355123835967774","25.549114446162577","654","654","654"
"62880","25.746926095065902","25.242233732251215","26.25161845788059","655","655","655"
"62976","24.886001564968247","23.15540171780217","26.61660141213432","656","656","656"
"63072","23.3337567370756","21.410512486098987","25.257000988052212","657","657","657"
"63168","25.61299000768367","24.758532794237375","26.46744722112997","658","658","658"
"63264","9.041095111070737","9.041095111070737","9.041095111070737","659","659","659"
"63360","23.2844207813767","17.595897990891284","28.972943571862114","660","660","660"
"63456","24.936606043101403","23.748359623209346","26.12485246299346","661","661","661"
"63552","25.3822249317044","21.766928569518964","28.997521293889832","662","662","662"
"63648","23.23388554659644","20.183523930849656","26.28424716234322","663","663","663"
"63744","24.70835811900631","23.771944883799705","25.644771354212914","664","664","664"
"63840","23.23849830076307","21.141579627346818","25.33541697417932","665","665","665"
"63936","16.46373493127223","8.93453131181827","23.992938550726194","666","666","666"
"64032","26.98914085572114","25.992284437532604","27.985997273909675","667","667","667"
"64128","19.253249841460512","13.278731126838338","25.227768556082687","668","668","668"
"64224","24.307303566021403","23.018073792385326","25.596533339657476","669","669","669"
"64320","26.034865792711926","26.034865792711926","26.034865792711926","670","670","670"
"64416","25.21168862720006","24.85107848663084","25.57229876776928","671","671","671"
"64512","27.09890660048321","25.59007095675576","28.60774224421066","672","672","672"
"64608","16.640422722080462","12.023763741951973","21.257081702208954","673","673","673"
"64704","21.715640691451835","17.7099677183471","25.72131366455657","674","674","674"
"64896","20.12294183161144","14.8445890622391","25.401294600983775","676","676","676"
"64992","26.0122034746891","26.0122034746891","26.0122034746891","677","677","677"
"65088","26.014841449352527","25.513762757954144","26.51592014075091","678","678","678"
"65184","18.05209850377102","8.982228802277428","27.121968205264615","679","679","679"
"65280","20.165694715075503","14.063497372923882","26.267892057227122","680","680","680"
"65376","12.02425752049985","0.3836174986676703","23.664897542332028","681","681","681"
"65472","26.35642036481842","25.172151195767526","27.540689533869315","682","682","682"
"65568","25.08236588596752","22.350593229799927","27.81413854213511","683","683","683"
"65664","23.653360148000097","23.653360148000097","23.653360148000097","684","684","684"
"65760","24.715856101205613","23.856755430526924","25.574956771884302","685","685","685"
"65856","25.196704812267683","24.723123567910505","25.67028605662486","686","686","686"
"65952","27.703930545074677","26.53101411429969","28.876846975849663","687","687","687"
"66048","23.55553915856592","23.55553915856592","23.55553915856592","688","688","688"
"66144","20.55566836111268","18.67998146625679","22.431355255968572","689","689","689"
"66240","26.645254067578705","26.645254067578705","26.645254067578705","690","690","690"
"66336","17.57679946640443","14.959234308191116","20.194364624617748","691","691","691"
"66432","24.1652558233917","20.932303605467702","27.398208041315698","692","692","692"
"66528","18.85077644092468","9.158827728657352","28.542725153192006","693","693","693"
"66624","27.302665828265994","27.302665828265994","27.302665828265994","694","694","694"
"66720","21.536594252938393","17.91551129441658","25.157677211460207","695","695","695"
"66816","26.144870086551713","24.485203892306988","27.804536280796434","696","696","696"
"66912","27.199198509628815","26.681051375020473","27.717345644237152","697","697","697"
"67008","26.835848544311546","26.624660855975236","27.047036232647855","698","698","698"
"67104","25.430959312419333","25.430959312419333","25.430959312419333","699","699","699"
"67200","26.108772946371815","26.108772946371815","26.108772946371815","700","700","700"
"67296","24.617534201115","20.648960294723675","28.586108107506327","701","701","701"
"67392","19.145902965162747","9.054252445719992","29.237553484605506","702","702","702"
"67488","21.14778282180083","16.336133054640097","25.95943258896157","703","703","703"
"67584","8.91234433306875","8.91234433306875","8.91234433306875","704","704","704"
"67680","23.693813774835014","22.93778522144641","24.449842328223617","705","705","705"
"67776","23.529444674654755","20.588602778523843","26.470286570785664","706","706","706"
"67872","24.842911532212952","23.341458938541308","26.344364125884596","707","707","707"
"67968","22.68510561451634","21.45473524484349","23.915475984189182","708","708","708"
"68064","24.667560577081588","20.81887964210232","28.516241512060855","709","709","709"
"68160","26.577602191816666","26.577602191816666","26.577602191816666","710","710","710"
"68256","26.89840614435409","26.509343716866038","27.287468571842147","711","711","711"
"68352","23.61766172808403","22.22302622268724","25.01229723348082","712","712","712"
"68448","25.78680238247177","24.926735059662317","26.64686970528122","713","713","713"
"68544","21.62859810952603","16.502269060405222","26.754927158646836","714","714","714"
"68640","25.430695948691138","22.194803289434322","28.66658860794795","715","715","715"
"68736","22.889551062075803","20.802874926883273","24.97622719726833","716","716","716"
"68832","26.64842785807552","26.64842785807552","26.64842785807552","717","717","717"
"68928","16.839860120035798","9.158827728657352","24.520892511414242","718","718","718"
"69024","19.908270589030174","17.68825615200751","22.128285026052833","719","719","719"
"69120","21.531823150518356","20.710152166076952","22.353494134959764","720","720","720"
"69216","23.4362328305348","20.711924193523974","26.160541467545627","721","721","721"
"69312","21.680816084483794","19.997419373137085","23.3642127958305","722","722","722"
"69408","23.68964657610676","20.811365192278203","26.567927959935318","723","723","723"
"69504","25.972972959052626","25.281563526127094","26.664382391978158","724","724","724"
"69600","17.89764611339473","17.89764611339473","17.89764611339473","725","725","725"
"69696","21.191148939657655","15.12418060167726","27.25811727763805","726","726","726"
"69792","20.465629765978978","20.465629765978978","20.465629765978978","727","727","727"
"69888","25.65116670911473","25.37695196385248","25.92538145437698","728","728","728"
"69984","20.187898472380596","17.114319982359905","23.261476962401286","729","729","729"
"70080","27.914688081994708","27.914688081994708","27.914688081994708","730","730","730"
"70176","17.23083385565836","7.443222271685269","27.018445439631453","731","731","731"
"70272","27.026540460009336","26.632884665860495","27.420196254158178","732","732","732"
"70368","27.90679119814921","26.675115253637358","29.138467142661064","733","733","733"
"70464","25.270028385715683","24.050206681914595","26.48985008951677","734","734","734"
"70560","27.412388689672895","27.412388689672895","27.412388689672895","735","735","735"
"70656","23.722585950984744","20.744589378772783","26.700582523196708","736","736","736"
"70752","17.545688076308778","17.183609052265503","17.907767100352057","737","737","737"
"70848","21.39768705783998","21.39768705783998","21.39768705783998","738","738","738"
"70944","27.764360699495267","26.624660855975236","28.904060543015298","739","739","739"
"71040","25.89501989381344","25.013440262748695","26.776599524878183","740","740","740"
"71136","26.720209005832945","26.720209005832945","26.720209005832945","741","741","741"
"71232","26.672194860175804","26.672194860175804","26.672194860175804","742","742","742"
"71328","21.674576540346358","16.15302320649035","27.196129874202363","743","743","743"
"71424","26.72689044608495","26.720209005832945","26.733571886336954","744","744","744"
"71520","17.03119313435472","9.158827728657352","24.90355854005209","745","745","745"
"71616","18.469880800551117","9.158827728657352","27.780933872444884","746","746","746"
"71712","23.982775169378762","20.87254445818796","27.093005880569564","747","747","747"
"71808","14.876352540845662","14.876352540845662","14.876352540845662","748","748","748"
"71904","26.977039050606766","26.57109490939389","27.382983191819644","749","749","749"
"72000","28.1199951280218","26.62189665275716","29.61809360328644","750","750","750"
"72096","-8.66020325142038","-8.66020325142038","-8.66020325142038","751","751","751"
"72192","26.948850688506997","26.948850688506997","26.948850688506997","752","752","752"
"72288","19.085916290883837","14.238397553714893","23.933435028052784","753","753","753"
"72384","22.72901200862568","20.824372731257956","24.633651285993405","754","754","754"
"72480","21.217510722513993","20.99465732117734","21.440364123850642","755","755","755"
"72576","20.75971881902511","15.246665541144719","26.2727720969055","756","756","756"
"72672","23.318176727193702","17.93951836724515","28.696835087142254","757","757","757"
"72768","27.577558792781467","26.565002624814362","28.59011496074857","758","758","758"
"72864","16.68306466679974","9.158827728657352","24.207301604942128","759","759","759"
"72960","21.965560367550832","17.868214960237008","26.062905774864657","760","760","760"
"73056","11.815880394830923","6.362394345545207","17.26936644411664","761","761","761"
"73152","21.802994884127003","17.14392833808332","26.462061430170685","762","762","762"
"73248","21.852692315113693","17.183609052265503","26.521775577961883","763","763","763"
"73344","21.79424491095778","19.81159148989331","23.77689833202225","764","764","764"
"73440","21.80282170486705","19.950039377752592","23.655604031981504","765","765","765"
"73536","21.598059871765297","19.524930090241646","23.67118965328895","766","766","766"
"73632","9.158827728657352","9.158827728657352","9.158827728657352","767","767","767"
"73728","19.656697051056522","19.656697051056522","19.656697051056522","768","768","768"
"73824","24.36879338575643","23.58031972432933","25.15726704718353","769","769","769"
"73920","25.59787929931445","24.88453488216613","26.311223716462766","770","770","770"
"74016","25.12595572185417","25.12595572185417","25.12595572185417","771","771","771"
"74112","25.41098152043074","24.17353518278596","26.64842785807552","772","772","772"
"74208","20.72001414194557","14.889868263348255","26.550160020542883","773","773","773"
"74304","22.47890569278715","20.05711102389764","24.900700361676662","774","774","774"
"74400","23.26220873796293","21.918794440118734","24.60562303580712","775","775","775"
"74496","21.90237417310708","21.90237417310708","21.90237417310708","776","776","776"
"74592","13.455775316971826","0.24931223861848562","26.662238395325165","777","777","777"
"74688","26.52314880034954","26.421636744723845","26.624660855975236","778","778","778"
"74784","22.294211983034977","22.294211983034977","22.294211983034977","779","779","779"
"74880","27.494362312287485","26.713299343146844","28.275425281428127","780","780","780"
"74976","27.035234409116633","26.672194860175804","27.398273958057466","781","781","781"
"75072","19.162861819687812","17.91551129441658","20.410212344959042","782","782","782"
"75168","17.883638666472734","13.480609845242169","22.2866674877033","783","783","783"
"75264","23.50257032120287","20.520261235266815","26.484879407138926","784","784","784"
"75360","27.86578342654988","27.86578342654988","27.86578342654988","785","785","785"
"75456","17.891744292316293","17.891744292316293","17.891744292316293","786","786","786"
"75552","15.738766835679836","6.233757651994125","25.243776019365548","787","787","787"
"75648","23.866913723904716","21.50416395740795","26.229663490401478","788","788","788"
"75744","23.192230046632865","20.811365192278203","25.573094900987524","789","789","789"
"75840","18.046308525180233","11.449374887798507","24.643242162561958","790","790","790"
"75936","26.624898525996237","26.624898525996237","26.624898525996237","791","791","791"
"76032","21.9873086131311","17.91551129441658","26.05910593184562","792","792","792"
"76128","26.333959779438455","23.155541016390725","29.512378542486186","793","793","793"
"76224","21.273550984114706","13.37045487455547","29.176647093673942","794","794","794"
"76320","22.98365385503683","18.88079592703712","27.086511783036542","795","795","795"
"76416","20.856356274092946","17.355123835967774","24.35758871221812","796","796","796"
"76512","21.0869875291175","18.38943893923297","23.78453611900203","797","797","797"
"76608","21.33681656618701","14.930947652586534","27.74268547978749","798","798","798"
"76704","23.757733585053394","19.528701303093122","27.986765867013666","799","799","799"
"76800","26.68807107427103","26.68794257314721","26.68819957539485","800","800","800"
"76896","27.85749397152398","26.70515325443956","29.0098346886084","801","801","801"
"76992","27.794244813724003","26.768708142860365","28.81978148458764","802","802","802"
"77088","25.5446924538781","24.344926333409546","26.744458574346655","803","803","803"
"77184","26.624660855975236","26.624660855975236","26.624660855975236","804","804","804"
"77280","16.10658704492772","3.8379649016098583","28.375209188245584","805","805","805"
"77376","25.732386828225103","24.84011280047497","26.624660855975236","806","806","806"
"77472","20.908683552855077","12.371885739080938","29.445481366629217","807","807","807"
"77568","25.00536023750434","23.87187829722571","26.138842177782976","808","808","808"
"77664","23.707129792106215","17.844920921478522","29.569338662733905","809","809","809"
"77760","24.714860714984336","22.94482951241079","26.48489191755788","810","810","810"
"77856","26.66341917016517","26.66341917016517","26.66341917016517","811","811","811"
"77952","18.437922161048025","11.338043255707257","25.537801066388795","812","812","812"
"78048","24.02270874515139","20.68134057918534","27.364076911117444","813","813","813"
"78144","24.707404586947348","20.845409361758097","28.569399812136595","814","814","814"
"78240","27.265685922568892","26.59698521906884","27.93438662606894","815","815","815"
"78336","28.489180210050197","28.489180210050197","28.489180210050197","816","816","816"
"78432","22.994617179594577","18.946651179406683","27.042583179782472","817","817","817"
"78528","26.338380903901534","26.0991596159864","26.577602191816666","818","818","818"
"78624","26.222345425573522","25.969503350702148","26.4751875004449","819","819","819"
"78720","18.81863654789577","17.766204038423375","19.87106905736817","820","820","820"
"78816","27.2735538414766","26.53116940789141","28.015938275061785","821","821","821"
"78912","24.608631109558157","20.78703025881642","28.430231960299896","822","822","822"
"79008","9.180469871631116","-8.66020325142038","27.021142994682613","823","823","823"
"79104","21.80039916550751","14.816137684898658","28.78466064611636","824","824","824"
"79200","16.336133054640097","16.336133054640097","16.336133054640097","825","825","825"
"79296","28.588748083871767","28.588748083871767","28.588748083871767","826","826","826"
"79392","24.70919515169276","23.01497585620045","26.403414447185074","827","827","827"
"79488","10.067166732116743","-8.66020325142038","28.794536715653866","828","828","828"
"79584","24.61073825729307","20.688188633895496","28.53328788069065","829","829","829"
"79680","19.742728797912235","18.09238980615339","21.39306778967108","830","830","830"
"79776","26.672194860175804","26.672194860175804","26.672194860175804","831","831","831"
"79872","27.06573682552801","26.48489191755788","27.646581733498138","832","832","832"
"79968","26.129406574993865","26.129406574993865","26.129406574993865","833","833","833"
"80064","22.845557617600903","17.776427153207095","27.914688081994708","834","834","834"
"80160","18.80255128072221","8.86691166316823","28.738190898276187","835","835","835"
"80256","19.952570496834994","16.82713280494497","23.078008188725022","836","836","836"
"80352","23.945039115223764","21.00491436608783","26.885163864359694","837","837","837"
"80448","22.036685853404627","17.68825615200751","26.385115554801747","838","838","838"
"80544","16.070895734074302","5.980366274201653","26.16142519394695","839","839","839"
"80640","19.352513335535292","12.833478732412757","25.87154793865783","840","840","840"
"80832","24.109044098357472","22.07415179605044","26.1439364006645","842","842","842"
"80928","26.439383146032736","26.439383146032736","26.439383146032736","843","843","843"
"81024","24.51834845613853","22.459094720460392","26.577602191816666","844","844","844"
"81120","26.154258610666496","25.73091502951633","26.577602191816666","845","845","845"
"81216","18.408709266321146","9.00987953051222","27.80753900213007","846","846","846"
"81312","19.051453178980204","16.26436000138027","21.838546356580142","847","847","847"
"81408","22.55208116822095","18.619270418884025","26.48489191755788","848","848","848"
"81504","21.622544898507087","18.69981414731298","24.545275649701193","849","849","849"
"81600","26.460017914432328","24.487554450461896","28.432481378402755","850","850","850"
"81696","26.24383282602239","26.24383282602239","26.24383282602239","851","851","851"
"81792","21.19952529611473","15.866953207140547","26.532097385088907","852","852","852"
"81888","14.380845730479795","8.958699470198143","19.802991990761445","853","853","853"
"81984","18.927688353272075","16.336133054640097","21.51924365190405","854","854","854"
"82080","17.51948821970824","10.853089930923433","24.185886508493045","855","855","855"
"82176","23.77362321686298","17.93951836724515","29.60772806648081","856","856","856"
"82272","27.860875103165334","26.672194860175804","29.04955534615486","857","857","857"
"82368","23.174528140330956","17.454047273139416","28.895009007522493","858","858","858"
"82464","22.302332939725353","16.336133054640097","28.268532824810613","859","859","859"
"82560","22.156020307075917","22.156020307075917","22.156020307075917","860","860","860"
"82656","22.38512214836473","18.806170591503875","25.964073705225587","861","861","861"
"82752","16.42568708183527","12.040015806380561","20.811358357289983","862","862","862"
"82848","26.567777597060466","26.46336033394513","26.672194860175804","863","863","863"
"82944","27.159692819174502","26.72858537922104","27.590800259127967","864","864","864"
"83040","25.361640196703355","21.970062782910958","28.753217610495753","865","865","865"
"83136","24.61767113014922","23.371027809722257","25.86431445057618","866","866","866"
"83232","21.293387429754986","13.499992872494344","29.086781987015627","867","867","867"
"83328","22.278595131032148","19.548959636841083","25.008230625223216","868","868","868"
"83424","28.42800039102882","28.42800039102882","28.42800039102882","869","869","869"
"83520","27.871147503716866","26.49848153920339","29.243813468230343","870","870","870"
"83616","19.026757965717714","9.158827728657352","28.894688202778077","871","871","871"
"83712","20.513738879239508","17.79179899809719","23.235678760381827","872","872","872"
"83808","21.965637743861738","17.349282862004284","26.58199262571919","873","873","873"
"83904","17.790179993930185","6.075580970428911","29.504779017431456","874","874","874"
"84000","18.86495125897026","18.86495125897026","18.86495125897026","875","875","875"
"84096","24.480010568476004","20.73720580697297","28.222815329979035","876","876","876"
"84192","23.068209697490236","21.50416395740795","24.63225543757252","877","877","877"
"84288","26.841321623115","26.624660855975236","27.057982390254768","878","878","878"
"84384","23.713143653907025","20.916116827991733","26.510170479822317","879","879","879"
"84480","9.054395748524485","-8.66020325142038","26.76899474846935","880","880","880"
"84576","20.81490700303898","20.81490700303898","20.81490700303898","881","881","881"
"84672","25.350897669339282","24.06346796661768","26.638327372060882","882","882","882"
"84768","28.49497948576261","28.49497948576261","28.49497948576261","883","883","883"
"84864","21.300357243951286","17.355123835967774","25.245590651934798","884","884","884"
"84960","14.59766140749635","0.29363148220429114","28.90169133278841","885","885","885"
"85056","17.404686446625163","15.702260765530681","19.107112127719645","886","886","886"
"85152","26.104503216368624","25.5233827264968","26.68562370624045","887","887","887"
"85248","26.57427613067563","26.33970476834671","26.808847493004553","888","888","888"
"85344","24.64936252582744","24.64936252582744","24.64936252582744","889","889","889"
"85440","9.247466215828963","9.247466215828963","9.247466215828963","890","890","890"
"85536","17.984797704111905","15.131104583362784","20.838490824861022","891","891","891"
"85632","27.84162691376681","26.857346630031973","28.825907197501643","892","892","892"
"85728","27.42381398449929","26.83704275252717","28.010585216471405","893","893","893"
"85824","22.084079757833187","17.355123835967774","26.8130356796986","894","894","894"
"85920","26.65439797416726","26.495277702222495","26.813518246112025","895","895","895"
"86016","18.23511426184544","9.247466215828963","27.222762307861913","896","896","896"
"86112","25.83247318070832","24.843852836312664","26.821093525103976","897","897","897"
"86208","26.910528767671103","26.910528767671103","26.910528767671103","898","898","898"
"86304","28.954462787926296","28.954462787926296","28.954462787926296","899","899","899"
"86400","14.031178922187898","8.804229012153813","19.258128832221985","900","900","900"
"86496","27.9743643272562","26.86523801204979","29.08349064246261","901","901","901"
"86592","26.83117776550751","24.716347948867565","28.946007582147452","902","902","902"
"86688","22.113683232095287","15.397402100261022","28.82996436392955","903","903","903"
"86784","27.792625732387847","26.857346630031973","28.727904834743722","904","904","904"
"86880","25.295662107572085","23.677587066066963","26.91373714907721","905","905","905"
"87072","26.169643765884075","24.045666970696317","28.293620561071833","907","907","907"
"87168","29.372984891275657","29.372984891275657","29.372984891275657","908","908","908"
"87264","27.957519777206052","27.020149688929973","28.894889865482128","909","909","909"
"87360","13.30129502589837","9.247466215828963","17.355123835967774","910","910","910"
"87456","21.531781852879035","16.424771541811705","26.63879216394637","911","911","911"
"87552","28.409504667253696","26.970697269324926","29.848312065182466","912","912","912"
"87648","26.338908768864734","25.731369836918248","26.946447700811216","913","913","913"
"87744","22.07429439737887","17.355123835967774","26.793464958789965","914","914","914"
"87840","10.334219227448727","-8.66020325142038","29.328641706317836","915","915","915"
"87936","26.889617223108417","25.524136236132072","28.255098210084764","916","916","916"
"88128","21.515200684325563","13.647118903034297","29.383282465616826","918","918","918"
"88224","28.03319671373866","28.03319671373866","28.03319671373866","919","919","919"
"88320","14.111004982435004","14.111004982435004","14.111004982435004","920","920","920"
"88416","13.693896748142308","13.693896748142308","13.693896748142308","921","921","921"
"88512","25.264561086642917","21.07961150357061","29.449510669715224","922","922","922"
"88608","24.572392574940967","22.27060116324157","26.874183986640364","923","923","923"
"88704","25.386591949828933","22.57501012177648","28.198173777881383","924","924","924"
"88800","27.075432090512994","27.044428229605355","27.106435951420632","925","925","925"
"88896","19.748734479662705","16.34746903881192","23.14999992051349","926","926","926"
"88992","26.106472076807435","25.148490944276585","27.064453209338282","927","927","927"
"89088","27.226676397000745","24.89274716271524","29.56060563128625","928","928","928"
"89184","22.138660984132642","17.355123835967774","26.922198132297506","929","929","929"
"89280","26.35031358938577","25.857663690964728","26.84296348780681","930","930","930"
"89376","27.669965937461964","27.669965937461964","27.669965937461964","931","931","931"
"89472","26.732563592539684","25.06695501139278","28.39817217368659","932","932","932"
"89568","27.250105276411134","26.831131515265042","27.66907903755722","933","933","933"
"89664","26.947365370969607","26.947365370969607","26.947365370969607","934","934","934"
"89760","19.41145819135426","9.280754238285127","29.542162144423393","935","935","935"
"89856","26.807650905719445","26.69911800357322","26.91618380786567","936","936","936"
"89952","25.253184280324426","23.46175367085964","27.044614889789216","937","937","937"
"90048","18.7382805803115","9.127990278222645","28.348570882400352","938","938","938"
"90144","27.11700849272559","26.9189508993533","27.315066086097875","939","939","939"
"90240","22.640685497996714","17.787334684605597","27.49403631138783","940","940","940"
"90336","26.651175928788234","26.454485153137618","26.84786670443885","941","941","941"
"90432","27.876656398437074","27.01173195772338","28.741580839150767","942","942","942"
"90528","19.432231183080226","9.247466215828963","29.616996150331488","943","943","943"
"90624","24.477047771358706","21.844875420666188","27.10922012205122","944","944","944"
"90720","28.064278015004206","26.802833168572718","29.325722861435697","945","945","945"
"90816","24.996828770395005","21.152650707009812","28.8410068337802","946","946","946"
"91008","11.069151236166897","9.1757643531515","12.962538119182295","948","948","948"
"91104","23.240848747163596","18.247852014633036","28.233845479694157","949","949","949"
"91200","27.08017636556741","26.93795318669296","27.222399544441863","950","950","950"
"91296","24.551392732256744","23.34184531867276","25.76094014584073","951","951","951"
"91392","25.07527810539095","23.183348670086318","26.967207540695583","952","952","952"
"91488","16.982696337511676","9.21350486730023","24.751887807723122","953","953","953"
"91584","16.331222984118316","9.127990278222645","23.53445569001399","954","954","954"
"91680","19.327358292407123","9.337000041254834","29.31771654355941","955","955","955"
"91776","25.185420561246545","23.448642990195584","26.922198132297506","956","956","956"
"91872","22.380281236752616","18.084832174063234","26.675730299442","957","957","957"
"91968","26.34178859107802","25.874729689151494","26.808847493004553","958","958","958"
"92064","20.758542723685203","12.88088579153327","28.63619965583714","959","959","959"
"92160","18.184907923443273","9.047785626496884","27.32203022038966","960","960","960"
"92256","9.247466215828963","9.247466215828963","9.247466215828963","961","961","961"
"92352","23.111371021273783","21.196638964762933","25.026103077784636","962","962","962"
"92448","21.349224835632263","18.133576256227155","24.564873415037372","963","963","963"
"92544","21.83237565684434","21.746970852198537","21.91778046149015","964","964","964"
"92640","27.464580996972394","25.3842266351821","29.544935358762693","965","965","965"
"92736","27.336010832866737","27.336010832866737","27.336010832866737","966","966","966"
"92832","21.016029760259773","21.016029760259773","21.016029760259773","967","967","967"
"92928","19.562645988755662","10.698364002078623","28.426927975432704","968","968","968"
"93024","24.695116920836856","20.936190446459882","28.45404339521383","969","969","969"
"93120","25.532616479561987","24.402168728968615","26.663064230155364","970","970","970"
"93216","24.51101096871449","22.058304125362742","26.96371781206624","971","971","971"
"93312","24.897633932401675","22.873069732505844","26.922198132297506","972","972","972"
"93408","24.991087448867916","22.93778522144641","27.044389676289423","973","973","973"
"93504","25.459547114673242","25.459547114673242","25.459547114673242","974","974","974"
"93600","28.50413231677186","27.093055392504283","29.915209241039435","975","975","975"
"93696","27.461501205700483","27.15870398801124","27.764298423389725","976","976","976"
"93792","28.705804662625212","28.705804662625212","28.705804662625212","977","977","977"
"93888","28.307171230900646","28.307171230900646","28.307171230900646","978","978","978"
"93984","18.1591100471069","9.292233128541898","27.0259869656719","979","979","979"
"94080","22.120922447993674","17.355123835967774","26.886721060019575","980","980","980"
"94176","25.933846895470356","24.47099333626589","27.39670045467482","981","981","981"
"94272","27.877525064933394","27.14220936602457","28.61284076384222","982","982","982"
"94464","23.269011133632503","19.502040741027916","27.03598152623709","984","984","984"
"94560","26.029314728595818","22.21031739200917","29.848312065182466","985","985","985"
"94656","23.515241207195434","23.515241207195434","23.515241207195434","986","986","986"
"94752","13.191493489282117","13.191493489282117","13.191493489282117","987","987","987"
"94848","23.12359618619957","21.73901158965191","24.508180782747235","988","988","988"
"94944","23.92552342449541","21.046399927453674","26.804646921537145","989","989","989"
"95040","24.607745819444997","22.106271516838774","27.10922012205122","990","990","990"
"95136","22.670597731955702","22.165550479296233","23.175644984615168","991","991","991"
"95232","27.806121402297478","26.96467811922895","28.64756468536601","992","992","992"
"95328","27.109467541381022","27.109467541381022","27.109467541381022","993","993","993"
"95424","27.10922012205122","27.10922012205122","27.10922012205122","994","994","994"
"95520","26.69884006389464","26.377993831163934","27.019686296625345","995","995","995"
"95616","23.437284134333026","21.109615473583993","25.764952795082056","996","996","996"
"95712","22.140788243227142","17.26936644411664","27.01221004233765","997","997","997"
"95808","18.725560361568792","18.725560361568792","18.725560361568792","998","998","998"
"95904","27.000705174557883","27.000705174557883","27.000705174557883","999","999","999"
"96096","24.291966791502652","21.04478243100652","27.539151151998784","1001","1001","1001"
"96192","22.917034703561356","22.560155101251567","23.27391430587115","1002","1002","1002"
"96288","21.086189504990912","16.424771541811705","25.747607468170123","1003","1003","1003"
"96384","26.497809308828618","26.482199962696498","26.513418654960738","1004","1004","1004"
"96480","27.22166989133737","26.271076361440166","28.17226342123457","1005","1005","1005"
"96576","25.465377539830214","24.171953672885717","26.758801406774708","1006","1006","1006"
"96672","16.16940005270942","14.983676269451067","17.355123835967774","1007","1007","1007"
"96768","26.95165480197258","25.359267880698408","28.544041723246757","1008","1008","1008"
"96864","27.752357847868836","26.676043120516535","28.828672575221134","1009","1009","1009"
"96960","24.28533540919107","22.14991395826886","26.42075686011328","1010","1010","1010"
"97056","29.04955534615486","29.04955534615486","29.04955534615486","1011","1011","1011"
"97152","19.197452890514953","9.157028008328082","29.23787777270182","1012","1012","1012"
"97248","19.431792154445933","19.431792154445933","19.431792154445933","1013","1013","1013"
"97344","19.73742943471614","13.457005222964115","26.01785364646817","1014","1014","1014"
"97440","25.646554705987697","24.32939159990915","26.96371781206624","1015","1015","1015"
"97536","21.445200173194976","17.355123835967774","25.535276510422182","1016","1016","1016"
"97632","22.01238841647949","16.11034197669921","27.914434856259764","1017","1017","1017"
"97728","27.35904655443657","26.8691251437071","27.84896796516604","1018","1018","1018"
"97824","23.629674170406982","22.333118146756874","24.92623019405709","1019","1019","1019"
"97920","27.456311063863538","26.91748174076044","27.99514038696664","1020","1020","1020"
"98016","7.254589667195589","-8.66020325142038","23.169382585811558","1021","1021","1021"
"98112","25.99904734705741","22.569283188984386","29.428811505130433","1022","1022","1022"
"98208","25.128809327170536","20.926899855211268","29.33071879912981","1023","1023","1023"
"98304","26.654820502562963","24.910561717339473","28.39907928778645","1024","1024","1024"
"98400","25.173428638973462","20.99542246098945","29.35143481695748","1025","1025","1025"
"98496","28.146523443634564","26.939578015643484","29.353468871625648","1026","1026","1026"
"98592","19.06587698402867","15.137578227565692","22.99417574049165","1027","1027","1027"
"98688","27.905831232838686","27.03598152623709","28.77568093944028","1028","1028","1028"
"98784","6.745239417165465","-8.66020325142038","22.15068208575131","1029","1029","1029"
"98880","22.138660984132642","17.355123835967774","26.922198132297506","1030","1030","1030"
"98976","20.95201810412809","13.580016184057994","28.324020024198184","1031","1031","1031"
"99072","23.345379385967114","20.7649409997769","25.925817772157327","1032","1032","1032"
"99168","20.913876633655264","13.319277973169392","28.508475294141135","1033","1033","1033"
"99264","26.845555714861646","26.443378224029132","27.247733205694157","1034","1034","1034"
"99360","25.078056658408563","21.299347942313965","28.856765374503166","1035","1035","1035"
"99456","21.125622491055044","21.125622491055044","21.125622491055044","1036","1036","1036"
"99552","27.422955425678154","27.169642454453992","27.67626839690232","1037","1037","1037"
"99648","18.36794294242404","9.130997440438563","27.604888444409518","1038","1038","1038"
"99744","18.084832174063234","18.084832174063234","18.084832174063234","1039","1039","1039"
"99840","9.036399994671935","9.036399994671935","9.036399994671935","1040","1040","1040"
"99936","24.844845822930242","22.794507748607465","26.89518389725302","1041","1041","1041"
"100032","22.99007154275086","18.01194054263864","27.968202542863082","1042","1042","1042"
"100128","27.068660447845993","26.853417330213215","27.28390356547877","1043","1043","1043"
"100224","21.513132330478598","16.038467990842815","26.987796670114385","1044","1044","1044"
"100320","28.216607993013227","27.0602310947508","29.372984891275657","1045","1045","1045"
"100416","27.094814642702985","24.515673014826753","29.673956270579215","1046","1046","1046"
"100512","24.49962185863963","19.150931652096798","29.848312065182466","1047","1047","1047"
"100608","26.730157498459683","26.061897436883292","27.398417560036073","1048","1048","1048"
"100704","29.571676193288432","29.571676193288432","29.571676193288432","1049","1049","1049"
"100800","21.7605584012881","21.03039213166582","22.49072467091038","1050","1050","1050"
"100896","19.287280709084115","18.069916604913775","20.50464481325445","1051","1051","1051"
"100992","22.938574475614004","17.262841661101287","28.61430729012672","1052","1052","1052"
"101088","20.48524383024146","20.48524383024146","20.48524383024146","1053","1053","1053"
"101184","21.982177658942156","19.9875239028068","23.976831415077516","1054","1054","1054"
"101280","27.14219533444652","26.970697269324926","27.313693399568113","1055","1055","1055"
"101376","26.064956146190433","25.189475303303045","26.940436989077824","1056","1056","1056"
"101472","29.31771654355941","29.31771654355941","29.31771654355941","1057","1057","1057"
"101568","25.826761769648773","23.439222314478044","28.2143012248195","1058","1058","1058"
"101664","28.173513732992923","27.019686296625345","29.3273411693605","1059","1059","1059"
"101760","18.109081742576944","18.109081742576944","18.109081742576944","1060","1060","1060"
"101856","29.616996150331488","29.616996150331488","29.616996150331488","1061","1061","1061"
"101952","16.85174282294801","9.155247008952273","24.548238636943754","1062","1062","1062"
"102048","20.831738332122235","17.355123835967774","24.308352828276696","1063","1063","1063"
"102144","27.197797190367208","27.015464182037864","27.380130198696552","1064","1064","1064"
"102240","20.913849236784987","20.913849236784987","20.913849236784987","1065","1065","1065"
"102336","25.16646048142927","23.369203150792302","26.96371781206624","1066","1066","1066"
"102432","17.559756585554027","12.533954968658225","22.585558202449825","1067","1067","1067"
"102528","19.511772526340813","17.355123835967774","21.668421216713853","1068","1068","1068"
"102624","23.74036572994686","21.73901158965191","25.741719870241813","1069","1069","1069"
"102720","14.68713735945672","14.121870258576664","15.252404460336779","1070","1070","1070"
"102816","27.138724982594784","24.95973342163016","29.31771654355941","1071","1071","1071"
"102912","24.410520247764154","20.00420433642617","28.81683615910214","1072","1072","1072"
"103104","27.46961563130077","26.996668926107823","27.94256233649372","1074","1074","1074"
"103200","16.027037417418207","9.179741522602482","22.87433331223393","1075","1075","1075"
"103296","26.688139618275013","24.48798990678138","28.888289329768646","1076","1076","1076"
"103392","20.086741800217993","17.94997874327377","22.22350485716221","1077","1077","1077"
"103488","25.65779632628113","21.722228919218523","29.59336373334374","1078","1078","1078"
"103584","28.310075553080082","27.003154955828673","29.616996150331488","1079","1079","1079"
"103680","29.359555572619453","29.359555572619453","29.359555572619453","1080","1080","1080"
"103776","14.191285860972837","9.337000041254834","19.04557168069084","1081","1081","1081"
"103872","9.126766948828415","9.126766948828415","9.126766948828415","1082","1082","1082"
"103968","27.670959493951543","26.734842380530015","28.607076607373074","1083","1083","1083"
"104064","16.810786715916045","10.664412771572065","22.957160660260023","1084","1084","1084"
"104160","7.166467723170898","-8.66020325142038","22.993138697762177","1085","1085","1085"
"104256","9.1757643531515","9.1757643531515","9.1757643531515","1086","1086","1086"
"104352","26.834961548651144","26.559713272940012","27.110209824362272","1087","1087","1087"
"104448","28.092907750689157","26.98772488489481","29.1980906164835","1088","1088","1088"
"104544","29.616996150331488","29.616996150331488","29.616996150331488","1089","1089","1089"
"104640","22.863288578151916","16.51430536723758","29.212271789066257","1090","1090","1090"
"104736","27.084739832233556","27.084739832233556","27.084739832233556","1091","1091","1091"
"104832","27.830741500046685","27.10922012205122","28.552262878042153","1092","1092","1092"
"104928","24.765717085709326","22.471203076667848","27.0602310947508","1093","1093","1093"
"105024","27.77534453106695","26.94978426785526","28.60090479427864","1094","1094","1094"
"105120","27.823464663403612","26.946880455457848","28.700048871349377","1095","1095","1095"
"105216","15.360434672918018","7.237179553245595","23.48368979259044","1096","1096","1096"
"105312","16.51430536723758","16.51430536723758","16.51430536723758","1097","1097","1097"
"105408","22.049205388493924","18.103062592480967","25.99534818450688","1098","1098","1098"
"105504","24.848712858222438","19.971036651407015","29.72638906503786","1099","1099","1099"
"105600","17.19065315156086","12.797849320175782","21.583456982945933","1100","1100","1100"
"105696","22.617906023305736","22.617906023305736","22.617906023305736","1101","1101","1101"
"105792","21.576919385344446","16.514074843072507","26.63976392761639","1102","1102","1102"
"105888","25.673932177896095","24.354632480480195","26.993231875311995","1103","1103","1103"
"105984","14.792808412031368","14.792808412031368","14.792808412031368","1104","1104","1104"
"106080","26.539016917291654","26.25400535381796","26.82402848076535","1105","1105","1105"
"106176","17.040807530655147","4.781453415116323","29.30016164619397","1106","1106","1106"
"106272","28.129977186565128","26.76557694594241","29.494377427187846","1107","1107","1107"
"106368","22.08475434059983","17.355123835967774","26.814384845231885","1108","1108","1108"
"106464","28.158172446087747","26.76557694594241","29.550767946233087","1109","1109","1109"
"106560","23.472726152622677","20.956206604638272","25.98924570060708","1110","1110","1110"
"106656","19.333831319499517","19.333831319499517","19.333831319499517","1111","1111","1111"
"106752","27.70712601845333","27.70712601845333","27.70712601845333","1112","1112","1112"
"106848","27.826468982170073","26.96755942872978","28.68537853561037","1113","1113","1113"
"106944","21.40819556872606","15.277568023506968","27.538823113945156","1114","1114","1114"
"107040","23.83087862422487","23.83087862422487","23.83087862422487","1115","1115","1115"
"107136","29.449845155594506","29.449845155594506","29.449845155594506","1116","1116","1116"
"107232","21.029389495893067","21.029389495893067","21.029389495893067","1117","1117","1117"
"107328","26.393148319105507","23.41932277064674","29.36697386756427","1118","1118","1118"
"107424","25.508595696697853","21.218802471961833","29.798388921433876","1119","1119","1119"
"107520","28.208060185033744","27.20868769100116","29.20743267906633","1120","1120","1120"
"107616","27.15870398801124","27.15870398801124","27.15870398801124","1121","1121","1121"
"107712","23.107845412466958","18.040773236156323","28.17491758877759","1122","1122","1122"
"107808","23.92645805914361","18.11674352228067","29.736172596006547","1123","1123","1123"
"107904","-8.66020325142038","-8.66020325142038","-8.66020325142038","1124","1124","1124"
"108000","26.204738816328636","26.204738816328636","26.204738816328636","1125","1125","1125"
"108096","13.819266624316253","0.3836174986676703","27.254915749964834","1126","1126","1126"
"108192","26.931497921243253","26.931497921243253","26.931497921243253","1127","1127","1127"
"108288","24.869123975636974","22.664179265518907","27.07406868575504","1128","1128","1128"
"108384","26.664908566129313","26.34993455782115","26.97988257443748","1129","1129","1129"
"108480","24.370939658244012","21.68908709475348","27.052792221734542","1130","1130","1130"
"108576","25.323473755444766","21.218136005759103","29.428811505130433","1131","1131","1131"
"108672","27.73909819934097","27.73909819934097","27.73909819934097","1132","1132","1132"
"108768","23.5933288753471","17.988898624762864","29.197759125931338","1133","1133","1133"
"108864","23.405979936487125","23.405979936487125","23.405979936487125","1134","1134","1134"
"108960","24.405645992455238","24.405645992455238","24.405645992455238","1135","1135","1135"
"109056","26.86884787860676","26.854696972997687","26.882998784215836","1136","1136","1136"
"109152","27.828470865571283","26.724517112699637","28.93242461844293","1137","1137","1137"
"109248","26.571011180057827","26.571011180057827","26.571011180057827","1138","1138","1138"
"109344","27.149076659193778","24.854122576863414","29.44403074152414","1139","1139","1139"
"109440","17.881789241951093","8.84914586485864","26.914432619043545","1140","1140","1140"
"109536","25.96331922988164","25.96331922988164","25.96331922988164","1141","1141","1141"
"109632","23.627232348749995","23.627232348749995","23.627232348749995","1142","1142","1142"
"109728","26.827073663354795","24.51022521782278","29.143922108886816","1143","1143","1143"
"109824","24.668990041339633","22.454981298463426","26.882998784215836","1144","1144","1144"
"109920","12.925652704246207","12.925652704246207","12.925652704246207","1145","1145","1145"
"110016","25.480884865492847","21.491391201848447","29.47037852913725","1146","1146","1146"
"110112","10.402278213270565","-8.66020325142038","29.46475967796151","1147","1147","1147"
"110208","23.512679491367475","17.653508510181208","29.371850472553742","1148","1148","1148"
"110304","26.122807243297203","23.34691836262803","28.89869612396637","1149","1149","1149"
"110400","19.144433585576206","19.144433585576206","19.144433585576206","1150","1150","1150"
"110496","27.94240642522942","26.455673515718114","29.429139334740725","1151","1151","1151"
"110592","28.17839730224737","27.15870398801124","29.1980906164835","1152","1152","1152"
"110688","10.054351449634094","-8.66020325142038","28.76890615068857","1153","1153","1153"
"110784","17.73561041606343","5.730367385690677","29.740853446436184","1154","1154","1154"
"110880","25.70497147637563","25.70497147637563","25.70497147637563","1155","1155","1155"
"110976","19.184100551977597","17.957491070323094","20.4107100336321","1156","1156","1156"
"111072","27.104538992795316","26.82488371577337","27.38419426981726","1157","1157","1157"
"111168","26.163886522883224","25.324502071263367","27.003270974503085","1158","1158","1158"
"111264","21.975808123038025","17.355123835967774","26.596492410108276","1159","1159","1159"
"111360","24.824583722348827","20.003691234242307","29.64547621045535","1160","1160","1160"
"111456","24.360756785371173","21.594049570831892","27.127463999910457","1161","1161","1161"
"111552","27.28782543803319","26.730907004993405","27.84474387107298","1162","1162","1162"
"111648","14.753618409927185","14.753618409927185","14.753618409927185","1163","1163","1163"
"111744","23.851815542864124","18.17436599948911","29.52926508623914","1164","1164","1164"
"111840","23.2183055375937","18.2030851019201","28.233525973267298","1165","1165","1165"
"111936","16.09164923599439","9.337000041254834","22.846298430733945","1166","1166","1166"
"112032","25.19289988162267","25.19289988162267","25.19289988162267","1167","1167","1167"
"112128","18.84242995283602","15.042647858583772","22.64221204708827","1168","1168","1168"
"112224","25.026619681640856","24.30931954204464","25.74391982123707","1169","1169","1169"
"112320","24.99493331264132","23.073682817416966","26.91618380786567","1170","1170","1170"
"112416","27.29616472802752","27.13047384640233","27.46185560965271","1171","1171","1171"
"112512","25.952147127330452","24.888681876065263","27.01561237859564","1172","1172","1172"
"112608","28.35781760143504","27.06072099739477","29.65491420547531","1173","1173","1173"
"112704","19.242007792717168","9.337000041254834","29.147015544179503","1174","1174","1174"
"112800","22.357702508890895","18.17436599948911","26.541039018292683","1175","1175","1175"
"112896","27.44908099843815","26.61740325538097","28.280758741495323","1176","1176","1176"
"112992","27.910080902247696","27.056245548277154","28.763916256218238","1177","1177","1177"
"113088","25.007563851073108","21.040899089906585","28.97422861223963","1178","1178","1178"
"113184","24.393754335899715","21.786211181544832","27.0012974902546","1179","1179","1179"
"113280","26.227096533509304","26.227096533509304","26.227096533509304","1180","1180","1180"
"113376","25.421896194285164","21.104149937014817","29.73964245155551","1181","1181","1181"
"113472","24.992931224444643","20.48108343145783","29.504779017431456","1182","1182","1182"
"113568","26.387776006354287","23.477598338926494","29.29795367378208","1183","1183","1183"
"113664","28.16711323189741","27.0602310947508","29.273995369044016","1184","1184","1184"
"113760","19.22211573202874","9.16644461867486","29.27778684538262","1185","1185","1185"
"113856","25.404998370650844","25.404998370650844","25.404998370650844","1186","1186","1186"
"113952","20.188905888038093","13.740398402438846","26.63741337363734","1187","1187","1187"
"114048","23.516766210061355","21.072619047561773","25.960913372560942","1188","1188","1188"
"114144","24.201837115800593","21.8190612639615","26.584612967639686","1189","1189","1189"
"114240","26.348428404592376","25.437680529304888","27.259176279879867","1190","1190","1190"
"114336","18.1055920139476","18.1055920139476","18.1055920139476","1191","1191","1191"
"114432","28.12936745448497","26.922198132297506","29.336536776672432","1192","1192","1192"
"114528","21.78061034851475","17.605007740186217","25.956212956843277","1193","1193","1193"
"114624","27.111837230323708","24.582544614742417","29.641129845905","1194","1194","1194"
"114720","27.317677569012947","26.76557694594241","27.869778192083484","1195","1195","1195"
"114816","19.682100184998532","15.773658716632003","23.590541653365065","1196","1196","1196"
"114912","6.941900696928757","-8.66020325142038","22.544004645277894","1197","1197","1197"
"115008","21.65967972600899","18.64661968925053","24.67273976276745","1198","1198","1198"
"115104","24.06276981317034","21.592802444579558","26.53273718176112","1199","1199","1199"
"115200","23.19096244210516","23.19096244210516","23.19096244210516","1200","1200","1200"
"115296","27.096599558290805","25.15599438451103","29.037204732070578","1201","1201","1201"
"115392","28.10149678756968","26.81722386639265","29.385769708746714","1202","1202","1202"
"115488","24.75762876558993","24.75762876558993","24.75762876558993","1203","1203","1203"
"115584","17.26875214577722","15.376763535697158","19.160740755857287","1204","1204","1204"
"115680","22.08351173086165","15.204695432411071","28.962328029312236","1205","1205","1205"
"115776","13.692457895767806","3.9270510579085993","23.457864733627012","1206","1206","1206"
"115872","21.73338288549251","13.677157383996299","29.789608386988718","1207","1207","1207"
"115968","25.249009048555486","21.063116881583937","29.43490121552703","1208","1208","1208"
"116064","10.15629818715124","-8.66020325142038","28.97279962572286","1209","1209","1209"
"116160","26.29090301697881","23.32765232653546","29.254153707422155","1210","1210","1210"
"116256","28.247761321647207","26.934917012008164","29.56060563128625","1211","1211","1211"
"116352","24.877678736634827","22.983137242768958","26.772220230500697","1212","1212","1212"
"116448","28.27358833484203","26.95780902567873","29.589367644005335","1213","1213","1213"
"116544","27.89769129678516","26.96272617637763","28.832656417192688","1214","1214","1214"
"116640","27.447690851385374","25.390602685339292","29.504779017431456","1215","1215","1215"
"116736","26.512250326481947","26.30902626685598","26.715474386107918","1216","1216","1216"
"116832","19.12291890544848","9.155247008952273","29.09059080194469","1217","1217","1217"
"116928","27.54455196293626","26.84666423367922","28.2424396921933","1218","1218","1218"
"117024","25.553277007165164","25.1602749234669","25.946279090863424","1219","1219","1219"
"117120","25.1175292571169","21.001204229062765","29.233854285171034","1220","1220","1220"
"117216","28.073383424290682","26.893960567858787","29.252806280722574","1221","1221","1221"
"117312","25.289833689140103","22.57775065998844","28.001916718291767","1222","1222","1222"
"117408","23.079660068605666","21.564343272627","24.594976864584332","1223","1223","1223"
"117504","28.209181618438663","26.906575627707653","29.511787609169676","1224","1224","1224"
"117600","17.801355710105824","6.362394345545207","29.240317074666443","1225","1225","1225"
"117696","22.872915325913514","20.811365192278203","24.934465459548825","1226","1226","1226"
"117792","18.4427046986161","13.62404237064935","23.261367026582853","1227","1227","1227"
"117888","26.598242556850835","26.598242556850835","26.598242556850835","1228","1228","1228"
"117984","14.057267579467414","0.3836174986676703","27.730917660267156","1229","1229","1229"
"118080","23.197939787771208","22.665276599102864","23.730602976439553","1230","1230","1230"
"118176","24.7736309806236","24.7736309806236","24.7736309806236","1231","1231","1231"
"118272","18.008755723299267","17.355123835967774","18.66238761063076","1232","1232","1232"
"118368","13.30129502589837","9.247466215828963","17.355123835967774","1233","1233","1233"
"118464","28.087536860951857","26.376684800469842","29.798388921433876","1234","1234","1234"
"118560","21.996276491527865","20.90000367944981","23.09254930360592","1235","1235","1235"
"118656","9.202316420344642","9.202316420344642","9.202316420344642","1236","1236","1236"
"118752","21.091010415697756","15.085601624053306","27.09641920734221","1237","1237","1237"
"118848","20.920648321577985","18.133576256227155","23.707720386928816","1238","1238","1238"
"118944","25.814271330672636","22.54754393400156","29.08099872734371","1239","1239","1239"
"119040","24.580604514191684","19.77792656276654","29.383282465616826","1240","1240","1240"
"119136","25.211631058255072","20.920942642887734","29.50231947362241","1241","1241","1241"
"119232","25.757854610133997","21.4736304296824","30.042078790585595","1242","1242","1242"
"119328","26.89217216135004","24.288940320899734","29.495404001800342","1243","1243","1243"
"119424","23.858902956290876","18.116091969253926","29.601713943327823","1244","1244","1244"
"119520","19.252203383479547","9.247466215828963","29.256940551130132","1245","1245","1245"
"119616","23.864964737537623","23.864964737537623","23.864964737537623","1246","1246","1246"
"119712","23.247849063543626","19.45524706693288","27.040451060154375","1247","1247","1247"
"119808","23.115241832168294","21.5957649889185","24.63471867541809","1248","1248","1248"
"119904","28.25286034587403","26.988207451308234","29.517513240439825","1249","1249","1249"
"120000","24.62899155135797","22.2382968060906","27.019686296625345","1250","1250","1250"
"120096","28.13087094744593","26.745450813132823","29.51629108175904","1251","1251","1251"
"120192","24.08374672897128","24.08374672897128","24.08374672897128","1252","1252","1252"
"120288","19.499466223461727","9.247466215828963","29.75146623109449","1253","1253","1253"
"120384","28.321431238222793","27.069170162585365","29.57369231386022","1254","1254","1254"
"120480","17.34023509672629","9.247466215828963","25.433003977623613","1255","1255","1255"
"120576","28.2754436618257","27.089195142318292","29.46169218133311","1256","1256","1256"
"120672","18.469117855970502","9.292233128541898","27.64600258339911","1257","1257","1257"
"120768","25.780403431738698","25.433057950406624","26.127748913070775","1258","1258","1258"
"120864","19.16816401555022","9.337000041254834","28.999327989845607","1259","1259","1259"
"120960","25.613262021456965","24.55808185276001","26.668442190153918","1260","1260","1260"
"121056","24.793974570966267","20.96433540966146","28.623613732271075","1261","1261","1261"
"121152","21.297922456661574","21.297922456661574","21.297922456661574","1262","1262","1262"
"121248","26.957913136302665","26.776414869448317","27.139411403157013","1263","1263","1263"
"121344","25.10235827023186","23.261899044713957","26.942817495749768","1264","1264","1264"
"121440","22.297606005911902","18.150358926660537","26.444853085163263","1265","1265","1265"
"121536","16.4950013540902","9.247466215828963","23.742536492351437","1266","1266","1266"
"121632","28.29172849249328","27.060884298276093","29.52257268671047","1267","1267","1267"
"121728","19.435855082580897","9.337000041254834","29.53471012390696","1268","1268","1268"
"121920","25.374385540234698","20.944785183499302","29.80398589697009","1270","1270","1270"
"122016","28.453804521742548","27.10922012205122","29.798388921433876","1271","1271","1271"
"122112","25.304016332675875","23.778467752798882","26.82956491255287","1272","1272","1272"
"122208","25.348661921634793","23.639601151859743","27.057722691409843","1273","1273","1273"
"122304","27.60640025903343","26.963221994221932","28.24957852384492","1274","1274","1274"
"122400","21.55598587866797","16.164363890681194","26.947607866654746","1275","1275","1275"
"122496","28.013502633772","26.966204344971327","29.060800922572675","1276","1276","1276"
"122592","14.995327357376855","0.3383983949172267","29.652256319836482","1277","1277","1277"
"122688","14.833550132798985","0.3383983949172267","29.328701870680742","1278","1278","1278"
"122784","18.07976855372248","18.07976855372248","18.07976855372248","1279","1279","1279"
"122880","28.376237669274516","26.869125143707105","29.883350194841924","1280","1280","1280"
"122976","15.821017369644693","9.10446094614336","22.537573793146027","1281","1281","1281"
"123072","23.91635186304407","22.66926961036086","25.163434115727284","1282","1282","1282"
"123168","-8.66020325142038","-8.66020325142038","-8.66020325142038","1283","1283","1283"
"123264","22.301522934608748","18.17436599948911","26.428679869728384","1284","1284","1284"
"123360","19.471132693404105","9.059694033430423","29.882571353377784","1285","1285","1285"
"123456","6.876951468573893","-8.66020325142038","22.414106188568166","1286","1286","1286"
"123552","24.704569004629413","21.742501318281253","27.66663669097757","1287","1287","1287"
"123648","28.3128139838117","27.10922012205122","29.516407845572186","1288","1288","1288"
"123744","29.639249098194455","29.639249098194455","29.639249098194455","1289","1289","1289"
"123840","26.518442468211212","23.577746816666536","29.45913811975589","1290","1290","1290"
"123936","18.408385175266467","9.27424221979039","27.542528130742543","1291","1291","1291"
"124032","28.257734109394338","26.943440538595297","29.57202768019338","1292","1292","1292"
"124128","23.95550660382242","19.15921132689412","28.75180188075072","1293","1293","1293"
"124224","23.732481970539357","17.637178834414403","29.82778510666431","1294","1294","1294"
"124320","22.708508886895746","21.106801383315474","24.31021639047602","1295","1295","1295"
"124416","23.09071493195898","16.315468037578057","29.865961826339905","1296","1296","1296"
"124512","24.645283122006845","21.634591148208777","27.655975095804916","1297","1297","1297"
"124608","26.52644111493612","23.48290681620958","29.56997541366266","1298","1298","1298"
"124704","26.860345446284832","26.822537066190126","26.898153826379534","1299","1299","1299"
"124800","26.448314067261997","26.02244414788363","26.874183986640364","1300","1300","1300"
"124896","23.904649912569827","17.834793939460084","29.97450588567957","1301","1301","1301"
"124992","20.810558618414827","17.920966920778707","23.700150316050948","1302","1302","1302"
"125088","29.332688251411856","29.332688251411856","29.332688251411856","1303","1303","1303"
"125184","18.212845756874692","8.924502137913862","27.501189375835523","1304","1304","1304"
"125280","28.520073559302688","28.520073559302688","28.520073559302688","1305","1305","1305"
"125376","26.905236582705378","26.791042060885296","27.01943110452546","1306","1306","1306"
"125472","25.771673333131783","23.48074037760888","28.06260628865469","1307","1307","1307"
"125568","16.320347820931875","3.9270510579085993","28.71364458395515","1308","1308","1308"
"125664","27.57485744101348","26.8691251437071","28.28058973831986","1309","1309","1309"
"125760","29.49957822230965","29.49957822230965","29.49957822230965","1310","1310","1310"
"125856","28.174343519282537","26.86545143918278","29.48323559938229","1311","1311","1311"
"125952","23.132885799166033","16.51430536723758","29.75146623109449","1312","1312","1312"
"126048","27.92183837090515","26.80405207947079","29.039624662339513","1313","1313","1313"
"126144","22.51394840198813","17.830895256407068","27.197001547569197","1314","1314","1314"
"126336","27.113999843602414","27.113999843602414","27.113999843602414","1316","1316","1316"
"126432","23.788822209833427","21.101329609274718","26.476314810392136","1317","1317","1317"
"126528","28.214865387496676","26.8691251437071","29.56060563128625","1318","1318","1318"
"126624","24.264354090934066","21.714566573593146","26.814141608274987","1319","1319","1319"
"126720","22.393629505692445","22.108524256024843","22.678734755360047","1320","1320","1320"
"126816","18.147889221406153","9.337000041254834","26.95877840155747","1321","1321","1321"
"126912","22.883729049162422","17.567733146066555","28.19972495225829","1322","1322","1322"
"127008","29.580007422108793","29.580007422108793","29.580007422108793","1323","1323","1323"
"127104","26.274163020574527","23.433204772936786","29.11512126821227","1324","1324","1324"
"127200","25.586322710660703","24.112414326570605","27.0602310947508","1325","1325","1325"
"127296","6.322694585250488","6.322694585250488","6.322694585250488","1326","1326","1326"
"127392","28.27662543178768","27.10922012205122","29.44403074152414","1327","1327","1327"
"127488","21.31036420814773","12.925652704246207","29.69507571204925","1328","1328","1328"
"127584","23.156347144335726","16.51430536723758","29.798388921433876","1329","1329","1329"
"127680","25.16777812102655","23.61054283115384","26.72501341089926","1330","1330","1330"
"127776","17.689697937020156","9.247466215828963","26.13192965821135","1331","1331","1331"
"127872","25.27702733518685","20.926551863230475","29.627502807143223","1332","1332","1332"
"127968","22.898310668100667","16.51430536723758","29.282315968963754","1333","1333","1333"
"128064","24.688196593128215","19.981598180780278","29.39479500547615","1334","1334","1334"
"128160","27.51478315855823","27.10922012205122","27.920346195065243","1335","1335","1335"
"128256","21.66455977487477","14.251317841446278","29.077801708303262","1336","1336","1336"
"128352","22.677620903616365","18.294765767345428","27.0604760398873","1337","1337","1337"
"128448","23.167916152827573","18.150358926660537","28.185473378994608","1338","1338","1338"
"128544","27.87699031318988","27.0602310947508","28.693749531628953","1339","1339","1339"
"128640","12.832516621447517","0.3383983949172267","25.326634847977807","1340","1340","1340"
"128736","20.89911666719344","19.187144623163487","22.611088711223392","1341","1341","1341"
"128832","23.537640586762713","20.06354921580204","27.01173195772338","1342","1342","1342"
"128928","27.658610662715958","26.925332341446317","28.391888983985602","1343","1343","1343"
"129024","28.315256177976867","26.916421477886672","29.71409087806706","1344","1344","1344"
"129120","23.382903709036693","17.54363224225788","29.222175175815508","1345","1345","1345"
"129216","21.634604799012322","16.51430536723758","26.754904230787066","1346","1346","1346"
"129312","21.78497686206464","14.938800164572697","28.631153559556584","1347","1347","1347"
"129408","25.837354851624994","25.837354851624994","25.837354851624994","1348","1348","1348"
"129504","24.044756142201607","21.220387140696108","26.8691251437071","1349","1349","1349"
"129600","23.686494570034135","23.108671335737057","24.26431780433121","1350","1350","1350"
"129696","26.996276260215765","26.88333239838031","27.10922012205122","1351","1351","1351"
"129792","22.918329484372784","18.91446083644806","26.922198132297506","1352","1352","1352"
"129888","23.181269301110138","16.44732936118084","29.915209241039435","1353","1353","1353"
"129984","26.96371781206624","26.96371781206624","26.96371781206624","1354","1354","1354"
"130080","20.830144479721167","15.153419646027075","26.506869313415258","1355","1355","1355"
"130176","26.855667323969264","26.855667323969264","26.855667323969264","1356","1356","1356"
"130272","22.777099667983165","21.78726823099419","23.76693110497214","1357","1357","1357"
"130368","26.40480468760458","25.84589156314292","26.96371781206624","1358","1358","1358"
"130464","21.36225125966405","21.120316316023956","21.60418620330414","1359","1359","1359"
"130560","19.583443290306086","17.355123835967774","21.811762744644398","1360","1360","1360"
"130656","20.821119783964114","20.821119783964114","20.821119783964114","1361","1361","1361"
"130752","26.923003905641515","26.84273683677994","27.003270974503085","1362","1362","1362"
"130848","27.602762534997822","27.01173195772338","28.19379311227226","1363","1363","1363"
"130944","24.737916342288482","22.454981298463426","27.020851386113538","1364","1364","1364"
"131040","27.109385068271084","27.109385068271084","27.109385068271084","1365","1365","1365"
"131136","21.074194903886095","16.424771541811705","25.723618265960482","1366","1366","1366"
"131232","18.37990868527233","9.337000041254834","27.422817329289824","1367","1367","1367"
"131328","23.94781736390803","20.45832384897759","27.437310878838474","1368","1368","1368"
"131424","26.14183265018904","25.074977609376923","27.20868769100116","1369","1369","1369"
"131520","26.866469873817376","26.866469873817376","26.866469873817376","1370","1370","1370"
"131616","27.10922012205122","27.10922012205122","27.10922012205122","1371","1371","1371"
"131712","24.139902921783193","21.185146761785756","27.09465908178063","1372","1372","1372"
"131808","22.849685570569825","18.007354183295615","27.692016957844036","1373","1373","1373"
"131904","27.549736418901198","26.794057006066268","28.305415831736124","1374","1374","1374"
"132000","24.87607407388824","24.87607407388824","24.87607407388824","1375","1375","1375"
"132096","25.009773468832307","23.150421793957516","26.8691251437071","1376","1376","1376"
"132192","26.745264404983836","26.62140366626057","26.8691251437071","1377","1377","1377"
"132288","26.856884975057586","26.84087963791613","26.87289031219904","1378","1378","1378"
"132384","-8.66020325142038","-8.66020325142038","-8.66020325142038","1379","1379","1379"
"132480","26.689280511631594","26.325393616339362","27.05316740692383","1380","1380","1380"
"132576","21.300933499020562","21.300933499020562","21.300933499020562","1381","1381","1381"
"132672","43.93758565328464","21.370525725106205","66.50464558146308","1382","1382","1382"
"132768","49.62708564378711","22.172442212436895","77.08172907513733","1383","1383","1383"
"132864","26.601389151688917","26.47202440870391","26.730753894673924","1384","1384","1384"
"132960","23.861270372819966","23.861270372819966","23.861270372819966","1385","1385","1385"
"133056","25.290500215844098","24.264366745901004","26.316633685787195","1386","1386","1386"
"133152","26.175745706808026","25.525030633671363","26.82646077994469","1387","1387","1387"
"133248","6.024384902607401","2.9906639962008335","9.058105809013968","1388","1388","1388"
"133344","31.32825469576745","26.947873143999384","35.70863624753551","1389","1389","1389"
"133440","26.795946324682888","26.795946324682888","26.795946324682888","1390","1390","1390"
"133536","34.54333491973937","26.893127439128182","42.19354240035056","1391","1391","1391"
"133632","49.53259433917873","24.341542832386068","74.72364584597139","1392","1392","1392"
"133728","29.819616298147352","21.800618150994495","37.83861444530021","1393","1393","1393"
"133920","42.1918832287619","23.43830947739598","60.94545698012783","1395","1395","1395"
"134016","27.186674207821724","26.76888854912022","27.604459866523225","1396","1396","1396"
"134112","26.822537066190126","26.822537066190126","26.822537066190126","1397","1397","1397"
"134208","23.185275547615312","19.43012254451539","26.94042855071524","1398","1398","1398"
"134304","49.08315640710471","26.96371781206624","71.20259500214318","1399","1399","1399"
"134400","22.25980081381951","17.597088104318654","26.92251352332037","1400","1400","1400"
"134496","45.760499033850685","26.884708760823987","64.63628930687739","1401","1401","1401"
"134592","0.3383983949172267","0.3383983949172267","0.3383983949172267","1402","1402","1402"
"134688","26.96371781206624","26.96371781206624","26.96371781206624","1403","1403","1403"
"134784","68.51356309691887","26.792955981227298","110.23417021261044","1404","1404","1404"
"134880","27.10922012205122","27.10922012205122","27.10922012205122","1405","1405","1405"
"134976","46.96104877663451","27.10922012205122","66.8128774312178","1406","1406","1406"
"135072","16.207523712201347","15.059923588434922","17.355123835967774","1407","1407","1407"
"135168","22.400299188765523","22.400299188765523","22.400299188765523","1408","1408","1408"
"135264","27.43886499904717","27.01391456585917","27.86381543223517","1409","1409","1409"
"135360","57.54951346127741","21.042661676893186","94.05636524566162","1410","1410","1410"
"135456","26.770781651315815","26.770781651315815","26.770781651315815","1411","1411","1411"
"135552","51.340920012121884","12.9774212093399","89.70441881490387","1412","1412","1412"
"135648","16.66299340277283","16.66299340277283","16.66299340277283","1413","1413","1413"
"135744","69.18170914112864","27.01173195772338","111.35168632453389","1414","1414","1414"
"135840","17.355123835967774","17.355123835967774","17.355123835967774","1415","1415","1415"
"135936","13.30129502589837","9.247466215828963","17.355123835967774","1416","1416","1416"
"136032","26.722767505658673","26.722767505658673","26.722767505658673","1417","1417","1417"
"136128","26.898381318430427","26.898381318430427","26.898381318430427","1418","1418","1418"
"136224","15.642269223983039","15.642269223983039","15.642269223983039","1419","1419","1419"
"136320","23.345326113914556","23.345326113914556","23.345326113914556","1420","1420","1420"
"136416","48.81930386088476","26.8588015527788","70.77980616899072","1421","1421","1421"
"136512","64.97820688448641","26.46824627104929","103.48816749792354","1422","1422","1422"
"136608","51.65232888160432","0.29363148220429114","103.01102628100435","1423","1423","1423"
"136704","9.189264879940781","9.189264879940781","9.189264879940781","1424","1424","1424"
"136800","17.516762871483493","17.516762871483493","17.516762871483493","1425","1425","1425"
"136896","25.211859209727194","25.211859209727194","25.211859209727194","1426","1426","1426"
"136992","26.137176007024937","26.137176007024937","26.137176007024937","1427","1427","1427"
"137088","0.24931223861848562","0.24931223861848562","0.24931223861848562","1428","1428","1428"
"137184","68.32831569739628","25.133234401086142","111.5233969937064","1429","1429","1429"
"137280","67.51670131610446","19.446541791529942","115.58686084067898","1430","1430","1430"
"137376","49.91304092126704","24.974467449974814","74.85161439255927","1431","1431","1431"
"137472","2.950427984684856","2.950427984684856","2.950427984684856","1432","1432","1432"
"137568","64.40178576158104","26.109911240971204","102.69366028219088","1433","1433","1433"
"137664","66.82348343934501","21.378275955309824","112.2686909233802","1434","1434","1434"
"137760","65.9591179643264","20.303134768134527","111.61510116051828","1435","1435","1435"
"137856","74.47104386129503","26.199831663753013","122.74225605883706","1436","1436","1436"
"137952","17.018164158937747","17.018164158937747","17.018164158937747","1437","1437","1437"
"138048","115.61121231816831","115.61121231816831","115.61121231816831","1438","1438","1438"
"138144","72.99510822490863","25.93563276711886","120.05458368269841","1439","1439","1439"
"138240","26.009544189116887","26.009544189116887","26.009544189116887","1440","1440","1440"
"138336","26.48778134897549","26.48778134897549","26.48778134897549","1441","1441","1441"
"138432","17.78984588104778","17.78984588104778","17.78984588104778","1442","1442","1442"
"138528","66.03173527191899","8.958699470198143","123.10477107363982","1443","1443","1443"
"138624","70.89913610389193","26.842936835028876","114.955335372755","1444","1444","1444"
"138720","23.128983103912304","23.128983103912304","23.128983103912304","1445","1445","1445"
"138816","113.06295498631576","113.06295498631576","113.06295498631576","1446","1446","1446"
"138912","14.149267403348912","14.149267403348912","14.149267403348912","1447","1447","1447"
"139008","56.736386555111956","23.718361593229265","89.75441151699465","1448","1448","1448"
"139104","66.60032941680922","22.995289461682535","110.20536937193589","1449","1449","1449"
"139200","64.61614158836025","17.968781859437566","111.26350131728293","1450","1450","1450"
"139296","58.91429448091166","14.524187216412306","103.30440174541101","1451","1451","1451"
"139392","62.4486745460342","17.89996810220155","106.99738098986684","1452","1452","1452"
"139488","26.80817775321659","26.80817775321659","26.80817775321659","1453","1453","1453"
"139584","70.44929916772006","26.980531675413758","113.91806666002634","1454","1454","1454"
"139776","48.28167829509171","26.83574225326169","69.72761433692173","1456","1456","1456"
"139872","17.862351404570873","17.862351404570873","17.862351404570873","1457","1457","1457"
"139968","24.307560903382385","24.307560903382385","24.307560903382385","1458","1458","1458"
"140064","123.10477107363982","123.10477107363982","123.10477107363982","1459","1459","1459"
"140160","21.099222630285997","21.099222630285997","21.099222630285997","1460","1460","1460"
"140256","70.03642026728556","26.825098661905603","113.24774187266553","1461","1461","1461"
"140352","41.11509728461582","9.110927765366469","73.11926680386517","1462","1462","1462"
"140544","71.51402169077079","26.464829479776547","116.56321390176504","1464","1464","1464"
"140640","26.374458347329803","26.374458347329803","26.374458347329803","1465","1465","1465"
"140736","73.2897213403606","21.53707227495414","125.04237040576706","1466","1466","1466"
"140832","70.63543246335027","17.928310562913108","123.34255436378743","1467","1467","1467"
"141024","92.84610471868537","92.84610471868537","92.84610471868537","1469","1469","1469"
"141120","69.7553447440035","12.667717813868865","126.84297167413811","1470","1470","1470"
"141216","24.876072052529338","24.876072052529338","24.876072052529338","1471","1471","1471"
"141312","20.845543890308512","20.845543890308512","20.845543890308512","1472","1472","1472"
"141408","65.87874082766973","26.805904991836968","104.95157666350248","1473","1473","1473"
"141504","22.167827755690766","17.355123835967774","26.980531675413758","1474","1474","1474"
"141600","26.433234131184463","26.433234131184463","26.433234131184463","1475","1475","1475"
"141696","60.46066461672221","0.24931223861848562","120.67201699482594","1476","1476","1476"
"141792","26.69095283110962","26.69095283110962","26.69095283110962","1477","1477","1477"
"141888","21.48750422887813","21.48750422887813","21.48750422887813","1478","1478","1478"
"142080","26.980531675413758","26.980531675413758","26.980531675413758","1480","1480","1480"
"142176","18.020443255405336","18.020443255405336","18.020443255405336","1481","1481","1481"
"142272","26.8335596451259","26.8335596451259","26.8335596451259","1482","1482","1482"
"142368","21.58061585827285","21.58061585827285","21.58061585827285","1483","1483","1483"
"142464","26.577558314693366","26.577558314693366","26.577558314693366","1484","1484","1484"
"142560","54.50763011273353","-8.66020325142038","117.67546347688744","1485","1485","1485"
"142656","71.48681753136549","17.95217290401926","125.02146215871173","1486","1486","1486"
"142752","61.83431819372871","0.3836174986676703","123.28501888878975","1487","1487","1487"
"142848","21.32702286388295","21.32702286388295","21.32702286388295","1488","1488","1488"
"143040","71.19076012868837","21.423311754595517","120.95820850278122","1490","1490","1490"
"143136","68.48617633255871","26.377325543962336","110.59502712115508","1491","1491","1491"
"143328","20.6816894992016","20.6816894992016","20.6816894992016","1493","1493","1493"
"143424","68.29315508134265","12.03301929287259","124.55329086981271","1494","1494","1494"
"143520","63.72783922301531","3.8379649016098583","123.61771354442075","1495","1495","1495"
"143616","-8.66020325142038","-8.66020325142038","-8.66020325142038","1496","1496","1496"
"143712","56.278188487309926","-8.66020325142038","121.21658022604024","1497","1497","1497"
"143808","74.97806660410048","26.73801149526819","123.21812171293277","1498","1498","1498"
"143904","75.0250402120901","26.352746780990213","123.69733364319","1499","1499","1499"
"144000","9.158827728657352","9.158827728657352","9.158827728657352","1500","1500","1500"
"144096","23.72873460072395","23.72873460072395","23.72873460072395","1501","1501","1501"
"144192","20.060621773351265","20.060621773351265","20.060621773351265","1502","1502","1502"
"144288","69.82856656749208","16.5621997463975","123.09493338858665","1503","1503","1503"
"144384","73.94541813388936","24.9081200120921","122.98271625568663","1504","1504","1504"
"144480","55.67788006789155","21.377879084694996","89.9778810510881","1505","1505","1505"
"144576","70.21005050663061","25.643210977504648","114.77689003575657","1506","1506","1506"
"144672","15.263401492981256","15.263401492981256","15.263401492981256","1507","1507","1507"
"144768","71.03681141328492","21.918794440118734","120.1548283864511","1508","1508","1508"
"144864","26.603200728809725","26.603200728809725","26.603200728809725","1509","1509","1509"
"144960","68.71045957726226","16.336133054640097","121.08478609988443","1510","1510","1510"
"145056","17.588976236368847","17.588976236368847","17.588976236368847","1511","1511","1511"
"145152","75.29020033288103","26.704826471618354","123.8755741941437","1512","1512","1512"
"145248","17.729102153913125","17.729102153913125","17.729102153913125","1513","1513","1513"
"145344","8.970259195704948","8.970259195704948","8.970259195704948","1514","1514","1514"
"145440","121.16913952087546","121.16913952087546","121.16913952087546","1515","1515","1515"
"145536","71.98426515134324","21.944392977111793","122.02413732557467","1516","1516","1516"
"145632","22.521395713662486","22.521395713662486","22.521395713662486","1517","1517","1517"
"145728","71.2839322397462","20.421770712815103","122.14609376667732","1518","1518","1518"
"145824","9.247466215828963","9.247466215828963","9.247466215828963","1519","1519","1519"
"145920","73.08589860721821","26.48196947145328","119.68982774298314","1520","1520","1520"
"146016","74.57412010168568","23.936692544456555","125.21154765891481","1521","1521","1521"
"146112","12.266569152930341","12.266569152930341","12.266569152930341","1522","1522","1522"
"146208","67.20102687724803","9.247466215828963","125.1545875386671","1523","1523","1523"
"146304","16.497522253908894","16.497522253908894","16.497522253908894","1524","1524","1524"
"146400","76.52024931011881","26.735415097831915","126.30508352240571","1525","1525","1525"
"146496","15.097909472325007","15.097909472325007","15.097909472325007","1526","1526","1526"
"146592","56.85241175461337","16.424771541811705","97.28005196741503","1527","1527","1527"
"146688","74.57152224836574","26.28116251081849","122.86188198591297","1528","1528","1528"
"146784","21.954046407435847","21.954046407435847","21.954046407435847","1529","1529","1529"
"146880","72.38761604678895","18.15384865528988","126.621383438288","1530","1530","1530"
"146976","25.858584616659765","25.858584616659765","25.858584616659765","1531","1531","1531"
"147168","72.69434396100947","26.93203751176479","118.45665041025414","1533","1533","1533"
"147264","75.95653415790312","25.78059703005775","126.13247128574848","1534","1534","1534"
"147360","64.04771494859666","3.122813639912509","124.97261625728082","1535","1535","1535"
"147456","68.2286427766192","26.17469567400528","110.28258987923311","1536","1536","1536"
"147552","24.04484142166458","24.04484142166458","24.04484142166458","1537","1537","1537"
"147744","71.44365443165158","21.09389242637544","121.79341643692773","1539","1539","1539"
"147840","72.31450568710564","26.495621461828726","118.13338991238255","1540","1540","1540"
"147936","16.336133054640097","16.336133054640097","16.336133054640097","1541","1541","1541"
"148032","26.776599524878183","26.776599524878183","26.776599524878183","1542","1542","1542"
"148128","24.652405881649923","24.652405881649923","24.652405881649923","1543","1543","1543"
"148224","72.47618365646767","21.011227196734232","123.9411401162011","1544","1544","1544"
"148320","74.10932068886414","26.240033091667232","121.97860828606106","1545","1545","1545"
"148416","19.24622774492618","19.24622774492618","19.24622774492618","1546","1546","1546"
"148512","26.817697170160784","26.817697170160784","26.817697170160784","1547","1547","1547"
"148608","25.030617401596086","25.030617401596086","25.030617401596086","1548","1548","1548"
"148704","66.54511426832791","9.158827728657352","123.93140080799847","1549","1549","1549"
"148800","123.9411401162011","123.9411401162011","123.9411401162011","1550","1550","1550"
"148896","11.124257989537446","11.124257989537446","11.124257989537446","1551","1551","1551"
"148992","15.148387793318951","15.148387793318951","15.148387793318951","1552","1552","1552"
"149088","69.20938518644545","20.682657520700367","117.73611285219052","1553","1553","1553"
"149184","75.94675842021279","26.311631275668876","125.58188556475669","1554","1554","1554"
"149280","51.66436495614272","15.40350102582267","87.92522888646278","1555","1555","1555"
"149376","16.191477610903394","16.191477610903394","16.191477610903394","1556","1556","1556"
"149472","125.03129984376488","125.03129984376488","125.03129984376488","1557","1557","1557"
"149568","122.53654089267985","122.53654089267985","122.53654089267985","1558","1558","1558"
"149664","26.09180022706544","26.09180022706544","26.09180022706544","1559","1559","1559"
"149760","124.96507163966649","124.96507163966649","124.96507163966649","1560","1560","1560"
"149856","44.520054510854365","11.8846588471704","77.15545017453833","1561","1561","1561"
"149952","26.68124782588994","26.68124782588994","26.68124782588994","1562","1562","1562"
"150048","72.39366106741126","20.846182018621423","123.9411401162011","1563","1563","1563"
"150144","20.68134804286644","17.355123835967774","24.007572249765108","1564","1564","1564"
"150240","24.599625017356757","24.599625017356757","24.599625017356757","1565","1565","1565"
"150336","41.13471346756992","19.439581882700665","62.82984505243917","1566","1566","1566"
"150432","9.247466215828963","9.247466215828963","9.247466215828963","1567","1567","1567"
"150528","67.1728052413535","9.337000041254834","125.00861044145216","1568","1568","1568"
"150624","26.494303262597303","26.494303262597303","26.494303262597303","1569","1569","1569"
"150720","127.17719276668448","127.17719276668448","127.17719276668448","1570","1570","1570"
"150816","26.81722386639265","26.81722386639265","26.81722386639265","1571","1571","1571"
"150912","58.75639217961492","11.745032178348742","105.7677521808811","1572","1572","1572"
"151008","73.5606432685169","20.988815251285327","126.13247128574848","1573","1573","1573"
"151104","26.720209005832945","26.720209005832945","26.720209005832945","1574","1574","1574"
"151200","123.99097851221455","123.99097851221455","123.99097851221455","1575","1575","1575"
"151296","62.640306041191685","0.24931223861848562","125.03129984376488","1576","1576","1576"
"151392","68.81129980743454","14.639883359182443","122.98271625568663","1577","1577","1577"
"151488","115.840005440824","115.840005440824","115.840005440824","1578","1578","1578"
"151680","122.35863775752428","122.35863775752428","122.35863775752428","1580","1580","1580"
"151776","124.1864826290565","124.1864826290565","124.1864826290565","1581","1581","1581"
"151872","126.78457714638735","126.78457714638735","126.78457714638735","1582","1582","1582"
"152064","127.11526411863214","127.11526411863214","127.11526411863214","1584","1584","1584"
"152160","124.1864826290565","124.1864826290565","124.1864826290565","1585","1585","1585"
"152256","9.337000041254834","9.337000041254834","9.337000041254834","1586","1586","1586"
"152352","9.337000041254834","9.337000041254834","9.337000041254834","1587","1587","1587"
"152448","67.73473566350165","9.337000041254834","126.13247128574848","1588","1588","1588"
"152736","74.83638686736897","24.63040332897089","125.04237040576706","1591","1591","1591"
"152832","67.16757828931954","9.247466215828963","125.08769036281012","1592","1592","1592"
"152928","71.50315346620053","20.783478304813602","122.22282862758746","1593","1593","1593"
"153024","23.04449748796261","23.04449748796261","23.04449748796261","1594","1594","1594"
"153120","126.07608076670324","126.07608076670324","126.07608076670324","1595","1595","1595"
"153216","74.9656221224203","24.833047225218728","125.09819701962186","1596","1596","1596"
"153312","57.100839367246294","-8.66020325142038","122.86188198591297","1597","1597","1597"
"153408","58.24719214362336","-8.66020325142038","125.1545875386671","1598","1598","1598"
"153696","122.16700201373267","122.16700201373267","122.16700201373267","1601","1601","1601"
"153984","127.17719276668448","127.17719276668448","127.17719276668448","1604","1604","1604"
"154080","127.17719276668448","127.17719276668448","127.17719276668448","1605","1605","1605"
"154176","70.2389681717377","23.801207505934567","116.67672883754082","1606","1606","1606"
"154272","75.70852594568893","25.31802919355787","126.09902269782","1607","1607","1607"
"154368","115.16683501003482","104.78489855736214","125.54877146270749","1608","1608","1608"
"154464","74.56340298649226","24.09550612921965","125.03129984376488","1609","1609","1609"
"154560","125.03158179636011","125.03158179636011","125.03158179636011","1610","1610","1610"
"154656","65.21105342585392","65.21105342585392","65.21105342585392","1611","1611","1611"
"154752","126.13247128574848","126.13247128574848","126.13247128574848","1612","1612","1612"
"154848","40.461990391277325","40.461990391277325","40.461990391277325","1613","1613","1613"
"154944","69.60271630141581","21.515059133039124","117.69037346979249","1614","1614","1614"
"155040","60.21168436383834","24.103702385512126","96.31966634216455","1615","1615","1615"
"155232","97.24427127984686","70.61296836555003","123.8755741941437","1617","1617","1617"
"155328","122.53088827673757","122.53088827673757","122.53088827673757","1618","1618","1618"
"155520","55.53887416201703","2.578798735612848","108.49894958842121","1620","1620","1620"
"155616","71.66857177093988","21.558979901069094","121.77816364081066","1621","1621","1621"
"155712","121.97860828606106","121.97860828606106","121.97860828606106","1622","1622","1622"
"155808","120.33078798110583","120.33078798110583","120.33078798110583","1623","1623","1623"
"155904","121.85832669976458","121.85832669976458","121.85832669976458","1624","1624","1624"
"156000","67.76269754234026","22.61369646594006","112.91169861874047","1625","1625","1625"
"156096","80.00344312798956","38.01676543005871","121.99012082592039","1626","1626","1626"
"156192","9.337000041254834","9.337000041254834","9.337000041254834","1627","1627","1627"
"156288","117.65104866562659","117.65104866562659","117.65104866562659","1628","1628","1628"
"156384","76.36226821861199","76.36226821861199","76.36226821861199","1629","1629","1629"
"156480","70.28737051949877","18.584620213077148","121.99012082592039","1630","1630","1630"
"156672","101.41115009442626","101.41115009442626","101.41115009442626","1632","1632","1632"
"156768","120.87674606601433","120.87674606601433","120.87674606601433","1633","1633","1633"
"156864","115.06961013146694","115.06961013146694","115.06961013146694","1634","1634","1634"
"156960","97.94871772202782","73.02470320032431","122.87273224373132","1635","1635","1635"
"157056","74.80947102884758","74.80947102884758","74.80947102884758","1636","1636","1636"
"157152","116.7683808536646","110.6093137993588","122.92744790797039","1637","1637","1637"
"157248","121.88529496684536","121.88529496684536","121.88529496684536","1638","1638","1638"
"157344","97.84170414826639","97.84170414826639","97.84170414826639","1639","1639","1639"
"157440","120.81142653750237","120.81142653750237","120.81142653750237","1640","1640","1640"
"157536","125.03129984376488","125.03129984376488","125.03129984376488","1641","1641","1641"
"157632","53.84116903277645","-11.613215641399567","119.29555370695246","1642","1642","1642"
"157728","91.62705188643163","75.78157992351909","107.47252384934417","1643","1643","1643"
"157824","117.34097826416735","117.34097826416735","117.34097826416735","1644","1644","1644"
"157920","124.56307369890862","124.56307369890862","124.56307369890862","1645","1645","1645"
"158112","121.92389262182198","121.92389262182198","121.92389262182198","1647","1647","1647"
"158208","121.99012082592039","121.99012082592039","121.99012082592039","1648","1648","1648"
"158304","124.07426549615647","124.07426549615647","124.07426549615647","1649","1649","1649"
"158400","121.97860828606106","121.97860828606106","121.97860828606106","1650","1650","1650"
"158592","123.06057328792576","123.06057328792576","123.06057328792576","1652","1652","1652"
"158688","82.41263925332655","82.41263925332655","82.41263925332655","1653","1653","1653"
"158976","62.86639185208286","8.984201045080562","116.74858265908516","1656","1656","1656"
"159072","67.55144008780695","11.095511855314426","124.00736832029949","1657","1657","1657"
"159168","14.723877264249664","14.723877264249664","14.723877264249664","1658","1658","1658"
"159264","124.00419215447742","124.00419215447742","124.00419215447742","1659","1659","1659"
"159360","117.79838921444974","117.79838921444974","117.79838921444974","1660","1660","1660"
"159456","98.14856937881555","72.28465077971427","124.01248797791683","1661","1661","1661"
"159552","97.96653138811794","97.96653138811794","97.96653138811794","1662","1662","1662"
"159648","64.13027818838498","10.895623744406478","117.36493263236346","1663","1663","1663"
"159744","21.2972398402109","21.2972398402109","21.2972398402109","1664","1664","1664"
"159840","111.98620131677555","101.27004513495642","122.7023574985947","1665","1665","1665"
"159936","124.96507163966649","124.96507163966649","124.96507163966649","1666","1666","1666"
"160032","123.9411401162011","123.9411401162011","123.9411401162011","1667","1667","1667"
"160224","50.77760695324077","50.77760695324077","50.77760695324077","1669","1669","1669"
"160416","11.369534474122299","11.369534474122299","11.369534474122299","1671","1671","1671"
"160512","108.65651699630016","95.38914137077832","121.92389262182198","1672","1672","1672"
"160608","85.44403019323312","45.856760542701366","125.03129984376488","1673","1673","1673"
"160704","123.9411401162011","123.9411401162011","123.9411401162011","1674","1674","1674"
"160800","124.00736832029949","124.00736832029949","124.00736832029949","1675","1675","1675"
"160896","89.48032144502658","52.412789569170606","126.54785332088255","1676","1676","1676"
"160992","82.03566079375942","39.106249947852355","124.96507163966649","1677","1677","1677"
"161088","78.49879472351994","78.49879472351994","78.49879472351994","1678","1678","1678"
"161184","88.13360687858638","88.13360687858638","88.13360687858638","1679","1679","1679"
"161280","94.82047143613559","65.63357455197169","124.00736832029949","1680","1680","1680"
"161472","108.83782426427234","108.83782426427234","108.83782426427234","1682","1682","1682"
"161568","89.36484639323363","53.63711300492175","125.09257978154552","1683","1683","1683"
"161664","67.65652016286023","9.247466215828963","126.06557410989151","1684","1684","1684"
"161760","122.98271625568663","122.98271625568663","122.98271625568663","1685","1685","1685"
"161856","115.72606178126823","104.34182797170894","127.11029559082752","1686","1686","1686"
"161952","67.17380411243975","14.20768661652804","120.13992160835147","1687","1687","1687"
"162048","69.58513330682457","69.58513330682457","69.58513330682457","1688","1688","1688"
"162144","123.9411401162011","123.9411401162011","123.9411401162011","1689","1689","1689"
"162240","124.96507163966649","124.96507163966649","124.96507163966649","1690","1690","1690"
"162336","125.03129984376488","125.03129984376488","125.03129984376488","1691","1691","1691"
"162432","99.30394427176218","75.61421243145557","122.99367611206878","1692","1692","1692"
"162528","104.46313004603627","83.89496024830767","125.03129984376488","1693","1693","1693"
"162624","52.36610881538763","52.36610881538763","52.36610881538763","1694","1694","1694"
"162720","73.38773380015341","21.744167756541945","125.03129984376488","1695","1695","1695"
"162816","76.45068438325653","27.352931789684853","125.5484369768282","1696","1696","1696"
"162912","124.90924502581169","124.90924502581169","124.90924502581169","1697","1697","1697"
"163008","72.61497398577451","20.19864812778413","125.03129984376488","1698","1698","1698"
"163104","126.13247128574848","126.13247128574848","126.13247128574848","1699","1699","1699"
"163200","125.52085815578008","125.52085815578008","125.52085815578008","1700","1700","1700"
"163296","87.84068322885548","87.84068322885548","87.84068322885548","1701","1701","1701"
"163392","127.12023264643676","127.12023264643676","127.12023264643676","1702","1702","1702"
"163488","108.91333302351951","90.64947328035454","127.17719276668448","1703","1703","1703"
"163584","81.18439325997548","35.258490929123454","127.11029559082752","1704","1704","1704"
"163680","126.06557410989151","126.06557410989151","126.06557410989151","1705","1705","1705"
"163968","83.18634320938509","40.36350282792388","126.00918359084628","1708","1708","1708"
"164064","126.00918359084628","126.00918359084628","126.00918359084628","1709","1709","1709"
"164160","121.21425782769197","121.21425782769197","121.21425782769197","1710","1710","1710"
"164256","119.45477458224121","113.93407593457233","124.9754732299101","1711","1711","1711"
"164352","8.984201045080562","8.984201045080562","8.984201045080562","1712","1712","1712"
"164448","102.07512724480983","78.15090858382658","125.9993459057931","1713","1713","1713"
"164544","40.24140280288514","40.24140280288514","40.24140280288514","1714","1714","1714"
"164736","9.07107562635746","9.07107562635746","9.07107562635746","1716","1716","1716"
"164832","80.28171885332404","36.62229759044697","123.9411401162011","1717","1717","1717"
"164928","53.42356615590437","-11.102135103564395","117.94926741537313","1718","1718","1718"
"165024","125.03129984376488","125.03129984376488","125.03129984376488","1719","1719","1719"
"165120","124.00736832029949","124.00736832029949","124.00736832029949","1720","1720","1720"
"165216","110.24590122013359","110.24590122013359","110.24590122013359","1721","1721","1721"
"165408","66.23979130786076","8.898195209616434","123.58138740610507","1723","1723","1723"
"165504","120.86480696647763","120.86480696647763","120.86480696647763","1724","1724","1724"
"165600","45.140193952121294","45.140193952121294","45.140193952121294","1725","1725","1725"
"165696","71.85394273776882","20.86060062652116","122.84728484901649","1726","1726","1726"
"165792","66.53922197332848","9.07107562635746","124.00736832029949","1727","1727","1727"
"165888","68.21118886464396","14.250950802012643","122.17142692727528","1728","1728","1728"
"165984","122.86188198591297","122.86188198591297","122.86188198591297","1729","1729","1729"
"166176","8.161831092659144","8.161831092659144","8.161831092659144","1731","1731","1731"
"166272","111.01714018496962","111.01714018496962","111.01714018496962","1732","1732","1732"
"166368","9.07107562635746","9.07107562635746","9.07107562635746","1733","1733","1733"
"166464","123.9411401162011","123.9411401162011","123.9411401162011","1734","1734","1734"
"166560","117.18072022457415","109.3963688094818","124.96507163966649","1735","1735","1735"
"166656","82.77636043314446","82.77636043314446","82.77636043314446","1736","1736","1736"
"166752","110.24590122013359","110.24590122013359","110.24590122013359","1737","1737","1737"
"166848","118.10317144935198","110.20699699291086","125.9993459057931","1738","1738","1738"
"166944","123.87920585229544","123.87920585229544","123.87920585229544","1739","1739","1739"
"167040","91.31956988300719","91.31956988300719","91.31956988300719","1740","1740","1740"
"167136","124.96507163966649","124.96507163966649","124.96507163966649","1741","1741","1741"
"167232","28.299305763627263","28.299305763627263","28.299305763627263","1742","1742","1742"
"167328","72.4781833238671","72.4781833238671","72.4781833238671","1743","1743","1743"
"167424","101.76561733303511","79.11091174916513","124.42032291690509","1744","1744","1744"
"167520","121.72915527671927","121.72915527671927","121.72915527671927","1745","1745","1745"
"167616","123.8755741941437","123.8755741941437","123.8755741941437","1746","1746","1746"
"167712","126.0324600078423","126.0324600078423","126.0324600078423","1747","1747","1747"
"167808","124.96507163966649","124.96507163966649","124.96507163966649","1748","1748","1748"
"167904","112.05854822825644","112.05854822825644","112.05854822825644","1749","1749","1749"
"168000","125.03129984376488","125.03129984376488","125.03129984376488","1750","1750","1750"
"168096","41.899976774709685","41.899976774709685","41.899976774709685","1751","1751","1751"
"168192","20.85656955730485","20.85656955730485","20.85656955730485","1752","1752","1752"
"168384","8.084048956719228","8.084048956719228","8.084048956719228","1754","1754","1754"
"168480","117.1046137582886","110.33365332243349","123.8755741941437","1755","1755","1755"
"168576","115.46275362915276","110.33365332243349","120.59185393587202","1756","1756","1756"
"168672","124.89950571760906","124.89950571760906","124.89950571760906","1757","1757","1757"
"168768","-8.66020325142038","-8.66020325142038","-8.66020325142038","1758","1758","1758"
"168960","78.11467138204051","78.11467138204051","78.11467138204051","1760","1760","1760"
"169056","123.8755741941437","123.8755741941437","123.8755741941437","1761","1761","1761"
"169152","48.37458651826258","48.37458651826258","48.37458651826258","1762","1762","1762"
"169248","118.65170140515704","118.65170140515704","118.65170140515704","1763","1763","1763"
"169344","116.3681378919753","107.7712041442841","124.96507163966649","1764","1764","1764"
"169440","12.187686440848886","12.187686440848886","12.187686440848886","1765","1765","1765"
"169536","92.32447753597184","60.77338087779997","123.8755741941437","1766","1766","1766"
"169632","124.42032291690509","124.42032291690509","124.42032291690509","1767","1767","1767"
"169920","104.2854374526637","104.2854374526637","104.2854374526637","1770","1770","1770"
"170016","122.79697172307613","122.79697172307613","122.79697172307613","1771","1771","1771"
"170112","61.29566448939984","61.29566448939984","61.29566448939984","1772","1772","1772"
"170208","122.86188198591297","122.86188198591297","122.86188198591297","1773","1773","1773"
"170304","118.83037734313423","118.83037734313423","118.83037734313423","1774","1774","1774"
"170592","40.938811760148376","14.933983651720864","66.94363986857589","1777","1777","1777"
"170688","120.93037288853506","120.93037288853506","120.93037288853506","1778","1778","1778"
"170880","9.07107562635746","9.07107562635746","9.07107562635746","1780","1780","1780"
"170976","100.15963345461688","82.49274868809512","117.82651822113863","1781","1781","1781"
"171072","108.6430838252364","108.6430838252364","108.6430838252364","1782","1782","1782"
"171168","111.40533204017188","111.40533204017188","111.40533204017188","1783","1783","1783"
"171264","118.39301300666637","118.39301300666637","118.39301300666637","1784","1784","1784"
"171360","112.06353463665555","105.21959553338203","118.90747373992906","1785","1785","1785"
"171552","28.26220080236154","28.26220080236154","28.26220080236154","1787","1787","1787"
"171648","105.78986865871978","104.01954523176714","107.56019208567243","1788","1788","1788"
"171744","122.79697172307613","122.79697172307613","122.79697172307613","1789","1789","1789"
"171840","9.158827728657352","9.158827728657352","9.158827728657352","1790","1790","1790"
"171936","121.83088934477689","121.83088934477689","121.83088934477689","1791","1791","1791"
"172224","93.51832540182696","64.2396790805778","122.79697172307613","1794","1794","1794"
"172320","93.31373550451272","93.31373550451272","93.31373550451272","1795","1795","1795"
"172416","104.77862964193913","85.74659535257143","123.81066393130683","1796","1796","1796"
"172704","106.89060851117583","106.89060851117583","106.89060851117583","1799","1799","1799"
"172800","83.02710492947956","41.08913821929264","124.96507163966649","1800","1800","1800"
"172896","123.81066393130683","123.81066393130683","123.81066393130683","1801","1801","1801"
"173088","9.158827728657352","9.158827728657352","9.158827728657352","1803","1803","1803"
"173184","81.826450698739","39.77732720333431","123.8755741941437","1804","1804","1804"
"173280","86.53374246744512","86.53374246744512","86.53374246744512","1805","1805","1805"
"173376","126.06557410989151","126.06557410989151","126.06557410989151","1806","1806","1806"
"173472","126.06557410989151","126.06557410989151","126.06557410989151","1807","1807","1807"
"173568","126.06557410989151","126.06557410989151","126.06557410989151","1808","1808","1808"
"173664","110.47079094663252","110.47079094663252","110.47079094663252","1809","1809","1809"
"173856","105.74940705355581","86.53374246744512","124.96507163966649","1811","1811","1811"
"173952","88.47343994311039","52.4606599062378","124.48621997998299","1812","1812","1812"
"174144","123.9411401162011","123.9411401162011","123.9411401162011","1814","1814","1814"
"174240","124.00736832029949","124.00736832029949","124.00736832029949","1815","1815","1815"
"174336","16.389332684308926","16.389332684308926","16.389332684308926","1816","1816","1816"
"174432","9.158827728657352","9.158827728657352","9.158827728657352","1817","1817","1817"
"174528","8.359875276653884","8.359875276653884","8.359875276653884","1818","1818","1818"
"174720","126.06557410989151","126.06557410989151","126.06557410989151","1820","1820","1820"
"174816","71.01269728049309","15.959820451094664","126.06557410989151","1821","1821","1821"
"174912","62.67434456916708","0.3836174986676703","124.96507163966649","1822","1822","1822"
"175104","95.9245177030611","95.9245177030611","95.9245177030611","1824","1824","1824"
"175200","123.36905591963861","123.36905591963861","123.36905591963861","1825","1825","1825"
"175392","116.27258491645344","107.58009819324039","124.96507163966649","1827","1827","1827"
"175488","127.17719276668448","127.17719276668448","127.17719276668448","1828","1828","1828"
"175584","87.69524911040607","87.69524911040607","87.69524911040607","1829","1829","1829"
"175872","68.8219412718283","12.71159386501881","124.93228867863778","1832","1832","1832"
"175968","88.65720119599327","54.38695448401615","122.92744790797039","1833","1833","1833"
"176064","98.7209071818209","74.57993237772882","122.86188198591297","1834","1834","1834"
"176256","87.11003646812271","50.27893282004434","123.9411401162011","1836","1836","1836"
"176352","57.607685471361656","-8.66020325142038","123.8755741941437","1837","1837","1837"
"176448","123.40151105105704","123.40151105105704","123.40151105105704","1838","1838","1838"
"176544","91.73331850885882","59.59106282357392","123.8755741941437","1839","1839","1839"
"176640","124.96507163966649","124.96507163966649","124.96507163966649","1840","1840","1840"
"176736","125.03129984376488","125.03129984376488","125.03129984376488","1841","1841","1841"
"176832","125.9993459057931","125.9993459057931","125.9993459057931","1842","1842","1842"
"177024","82.9822037814531","43.855242070077885","122.1091654928283","1844","1844","1844"
"177216","123.6220723454228","123.6220723454228","123.6220723454228","1846","1846","1846"
"177312","125.03129984376488","125.03129984376488","125.03129984376488","1847","1847","1847"
"177408","70.34904852124926","14.565625756750045","126.13247128574848","1848","1848","1848"
"177504","9.158827728657352","9.158827728657352","9.158827728657352","1849","1849","1849"
"177600","83.87932201072884","41.6261727357092","126.13247128574848","1850","1850","1850"
"177696","67.37035664670701","9.158827728657352","125.58188556475667","1851","1851","1851"
"177888","8.893762837579684","8.893762837579684","8.893762837579684","1853","1853","1853"
"178080","126.13247128574848","126.13247128574848","126.13247128574848","1855","1855","1855"
"178176","91.39831733111873","55.613827659912616","127.18280700232485","1856","1856","1856"
"178272","105.99836943586547","103.70745916906705","108.28927970266388","1857","1857","1857"
"178464","115.81865740800777","105.1789020952407","126.45841272077483","1859","1859","1859"
"178560","110.59164591870295","95.11771772751439","126.06557410989151","1860","1860","1860"
"178656","45.9465340676384","45.9465340676384","45.9465340676384","1861","1861","1861"
"178752","117.59799576314514","109.0917452210656","126.10424630522468","1862","1862","1862"
"178848","94.99139405707092","94.99139405707092","94.99139405707092","1863","1863","1863"
"178944","83.39427484623143","83.39427484623143","83.39427484623143","1864","1864","1864"
"179136","125.09819701962186","125.09819701962186","125.09819701962186","1866","1866","1866"
"179328","112.70464677069398","99.34371943149645","126.06557410989151","1868","1868","1868"
"179424","109.81466509379773","109.81466509379773","109.81466509379773","1869","1869","1869"
"179616","111.58539989249914","111.58539989249914","111.58539989249914","1871","1871","1871"
"179712","126.09902269782","126.09902269782","126.09902269782","1872","1872","1872"
"179904","123.9411401162011","123.9411401162011","123.9411401162011","1874","1874","1874"
"180096","112.11136972471904","112.11136972471904","112.11136972471904","1876","1876","1876"
"180192","110.81504636104981","96.59879287833472","125.03129984376488","1877","1877","1877"
"180288","115.60080092471051","105.00155765876653","126.2000441906545","1878","1878","1878"
"180480","63.098590694733964","20.340668196945398","105.85651319252253","1880","1880","1880"
"180576","126.06557410989151","126.06557410989151","126.06557410989151","1881","1881","1881"
"180672","105.01177073300018","84.99224162223547","125.03129984376488","1882","1882","1882"
"180864","98.36678838646787","71.33521978184301","125.39835699109274","1884","1884","1884"
"180960","103.22945765941398","103.22945765941398","103.22945765941398","1885","1885","1885"
"181056","110.28563917677634","110.28563917677634","110.28563917677634","1886","1886","1886"
"181152","102.61336295704763","79.71140303931625","125.515322874779","1887","1887","1887"
"181248","101.24456569443362","76.48978548307412","125.9993459057931","1888","1888","1888"
"181344","106.16582282484032","85.15445288299617","127.17719276668448","1889","1889","1889"
"181440","85.65615714507055","85.65615714507055","85.65615714507055","1890","1890","1890"
"181536","20.948352728821053","20.948352728821053","20.948352728821053","1891","1891","1891"
"181728","126.78435415580118","126.78435415580118","126.78435415580118","1893","1893","1893"
"181824","126.13247128574848","126.13247128574848","126.13247128574848","1894","1894","1894"
"181920","96.09029164242054","96.09029164242054","96.09029164242054","1895","1895","1895"
"182016","60.13007819485144","60.13007819485144","60.13007819485144","1896","1896","1896"
"182208","56.24533243197577","56.24533243197577","56.24533243197577","1898","1898","1898"
"182304","95.79164028354047","63.87845068881261","127.70482987826833","1899","1899","1899"
"182400","113.45304346568757","101.75149939270804","125.1545875386671","1900","1900","1900"
"182592","-8.66020325142038","-8.66020325142038","-8.66020325142038","1902","1902","1902"
"182784","36.80533147972448","36.80533147972448","36.80533147972448","1904","1904","1904"
"183072","101.6208367596845","79.23430519906948","124.00736832029949","1907","1907","1907"
"183264","124.51933408203219","124.51933408203219","124.51933408203219","1909","1909","1909"
"183360","118.32991501762227","112.10704736528386","124.55278266996068","1910","1910","1910"
"183456","92.66966158299196","61.33195484568444","124.00736832029949","1911","1911","1911"
"183552","80.46726945237074","37.94086279267272","122.99367611206878","1912","1912","1912"
"183744","112.98258409226369","112.98258409226369","112.98258409226369","1914","1914","1914"
"183840","125.03129984376488","125.03129984376488","125.03129984376488","1915","1915","1915"
"183936","102.9866631999309","102.9866631999309","102.9866631999309","1916","1916","1916"
"184128","127.17719276668448","127.17719276668448","127.17719276668448","1918","1918","1918"
"184224","110.33365332243349","110.33365332243349","110.33365332243349","1919","1919","1919"
"184320","127.15820605993524","127.15820605993524","127.15820605993524","1920","1920","1920"
"184416","78.49202773664842","78.49202773664842","78.49202773664842","1921","1921","1921"
"184608","106.15723466150234","85.19920520437256","127.11526411863214","1923","1923","1923"
"184704","113.21624895641364","113.21624895641364","113.21624895641364","1924","1924","1924"
"184992","127.17719276668448","127.17719276668448","127.17719276668448","1927","1927","1927"
"185088","126.13247128574848","126.13247128574848","126.13247128574848","1928","1928","1928"
"185184","110.03471079098296","92.33080525124458","127.73861633072133","1929","1929","1929"
"185280","72.08516326021349","15.870286625668797","128.30003989475819","1930","1930","1930"
"185376","105.13571637019277","83.09423997370104","127.17719276668448","1931","1931","1931"
"185472","112.19568585245547","112.19568585245547","112.19568585245547","1932","1932","1932"
"185664","83.16177989732363","83.16177989732363","83.16177989732363","1934","1934","1934"
"185760","127.17719276668448","127.17719276668448","127.17719276668448","1935","1935","1935"
"186048","111.32890449274544","111.32890449274544","111.32890449274544","1938","1938","1938"
"186144","125.09819701962186","125.09819701962186","125.09819701962186","1939","1939","1939"
"186336","98.79495861737666","98.79495861737666","98.79495861737666","1941","1941","1941"
"186528","114.31939940146472","106.07455106713803","122.5642477357914","1943","1943","1943"
"186624","115.20321552008775","105.30823402055364","125.09819701962186","1944","1944","1944"
"186720","19.851378148353632","19.851378148353632","19.851378148353632","1945","1945","1945"
"186816","22.007432927290342","22.007432927290342","22.007432927290342","1946","1946","1946"
"187008","21.74053167848637","21.74053167848637","21.74053167848637","1948","1948","1948"
"187104","125.52571785351431","125.52571785351431","125.52571785351431","1949","1949","1949"
"187200","99.17627505109608","99.17627505109608","99.17627505109608","1950","1950","1950"
"187296","62.82635031629009","0.3836174986676703","125.2690831339125","1951","1951","1951"
"187392","104.46182804213521","104.46182804213521","104.46182804213521","1952","1952","1952"
"187488","110.41627748517325","110.41627748517325","110.41627748517325","1953","1953","1953"
"187584","80.64993843844256","80.64993843844256","80.64993843844256","1954","1954","1954"
"187680","127.17719276668448","127.17719276668448","127.17719276668448","1955","1955","1955"
"187776","28.57019332115063","28.57019332115063","28.57019332115063","1956","1956","1956"
"187872","120.07991373253637","120.07991373253637","120.07991373253637","1957","1957","1957"
"187968","71.68646674112883","71.68646674112883","71.68646674112883","1958","1958","1958"
"188064","120.74626988112007","120.74626988112007","120.74626988112007","1959","1959","1959"
"188256","111.01435333544538","111.01435333544538","111.01435333544538","1961","1961","1961"
"188352","102.05518584799111","78.04479758609071","126.06557410989151","1962","1962","1962"
"188544","127.17719276668448","127.17719276668448","127.17719276668448","1964","1964","1964"
"188640","79.27885497778195","37.28657792192423","121.27113203363967","1965","1965","1965"
"188832","70.3291787576678","16.396576543287548","124.26178097204806","1967","1967","1967"
"189024","81.0334555158777","81.0334555158777","81.0334555158777","1969","1969","1969"
"189120","108.66502072988649","90.57073728546288","126.75930417431009","1970","1970","1970"
"189312","126.08693361241465","126.08693361241465","126.08693361241465","1972","1972","1972"
"189504","118.51192842331992","111.29665652461907","125.72720032202078","1974","1974","1974"
"189600","69.40039288051457","18.458028969516235","120.3427567915129","1975","1975","1975"
"189696","0.3836174986676703","0.3836174986676703","0.3836174986676703","1976","1976","1976"
"189792","115.72332974374481","105.3705787207864","126.07608076670324","1977","1977","1977"
"189888","126.13247128574848","126.13247128574848","126.13247128574848","1978","1978","1978"
"189984","105.85573717453101","105.85573717453101","105.85573717453101","1979","1979","1979"
"190080","107.63484329678482","107.63484329678482","107.63484329678482","1980","1980","1980"
"190176","126.13247128574848","126.13247128574848","126.13247128574848","1981","1981","1981"
"190272","119.172449098689","112.21242691162952","126.13247128574848","1982","1982","1982"
"190368","83.05237601432016","83.05237601432016","83.05237601432016","1983","1983","1983"
"190464","19.84491664573767","19.84491664573767","19.84491664573767","1984","1984","1984"
"190560","125.85717842525257","125.85717842525257","125.85717842525257","1985","1985","1985"
"190656","-8.66020325142038","-8.66020325142038","-8.66020325142038","1986","1986","1986"
"190752","67.68231153341607","9.247466215828963","126.11715685100319","1987","1987","1987"
"190848","126.655169890741","126.655169890741","126.655169890741","1988","1988","1988"
"190944","126.13247128574848","126.13247128574848","126.13247128574848","1989","1989","1989"
"191232","108.08257500700482","108.08257500700482","108.08257500700482","1992","1992","1992"
"191424","117.49217042836165","106.86636946211657","128.11797139460674","1994","1994","1994"
"191616","117.5891750701021","117.5891750701021","117.5891750701021","1996","1996","1996"
"191712","126.13247128574848","126.13247128574848","126.13247128574848","1997","1997","1997"
"191808","18.46398337547736","18.46398337547736","18.46398337547736","1998","1998","1998"
"192096","126.13247128574848","126.13247128574848","126.13247128574848","2001","2001","2001"
"192288","97.55357502818637","68.45231803015628","126.65483202621648","2003","2003","2003"
"192384","106.99453303442164","106.99453303442164","106.99453303442164","2004","2004","2004"
"192576","126.621383438288","126.621383438288","126.621383438288","2006","2006","2006"
"192672","71.75666291066229","16.336133054640097","127.17719276668448","2007","2007","2007"
"192768","53.35423355056591","23.4523194103769","83.25614769075491","2008","2008","2008"
"192960","73.54020647739306","20.94794166903763","126.13247128574848","2010","2010","2010"
"193056","126.13247128574848","126.13247128574848","126.13247128574848","2011","2011","2011"
"193248","114.02182803687222","114.02182803687222","114.02182803687222","2013","2013","2013"
"193440","106.58292755992096","106.58292755992096","106.58292755992096","2015","2015","2015"
"193536","72.98937973379772","19.865104835529493","126.11365463206594","2016","2016","2016"
"193728","127.17719276668448","127.17719276668448","127.17719276668448","2018","2018","2018"
"193824","120.04895440178774","114.02182803687222","126.07608076670324","2019","2019","2019"
"194016","119.694809839157","112.21242691162952","127.17719276668448","2021","2021","2021"
"194112","112.22511392828028","107.8668476286018","116.58338022795877","2022","2022","2022"
"194208","57.40976639317627","57.40976639317627","57.40976639317627","2023","2023","2023"
"194304","91.39646350692232","56.17154357555664","126.621383438288","2024","2024","2024"
"194400","62.240287725984956","62.240287725984956","62.240287725984956","2025","2025","2025"
"194496","101.11432813569252","75.05146350470056","127.17719276668448","2026","2026","2026"
"194592","119.02651763913792","113.08796363860934","124.96507163966649","2027","2027","2027"
"194688","103.6739253324992","83.40671054879729","123.9411401162011","2028","2028","2028"
"194784","104.7030368421577","83.79073953163025","125.61533415268516","2029","2029","2029"
"194880","66.83243926631481","66.83243926631481","66.83243926631481","2030","2030","2030"
"195072","59.25849475763205","-8.66020325142038","127.17719276668448","2032","2032","2032"
"195168","1.4613954688413866","1.4613954688413866","1.4613954688413866","2033","2033","2033"
"195264","120.41328998466534","113.08796363860934","127.73861633072133","2034","2034","2034"
"195360","87.55064963548922","46.86883228112628","128.23246698985216","2035","2035","2035"
"195456","98.13275044269685","69.11678817883306","127.14871270656062","2036","2036","2036"
"195648","125.03129984376488","125.03129984376488","125.03129984376488","2038","2038","2038"
"195744","83.98744392062291","83.98744392062291","83.98744392062291","2039","2039","2039"
"195840","125.09819701962186","125.09819701962186","125.09819701962186","2040","2040","2040"
"196128","70.71716503713098","16.336133054640097","125.09819701962186","2043","2043","2043"
"196224","95.52989348569335","64.9273156856382","126.13247128574848","2044","2044","2044"
"196320","124.1864826290565","124.1864826290565","124.1864826290565","2045","2045","2045"
"196512","121.01512028067015","121.01512028067015","121.01512028067015","2047","2047","2047"
"196608","115.43677760607892","104.74108392640937","126.13247128574848","2048","2048","2048"
"196800","120.35351968846388","120.35351968846388","120.35351968846388","2050","2050","2050"
"196896","127.23472824168218","127.23472824168218","127.23472824168218","2051","2051","2051"
"196992","77.82536623437788","77.82536623437788","77.82536623437788","2052","2052","2052"
"197088","113.12050208162616","106.9381425153764","119.30286164787591","2053","2053","2053"
"197184","107.8668476286018","107.8668476286018","107.8668476286018","2054","2054","2054"
"197280","22.080927681568383","22.080927681568383","22.080927681568383","2055","2055","2055"
"197376","127.24476567159051","127.24476567159051","127.24476567159051","2056","2056","2056"
"197472","126.65483202621648","126.65483202621648","126.65483202621648","2057","2057","2057"
"197568","-10.202925604593633","-10.202925604593633","-10.202925604593633","2058","2058","2058"
"197664","63.78040513267608","0.3836174986676703","127.17719276668448","2059","2059","2059"
"197760","-8.66020325142038","-8.66020325142038","-8.66020325142038","2060","2060","2060"
"197952","127.12023264643676","127.12023264643676","127.12023264643676","2062","2062","2062"
"198048","74.10559819829568","20.99494080633803","127.21625559025333","2063","2063","2063"
"198144","22.9600000684851","22.9600000684851","22.9600000684851","2064","2064","2064"
"198240","127.17719276668448","127.17719276668448","127.17719276668448","2065","2065","2065"
"198336","128.30003989475819","128.30003989475819","128.30003989475819","2066","2066","2066"
"198528","0.3836174986676703","0.3836174986676703","0.3836174986676703","2068","2068","2068"
"198624","9.412881919300837","9.412881919300837","9.412881919300837","2069","2069","2069"
"198720","58.73613401716405","-8.66020325142038","126.13247128574848","2070","2070","2070"
"198816","112.40302049050942","97.97708870797968","126.82895227303915","2071","2071","2071"
"198912","126.48071177939381","126.48071177939381","126.48071177939381","2072","2072","2072"
"199104","127.17719276668448","127.17719276668448","127.17719276668448","2074","2074","2074"
"199200","108.49123110285552","88.74999521585889","128.23246698985216","2075","2075","2075"
"199296","127.50665178245474","127.50665178245474","127.50665178245474","2076","2076","2076"
"199392","127.17719276668448","127.17719276668448","127.17719276668448","2077","2077","2077"
"199488","128.23246698985216","128.23246698985216","128.23246698985216","2078","2078","2078"
"199584","113.57163192141431","99.98505778289339","127.15820605993524","2079","2079","2079"
"199680","73.59294532361999","19.951162405557785","127.23472824168218","2080","2080","2080"
"199776","83.98744392062291","83.98744392062291","83.98744392062291","2081","2081","2081"
"199872","127.64261355284098","127.64261355284098","127.64261355284098","2082","2082","2082"
"199968","0.3836174986676703","0.3836174986676703","0.3836174986676703","2083","2083","2083"