"Step","MacIAC_run_0_['instructions_enabled']_20260418_231228 - Instruction_Compliance","MacIAC_run_0_['instructions_enabled']_20260418_231228 - Instruction_Compliance__MIN","MacIAC_run_0_['instructions_enabled']_20260418_231228 - Instruction_Compliance__MAX"
"0","0.9710416666666667","0.9710416666666667","0.9710416666666667"
"1","0.9452083333333333","0.9452083333333333","0.9452083333333333"
"2","0.9604166666666666","0.9604166666666666","0.9604166666666666"
"3","0.9806249999999999","0.9806249999999999","0.9806249999999999"
"4","0.9695833333333334","0.9695833333333334","0.9695833333333334"
"5","0.9560416666666667","0.9560416666666667","0.9560416666666667"
"6","0.9620833333333333","0.9620833333333333","0.9620833333333333"
"7","0.9499999999999998","0.9499999999999998","0.9499999999999998"
"8","0.9564583333333333","0.9564583333333333","0.9564583333333333"
"9","0.9687500000000001","0.9687500000000001","0.9687500000000001"
"10","0.9610416666666667","0.9610416666666667","0.9610416666666667"
"11","0.9787499999999999","0.9787499999999999","0.9787499999999999"
"12","0.9622916666666668","0.9622916666666668","0.9622916666666668"
"13","0.9716666666666667","0.9716666666666667","0.9716666666666667"
"14","0.9866666666666667","0.9866666666666667","0.9866666666666667"
"15","0.9620833333333335","0.9620833333333335","0.9620833333333335"
"16","0.9789583333333333","0.9789583333333333","0.9789583333333333"
"17","0.9841666666666665","0.9841666666666665","0.9841666666666665"
"18","0.9845833333333333","0.9845833333333333","0.9845833333333333"
"19","0.9904166666666668","0.9904166666666668","0.9904166666666668"
"20","0.9864583333333333","0.9864583333333333","0.9864583333333333"
"21","0.9802083333333332","0.9802083333333332","0.9802083333333332"
"22","0.9825","0.9825","0.9825"
"23","0.993125","0.993125","0.993125"
"24","0.9845833333333333","0.9845833333333333","0.9845833333333333"
"25","0.9939583333333334","0.9939583333333334","0.9939583333333334"
"26","0.9914583333333334","0.9914583333333334","0.9914583333333334"
"27","0.99625","0.99625","0.99625"
"28","0.9920833333333334","0.9920833333333334","0.9920833333333334"
"29","0.9960416666666667","0.9960416666666667","0.9960416666666667"
"30","0.9958333333333335","0.9958333333333335","0.9958333333333335"
"31","0.9977083333333333","0.9977083333333333","0.9977083333333333"
"32","0.9979166666666668","0.9979166666666668","0.9979166666666668"
"33","0.9929166666666666","0.9929166666666666","0.9929166666666666"
"34","0.9997916666666667","0.9997916666666667","0.9997916666666667"
"35","0.9983333333333334","0.9983333333333334","0.9983333333333334"
"36","0.99625","0.99625","0.99625"
"37","0.9964583333333333","0.9964583333333333","0.9964583333333333"
"38","0.9995833333333334","0.9995833333333334","0.9995833333333334"
"39","0.9989583333333334","0.9989583333333334","0.9989583333333334"
"40","0.9977083333333333","0.9977083333333333","0.9977083333333333"
"41","0.9979166666666667","0.9979166666666667","0.9979166666666667"
"42","0.9954166666666667","0.9954166666666667","0.9954166666666667"
"43","1","1","1"
"44","0.9947916666666666","0.9947916666666666","0.9947916666666666"
"45","0.995625","0.995625","0.995625"
"46","1","1","1"
"47","0.9987499999999999","0.9987499999999999","0.9987499999999999"
"48","0.998125","0.998125","0.998125"
"49","1","1","1"
"50","1","1","1"
"51","0.9989583333333334","0.9989583333333334","0.9989583333333334"
"52","0.9983333333333334","0.9983333333333334","0.9983333333333334"
"53","1","1","1"
"54","1","1","1"
"55","1","1","1"
"56","0.9987499999999999","0.9987499999999999","0.9987499999999999"
"57","0.9983333333333334","0.9983333333333334","0.9983333333333334"
"58","0.9987499999999999","0.9987499999999999","0.9987499999999999"
"59","0.9989583333333334","0.9989583333333334","0.9989583333333334"
"60","1","1","1"
"61","1","1","1"
"62","1","1","1"
"63","1","1","1"
"64","1","1","1"
"65","1","1","1"
"66","0.9997916666666667","0.9997916666666667","0.9997916666666667"
"67","1","1","1"
"68","1","1","1"
"69","1","1","1"
"70","1","1","1"
"71","0.9989583333333334","0.9989583333333334","0.9989583333333334"
"72","1","1","1"
"73","1","1","1"
"74","1","1","1"
"75","1","1","1"
"76","1","1","1"
"77","1","1","1"
"78","1","1","1"
"79","1","1","1"
"80","1","1","1"
"81","1","1","1"
"82","1","1","1"
"83","1","1","1"
"84","1","1","1"
"85","1","1","1"
"86","1","1","1"
"87","1","1","1"
"88","1","1","1"
"89","1","1","1"
"90","1","1","1"
"91","1","1","1"
"92","1","1","1"
"93","1","1","1"
"94","1","1","1"
"95","0.9987499999999999","0.9987499999999999","0.9987499999999999"
"96","0.9987499999999999","0.9987499999999999","0.9987499999999999"
"97","1","1","1"
"98","0.9987499999999999","0.9987499999999999","0.9987499999999999"
"99","0.9989583333333334","0.9989583333333334","0.9989583333333334"
"100","0.9987499999999999","0.9987499999999999","0.9987499999999999"
"101","1","1","1"
"102","0.9989583333333334","0.9989583333333334","0.9989583333333334"
"103","0.9987499999999999","0.9987499999999999","0.9987499999999999"
"104","1","1","1"
"105","0.9960416666666667","0.9960416666666667","0.9960416666666667"
"106","0.9933333333333333","0.9933333333333333","0.9933333333333333"
"107","0.9974999999999999","0.9974999999999999","0.9974999999999999"
"108","1","1","1"
"109","0.9974999999999999","0.9974999999999999","0.9974999999999999"
"110","0.9974999999999999","0.9974999999999999","0.9974999999999999"
"111","0.9974999999999999","0.9974999999999999","0.9974999999999999"
"112","1","1","1"
"113","1","1","1"
"114","0.9968750000000001","0.9968750000000001","0.9968750000000001"
"115","0.9985416666666667","0.9985416666666667","0.9985416666666667"
"116","0.9904166666666666","0.9904166666666666","0.9904166666666666"
"117","1","1","1"
"118","0.989375","0.989375","0.989375"
"119","0.995625","0.995625","0.995625"
"120","0.99625","0.99625","0.99625"
"121","0.9925","0.9925","0.9925"
"122","0.999375","0.999375","0.999375"
"123","0.9939583333333334","0.9939583333333334","0.9939583333333334"
"124","0.998125","0.998125","0.998125"
"125","1","1","1"
"126","0.9879166666666667","0.9879166666666667","0.9879166666666667"
"127","0.9904166666666666","0.9904166666666666","0.9904166666666666"
"128","0.9877083333333334","0.9877083333333334","0.9877083333333334"
"129","0.995","0.995","0.995"
"130","0.985","0.985","0.985"
"131","0.9943750000000001","0.9943750000000001","0.9943750000000001"
"132","0.999375","0.999375","0.999375"
"133","1","1","1"
"134","1","1","1"
"135","0.9987499999999999","0.9987499999999999","0.9987499999999999"
"136","0.9966666666666667","0.9966666666666667","0.9966666666666667"
"137","0.9958333333333332","0.9958333333333332","0.9958333333333332"
"138","0.9985416666666667","0.9985416666666667","0.9985416666666667"
"139","0.9960416666666667","0.9960416666666667","0.9960416666666667"
"140","0.9943749999999999","0.9943749999999999","0.9943749999999999"
"141","1","1","1"
"142","0.9983333333333334","0.9983333333333334","0.9983333333333334"
"143","0.9968750000000001","0.9968750000000001","0.9968750000000001"
"144","1","1","1"
"145","1","1","1"
"146","0.9854166666666667","0.9854166666666667","0.9854166666666667"
"147","0.9891666666666666","0.9891666666666666","0.9891666666666666"
"148","1","1","1"
"149","0.9941666666666666","0.9941666666666666","0.9941666666666666"
"150","0.9935416666666667","0.9935416666666667","0.9935416666666667"
"151","0.9920833333333334","0.9920833333333334","0.9920833333333334"
"152","0.9952083333333333","0.9952083333333333","0.9952083333333333"
"153","1","1","1"
"154","1","1","1"
"155","0.9929166666666668","0.9929166666666668","0.9929166666666668"
"156","0.9916666666666667","0.9916666666666667","0.9916666666666667"
"157","0.9939583333333334","0.9939583333333334","0.9939583333333334"
"158","0.9879166666666667","0.9879166666666667","0.9879166666666667"
"159","0.9827083333333332","0.9827083333333332","0.9827083333333332"
"160","0.995625","0.995625","0.995625"
"161","1","1","1"
"162","0.9933333333333333","0.9933333333333333","0.9933333333333333"
"163","0.9970833333333333","0.9970833333333333","0.9970833333333333"
"164","0.9970833333333333","0.9970833333333333","0.9970833333333333"
"165","0.9970833333333333","0.9970833333333333","0.9970833333333333"
"166","0.99375","0.99375","0.99375"
"167","0.9964583333333333","0.9964583333333333","0.9964583333333333"
"168","0.99625","0.99625","0.99625"
"169","1","1","1"
"170","0.9972916666666668","0.9972916666666668","0.9972916666666668"
"171","0.9885416666666665","0.9885416666666665","0.9885416666666665"
"172","0.9960416666666667","0.9960416666666667","0.9960416666666667"
"173","0.9985416666666667","0.9985416666666667","0.9985416666666667"
"174","0.9897916666666666","0.9897916666666666","0.9897916666666666"
"175","1","1","1"
"176","0.9960416666666667","0.9960416666666667","0.9960416666666667"
"177","0.9991666666666666","0.9991666666666666","0.9991666666666666"
"178","0.9966666666666667","0.9966666666666667","0.9966666666666667"
"179","1","1","1"
"180","0.9966666666666667","0.9966666666666667","0.9966666666666667"
"181","0.999375","0.999375","0.999375"
"182","0.9941666666666666","0.9941666666666666","0.9941666666666666"
"183","1","1","1"
"184","0.9972916666666666","0.9972916666666666","0.9972916666666666"
"185","0.953125","0.953125","0.953125"
"186","1","1","1"
"187","0.9933333333333333","0.9933333333333333","0.9933333333333333"
"188","0.9989583333333334","0.9989583333333334","0.9989583333333334"
"189","0.989375","0.989375","0.989375"
"190","0.9952083333333333","0.9952083333333333","0.9952083333333333"
"191","0.9970833333333333","0.9970833333333333","0.9970833333333333"
"192","0.9839583333333334","0.9839583333333334","0.9839583333333334"
"193","0.9981249999999999","0.9981249999999999","0.9981249999999999"
"194","0.9820833333333333","0.9820833333333333","0.9820833333333333"
"195","0.9995833333333333","0.9995833333333333","0.9995833333333333"
"196","0.9895833333333334","0.9895833333333334","0.9895833333333334"
"197","1","1","1"
"198","0.9977083333333333","0.9977083333333333","0.9977083333333333"
"199","1","1","1"
"200","0.9916666666666667","0.9916666666666667","0.9916666666666667"
"201","0.9991666666666666","0.9991666666666666","0.9991666666666666"
"202","1","1","1"
"203","0.9764583333333333","0.9764583333333333","0.9764583333333333"
"204","0.9679166666666666","0.9679166666666666","0.9679166666666666"
"205","0.9987499999999999","0.9987499999999999","0.9987499999999999"
"206","0.975625","0.975625","0.975625"
"207","1","1","1"
"208","0.9943750000000001","0.9943750000000001","0.9943750000000001"
"209","0.9977083333333333","0.9977083333333333","0.9977083333333333"
"210","0.981875","0.981875","0.981875"
"211","0.9797916666666667","0.9797916666666667","0.9797916666666667"
"212","0.9950000000000001","0.9950000000000001","0.9950000000000001"
"213","0.9916666666666667","0.9916666666666667","0.9916666666666667"
"214","0.9975","0.9975","0.9975"
"215","0.9979166666666667","0.9979166666666667","0.9979166666666667"
"216","0.9974999999999999","0.9974999999999999","0.9974999999999999"
"217","1","1","1"
"218","0.9979166666666667","0.9979166666666667","0.9979166666666667"
"219","0.9927083333333334","0.9927083333333334","0.9927083333333334"
"220","0.9929166666666668","0.9929166666666668","0.9929166666666668"
"221","0.9977083333333333","0.9977083333333333","0.9977083333333333"
"222","0.9954166666666667","0.9954166666666667","0.9954166666666667"
"223","0.9989583333333334","0.9989583333333334","0.9989583333333334"
"224","0.9960416666666667","0.9960416666666667","0.9960416666666667"
"225","0.9887499999999999","0.9887499999999999","0.9887499999999999"
"226","0.9854166666666666","0.9854166666666666","0.9854166666666666"
"227","0.9989583333333334","0.9989583333333334","0.9989583333333334"
"228","0.9904166666666666","0.9904166666666666","0.9904166666666666"
"229","0.9974999999999999","0.9974999999999999","0.9974999999999999"
"230","0.9893749999999999","0.9893749999999999","0.9893749999999999"
"231","0.9927083333333333","0.9927083333333333","0.9927083333333333"
"232","0.9920833333333333","0.9920833333333333","0.9920833333333333"
"233","0.9983333333333334","0.9983333333333334","0.9983333333333334"
"234","1","1","1"
"235","0.9977083333333333","0.9977083333333333","0.9977083333333333"
"236","0.9981249999999999","0.9981249999999999","0.9981249999999999"
"237","0.9975","0.9975","0.9975"
"238","0.9987499999999999","0.9987499999999999","0.9987499999999999"
"239","0.9979166666666667","0.9979166666666667","0.9979166666666667"
"240","1","1","1"
"241","0.9889583333333333","0.9889583333333333","0.9889583333333333"
"242","0.9977083333333333","0.9977083333333333","0.9977083333333333"
"243","1","1","1"
"244","0.9981249999999999","0.9981249999999999","0.9981249999999999"
"245","0.9916666666666667","0.9916666666666667","0.9916666666666667"
"246","0.9991666666666666","0.9991666666666666","0.9991666666666666"
"247","0.9952083333333333","0.9952083333333333","0.9952083333333333"
"248","1","1","1"
"249","0.995625","0.995625","0.995625"
"250","0.9974999999999999","0.9974999999999999","0.9974999999999999"
"251","0.9987499999999999","0.9987499999999999","0.9987499999999999"
"252","0.9939583333333332","0.9939583333333332","0.9939583333333332"
"253","0.9987499999999999","0.9987499999999999","0.9987499999999999"
"254","0.9929166666666666","0.9929166666666666","0.9929166666666666"
"255","0.9972916666666668","0.9972916666666668","0.9972916666666668"
"256","0.9977083333333333","0.9977083333333333","0.9977083333333333"
"257","0.98875","0.98875","0.98875"
"258","0.9916666666666666","0.9916666666666666","0.9916666666666666"
"259","1","1","1"
"260","0.995","0.995","0.995"
"261","0.9922916666666666","0.9922916666666666","0.9922916666666666"
"262","0.9989583333333334","0.9989583333333334","0.9989583333333334"
"263","0.995625","0.995625","0.995625"
"264","0.9979166666666667","0.9979166666666667","0.9979166666666667"
"265","0.9968750000000001","0.9968750000000001","0.9968750000000001"
"266","0.9862500000000001","0.9862500000000001","0.9862500000000001"
"267","0.9968750000000001","0.9968750000000001","0.9968750000000001"
"268","0.9939583333333334","0.9939583333333334","0.9939583333333334"
"269","0.995625","0.995625","0.995625"
"270","0.9958333333333332","0.9958333333333332","0.9958333333333332"
"271","0.9979166666666667","0.9979166666666667","0.9979166666666667"
"272","0.9977083333333333","0.9977083333333333","0.9977083333333333"
"273","0.9989583333333334","0.9989583333333334","0.9989583333333334"
"274","0.9987499999999999","0.9987499999999999","0.9987499999999999"
"275","1","1","1"
"276","0.9977083333333333","0.9977083333333333","0.9977083333333333"
"277","0.9933333333333333","0.9933333333333333","0.9933333333333333"
"278","1","1","1"
"279","0.9952083333333333","0.9952083333333333","0.9952083333333333"
"280","0.99125","0.99125","0.99125"
"281","0.9958333333333335","0.9958333333333335","0.9958333333333335"
"282","0.9989583333333334","0.9989583333333334","0.9989583333333334"
"283","0.9956250000000001","0.9956250000000001","0.9956250000000001"
"284","1","1","1"
"285","0.9977083333333333","0.9977083333333333","0.9977083333333333"
"286","0.9952083333333333","0.9952083333333333","0.9952083333333333"
"287","0.9970833333333333","0.9970833333333333","0.9970833333333333"
"288","0.9950000000000001","0.9950000000000001","0.9950000000000001"
"289","0.9958333333333335","0.9958333333333335","0.9958333333333335"
"290","0.9987499999999999","0.9987499999999999","0.9987499999999999"
"291","0.9974999999999999","0.9974999999999999","0.9974999999999999"
"292","0.9964583333333334","0.9964583333333334","0.9964583333333334"
"293","0.9987499999999999","0.9987499999999999","0.9987499999999999"
"294","0.9954166666666667","0.9954166666666667","0.9954166666666667"
"295","0.9966666666666666","0.9966666666666666","0.9966666666666666"
"296","0.9952083333333334","0.9952083333333334","0.9952083333333334"
"297","0.9975","0.9975","0.9975"
"298","0.9987499999999999","0.9987499999999999","0.9987499999999999"
"299","0.9972916666666666","0.9972916666666666","0.9972916666666666"
"300","0.995","0.995","0.995"
"301","0.9887500000000001","0.9887500000000001","0.9887500000000001"
"302","0.9920833333333334","0.9920833333333334","0.9920833333333334"
"303","0.9977083333333333","0.9977083333333333","0.9977083333333333"
"304","0.9972916666666668","0.9972916666666668","0.9972916666666668"
"305","0.9987499999999999","0.9987499999999999","0.9987499999999999"
"306","0.9933333333333333","0.9933333333333333","0.9933333333333333"
"307","0.9962499999999999","0.9962499999999999","0.9962499999999999"
"308","0.9900000000000001","0.9900000000000001","0.9900000000000001"
"309","0.9964583333333333","0.9964583333333333","0.9964583333333333"
"310","0.9933333333333333","0.9933333333333333","0.9933333333333333"
"311","0.9922916666666667","0.9922916666666667","0.9922916666666667"
"312","0.9954166666666667","0.9954166666666667","0.9954166666666667"
"313","0.9966666666666667","0.9966666666666667","0.9966666666666667"
"314","0.9954166666666667","0.9954166666666667","0.9954166666666667"
"315","0.9989583333333334","0.9989583333333334","0.9989583333333334"
"316","0.9941666666666666","0.9941666666666666","0.9941666666666666"
"317","0.9977083333333333","0.9977083333333333","0.9977083333333333"
"318","0.99625","0.99625","0.99625"
"319","1","1","1"
"320","1","1","1"
"321","0.9947916666666666","0.9947916666666666","0.9947916666666666"
"322","0.9989583333333334","0.9989583333333334","0.9989583333333334"
"323","0.9933333333333333","0.9933333333333333","0.9933333333333333"
"324","0.9977083333333333","0.9977083333333333","0.9977083333333333"
"325","0.9960416666666667","0.9960416666666667","0.9960416666666667"
"326","1","1","1"
"327","0.9939583333333334","0.9939583333333334","0.9939583333333334"
"328","0.99625","0.99625","0.99625"
"329","0.995","0.995","0.995"
"330","0.9933333333333333","0.9933333333333333","0.9933333333333333"
"331","1","1","1"
"332","0.9947916666666666","0.9947916666666666","0.9947916666666666"
"333","1","1","1"
"334","0.9987499999999999","0.9987499999999999","0.9987499999999999"
"335","0.9966666666666667","0.9966666666666667","0.9966666666666667"
"336","0.9979166666666667","0.9979166666666667","0.9979166666666667"
"337","0.9974999999999999","0.9974999999999999","0.9974999999999999"
"338","0.9979166666666667","0.9979166666666667","0.9979166666666667"
"339","0.9975","0.9975","0.9975"
"340","0.9974999999999999","0.9974999999999999","0.9974999999999999"
"341","0.9974999999999999","0.9974999999999999","0.9974999999999999"
"342","0.9975","0.9975","0.9975"
"343","0.993125","0.993125","0.993125"
"344","0.9968750000000001","0.9968750000000001","0.9968750000000001"
"345","0.9974999999999999","0.9974999999999999","0.9974999999999999"
"346","0.9972916666666666","0.9972916666666666","0.9972916666666666"
"347","0.9966666666666667","0.9966666666666667","0.9966666666666667"
"348","0.9906250000000001","0.9906250000000001","0.9906250000000001"
"349","0.9968750000000001","0.9968750000000001","0.9968750000000001"
"350","0.9925","0.9925","0.9925"
"351","0.9974999999999999","0.9974999999999999","0.9974999999999999"
"352","0.9979166666666668","0.9979166666666668","0.9979166666666668"
"353","0.9979166666666667","0.9979166666666667","0.9979166666666667"
"354","1","1","1"
"355","0.9989583333333334","0.9989583333333334","0.9989583333333334"
"356","0.993125","0.993125","0.993125"
"357","0.9985416666666667","0.9985416666666667","0.9985416666666667"
"358","0.9989583333333334","0.9989583333333334","0.9989583333333334"
"359","0.9958333333333332","0.9958333333333332","0.9958333333333332"
"360","0.99625","0.99625","0.99625"
"361","0.9964583333333333","0.9964583333333333","0.9964583333333333"
"362","0.9968750000000001","0.9968750000000001","0.9968750000000001"
"363","0.995","0.995","0.995"
"364","0.9979166666666667","0.9979166666666667","0.9979166666666667"
"365","0.9935416666666667","0.9935416666666667","0.9935416666666667"
"366","1","1","1"
"367","0.9966666666666667","0.9966666666666667","0.9966666666666667"
"368","0.9954166666666667","0.9954166666666667","0.9954166666666667"
"369","0.9947916666666666","0.9947916666666666","0.9947916666666666"
"370","0.9972916666666668","0.9972916666666668","0.9972916666666668"
"371","0.9952083333333333","0.9952083333333333","0.9952083333333333"
"372","0.9931249999999999","0.9931249999999999","0.9931249999999999"
"373","0.9929166666666666","0.9929166666666666","0.9929166666666666"
"374","0.9885416666666665","0.9885416666666665","0.9885416666666665"
"375","0.9954166666666667","0.9954166666666667","0.9954166666666667"
"376","0.9974999999999999","0.9974999999999999","0.9974999999999999"
"377","0.9945833333333334","0.9945833333333334","0.9945833333333334"
"378","0.998125","0.998125","0.998125"
"379","0.9972916666666668","0.9972916666666668","0.9972916666666668"
"380","0.9941666666666666","0.9941666666666666","0.9941666666666666"
"381","0.9985416666666667","0.9985416666666667","0.9985416666666667"
"382","0.9920833333333334","0.9920833333333334","0.9920833333333334"
"383","0.9966666666666666","0.9966666666666666","0.9966666666666666"
"384","0.9925","0.9925","0.9925"
"385","0.9987499999999999","0.9987499999999999","0.9987499999999999"
"386","0.9968750000000001","0.9968750000000001","0.9968750000000001"
"387","0.9952083333333334","0.9952083333333334","0.9952083333333334"
"388","0.9966666666666667","0.9966666666666667","0.9966666666666667"
"389","0.9989583333333334","0.9989583333333334","0.9989583333333334"
"390","0.9966666666666667","0.9966666666666667","0.9966666666666667"
"391","0.9933333333333333","0.9933333333333333","0.9933333333333333"
"392","0.9968750000000001","0.9968750000000001","0.9968750000000001"
"393","0.99625","0.99625","0.99625"
"394","0.9904166666666666","0.9904166666666666","0.9904166666666666"
"395","1","1","1"
"396","0.998125","0.998125","0.998125"
"397","0.99625","0.99625","0.99625"
"398","0.9968750000000001","0.9968750000000001","0.9968750000000001"
"399","0.9954166666666667","0.9954166666666667","0.9954166666666667"
"400","0.9943749999999999","0.9943749999999999","0.9943749999999999"
"401","0.995","0.995","0.995"
"402","0.9977083333333333","0.9977083333333333","0.9977083333333333"
"403","0.9997916666666667","0.9997916666666667","0.9997916666666667"
"404","0.9977083333333333","0.9977083333333333","0.9977083333333333"
"405","0.9987499999999999","0.9987499999999999","0.9987499999999999"
"406","0.9908333333333333","0.9908333333333333","0.9908333333333333"
"407","0.995","0.995","0.995"
"408","0.9920833333333333","0.9920833333333333","0.9920833333333333"
"409","0.9968750000000001","0.9968750000000001","0.9968750000000001"
"410","0.9972916666666668","0.9972916666666668","0.9972916666666668"
"411","0.9941666666666666","0.9941666666666666","0.9941666666666666"
"412","0.9966666666666667","0.9966666666666667","0.9966666666666667"
"413","0.9966666666666667","0.9966666666666667","0.9966666666666667"
"414","1","1","1"
"415","0.9987499999999999","0.9987499999999999","0.9987499999999999"
"416","0.995","0.995","0.995"
"417","0.9987499999999999","0.9987499999999999","0.9987499999999999"
"418","0.9914583333333332","0.9914583333333332","0.9914583333333332"
"419","1","1","1"
"420","0.99625","0.99625","0.99625"
"421","0.9958333333333332","0.9958333333333332","0.9958333333333332"
"422","0.9918750000000002","0.9918750000000002","0.9918750000000002"
"423","0.995625","0.995625","0.995625"
"424","0.9939583333333334","0.9939583333333334","0.9939583333333334"
"425","0.9933333333333333","0.9933333333333333","0.9933333333333333"
"426","0.9941666666666666","0.9941666666666666","0.9941666666666666"
"427","0.9968750000000001","0.9968750000000001","0.9968750000000001"
"428","0.9956250000000001","0.9956250000000001","0.9956250000000001"
"429","0.9989583333333334","0.9989583333333334","0.9989583333333334"
"430","0.9977083333333333","0.9977083333333333","0.9977083333333333"
"431","0.9943750000000001","0.9943750000000001","0.9943750000000001"
"432","0.9975","0.9975","0.9975"
"433","0.9987499999999999","0.9987499999999999","0.9987499999999999"
"434","0.9964583333333333","0.9964583333333333","0.9964583333333333"
"435","0.9929166666666666","0.9929166666666666","0.9929166666666666"
"436","0.9964583333333333","0.9964583333333333","0.9964583333333333"
"437","0.9912500000000001","0.9912500000000001","0.9912500000000001"
"438","0.9989583333333334","0.9989583333333334","0.9989583333333334"
"439","0.9954166666666667","0.9954166666666667","0.9954166666666667"
"440","0.9968750000000001","0.9968750000000001","0.9968750000000001"
"441","0.9941666666666665","0.9941666666666665","0.9941666666666665"
"442","0.9975","0.9975","0.9975"
"443","0.9989583333333334","0.9989583333333334","0.9989583333333334"
"444","0.9989583333333334","0.9989583333333334","0.9989583333333334"
"445","1","1","1"
"446","0.9964583333333333","0.9964583333333333","0.9964583333333333"
"447","0.9977083333333333","0.9977083333333333","0.9977083333333333"
"448","0.9977083333333333","0.9977083333333333","0.9977083333333333"
"449","0.9962499999999999","0.9962499999999999","0.9962499999999999"
"450","1","1","1"
"451","0.9910416666666667","0.9910416666666667","0.9910416666666667"
"452","0.9968750000000001","0.9968750000000001","0.9968750000000001"
"453","0.999375","0.999375","0.999375"
"454","0.9979166666666667","0.9979166666666667","0.9979166666666667"
"455","0.9977083333333333","0.9977083333333333","0.9977083333333333"
"456","0.9977083333333333","0.9977083333333333","0.9977083333333333"
"457","0.9954166666666667","0.9954166666666667","0.9954166666666667"
"458","0.9947916666666666","0.9947916666666666","0.9947916666666666"
"459","0.9966666666666667","0.9966666666666667","0.9966666666666667"
"460","0.9979166666666667","0.9979166666666667","0.9979166666666667"
"461","0.9914583333333334","0.9914583333333334","0.9914583333333334"
"462","0.9987499999999999","0.9987499999999999","0.9987499999999999"
"463","0.9989583333333334","0.9989583333333334","0.9989583333333334"
"464","0.9977083333333333","0.9977083333333333","0.9977083333333333"
"465","0.9945833333333334","0.9945833333333334","0.9945833333333334"
"466","0.9987499999999999","0.9987499999999999","0.9987499999999999"
"467","0.9943749999999999","0.9943749999999999","0.9943749999999999"
"468","0.9989583333333334","0.9989583333333334","0.9989583333333334"
"469","0.9979166666666667","0.9979166666666667","0.9979166666666667"
"470","0.995","0.995","0.995"
"471","0.9929166666666668","0.9929166666666668","0.9929166666666668"
"472","0.9954166666666667","0.9954166666666667","0.9954166666666667"
"473","0.9968750000000001","0.9968750000000001","0.9968750000000001"
"474","0.9966666666666667","0.9966666666666667","0.9966666666666667"
"475","0.99375","0.99375","0.99375"
"476","0.9985416666666667","0.9985416666666667","0.9985416666666667"
"477","0.9987499999999999","0.9987499999999999","0.9987499999999999"
"478","0.9977083333333333","0.9977083333333333","0.9977083333333333"
"479","1","1","1"
"480","0.9962499999999999","0.9962499999999999","0.9962499999999999"
"481","1","1","1"
"482","1","1","1"
"483","0.9952083333333334","0.9952083333333334","0.9952083333333334"
"484","0.9989583333333334","0.9989583333333334","0.9989583333333334"
"485","0.9985416666666667","0.9985416666666667","0.9985416666666667"
"486","0.9977083333333333","0.9977083333333333","0.9977083333333333"
"487","0.9964583333333333","0.9964583333333333","0.9964583333333333"
"488","1","1","1"
"489","0.9970833333333333","0.9970833333333333","0.9970833333333333"
"490","0.9933333333333335","0.9933333333333335","0.9933333333333335"
"491","0.9958333333333332","0.9958333333333332","0.9958333333333332"
"492","0.9960416666666666","0.9960416666666666","0.9960416666666666"
"493","0.9979166666666667","0.9979166666666667","0.9979166666666667"
"494","0.9989583333333334","0.9989583333333334","0.9989583333333334"
"495","0.9964583333333333","0.9964583333333333","0.9964583333333333"
"496","0.9995833333333334","0.9995833333333334","0.9995833333333334"
"497","0.9975","0.9975","0.9975"
"498","0.9974999999999999","0.9974999999999999","0.9974999999999999"
"499","0.9975","0.9975","0.9975"
"500","0.9964583333333333","0.9964583333333333","0.9964583333333333"
"501","0.9966666666666667","0.9966666666666667","0.9966666666666667"
"502","0.9979166666666667","0.9979166666666667","0.9979166666666667"
"503","0.9979166666666667","0.9979166666666667","0.9979166666666667"
"504","0.9964583333333334","0.9964583333333334","0.9964583333333334"
"505","0.9935416666666668","0.9935416666666668","0.9935416666666668"
"506","0.9974999999999999","0.9974999999999999","0.9974999999999999"
"507","0.995625","0.995625","0.995625"
"508","0.9939583333333334","0.9939583333333334","0.9939583333333334"
"509","0.9947916666666666","0.9947916666666666","0.9947916666666666"
"510","0.9977083333333333","0.9977083333333333","0.9977083333333333"
"511","0.9987499999999999","0.9987499999999999","0.9987499999999999"
"512","0.9947916666666666","0.9947916666666666","0.9947916666666666"
"513","0.9989583333333334","0.9989583333333334","0.9989583333333334"
"514","0.9895833333333334","0.9895833333333334","0.9895833333333334"
"515","0.9985416666666667","0.9985416666666667","0.9985416666666667"
"516","0.995","0.995","0.995"
"517","0.995625","0.995625","0.995625"
"518","1","1","1"
"519","0.9975","0.9975","0.9975"
"520","0.9966666666666666","0.9966666666666666","0.9966666666666666"
"521","0.9954166666666667","0.9954166666666667","0.9954166666666667"
"522","0.9977083333333333","0.9977083333333333","0.9977083333333333"
"523","0.9979166666666667","0.9979166666666667","0.9979166666666667"
"524","0.9966666666666667","0.9966666666666667","0.9966666666666667"
"525","0.9927083333333333","0.9927083333333333","0.9927083333333333"
"526","0.9977083333333333","0.9977083333333333","0.9977083333333333"
"527","0.9927083333333333","0.9927083333333333","0.9927083333333333"
"528","0.9943749999999999","0.9943749999999999","0.9943749999999999"
"529","0.9893749999999999","0.9893749999999999","0.9893749999999999"
"530","0.9943749999999999","0.9943749999999999","0.9943749999999999"
"531","0.99375","0.99375","0.99375"
"532","0.99125","0.99125","0.99125"
"533","0.993125","0.993125","0.993125"
"534","0.99625","0.99625","0.99625"
"535","0.99625","0.99625","0.99625"
"536","0.9947916666666669","0.9947916666666669","0.9947916666666669"
"537","0.9945833333333334","0.9945833333333334","0.9945833333333334"
"538","0.9941666666666666","0.9941666666666666","0.9941666666666666"
"539","0.9962499999999999","0.9962499999999999","0.9962499999999999"
"540","0.9966666666666667","0.9966666666666667","0.9966666666666667"
"541","0.9929166666666668","0.9929166666666668","0.9929166666666668"
"542","0.9939583333333332","0.9939583333333332","0.9939583333333332"
"543","0.9972916666666666","0.9972916666666666","0.9972916666666666"
"544","0.995625","0.995625","0.995625"
"545","0.9954166666666667","0.9954166666666667","0.9954166666666667"
"546","1","1","1"
"547","0.99375","0.99375","0.99375"
"548","0.9954166666666667","0.9954166666666667","0.9954166666666667"
"549","0.9939583333333334","0.9939583333333334","0.9939583333333334"
"550","0.9899999999999999","0.9899999999999999","0.9899999999999999"
"551","1","1","1"
"552","0.988125","0.988125","0.988125"
"553","0.9952083333333333","0.9952083333333333","0.9952083333333333"
"554","0.9952083333333333","0.9952083333333333","0.9952083333333333"
"555","0.9975","0.9975","0.9975"
"556","0.9933333333333333","0.9933333333333333","0.9933333333333333"
"557","0.9954166666666667","0.9954166666666667","0.9954166666666667"
"558","1","1","1"
"559","1","1","1"
"560","0.9964583333333333","0.9964583333333333","0.9964583333333333"
"561","0.995","0.995","0.995"
"562","0.9964583333333333","0.9964583333333333","0.9964583333333333"
"563","0.9947916666666666","0.9947916666666666","0.9947916666666666"
"564","0.9947916666666666","0.9947916666666666","0.9947916666666666"
"565","0.9966666666666667","0.9966666666666667","0.9966666666666667"
"566","0.9954166666666667","0.9954166666666667","0.9954166666666667"
"567","0.9952083333333334","0.9952083333333334","0.9952083333333334"
"568","0.9966666666666667","0.9966666666666667","0.9966666666666667"
"569","0.991875","0.991875","0.991875"
"570","0.9920833333333333","0.9920833333333333","0.9920833333333333"
"571","0.9964583333333333","0.9964583333333333","0.9964583333333333"
"572","0.9974999999999999","0.9974999999999999","0.9974999999999999"
"573","0.9925","0.9925","0.9925"
"574","0.9964583333333333","0.9964583333333333","0.9964583333333333"
"575","0.9910416666666667","0.9910416666666667","0.9910416666666667"
"576","0.99625","0.99625","0.99625"
"577","0.9972916666666666","0.9972916666666666","0.9972916666666666"
"578","0.9966666666666667","0.9966666666666667","0.9966666666666667"
"579","0.995","0.995","0.995"
"580","0.995","0.995","0.995"
"581","0.9974999999999999","0.9974999999999999","0.9974999999999999"
"582","0.9974999999999999","0.9974999999999999","0.9974999999999999"
"583","0.9968750000000001","0.9968750000000001","0.9968750000000001"
"584","0.9964583333333333","0.9964583333333333","0.9964583333333333"
"585","0.9920833333333334","0.9920833333333334","0.9920833333333334"
"586","0.99625","0.99625","0.99625"
"587","0.9964583333333333","0.9964583333333333","0.9964583333333333"
"588","0.9985416666666667","0.9985416666666667","0.9985416666666667"
"589","0.9943750000000001","0.9943750000000001","0.9943750000000001"
"590","0.9883333333333333","0.9883333333333333","0.9883333333333333"
"591","0.9964583333333333","0.9964583333333333","0.9964583333333333"
"592","0.9920833333333333","0.9920833333333333","0.9920833333333333"
"593","1","1","1"
"594","0.9962499999999999","0.9962499999999999","0.9962499999999999"
"595","0.9995833333333334","0.9995833333333334","0.9995833333333334"
"596","0.9954166666666667","0.9954166666666667","0.9954166666666667"
"597","0.9979166666666667","0.9979166666666667","0.9979166666666667"
"598","0.9947916666666666","0.9947916666666666","0.9947916666666666"
"599","0.9977083333333333","0.9977083333333333","0.9977083333333333"
"600","0.9943749999999999","0.9943749999999999","0.9943749999999999"
"601","0.9960416666666667","0.9960416666666667","0.9960416666666667"
"602","1","1","1"
"603","0.9908333333333333","0.9908333333333333","0.9908333333333333"
"604","0.9966666666666667","0.9966666666666667","0.9966666666666667"
"605","0.9947916666666666","0.9947916666666666","0.9947916666666666"
"606","0.99625","0.99625","0.99625"
"607","0.9960416666666666","0.9960416666666666","0.9960416666666666"
"608","0.9987499999999999","0.9987499999999999","0.9987499999999999"
"609","0.9974999999999999","0.9974999999999999","0.9974999999999999"
"610","0.9989583333333334","0.9989583333333334","0.9989583333333334"
"611","0.9972916666666666","0.9972916666666666","0.9972916666666666"
"612","0.9977083333333333","0.9977083333333333","0.9977083333333333"
"613","0.9949999999999998","0.9949999999999998","0.9949999999999998"
"614","0.9945833333333334","0.9945833333333334","0.9945833333333334"
"615","0.9989583333333334","0.9989583333333334","0.9989583333333334"
"616","0.9962499999999999","0.9962499999999999","0.9962499999999999"
"617","0.9920833333333334","0.9920833333333334","0.9920833333333334"
"618","0.9952083333333333","0.9952083333333333","0.9952083333333333"
"619","0.9989583333333334","0.9989583333333334","0.9989583333333334"
"620","0.9910416666666667","0.9910416666666667","0.9910416666666667"
"621","0.99625","0.99625","0.99625"
"622","1","1","1"
"623","0.9954166666666665","0.9954166666666665","0.9954166666666665"
"624","1","1","1"
"625","0.9966666666666666","0.9966666666666666","0.9966666666666666"
"626","0.9952083333333334","0.9952083333333334","0.9952083333333334"
"627","0.99625","0.99625","0.99625"
"628","0.9989583333333334","0.9989583333333334","0.9989583333333334"
"629","0.9966666666666667","0.9966666666666667","0.9966666666666667"
"630","1","1","1"
"631","0.9866666666666667","0.9866666666666667","0.9866666666666667"
"632","0.9889583333333333","0.9889583333333333","0.9889583333333333"
"633","0.9960416666666667","0.9960416666666667","0.9960416666666667"
"634","0.9989583333333334","0.9989583333333334","0.9989583333333334"
"635","0.9974999999999999","0.9974999999999999","0.9974999999999999"
"636","0.9983333333333334","0.9983333333333334","0.9983333333333334"
"637","0.9964583333333333","0.9964583333333333","0.9964583333333333"
"638","1","1","1"
"639","0.9985416666666667","0.9985416666666667","0.9985416666666667"
"640","0.9960416666666667","0.9960416666666667","0.9960416666666667"
"641","1","1","1"
"642","0.9966666666666666","0.9966666666666666","0.9966666666666666"
"643","0.9952083333333334","0.9952083333333334","0.9952083333333334"
"644","0.9952083333333333","0.9952083333333333","0.9952083333333333"
"645","0.9929166666666666","0.9929166666666666","0.9929166666666666"
"646","0.9933333333333333","0.9933333333333333","0.9933333333333333"
"647","0.9947916666666666","0.9947916666666666","0.9947916666666666"
"648","0.9952083333333333","0.9952083333333333","0.9952083333333333"
"649","1","1","1"
"650","0.9945833333333334","0.9945833333333334","0.9945833333333334"
"651","0.9968750000000001","0.9968750000000001","0.9968750000000001"
"652","0.995","0.995","0.995"
"653","0.9977083333333333","0.9977083333333333","0.9977083333333333"
"654","0.9968750000000001","0.9968750000000001","0.9968750000000001"
"655","0.9952083333333334","0.9952083333333334","0.9952083333333334"
"656","0.9956250000000001","0.9956250000000001","0.9956250000000001"
"657","0.9979166666666667","0.9979166666666667","0.9979166666666667"
"658","0.9925","0.9925","0.9925"
"659","0.9929166666666666","0.9929166666666666","0.9929166666666666"
"660","1","1","1"
"661","0.9964583333333333","0.9964583333333333","0.9964583333333333"
"662","0.9929166666666668","0.9929166666666668","0.9929166666666668"
"663","0.9989583333333334","0.9989583333333334","0.9989583333333334"
"664","0.9818749999999999","0.9818749999999999","0.9818749999999999"
"665","0.9914583333333334","0.9914583333333334","0.9914583333333334"
"666","0.9827083333333332","0.9827083333333332","0.9827083333333332"
"667","0.99375","0.99375","0.99375"
"668","0.9929166666666668","0.9929166666666668","0.9929166666666668"
"669","0.9789583333333334","0.9789583333333334","0.9789583333333334"
"670","0.9952083333333333","0.9952083333333333","0.9952083333333333"
"671","0.9910416666666667","0.9910416666666667","0.9910416666666667"
"672","0.988125","0.988125","0.988125"
"673","0.9995833333333334","0.9995833333333334","0.9995833333333334"
"674","0.988125","0.988125","0.988125"
"675","0.9987499999999999","0.9987499999999999","0.9987499999999999"
"676","0.9983333333333334","0.9983333333333334","0.9983333333333334"
"677","0.9925","0.9925","0.9925"
"678","0.9979166666666667","0.9979166666666667","0.9979166666666667"
"679","0.9954166666666667","0.9954166666666667","0.9954166666666667"
"680","0.9974999999999999","0.9974999999999999","0.9974999999999999"
"681","0.9954166666666667","0.9954166666666667","0.9954166666666667"
"682","0.9962499999999999","0.9962499999999999","0.9962499999999999"
"683","0.9910416666666667","0.9910416666666667","0.9910416666666667"
"684","0.991875","0.991875","0.991875"
"685","0.9902083333333334","0.9902083333333334","0.9902083333333334"
"686","0.9979166666666667","0.9979166666666667","0.9979166666666667"
"687","0.9893749999999999","0.9893749999999999","0.9893749999999999"
"688","0.9995833333333333","0.9995833333333333","0.9995833333333333"
"689","0.9974999999999999","0.9974999999999999","0.9974999999999999"
"690","0.9787499999999999","0.9787499999999999","0.9787499999999999"
"691","0.978125","0.978125","0.978125"
"692","0.9864583333333332","0.9864583333333332","0.9864583333333332"
"693","0.9839583333333333","0.9839583333333333","0.9839583333333333"
"694","0.9920833333333333","0.9920833333333333","0.9920833333333333"
"695","0.9902083333333332","0.9902083333333332","0.9902083333333332"
"696","0.9985416666666667","0.9985416666666667","0.9985416666666667"
"697","0.991875","0.991875","0.991875"
"698","0.995","0.995","0.995"
"699","0.98375","0.98375","0.98375"
"700","0.9783333333333332","0.9783333333333332","0.9783333333333332"
"701","0.9831249999999999","0.9831249999999999","0.9831249999999999"
"702","0.9814583333333332","0.9814583333333332","0.9814583333333332"
"703","0.989375","0.989375","0.989375"
"704","0.993125","0.993125","0.993125"
"705","0.9829166666666667","0.9829166666666667","0.9829166666666667"
"706","0.9775","0.9775","0.9775"
"707","0.9879166666666667","0.9879166666666667","0.9879166666666667"
"708","0.9858333333333332","0.9858333333333332","0.9858333333333332"
"709","0.99125","0.99125","0.99125"
"710","0.9977083333333333","0.9977083333333333","0.9977083333333333"
"711","0.9964583333333333","0.9964583333333333","0.9964583333333333"
"712","0.9987499999999999","0.9987499999999999","0.9987499999999999"
"713","0.9879166666666667","0.9879166666666667","0.9879166666666667"
"714","0.9927083333333333","0.9927083333333333","0.9927083333333333"
"715","0.9941666666666666","0.9941666666666666","0.9941666666666666"
"716","0.9885416666666668","0.9885416666666668","0.9885416666666668"
"717","0.9877083333333333","0.9877083333333333","0.9877083333333333"
"718","0.9941666666666666","0.9941666666666666","0.9941666666666666"
"719","0.9914583333333334","0.9914583333333334","0.9914583333333334"
"720","0.9952083333333333","0.9952083333333333","0.9952083333333333"
"721","0.9916666666666667","0.9916666666666667","0.9916666666666667"
"722","0.9977083333333333","0.9977083333333333","0.9977083333333333"
"723","0.9987499999999999","0.9987499999999999","0.9987499999999999"
"724","0.9900000000000001","0.9900000000000001","0.9900000000000001"
"725","0.990625","0.990625","0.990625"
"726","0.995","0.995","0.995"
"727","0.99125","0.99125","0.99125"
"728","0.9897916666666666","0.9897916666666666","0.9897916666666666"
"729","1","1","1"
"730","0.9922916666666666","0.9922916666666666","0.9922916666666666"
"731","0.9916666666666666","0.9916666666666666","0.9916666666666666"
"732","0.993125","0.993125","0.993125"
"733","0.9889583333333333","0.9889583333333333","0.9889583333333333"
"734","0.9941666666666666","0.9941666666666666","0.9941666666666666"
"735","0.9900000000000001","0.9900000000000001","0.9900000000000001"
"736","0.9879166666666667","0.9879166666666667","0.9879166666666667"
"737","0.988125","0.988125","0.988125"
"738","0.9920833333333334","0.9920833333333334","0.9920833333333334"
"739","0.9972916666666668","0.9972916666666668","0.9972916666666668"
"740","1","1","1"
"741","0.991875","0.991875","0.991875"
"742","0.9954166666666667","0.9954166666666667","0.9954166666666667"
"743","0.975625","0.975625","0.975625"
"744","0.99625","0.99625","0.99625"
"745","0.9974999999999999","0.9974999999999999","0.9974999999999999"
"746","0.9933333333333333","0.9933333333333333","0.9933333333333333"
"747","0.9916666666666667","0.9916666666666667","0.9916666666666667"
"748","0.99375","0.99375","0.99375"
"749","0.990625","0.990625","0.990625"
"750","0.9972916666666666","0.9972916666666666","0.9972916666666666"
"751","0.99125","0.99125","0.99125"
"752","0.9910416666666667","0.9910416666666667","0.9910416666666667"
"753","0.9904166666666666","0.9904166666666666","0.9904166666666666"
"754","0.9866666666666667","0.9866666666666667","0.9866666666666667"
"755","1","1","1"
"756","0.9947916666666666","0.9947916666666666","0.9947916666666666"
"757","0.985","0.985","0.985"
"758","0.9870833333333332","0.9870833333333332","0.9870833333333332"
"759","0.9991666666666666","0.9991666666666666","0.9991666666666666"
"760","0.9845833333333333","0.9845833333333333","0.9845833333333333"
"761","0.9743750000000001","0.9743750000000001","0.9743750000000001"
"762","0.99375","0.99375","0.99375"
"763","1","1","1"
"764","0.993125","0.993125","0.993125"
"765","0.9979166666666668","0.9979166666666668","0.9979166666666668"
"766","0.9981249999999999","0.9981249999999999","0.9981249999999999"
"767","0.9960416666666667","0.9960416666666667","0.9960416666666667"
"768","0.9972916666666668","0.9972916666666668","0.9972916666666668"
"769","0.9908333333333333","0.9908333333333333","0.9908333333333333"
"770","0.9952083333333333","0.9952083333333333","0.9952083333333333"
"771","0.9924999999999998","0.9924999999999998","0.9924999999999998"
"772","0.988125","0.988125","0.988125"
"773","0.9964583333333333","0.9964583333333333","0.9964583333333333"
"774","0.9964583333333333","0.9964583333333333","0.9964583333333333"
"775","0.9899999999999999","0.9899999999999999","0.9899999999999999"
"776","0.9920833333333333","0.9920833333333333","0.9920833333333333"
"777","0.9966666666666667","0.9966666666666667","0.9966666666666667"
"778","0.9966666666666666","0.9966666666666666","0.9966666666666666"
"779","0.9952083333333333","0.9952083333333333","0.9952083333333333"
"780","0.9943749999999999","0.9943749999999999","0.9943749999999999"
"781","0.9947916666666666","0.9947916666666666","0.9947916666666666"
"782","0.9960416666666667","0.9960416666666667","0.9960416666666667"
"783","0.99625","0.99625","0.99625"
"784","1","1","1"
"785","0.97375","0.97375","0.97375"
"786","0.9922916666666666","0.9922916666666666","0.9922916666666666"
"787","0.9947916666666666","0.9947916666666666","0.9947916666666666"
"788","0.99625","0.99625","0.99625"
"789","0.9981249999999999","0.9981249999999999","0.9981249999999999"
"790","1","1","1"
"791","0.9945833333333333","0.9945833333333333","0.9945833333333333"
"792","0.9947916666666666","0.9947916666666666","0.9947916666666666"
"793","0.9889583333333335","0.9889583333333335","0.9889583333333335"
"794","0.98875","0.98875","0.98875"
"795","0.9952083333333334","0.9952083333333334","0.9952083333333334"
"796","1","1","1"
"797","0.995625","0.995625","0.995625"
"798","0.9947916666666666","0.9947916666666666","0.9947916666666666"
"799","0.9941666666666666","0.9941666666666666","0.9941666666666666"
"800","0.9975","0.9975","0.9975"
"801","0.9879166666666666","0.9879166666666666","0.9879166666666666"
"802","0.9954166666666667","0.9954166666666667","0.9954166666666667"
"803","0.9933333333333333","0.9933333333333333","0.9933333333333333"
"804","0.9904166666666665","0.9904166666666665","0.9904166666666665"
"805","0.9941666666666666","0.9941666666666666","0.9941666666666666"
"806","0.993125","0.993125","0.993125"
"807","0.9987499999999999","0.9987499999999999","0.9987499999999999"
"808","0.9958333333333332","0.9958333333333332","0.9958333333333332"
"809","0.9929166666666666","0.9929166666666666","0.9929166666666666"
"810","0.9939583333333334","0.9939583333333334","0.9939583333333334"
"811","0.9858333333333333","0.9858333333333333","0.9858333333333333"
"812","0.991875","0.991875","0.991875"
"813","0.9966666666666667","0.9966666666666667","0.9966666666666667"
"814","0.9929166666666666","0.9929166666666666","0.9929166666666666"
"815","0.9939583333333332","0.9939583333333332","0.9939583333333332"
"816","0.995","0.995","0.995"
"817","0.9954166666666667","0.9954166666666667","0.9954166666666667"
"818","0.9927083333333333","0.9927083333333333","0.9927083333333333"
"819","0.9910416666666665","0.9910416666666665","0.9910416666666665"
"820","0.9952083333333334","0.9952083333333334","0.9952083333333334"
"821","0.9970833333333333","0.9970833333333333","0.9970833333333333"
"822","0.99375","0.99375","0.99375"
"823","0.9962499999999999","0.9962499999999999","0.9962499999999999"
"824","0.995","0.995","0.995"
"825","0.9908333333333333","0.9908333333333333","0.9908333333333333"
"826","0.9964583333333333","0.9964583333333333","0.9964583333333333"
"827","0.9910416666666667","0.9910416666666667","0.9910416666666667"
"828","1","1","1"
"829","0.9877083333333334","0.9877083333333334","0.9877083333333334"
"830","0.9793749999999998","0.9793749999999998","0.9793749999999998"
"831","0.9839583333333333","0.9839583333333333","0.9839583333333333"
"832","0.98","0.98","0.98"
"833","0.99375","0.99375","0.99375"
"834","0.9922916666666666","0.9922916666666666","0.9922916666666666"
"835","0.9954166666666667","0.9954166666666667","0.9954166666666667"
"836","0.99125","0.99125","0.99125"
"837","1","1","1"
"838","0.984375","0.984375","0.984375"
"839","0.9989583333333334","0.9989583333333334","0.9989583333333334"
"840","0.993125","0.993125","0.993125"
"841","0.9989583333333334","0.9989583333333334","0.9989583333333334"
"842","0.9960416666666667","0.9960416666666667","0.9960416666666667"
"843","0.9899999999999999","0.9899999999999999","0.9899999999999999"
"844","0.9883333333333333","0.9883333333333333","0.9883333333333333"
"845","0.990625","0.990625","0.990625"
"846","0.9987499999999999","0.9987499999999999","0.9987499999999999"
"847","0.9974999999999999","0.9974999999999999","0.9974999999999999"
"848","0.9972916666666666","0.9972916666666666","0.9972916666666666"
"849","0.9866666666666667","0.9866666666666667","0.9866666666666667"
"850","0.993125","0.993125","0.993125"
"851","0.9899999999999999","0.9899999999999999","0.9899999999999999"
"852","0.9874999999999999","0.9874999999999999","0.9874999999999999"
"853","0.9977083333333333","0.9977083333333333","0.9977083333333333"
"854","0.9960416666666667","0.9960416666666667","0.9960416666666667"
"855","0.9964583333333333","0.9964583333333333","0.9964583333333333"
"856","0.9900000000000001","0.9900000000000001","0.9900000000000001"
"857","0.9758333333333332","0.9758333333333332","0.9758333333333332"
"858","0.9727083333333333","0.9727083333333333","0.9727083333333333"
"859","0.9714583333333332","0.9714583333333332","0.9714583333333332"
"860","0.9814583333333333","0.9814583333333333","0.9814583333333333"
"861","0.9858333333333332","0.9858333333333332","0.9858333333333332"
"862","0.9941666666666666","0.9941666666666666","0.9941666666666666"
"863","0.9977083333333333","0.9977083333333333","0.9977083333333333"
"864","0.9837500000000001","0.9837500000000001","0.9837500000000001"
"865","0.9881250000000001","0.9881250000000001","0.9881250000000001"
"866","0.9929166666666666","0.9929166666666666","0.9929166666666666"
"867","0.9789583333333333","0.9789583333333333","0.9789583333333333"
"868","0.9895833333333334","0.9895833333333334","0.9895833333333334"
"869","0.9856250000000001","0.9856250000000001","0.9856250000000001"
"870","0.9929166666666666","0.9929166666666666","0.9929166666666666"
"871","0.9822916666666667","0.9822916666666667","0.9822916666666667"
"872","0.990625","0.990625","0.990625"
"873","0.993125","0.993125","0.993125"
"874","0.989375","0.989375","0.989375"
"875","0.988125","0.988125","0.988125"
"876","0.9866666666666667","0.9866666666666667","0.9866666666666667"
"877","0.9866666666666667","0.9866666666666667","0.9866666666666667"
"878","0.9814583333333333","0.9814583333333333","0.9814583333333333"
"879","0.98375","0.98375","0.98375"
"880","0.99625","0.99625","0.99625"
"881","0.9985416666666667","0.9985416666666667","0.9985416666666667"
"882","0.9897916666666666","0.9897916666666666","0.9897916666666666"
"883","0.9974999999999999","0.9974999999999999","0.9974999999999999"
"884","0.97625","0.97625","0.97625"
"885","0.9952083333333333","0.9952083333333333","0.9952083333333333"
"886","0.9943750000000001","0.9943750000000001","0.9943750000000001"
"887","0.9974999999999999","0.9974999999999999","0.9974999999999999"
"888","0.9904166666666666","0.9904166666666666","0.9904166666666666"
"889","0.985","0.985","0.985"
"890","0.9797916666666667","0.9797916666666667","0.9797916666666667"
"891","0.9816666666666666","0.9816666666666666","0.9816666666666666"
"892","0.9889583333333333","0.9889583333333333","0.9889583333333333"
"893","0.9689583333333333","0.9689583333333333","0.9689583333333333"
"894","0.980625","0.980625","0.980625"
"895","0.99625","0.99625","0.99625"
"896","0.9935416666666667","0.9935416666666667","0.9935416666666667"
"897","0.9856250000000001","0.9856250000000001","0.9856250000000001"
"898","0.9754166666666665","0.9754166666666665","0.9754166666666665"
"899","0.9872916666666667","0.9872916666666667","0.9872916666666667"
"900","0.9979166666666667","0.9979166666666667","0.9979166666666667"
"901","0.9802083333333335","0.9802083333333335","0.9802083333333335"
"902","0.9874999999999999","0.9874999999999999","0.9874999999999999"
"903","0.9966666666666666","0.9966666666666666","0.9966666666666666"
"904","0.984375","0.984375","0.984375"
"905","0.9987499999999999","0.9987499999999999","0.9987499999999999"
"906","0.9958333333333332","0.9958333333333332","0.9958333333333332"
"907","0.9795833333333333","0.9795833333333333","0.9795833333333333"
"908","0.9791666666666666","0.9791666666666666","0.9791666666666666"
"909","0.9854166666666666","0.9854166666666666","0.9854166666666666"
"910","0.9922916666666666","0.9922916666666666","0.9922916666666666"
"911","0.9931249999999999","0.9931249999999999","0.9931249999999999"
"912","0.9931249999999999","0.9931249999999999","0.9931249999999999"
"913","1","1","1"
"914","0.9974999999999999","0.9974999999999999","0.9974999999999999"
"915","0.9933333333333333","0.9933333333333333","0.9933333333333333"
"916","0.9958333333333332","0.9958333333333332","0.9958333333333332"
"917","0.9739583333333335","0.9739583333333335","0.9739583333333335"
"918","0.99125","0.99125","0.99125"
"919","0.9895833333333334","0.9895833333333334","0.9895833333333334"
"920","0.9897916666666666","0.9897916666666666","0.9897916666666666"
"921","0.9889583333333333","0.9889583333333333","0.9889583333333333"
"922","0.9856250000000001","0.9856250000000001","0.9856250000000001"
"923","0.9735416666666667","0.9735416666666667","0.9735416666666667"
"924","0.9885416666666668","0.9885416666666668","0.9885416666666668"
"925","0.9864583333333332","0.9864583333333332","0.9864583333333332"
"926","0.98","0.98","0.98"
"927","0.9852083333333334","0.9852083333333334","0.9852083333333334"
"928","0.984375","0.984375","0.984375"
"929","0.9914583333333334","0.9914583333333334","0.9914583333333334"
"930","0.9933333333333333","0.9933333333333333","0.9933333333333333"
"931","0.9941666666666666","0.9941666666666666","0.9941666666666666"
"932","0.9972916666666666","0.9972916666666666","0.9972916666666666"
"933","0.9854166666666667","0.9854166666666667","0.9854166666666667"
"934","0.9964583333333333","0.9964583333333333","0.9964583333333333"
"935","0.9977083333333333","0.9977083333333333","0.9977083333333333"
"936","0.9864583333333333","0.9864583333333333","0.9864583333333333"
"937","0.9935416666666667","0.9935416666666667","0.9935416666666667"
"938","0.9902083333333334","0.9902083333333334","0.9902083333333334"
"939","0.9941666666666666","0.9941666666666666","0.9941666666666666"
"940","0.9929166666666666","0.9929166666666666","0.9929166666666666"
"941","0.9939583333333334","0.9939583333333334","0.9939583333333334"
"942","0.989375","0.989375","0.989375"
"943","0.9943750000000001","0.9943750000000001","0.9943750000000001"
"944","0.9974999999999999","0.9974999999999999","0.9974999999999999"
"945","0.9985416666666667","0.9985416666666667","0.9985416666666667"
"946","0.9804166666666667","0.9804166666666667","0.9804166666666667"
"947","0.9827083333333334","0.9827083333333334","0.9827083333333334"
"948","0.9927083333333333","0.9927083333333333","0.9927083333333333"
"949","1","1","1"
"950","0.9954166666666667","0.9954166666666667","0.9954166666666667"
"951","0.9839583333333334","0.9839583333333334","0.9839583333333334"
"952","0.99375","0.99375","0.99375"
"953","0.990625","0.990625","0.990625"
"954","0.9987499999999999","0.9987499999999999","0.9987499999999999"
"955","0.9927083333333333","0.9927083333333333","0.9927083333333333"
"956","0.9945833333333334","0.9945833333333334","0.9945833333333334"
"957","0.9952083333333333","0.9952083333333333","0.9952083333333333"
"958","0.9874999999999999","0.9874999999999999","0.9874999999999999"
"959","0.9939583333333334","0.9939583333333334","0.9939583333333334"
"960","0.9987499999999999","0.9987499999999999","0.9987499999999999"
"961","0.9954166666666667","0.9954166666666667","0.9954166666666667"
"962","0.988125","0.988125","0.988125"
"963","0.99375","0.99375","0.99375"
"964","0.9879166666666666","0.9879166666666666","0.9879166666666666"
"965","0.9933333333333332","0.9933333333333332","0.9933333333333332"
"966","0.9935416666666668","0.9935416666666668","0.9935416666666668"
"967","0.9964583333333333","0.9964583333333333","0.9964583333333333"
"968","0.9987499999999999","0.9987499999999999","0.9987499999999999"
"969","0.9939583333333334","0.9939583333333334","0.9939583333333334"
"970","0.9972916666666666","0.9972916666666666","0.9972916666666666"
"971","0.9929166666666668","0.9929166666666668","0.9929166666666668"
"972","0.9860416666666666","0.9860416666666666","0.9860416666666666"
"973","0.9827083333333334","0.9827083333333334","0.9827083333333334"
"974","0.9945833333333333","0.9945833333333333","0.9945833333333333"
"975","0.9891666666666666","0.9891666666666666","0.9891666666666666"
"976","0.980625","0.980625","0.980625"
"977","0.9954166666666667","0.9954166666666667","0.9954166666666667"
"978","0.9885416666666665","0.9885416666666665","0.9885416666666665"
"979","0.9989583333333334","0.9989583333333334","0.9989583333333334"
"980","0.9904166666666666","0.9904166666666666","0.9904166666666666"
"981","0.9935416666666667","0.9935416666666667","0.9935416666666667"
"982","0.9914583333333334","0.9914583333333334","0.9914583333333334"
"983","0.995","0.995","0.995"
"984","0.9939583333333334","0.9939583333333334","0.9939583333333334"
"985","0.989375","0.989375","0.989375"
"986","0.9899999999999999","0.9899999999999999","0.9899999999999999"
"987","0.990625","0.990625","0.990625"
"988","0.9939583333333334","0.9939583333333334","0.9939583333333334"
"989","0.9937499999999999","0.9937499999999999","0.9937499999999999"
"990","0.989375","0.989375","0.989375"
"991","0.9839583333333333","0.9839583333333333","0.9839583333333333"
"992","0.9839583333333334","0.9839583333333334","0.9839583333333334"
"993","0.9895833333333334","0.9895833333333334","0.9895833333333334"
"994","0.9856250000000001","0.9856250000000001","0.9856250000000001"
"995","0.9987499999999999","0.9987499999999999","0.9987499999999999"
"996","0.9947916666666666","0.9947916666666666","0.9947916666666666"
"997","0.995","0.995","0.995"
"998","1","1","1"
"999","0.9879166666666666","0.9879166666666666","0.9879166666666666"
"1000","0.9879166666666667","0.9879166666666667","0.9879166666666667"
"1001","0.9922916666666667","0.9922916666666667","0.9922916666666667"
"1002","0.98875","0.98875","0.98875"
"1003","0.989375","0.989375","0.989375"
"1004","0.995625","0.995625","0.995625"
"1005","0.990625","0.990625","0.990625"
"1006","0.990625","0.990625","0.990625"
"1007","0.9924999999999998","0.9924999999999998","0.9924999999999998"
"1008","1","1","1"
"1009","0.9952083333333333","0.9952083333333333","0.9952083333333333"
"1010","0.9945833333333334","0.9945833333333334","0.9945833333333334"
"1011","0.9920833333333333","0.9920833333333333","0.9920833333333333"
"1012","0.9914583333333334","0.9914583333333334","0.9914583333333334"
"1013","0.99125","0.99125","0.99125"
"1014","0.9925","0.9925","0.9925"
"1015","0.9831249999999999","0.9831249999999999","0.9831249999999999"
"1016","0.9889583333333333","0.9889583333333333","0.9889583333333333"
"1017","0.9927083333333333","0.9927083333333333","0.9927083333333333"
"1018","0.9872916666666667","0.9872916666666667","0.9872916666666667"
"1019","1","1","1"
"1020","0.9937499999999999","0.9937499999999999","0.9937499999999999"
"1021","0.9966666666666667","0.9966666666666667","0.9966666666666667"
"1022","0.9931249999999999","0.9931249999999999","0.9931249999999999"
"1023","1","1","1"
"1024","0.9977083333333333","0.9977083333333333","0.9977083333333333"
"1025","0.9970833333333333","0.9970833333333333","0.9970833333333333"
"1026","0.9902083333333334","0.9902083333333334","0.9902083333333334"
"1027","0.9941666666666666","0.9941666666666666","0.9941666666666666"
"1028","0.9922916666666667","0.9922916666666667","0.9922916666666667"
"1029","0.9866666666666667","0.9866666666666667","0.9866666666666667"
"1030","0.9987499999999999","0.9987499999999999","0.9987499999999999"
"1031","0.9910416666666667","0.9910416666666667","0.9910416666666667"
"1032","0.9922916666666667","0.9922916666666667","0.9922916666666667"
"1033","0.9987499999999999","0.9987499999999999","0.9987499999999999"
"1034","0.990625","0.990625","0.990625"
"1035","0.9977083333333333","0.9977083333333333","0.9977083333333333"
"1036","0.9827083333333334","0.9827083333333334","0.9827083333333334"
"1037","0.9858333333333333","0.9858333333333333","0.9858333333333333"
"1038","0.9802083333333335","0.9802083333333335","0.9802083333333335"
"1039","0.9864583333333332","0.9864583333333332","0.9864583333333332"
"1040","0.9974999999999999","0.9974999999999999","0.9974999999999999"
"1041","0.9985416666666667","0.9985416666666667","0.9985416666666667"
"1042","0.991875","0.991875","0.991875"
"1043","1","1","1"
"1044","0.9939583333333332","0.9939583333333332","0.9939583333333332"
"1045","0.9966666666666666","0.9966666666666666","0.9966666666666666"
"1046","0.9939583333333334","0.9939583333333334","0.9939583333333334"
"1047","0.9952083333333333","0.9952083333333333","0.9952083333333333"
"1048","0.9987499999999999","0.9987499999999999","0.9987499999999999"
"1049","0.9908333333333333","0.9908333333333333","0.9908333333333333"
"1050","0.9879166666666667","0.9879166666666667","0.9879166666666667"
"1051","1","1","1"
"1052","0.9987499999999999","0.9987499999999999","0.9987499999999999"
"1053","0.9974999999999999","0.9974999999999999","0.9974999999999999"
"1054","0.9970833333333333","0.9970833333333333","0.9970833333333333"
"1055","0.9847916666666666","0.9847916666666666","0.9847916666666666"
"1056","0.999375","0.999375","0.999375"
"1057","0.9854166666666667","0.9854166666666667","0.9854166666666667"
"1058","0.9895833333333334","0.9895833333333334","0.9895833333333334"
"1059","0.9860416666666668","0.9860416666666668","0.9860416666666668"
"1060","0.9972916666666666","0.9972916666666666","0.9972916666666666"
"1061","0.9925","0.9925","0.9925"
"1062","0.9935416666666668","0.9935416666666668","0.9935416666666668"
"1063","0.9947916666666666","0.9947916666666666","0.9947916666666666"
"1064","0.9987499999999999","0.9987499999999999","0.9987499999999999"
"1065","0.9977083333333333","0.9977083333333333","0.9977083333333333"
"1066","0.9987499999999999","0.9987499999999999","0.9987499999999999"
"1067","0.9964583333333333","0.9964583333333333","0.9964583333333333"
"1068","1","1","1"
"1069","0.9933333333333333","0.9933333333333333","0.9933333333333333"
"1070","1","1","1"
"1071","0.9987499999999999","0.9987499999999999","0.9987499999999999"
"1072","0.9860416666666666","0.9860416666666666","0.9860416666666666"
"1073","0.9833333333333333","0.9833333333333333","0.9833333333333333"
"1074","0.991875","0.991875","0.991875"
"1075","0.9974999999999999","0.9974999999999999","0.9974999999999999"
"1076","0.9974999999999999","0.9974999999999999","0.9974999999999999"
"1077","0.9916666666666666","0.9916666666666666","0.9916666666666666"
"1078","0.9904166666666666","0.9904166666666666","0.9904166666666666"
"1079","0.9731249999999999","0.9731249999999999","0.9731249999999999"
"1080","0.9841666666666665","0.9841666666666665","0.9841666666666665"
"1081","0.99375","0.99375","0.99375"
"1082","0.9877083333333333","0.9877083333333333","0.9877083333333333"
"1083","0.9904166666666666","0.9904166666666666","0.9904166666666666"
"1084","0.9899999999999999","0.9899999999999999","0.9899999999999999"
"1085","0.9974999999999999","0.9974999999999999","0.9974999999999999"
"1086","0.9754166666666667","0.9754166666666667","0.9754166666666667"
"1087","0.9893749999999999","0.9893749999999999","0.9893749999999999"
"1088","0.9941666666666666","0.9941666666666666","0.9941666666666666"
"1089","0.9952083333333333","0.9952083333333333","0.9952083333333333"
"1090","0.9939583333333332","0.9939583333333332","0.9939583333333332"
"1091","0.9914583333333332","0.9914583333333332","0.9914583333333332"
"1092","0.9833333333333334","0.9833333333333334","0.9833333333333334"
"1093","0.9879166666666666","0.9879166666666666","0.9879166666666666"
"1094","0.98875","0.98875","0.98875"
"1095","0.9935416666666667","0.9935416666666667","0.9935416666666667"
"1096","0.9970833333333333","0.9970833333333333","0.9970833333333333"
"1097","0.9952083333333334","0.9952083333333334","0.9952083333333334"
"1098","0.9945833333333333","0.9945833333333333","0.9945833333333333"
"1099","0.9860416666666666","0.9860416666666666","0.9860416666666666"
"1100","0.9895833333333334","0.9895833333333334","0.9895833333333334"
"1101","0.9868750000000001","0.9868750000000001","0.9868750000000001"
"1102","0.9985416666666667","0.9985416666666667","0.9985416666666667"
"1103","1","1","1"
"1104","0.98875","0.98875","0.98875"
"1105","0.9935416666666667","0.9935416666666667","0.9935416666666667"
"1106","0.988125","0.988125","0.988125"
"1107","0.995","0.995","0.995"
"1108","0.9927083333333333","0.9927083333333333","0.9927083333333333"
"1109","0.9872916666666667","0.9872916666666667","0.9872916666666667"
"1110","0.995625","0.995625","0.995625"
"1111","0.9927083333333333","0.9927083333333333","0.9927083333333333"
"1112","0.9974999999999999","0.9974999999999999","0.9974999999999999"
"1113","0.986875","0.986875","0.986875"
"1114","0.9987499999999999","0.9987499999999999","0.9987499999999999"
"1115","0.9972916666666666","0.9972916666666666","0.9972916666666666"
"1116","0.9893749999999999","0.9893749999999999","0.9893749999999999"
"1117","0.9987499999999999","0.9987499999999999","0.9987499999999999"
"1118","0.988125","0.988125","0.988125"
"1119","0.9935416666666667","0.9935416666666667","0.9935416666666667"
"1120","0.984375","0.984375","0.984375"
"1121","0.9929166666666666","0.9929166666666666","0.9929166666666666"
"1122","0.9925","0.9925","0.9925"
"1123","0.9981249999999999","0.9981249999999999","0.9981249999999999"
"1124","0.9877083333333333","0.9877083333333333","0.9877083333333333"
"1125","0.9904166666666666","0.9904166666666666","0.9904166666666666"
"1126","0.995","0.995","0.995"
"1127","0.9927083333333333","0.9927083333333333","0.9927083333333333"
"1128","0.990625","0.990625","0.990625"
"1129","0.9866666666666667","0.9866666666666667","0.9866666666666667"
"1130","0.9906250000000001","0.9906250000000001","0.9906250000000001"
"1131","0.9947916666666666","0.9947916666666666","0.9947916666666666"
"1132","0.9895833333333334","0.9895833333333334","0.9895833333333334"
"1133","0.9952083333333333","0.9952083333333333","0.9952083333333333"
"1134","0.9904166666666666","0.9904166666666666","0.9904166666666666"
"1135","0.9858333333333333","0.9858333333333333","0.9858333333333333"
"1136","0.9987499999999999","0.9987499999999999","0.9987499999999999"
"1137","0.9954166666666667","0.9954166666666667","0.9954166666666667"
"1138","0.9972916666666668","0.9972916666666668","0.9972916666666668"
"1139","0.9779166666666667","0.9779166666666667","0.9779166666666667"
"1140","0.9939583333333332","0.9939583333333332","0.9939583333333332"
"1141","0.9872916666666666","0.9872916666666666","0.9872916666666666"
"1142","0.9808333333333333","0.9808333333333333","0.9808333333333333"
"1143","0.9927083333333333","0.9927083333333333","0.9927083333333333"
"1144","0.9974999999999999","0.9974999999999999","0.9974999999999999"
"1145","0.9989583333333334","0.9989583333333334","0.9989583333333334"
"1146","0.9991666666666666","0.9991666666666666","0.9991666666666666"
"1147","0.9841666666666665","0.9841666666666665","0.9841666666666665"
"1148","0.9860416666666666","0.9860416666666666","0.9860416666666666"
"1149","0.9952083333333333","0.9952083333333333","0.9952083333333333"
"1150","0.9972916666666666","0.9972916666666666","0.9972916666666666"
"1151","0.99625","0.99625","0.99625"
"1152","0.9914583333333332","0.9914583333333332","0.9914583333333332"
"1153","0.9987499999999999","0.9987499999999999","0.9987499999999999"
"1154","0.9974999999999999","0.9974999999999999","0.9974999999999999"
"1155","0.9952083333333334","0.9952083333333334","0.9952083333333334"
"1156","1","1","1"
"1157","0.9960416666666667","0.9960416666666667","0.9960416666666667"
"1158","0.993125","0.993125","0.993125"
"1159","0.9987499999999999","0.9987499999999999","0.9987499999999999"
"1160","0.9939583333333332","0.9939583333333332","0.9939583333333332"
"1161","0.9833333333333334","0.9833333333333334","0.9833333333333334"
"1162","0.9927083333333333","0.9927083333333333","0.9927083333333333"
"1163","0.99375","0.99375","0.99375"
"1164","0.9910416666666667","0.9910416666666667","0.9910416666666667"
"1165","1","1","1"
"1166","0.9954166666666667","0.9954166666666667","0.9954166666666667"
"1167","0.9987499999999999","0.9987499999999999","0.9987499999999999"
"1168","0.9929166666666666","0.9929166666666666","0.9929166666666666"
"1169","0.9900000000000001","0.9900000000000001","0.9900000000000001"
"1170","0.9960416666666666","0.9960416666666666","0.9960416666666666"
"1171","1","1","1"
"1172","0.9964583333333333","0.9964583333333333","0.9964583333333333"
"1173","0.9862500000000001","0.9862500000000001","0.9862500000000001"
"1174","0.9902083333333334","0.9902083333333334","0.9902083333333334"
"1175","0.9897916666666667","0.9897916666666667","0.9897916666666667"
"1176","0.9916666666666667","0.9916666666666667","0.9916666666666667"
"1177","0.990625","0.990625","0.990625"
"1178","0.9974999999999999","0.9974999999999999","0.9974999999999999"
"1179","0.9904166666666668","0.9904166666666668","0.9904166666666668"
"1180","0.9864583333333332","0.9864583333333332","0.9864583333333332"
"1181","0.9977083333333333","0.9977083333333333","0.9977083333333333"
"1182","0.991875","0.991875","0.991875"
"1183","0.9922916666666667","0.9922916666666667","0.9922916666666667"
"1184","0.98625","0.98625","0.98625"
"1185","0.9987499999999999","0.9987499999999999","0.9987499999999999"
"1186","0.9929166666666666","0.9929166666666666","0.9929166666666666"
"1187","0.9904166666666666","0.9904166666666666","0.9904166666666666"
"1188","0.9856250000000001","0.9856250000000001","0.9856250000000001"
"1189","0.9966666666666667","0.9966666666666667","0.9966666666666667"
"1190","0.9997916666666667","0.9997916666666667","0.9997916666666667"
"1191","0.986875","0.986875","0.986875"
"1192","0.9929166666666666","0.9929166666666666","0.9929166666666666"
"1193","0.9949999999999998","0.9949999999999998","0.9949999999999998"
"1194","1","1","1"
"1195","0.9839583333333333","0.9839583333333333","0.9839583333333333"
"1196","0.991875","0.991875","0.991875"
"1197","0.9952083333333333","0.9952083333333333","0.9952083333333333"
"1198","0.9899999999999999","0.9899999999999999","0.9899999999999999"
"1199","0.9939583333333332","0.9939583333333332","0.9939583333333332"
"1200","0.9972916666666666","0.9972916666666666","0.9972916666666666"
"1201","0.990625","0.990625","0.990625"
"1202","0.9895833333333334","0.9895833333333334","0.9895833333333334"
"1203","0.9920833333333333","0.9920833333333333","0.9920833333333333"
"1204","0.9987499999999999","0.9987499999999999","0.9987499999999999"
"1205","0.9860416666666666","0.9860416666666666","0.9860416666666666"
"1206","0.9920833333333333","0.9920833333333333","0.9920833333333333"
"1207","0.9943749999999998","0.9943749999999998","0.9943749999999998"
"1208","0.989375","0.989375","0.989375"
"1209","0.9941666666666666","0.9941666666666666","0.9941666666666666"
"1210","0.9916666666666666","0.9916666666666666","0.9916666666666666"
"1211","0.9987499999999999","0.9987499999999999","0.9987499999999999"
"1212","0.9883333333333333","0.9883333333333333","0.9883333333333333"
"1213","0.9943749999999999","0.9943749999999999","0.9943749999999999"
"1214","0.993125","0.993125","0.993125"
"1215","0.9935416666666667","0.9935416666666667","0.9935416666666667"
"1216","0.9891666666666666","0.9891666666666666","0.9891666666666666"
"1217","0.9931249999999999","0.9931249999999999","0.9931249999999999"
"1218","0.988125","0.988125","0.988125"
"1219","0.9920833333333333","0.9920833333333333","0.9920833333333333"
"1220","0.995625","0.995625","0.995625"
"1221","0.993125","0.993125","0.993125"
"1222","0.9939583333333334","0.9939583333333334","0.9939583333333334"
"1223","0.9939583333333334","0.9939583333333334","0.9939583333333334"
"1224","1","1","1"
"1225","0.993125","0.993125","0.993125"
"1226","0.9877083333333334","0.9877083333333334","0.9877083333333334"
"1227","0.9966666666666666","0.9966666666666666","0.9966666666666666"
"1228","0.9974999999999999","0.9974999999999999","0.9974999999999999"
"1229","0.9750000000000001","0.9750000000000001","0.9750000000000001"
"1230","0.9916666666666667","0.9916666666666667","0.9916666666666667"
"1231","0.9895833333333331","0.9895833333333331","0.9895833333333331"
"1232","1","1","1"
"1233","0.9897916666666666","0.9897916666666666","0.9897916666666666"
"1234","0.9941666666666666","0.9941666666666666","0.9941666666666666"
"1235","0.9893749999999999","0.9893749999999999","0.9893749999999999"
"1236","0.989375","0.989375","0.989375"
"1237","0.9889583333333333","0.9889583333333333","0.9889583333333333"
"1238","0.9954166666666667","0.9954166666666667","0.9954166666666667"
"1239","0.9985416666666667","0.9985416666666667","0.9985416666666667"
"1240","0.9891666666666667","0.9891666666666667","0.9891666666666667"
"1241","0.99375","0.99375","0.99375"
"1242","0.9908333333333332","0.9908333333333332","0.9908333333333332"
"1243","0.9804166666666666","0.9804166666666666","0.9804166666666666"
"1244","1","1","1"
"1245","0.9927083333333333","0.9927083333333333","0.9927083333333333"
"1246","0.9947916666666666","0.9947916666666666","0.9947916666666666"
"1247","0.993125","0.993125","0.993125"
"1248","0.99125","0.99125","0.99125"
"1249","0.988125","0.988125","0.988125"
"1250","0.9864583333333333","0.9864583333333333","0.9864583333333333"
"1251","0.991875","0.991875","0.991875"
"1252","0.98875","0.98875","0.98875"
"1253","0.9922916666666667","0.9922916666666667","0.9922916666666667"
"1254","0.993125","0.993125","0.993125"
"1255","0.9860416666666666","0.9860416666666666","0.9860416666666666"
"1256","0.9914583333333332","0.9914583333333332","0.9914583333333332"
"1257","0.9989583333333334","0.9989583333333334","0.9989583333333334"
"1258","0.9974999999999999","0.9974999999999999","0.9974999999999999"
"1259","0.9960416666666667","0.9960416666666667","0.9960416666666667"
"1260","0.9939583333333334","0.9939583333333334","0.9939583333333334"
"1261","0.9914583333333332","0.9914583333333332","0.9914583333333332"
"1262","0.9889583333333333","0.9889583333333333","0.9889583333333333"
"1263","0.9941666666666666","0.9941666666666666","0.9941666666666666"
"1264","0.9710416666666667","0.9710416666666667","0.9710416666666667"
"1265","0.9914583333333332","0.9914583333333332","0.9914583333333332"
"1266","0.9916666666666667","0.9916666666666667","0.9916666666666667"
"1267","0.9987499999999999","0.9987499999999999","0.9987499999999999"
"1268","0.9893749999999999","0.9893749999999999","0.9893749999999999"
"1269","0.9987499999999999","0.9987499999999999","0.9987499999999999"
"1270","0.9981249999999999","0.9981249999999999","0.9981249999999999"
"1271","0.9983333333333332","0.9983333333333332","0.9983333333333332"
"1272","0.989375","0.989375","0.989375"
"1273","0.9895833333333334","0.9895833333333334","0.9895833333333334"
"1274","0.9910416666666667","0.9910416666666667","0.9910416666666667"
"1275","0.9858333333333333","0.9858333333333333","0.9858333333333333"
"1276","0.9974999999999999","0.9974999999999999","0.9974999999999999"
"1277","0.9987499999999999","0.9987499999999999","0.9987499999999999"
"1278","0.9968750000000001","0.9968750000000001","0.9968750000000001"
"1279","0.9897916666666666","0.9897916666666666","0.9897916666666666"
"1280","0.99625","0.99625","0.99625"
"1281","0.9927083333333333","0.9927083333333333","0.9927083333333333"
"1282","0.9977083333333333","0.9977083333333333","0.9977083333333333"
"1283","0.9974999999999999","0.9974999999999999","0.9974999999999999"
"1284","0.985","0.985","0.985"
"1285","0.9904166666666666","0.9904166666666666","0.9904166666666666"
"1286","0.9939583333333334","0.9939583333333334","0.9939583333333334"
"1287","0.9891666666666667","0.9891666666666667","0.9891666666666667"
"1288","0.9904166666666666","0.9904166666666666","0.9904166666666666"
"1289","0.9829166666666667","0.9829166666666667","0.9829166666666667"
"1290","0.9941666666666666","0.9941666666666666","0.9941666666666666"
"1291","0.9895833333333334","0.9895833333333334","0.9895833333333334"
"1292","0.9987499999999999","0.9987499999999999","0.9987499999999999"
"1293","0.9908333333333333","0.9908333333333333","0.9908333333333333"
"1294","0.993125","0.993125","0.993125"
"1295","0.9933333333333333","0.9933333333333333","0.9933333333333333"
"1296","0.9929166666666668","0.9929166666666668","0.9929166666666668"
"1297","0.9943750000000001","0.9943750000000001","0.9943750000000001"
"1298","0.9974999999999999","0.9974999999999999","0.9974999999999999"
"1299","0.980625","0.980625","0.980625"
"1300","0.9860416666666666","0.9860416666666666","0.9860416666666666"
"1301","0.9854166666666666","0.9854166666666666","0.9854166666666666"
"1302","0.9920833333333333","0.9920833333333333","0.9920833333333333"
"1303","1","1","1"
"1304","0.9924999999999998","0.9924999999999998","0.9924999999999998"
"1305","0.9987499999999999","0.9987499999999999","0.9987499999999999"
"1306","0.9885416666666665","0.9885416666666665","0.9885416666666665"
"1307","0.9874999999999999","0.9874999999999999","0.9874999999999999"
"1308","0.9812500000000001","0.9812500000000001","0.9812500000000001"
"1309","0.9929166666666666","0.9929166666666666","0.9929166666666666"
"1310","0.9987499999999999","0.9987499999999999","0.9987499999999999"
"1311","0.9941666666666666","0.9941666666666666","0.9941666666666666"
"1312","0.9947916666666666","0.9947916666666666","0.9947916666666666"
"1313","0.9820833333333333","0.9820833333333333","0.9820833333333333"
"1314","0.9954166666666667","0.9954166666666667","0.9954166666666667"
"1315","0.9935416666666667","0.9935416666666667","0.9935416666666667"
"1316","0.9974999999999999","0.9974999999999999","0.9974999999999999"
"1317","0.9987499999999999","0.9987499999999999","0.9987499999999999"
"1318","0.9958333333333335","0.9958333333333335","0.9958333333333335"
"1319","0.989375","0.989375","0.989375"
"1320","0.9914583333333332","0.9914583333333332","0.9914583333333332"
"1321","0.9987499999999999","0.9987499999999999","0.9987499999999999"
"1322","0.9900000000000001","0.9900000000000001","0.9900000000000001"
"1323","0.9941666666666666","0.9941666666666666","0.9941666666666666"
"1324","0.9858333333333333","0.9858333333333333","0.9858333333333333"
"1325","0.9925","0.9925","0.9925"
"1326","0.9954166666666667","0.9954166666666667","0.9954166666666667"
"1327","0.9904166666666668","0.9904166666666668","0.9904166666666668"
"1328","0.9954166666666667","0.9954166666666667","0.9954166666666667"
"1329","0.9891666666666666","0.9891666666666666","0.9891666666666666"
"1330","0.99375","0.99375","0.99375"
"1331","0.995625","0.995625","0.995625"
"1332","0.9987499999999999","0.9987499999999999","0.9987499999999999"
"1333","0.990625","0.990625","0.990625"
"1334","1","1","1"
"1335","0.9916666666666666","0.9916666666666666","0.9916666666666666"
"1336","0.9927083333333333","0.9927083333333333","0.9927083333333333"
"1337","0.988125","0.988125","0.988125"
"1338","0.9881249999999998","0.9881249999999998","0.9881249999999998"
"1339","1","1","1"
"1340","0.9954166666666667","0.9954166666666667","0.9954166666666667"
"1341","0.9954166666666667","0.9954166666666667","0.9954166666666667"
"1342","0.9889583333333335","0.9889583333333335","0.9889583333333335"
"1343","0.9920833333333333","0.9920833333333333","0.9920833333333333"
"1344","0.9952083333333333","0.9952083333333333","0.9952083333333333"
"1345","0.9927083333333333","0.9927083333333333","0.9927083333333333"
"1346","0.9974999999999999","0.9974999999999999","0.9974999999999999"
"1347","0.9966666666666667","0.9966666666666667","0.9966666666666667"
"1348","0.9939583333333334","0.9939583333333334","0.9939583333333334"
"1349","0.9983333333333334","0.9983333333333334","0.9983333333333334"
"1350","0.9885416666666668","0.9885416666666668","0.9885416666666668"
"1351","0.99625","0.99625","0.99625"
"1352","0.9952083333333333","0.9952083333333333","0.9952083333333333"
"1353","0.9987499999999999","0.9987499999999999","0.9987499999999999"
"1354","0.9837500000000001","0.9837500000000001","0.9837500000000001"
"1355","0.9843750000000001","0.9843750000000001","0.9843750000000001"
"1356","0.995625","0.995625","0.995625"
"1357","0.9974999999999999","0.9974999999999999","0.9974999999999999"
"1358","0.99125","0.99125","0.99125"
"1359","0.9925","0.9925","0.9925"
"1360","0.9987499999999999","0.9987499999999999","0.9987499999999999"
"1361","0.9831250000000001","0.9831250000000001","0.9831250000000001"
"1362","0.9908333333333333","0.9908333333333333","0.9908333333333333"
"1363","0.9960416666666667","0.9960416666666667","0.9960416666666667"
"1364","0.9893749999999999","0.9893749999999999","0.9893749999999999"
"1365","0.9987499999999999","0.9987499999999999","0.9987499999999999"
"1366","0.9925","0.9925","0.9925"
"1367","0.9912500000000001","0.9912500000000001","0.9912500000000001"
"1368","0.99375","0.99375","0.99375"
"1369","0.9845833333333333","0.9845833333333333","0.9845833333333333"
"1370","0.9916666666666666","0.9916666666666666","0.9916666666666666"
"1371","0.9925","0.9925","0.9925"
"1372","0.9914583333333332","0.9914583333333332","0.9914583333333332"
"1373","0.9941666666666666","0.9941666666666666","0.9941666666666666"
"1374","0.9929166666666666","0.9929166666666666","0.9929166666666666"
"1375","0.9954166666666667","0.9954166666666667","0.9954166666666667"
"1376","0.9954166666666667","0.9954166666666667","0.9954166666666667"
"1377","0.9941666666666666","0.9941666666666666","0.9941666666666666"
"1378","0.9904166666666666","0.9904166666666666","0.9904166666666666"
"1379","0.9954166666666667","0.9954166666666667","0.9954166666666667"
"1380","0.9952083333333333","0.9952083333333333","0.9952083333333333"
"1381","0.9954166666666667","0.9954166666666667","0.9954166666666667"
"1382","0.9954166666666667","0.9954166666666667","0.9954166666666667"
"1383","0.9987499999999999","0.9987499999999999","0.9987499999999999"
"1384","0.9881249999999998","0.9881249999999998","0.9881249999999998"
"1385","0.9927083333333333","0.9927083333333333","0.9927083333333333"
"1386","0.9929166666666666","0.9929166666666666","0.9929166666666666"
"1387","0.9922916666666667","0.9922916666666667","0.9922916666666667"
"1388","0.9968750000000001","0.9968750000000001","0.9968750000000001"
"1389","0.98375","0.98375","0.98375"
"1390","0.9987499999999999","0.9987499999999999","0.9987499999999999"
"1391","0.9829166666666667","0.9829166666666667","0.9829166666666667"
"1392","0.9837500000000001","0.9837500000000001","0.9837500000000001"
"1393","0.9952083333333333","0.9952083333333333","0.9952083333333333"
"1394","0.991875","0.991875","0.991875"
"1395","0.9925","0.9925","0.9925"
"1396","0.9916666666666667","0.9916666666666667","0.9916666666666667"
"1397","0.9987499999999999","0.9987499999999999","0.9987499999999999"
"1398","0.9829166666666667","0.9829166666666667","0.9829166666666667"
"1399","0.9906250000000001","0.9906250000000001","0.9906250000000001"
"1400","0.99625","0.99625","0.99625"
"1401","0.993125","0.993125","0.993125"
"1402","0.993125","0.993125","0.993125"
"1403","0.9927083333333334","0.9927083333333334","0.9927083333333334"
"1404","0.9872916666666667","0.9872916666666667","0.9872916666666667"
"1405","0.9920833333333333","0.9920833333333333","0.9920833333333333"
"1406","0.9960416666666667","0.9960416666666667","0.9960416666666667"
"1407","0.9954166666666667","0.9954166666666667","0.9954166666666667"
"1408","0.9835416666666666","0.9835416666666666","0.9835416666666666"
"1409","0.9933333333333333","0.9933333333333333","0.9933333333333333"
"1410","0.9854166666666666","0.9854166666666666","0.9854166666666666"
"1411","0.9847916666666666","0.9847916666666666","0.9847916666666666"
"1412","0.9789583333333334","0.9789583333333334","0.9789583333333334"
"1413","0.9943750000000001","0.9943750000000001","0.9943750000000001"
"1414","0.9629166666666668","0.9629166666666668","0.9629166666666668"
"1415","0.9795833333333334","0.9795833333333334","0.9795833333333334"
"1416","0.9952083333333334","0.9952083333333334","0.9952083333333334"
"1417","0.9929166666666666","0.9929166666666666","0.9929166666666666"
"1418","0.9829166666666667","0.9829166666666667","0.9829166666666667"
"1419","0.9885416666666668","0.9885416666666668","0.9885416666666668"
"1420","0.9760416666666667","0.9760416666666667","0.9760416666666667"
"1421","0.96875","0.96875","0.96875"
"1422","0.9906250000000001","0.9906250000000001","0.9906250000000001"
"1423","0.9991666666666666","0.9991666666666666","0.9991666666666666"
"1424","1","1","1"
"1425","0.9952083333333334","0.9952083333333334","0.9952083333333334"
"1426","1","1","1"
"1427","0.9974999999999999","0.9974999999999999","0.9974999999999999"
"1428","0.9987499999999999","0.9987499999999999","0.9987499999999999"
"1429","0.9720833333333333","0.9720833333333333","0.9720833333333333"
"1430","0.949375","0.949375","0.949375"
"1431","0.9591666666666666","0.9591666666666666","0.9591666666666666"
"1432","0.9814583333333333","0.9814583333333333","0.9814583333333333"
"1433","0.9622916666666667","0.9622916666666667","0.9622916666666667"
"1434","1","1","1"
"1435","0.9966666666666667","0.9966666666666667","0.9966666666666667"
"1436","0.9808333333333333","0.9808333333333333","0.9808333333333333"
"1437","0.9833333333333334","0.9833333333333334","0.9833333333333334"
"1438","0.9627083333333332","0.9627083333333332","0.9627083333333332"
"1439","0.9889583333333333","0.9889583333333333","0.9889583333333333"
"1440","0.9941666666666666","0.9941666666666666","0.9941666666666666"
"1441","0.9864583333333333","0.9864583333333333","0.9864583333333333"
"1442","0.9597916666666668","0.9597916666666668","0.9597916666666668"
"1443","0.9822916666666667","0.9822916666666667","0.9822916666666667"
"1444","0.9868750000000001","0.9868750000000001","0.9868750000000001"
"1445","0.9452083333333333","0.9452083333333333","0.9452083333333333"
"1446","0.9877083333333333","0.9877083333333333","0.9877083333333333"
"1447","0.9691666666666667","0.9691666666666667","0.9691666666666667"
"1448","0.98875","0.98875","0.98875"
"1449","0.9904166666666666","0.9904166666666666","0.9904166666666666"
"1450","0.98","0.98","0.98"
"1451","0.9802083333333332","0.9802083333333332","0.9802083333333332"
"1452","0.9589583333333335","0.9589583333333335","0.9589583333333335"
"1453","0.9989583333333334","0.9989583333333334","0.9989583333333334"
"1454","0.9852083333333334","0.9852083333333334","0.9852083333333334"
"1455","0.9714583333333334","0.9714583333333334","0.9714583333333334"
"1456","0.9729166666666668","0.9729166666666668","0.9729166666666668"
"1457","0.968125","0.968125","0.968125"
"1458","0.9764583333333333","0.9764583333333333","0.9764583333333333"
"1459","0.9789583333333334","0.9789583333333334","0.9789583333333334"
"1460","0.9820833333333333","0.9820833333333333","0.9820833333333333"
"1461","0.9904166666666668","0.9904166666666668","0.9904166666666668"
"1462","0.9874999999999999","0.9874999999999999","0.9874999999999999"
"1463","0.9952083333333334","0.9952083333333334","0.9952083333333334"
"1464","0.9881250000000001","0.9881250000000001","0.9881250000000001"
"1465","0.9966666666666667","0.9966666666666667","0.9966666666666667"
"1466","0.9977083333333333","0.9977083333333333","0.9977083333333333"
"1467","0.9970833333333333","0.9970833333333333","0.9970833333333333"
"1468","0.9985416666666667","0.9985416666666667","0.9985416666666667"
"1469","0.9879166666666667","0.9879166666666667","0.9879166666666667"
"1470","0.9960416666666667","0.9960416666666667","0.9960416666666667"
"1471","0.9908333333333333","0.9908333333333333","0.9908333333333333"
"1472","0.9927083333333333","0.9927083333333333","0.9927083333333333"
"1473","1","1","1"
"1474","0.9985416666666667","0.9985416666666667","0.9985416666666667"
"1475","0.9860416666666666","0.9860416666666666","0.9860416666666666"
"1476","0.9939583333333334","0.9939583333333334","0.9939583333333334"
"1477","0.9922916666666667","0.9922916666666667","0.9922916666666667"
"1478","0.9941666666666666","0.9941666666666666","0.9941666666666666"
"1479","1","1","1"
"1480","1","1","1"
"1481","0.9987499999999999","0.9987499999999999","0.9987499999999999"
"1482","0.9952083333333333","0.9952083333333333","0.9952083333333333"
"1483","0.99375","0.99375","0.99375"
"1484","0.9856250000000001","0.9856250000000001","0.9856250000000001"
"1485","0.9885416666666668","0.9885416666666668","0.9885416666666668"
"1486","0.9904166666666666","0.9904166666666666","0.9904166666666666"
"1487","0.9941666666666666","0.9941666666666666","0.9941666666666666"
"1488","0.9835416666666665","0.9835416666666665","0.9835416666666665"
"1489","0.9929166666666668","0.9929166666666668","0.9929166666666668"
"1490","0.9987499999999999","0.9987499999999999","0.9987499999999999"
"1491","0.9979166666666667","0.9979166666666667","0.9979166666666667"
"1492","0.9952083333333333","0.9952083333333333","0.9952083333333333"
"1493","0.9897916666666666","0.9897916666666666","0.9897916666666666"
"1494","0.98875","0.98875","0.98875"
"1495","0.9952083333333333","0.9952083333333333","0.9952083333333333"
"1496","0.9902083333333332","0.9902083333333332","0.9902083333333332"
"1497","0.9952083333333334","0.9952083333333334","0.9952083333333334"
"1498","0.9872916666666666","0.9872916666666666","0.9872916666666666"
"1499","0.9952083333333333","0.9952083333333333","0.9952083333333333"
"1500","0.9939583333333334","0.9939583333333334","0.9939583333333334"
"1501","0.9939583333333334","0.9939583333333334","0.9939583333333334"
"1502","0.9852083333333334","0.9852083333333334","0.9852083333333334"
"1503","0.9989583333333334","0.9989583333333334","0.9989583333333334"
"1504","0.9908333333333333","0.9908333333333333","0.9908333333333333"
"1505","0.9977083333333333","0.9977083333333333","0.9977083333333333"
"1506","0.9870833333333334","0.9870833333333334","0.9870833333333334"
"1507","0.9989583333333334","0.9989583333333334","0.9989583333333334"
"1508","0.9968750000000001","0.9968750000000001","0.9968750000000001"
"1509","1","1","1"
"1510","0.9964583333333333","0.9964583333333333","0.9964583333333333"
"1511","0.9783333333333334","0.9783333333333334","0.9783333333333334"
"1512","0.9916666666666667","0.9916666666666667","0.9916666666666667"
"1513","0.9866666666666667","0.9866666666666667","0.9866666666666667"
"1514","0.9972916666666668","0.9972916666666668","0.9972916666666668"
"1515","0.9904166666666666","0.9904166666666666","0.9904166666666666"
"1516","0.9854166666666666","0.9854166666666666","0.9854166666666666"
"1517","0.9658333333333333","0.9658333333333333","0.9658333333333333"
"1518","0.988125","0.988125","0.988125"
"1519","0.9685416666666667","0.9685416666666667","0.9685416666666667"
"1520","0.9779166666666668","0.9779166666666668","0.9779166666666668"
"1521","0.9933333333333333","0.9933333333333333","0.9933333333333333"
"1522","0.9879166666666667","0.9879166666666667","0.9879166666666667"
"1523","0.9706250000000001","0.9706250000000001","0.9706250000000001"
"1524","0.9550000000000001","0.9550000000000001","0.9550000000000001"
"1525","0.9675000000000001","0.9675000000000001","0.9675000000000001"
"1526","0.9660416666666666","0.9660416666666666","0.9660416666666666"
"1527","0.9991666666666666","0.9991666666666666","0.9991666666666666"
"1528","0.9758333333333334","0.9758333333333334","0.9758333333333334"
"1529","0.9918750000000002","0.9918750000000002","0.9918750000000002"
"1530","0.9885416666666665","0.9885416666666665","0.9885416666666665"
"1531","0.9839583333333334","0.9839583333333334","0.9839583333333334"
"1532","0.993125","0.993125","0.993125"
"1533","0.9879166666666667","0.9879166666666667","0.9879166666666667"
"1534","0.993125","0.993125","0.993125"
"1535","0.9829166666666668","0.9829166666666668","0.9829166666666668"
"1536","1","1","1"
"1537","0.9841666666666665","0.9841666666666665","0.9841666666666665"
"1538","0.9966666666666667","0.9966666666666667","0.9966666666666667"
"1539","0.97625","0.97625","0.97625"
"1540","0.9862500000000001","0.9862500000000001","0.9862500000000001"
"1541","0.9683333333333333","0.9683333333333333","0.9683333333333333"
"1542","0.9752083333333333","0.9752083333333333","0.9752083333333333"
"1543","0.9922916666666667","0.9922916666666667","0.9922916666666667"
"1544","0.9660416666666666","0.9660416666666666","0.9660416666666666"
"1545","0.9891666666666666","0.9891666666666666","0.9891666666666666"
"1546","0.9810416666666666","0.9810416666666666","0.9810416666666666"
"1547","0.993125","0.993125","0.993125"
"1548","0.9862500000000001","0.9862500000000001","0.9862500000000001"
"1549","1","1","1"
"1550","0.9966666666666667","0.9966666666666667","0.9966666666666667"
"1551","0.9914583333333334","0.9914583333333334","0.9914583333333334"
"1552","0.9937499999999999","0.9937499999999999","0.9937499999999999"
"1553","0.9697916666666666","0.9697916666666666","0.9697916666666666"
"1554","0.991875","0.991875","0.991875"
"1555","0.9858333333333333","0.9858333333333333","0.9858333333333333"
"1556","0.9902083333333335","0.9902083333333335","0.9902083333333335"
"1557","0.9816666666666666","0.9816666666666666","0.9816666666666666"
"1558","0.9700000000000001","0.9700000000000001","0.9700000000000001"
"1559","0.9574999999999999","0.9574999999999999","0.9574999999999999"
"1560","0.9766666666666666","0.9766666666666666","0.9766666666666666"
"1561","1","1","1"
"1562","0.9833333333333334","0.9833333333333334","0.9833333333333334"
"1563","0.9891666666666667","0.9891666666666667","0.9891666666666667"
"1564","1","1","1"
"1565","0.9814583333333333","0.9814583333333333","0.9814583333333333"
"1566","0.9483333333333334","0.9483333333333334","0.9483333333333334"
"1567","0.9920833333333333","0.9920833333333333","0.9920833333333333"
"1568","0.9835416666666666","0.9835416666666666","0.9835416666666666"
"1569","0.9743749999999999","0.9743749999999999","0.9743749999999999"
"1570","0.9695833333333334","0.9695833333333334","0.9695833333333334"
"1571","1","1","1"
"1572","0.96375","0.96375","0.96375"
"1573","0.9785416666666666","0.9785416666666666","0.9785416666666666"
"1574","0.9779166666666667","0.9779166666666667","0.9779166666666667"
"1575","0.9877083333333333","0.9877083333333333","0.9877083333333333"
"1576","0.9856250000000001","0.9856250000000001","0.9856250000000001"
"1577","0.9908333333333333","0.9908333333333333","0.9908333333333333"
"1578","0.9497916666666666","0.9497916666666666","0.9497916666666666"
"1579","1","1","1"
"1580","0.9872916666666667","0.9872916666666667","0.9872916666666667"
"1581","0.9764583333333333","0.9764583333333333","0.9764583333333333"
"1582","0.9739583333333334","0.9739583333333334","0.9739583333333334"
"1583","0.9666666666666667","0.9666666666666667","0.9666666666666667"
"1584","0.9820833333333333","0.9820833333333333","0.9820833333333333"
"1585","0.9910416666666667","0.9910416666666667","0.9910416666666667"
"1586","0.9664583333333332","0.9664583333333332","0.9664583333333332"
"1587","0.9804166666666667","0.9804166666666667","0.9804166666666667"
"1588","0.9979166666666667","0.9979166666666667","0.9979166666666667"
"1589","0.9552083333333333","0.9552083333333333","0.9552083333333333"
"1590","0.9966666666666667","0.9966666666666667","0.9966666666666667"
"1591","0.9608333333333333","0.9608333333333333","0.9608333333333333"
"1592","0.9249999999999999","0.9249999999999999","0.9249999999999999"
"1593","0.973125","0.973125","0.973125"
"1594","0.9864583333333332","0.9864583333333332","0.9864583333333332"
"1595","0.9439583333333333","0.9439583333333333","0.9439583333333333"
"1596","0.9808333333333334","0.9808333333333334","0.9808333333333334"
"1597","0.9954166666666667","0.9954166666666667","0.9954166666666667"
"1598","0.9908333333333333","0.9908333333333333","0.9908333333333333"
"1599","0.9908333333333333","0.9908333333333333","0.9908333333333333"
"1600","0.9943750000000001","0.9943750000000001","0.9943750000000001"
"1601","0.9902083333333334","0.9902083333333334","0.9902083333333334"
"1602","0.9589583333333334","0.9589583333333334","0.9589583333333334"
"1603","0.9922916666666667","0.9922916666666667","0.9922916666666667"
"1604","0.98875","0.98875","0.98875"
"1605","0.9954166666666667","0.9954166666666667","0.9954166666666667"
"1606","0.9908333333333333","0.9908333333333333","0.9908333333333333"
"1607","0.9954166666666667","0.9954166666666667","0.9954166666666667"
"1608","0.9964583333333333","0.9964583333333333","0.9964583333333333"
"1609","0.9814583333333333","0.9814583333333333","0.9814583333333333"
"1610","0.97125","0.97125","0.97125"
"1611","0.98875","0.98875","0.98875"
"1612","0.9356249999999999","0.9356249999999999","0.9356249999999999"
"1613","0.9868750000000001","0.9868750000000001","0.9868750000000001"
"1614","0.9910416666666667","0.9910416666666667","0.9910416666666667"
"1615","0.9706250000000001","0.9706250000000001","0.9706250000000001"
"1616","0.9883333333333333","0.9883333333333333","0.9883333333333333"
"1617","0.9895833333333334","0.9895833333333334","0.9895833333333334"
"1618","1","1","1"
"1619","0.973125","0.973125","0.973125"
"1620","0.9920833333333334","0.9920833333333334","0.9920833333333334"
"1621","0.9700000000000001","0.9700000000000001","0.9700000000000001"
"1622","0.9720833333333333","0.9720833333333333","0.9720833333333333"
"1623","0.9739583333333331","0.9739583333333331","0.9739583333333331"
"1624","0.9720833333333333","0.9720833333333333","0.9720833333333333"
"1625","0.99625","0.99625","0.99625"
"1626","0.9977083333333333","0.9977083333333333","0.9977083333333333"
"1627","0.981875","0.981875","0.981875"
"1628","0.9908333333333333","0.9908333333333333","0.9908333333333333"
"1629","0.9764583333333334","0.9764583333333334","0.9764583333333334"
"1630","0.9677083333333334","0.9677083333333334","0.9677083333333334"
"1631","0.991875","0.991875","0.991875"
"1632","0.9714583333333334","0.9714583333333334","0.9714583333333334"
"1633","0.9945833333333334","0.9945833333333334","0.9945833333333334"
"1634","0.9710416666666667","0.9710416666666667","0.9710416666666667"
"1635","0.9668749999999999","0.9668749999999999","0.9668749999999999"
"1636","0.9545833333333332","0.9545833333333332","0.9545833333333332"
"1637","0.9904166666666668","0.9904166666666668","0.9904166666666668"
"1638","0.9785416666666668","0.9785416666666668","0.9785416666666668"
"1639","0.9954166666666667","0.9954166666666667","0.9954166666666667"
"1640","0.9770833333333333","0.9770833333333333","0.9770833333333333"
"1641","0.9989583333333334","0.9989583333333334","0.9989583333333334"
"1642","0.9897916666666666","0.9897916666666666","0.9897916666666666"
"1643","0.9941666666666666","0.9941666666666666","0.9941666666666666"
"1644","0.9385416666666667","0.9385416666666667","0.9385416666666667"
"1645","0.9824999999999999","0.9824999999999999","0.9824999999999999"
"1646","0.9743750000000001","0.9743750000000001","0.9743750000000001"
"1647","0.9866666666666667","0.9866666666666667","0.9866666666666667"
"1648","0.9910416666666667","0.9910416666666667","0.9910416666666667"
"1649","0.9831249999999999","0.9831249999999999","0.9831249999999999"
"1650","0.985","0.985","0.985"
"1651","0.9625","0.9625","0.9625"
"1652","0.9704166666666666","0.9704166666666666","0.9704166666666666"
"1653","0.9812500000000001","0.9812500000000001","0.9812500000000001"
"1654","0.9397916666666668","0.9397916666666668","0.9397916666666668"
"1655","0.9689583333333333","0.9689583333333333","0.9689583333333333"
"1656","0.9954166666666667","0.9954166666666667","0.9954166666666667"
"1657","0.9766666666666667","0.9766666666666667","0.9766666666666667"
"1658","0.985","0.985","0.985"
"1659","0.9908333333333333","0.9908333333333333","0.9908333333333333"
"1660","0.973125","0.973125","0.973125"
"1661","0.9360416666666667","0.9360416666666667","0.9360416666666667"
"1662","0.9904166666666666","0.9904166666666666","0.9904166666666666"
"1663","0.980625","0.980625","0.980625"
"1664","0.9654166666666666","0.9654166666666666","0.9654166666666666"
"1665","0.9918750000000002","0.9918750000000002","0.9918750000000002"
"1666","0.9789583333333334","0.9789583333333334","0.9789583333333334"
"1667","0.9966666666666667","0.9966666666666667","0.9966666666666667"
"1668","0.9577083333333333","0.9577083333333333","0.9577083333333333"
"1669","0.9943750000000001","0.9943750000000001","0.9943750000000001"
"1670","0.98875","0.98875","0.98875"
"1671","0.9920833333333333","0.9920833333333333","0.9920833333333333"
"1672","0.9460416666666668","0.9460416666666668","0.9460416666666668"
"1673","0.9710416666666667","0.9710416666666667","0.9710416666666667"
"1674","0.9924999999999998","0.9924999999999998","0.9924999999999998"
"1675","0.9572916666666665","0.9572916666666665","0.9572916666666665"
"1676","0.9979166666666667","0.9979166666666667","0.9979166666666667"
"1677","0.9745833333333334","0.9745833333333334","0.9745833333333334"
"1678","0.990625","0.990625","0.990625"
"1679","0.9670833333333334","0.9670833333333334","0.9670833333333334"
"1680","1","1","1"
"1681","0.9935416666666667","0.9935416666666667","0.9935416666666667"
"1682","0.9791666666666666","0.9791666666666666","0.9791666666666666"
"1683","0.9639583333333333","0.9639583333333333","0.9639583333333333"
"1684","0.9862500000000001","0.9862500000000001","0.9862500000000001"
"1685","0.9933333333333335","0.9933333333333335","0.9933333333333335"
"1686","0.9925","0.9925","0.9925"
"1687","0.9891666666666667","0.9891666666666667","0.9891666666666667"
"1688","0.9964583333333333","0.9964583333333333","0.9964583333333333"
"1689","1","1","1"
"1690","0.9893749999999999","0.9893749999999999","0.9893749999999999"
"1691","0.9872916666666667","0.9872916666666667","0.9872916666666667"
"1692","0.9847916666666667","0.9847916666666667","0.9847916666666667"
"1693","0.9979166666666667","0.9979166666666667","0.9979166666666667"
"1694","0.966875","0.966875","0.966875"
"1695","1","1","1"
"1696","0.9829166666666667","0.9829166666666667","0.9829166666666667"
"1697","0.9818749999999999","0.9818749999999999","0.9818749999999999"
"1698","0.9718750000000002","0.9718750000000002","0.9718750000000002"
"1699","0.9925","0.9925","0.9925"
"1700","0.9764583333333333","0.9764583333333333","0.9764583333333333"
"1701","0.990625","0.990625","0.990625"
"1702","0.990625","0.990625","0.990625"
"1703","0.9624999999999999","0.9624999999999999","0.9624999999999999"
"1704","0.9660416666666668","0.9660416666666668","0.9660416666666668"
"1705","0.9908333333333333","0.9908333333333333","0.9908333333333333"
"1706","0.9604166666666667","0.9604166666666667","0.9604166666666667"
"1707","0.9677083333333334","0.9677083333333334","0.9677083333333334"
"1708","1","1","1"
"1709","0.9620833333333333","0.9620833333333333","0.9620833333333333"
"1710","0.9418750000000001","0.9418750000000001","0.9418750000000001"
"1711","0.9497916666666667","0.9497916666666667","0.9497916666666667"
"1712","0.9787499999999999","0.9787499999999999","0.9787499999999999"
"1713","0.9291666666666667","0.9291666666666667","0.9291666666666667"
"1714","0.9920833333333334","0.9920833333333334","0.9920833333333334"
"1715","0.9954166666666667","0.9954166666666667","0.9954166666666667"
"1716","0.9810416666666667","0.9810416666666667","0.9810416666666667"
"1717","0.9862500000000001","0.9862500000000001","0.9862500000000001"
"1718","0.9908333333333333","0.9908333333333333","0.9908333333333333"
"1719","0.9820833333333333","0.9820833333333333","0.9820833333333333"
"1720","0.9922916666666667","0.9922916666666667","0.9922916666666667"
"1721","0.9899999999999999","0.9899999999999999","0.9899999999999999"
"1722","0.988125","0.988125","0.988125"
"1723","0.9833333333333334","0.9833333333333334","0.9833333333333334"
"1724","0.9954166666666667","0.9954166666666667","0.9954166666666667"
"1725","0.9708333333333335","0.9708333333333335","0.9708333333333335"
"1726","0.9829166666666667","0.9829166666666667","0.9829166666666667"
"1727","0.9985416666666667","0.9985416666666667","0.9985416666666667"
"1728","0.9866666666666667","0.9866666666666667","0.9866666666666667"
"1729","0.9718749999999999","0.9718749999999999","0.9718749999999999"
"1730","0.9958333333333332","0.9958333333333332","0.9958333333333332"
"1731","0.9833333333333334","0.9833333333333334","0.9833333333333334"
"1732","0.9987499999999999","0.9987499999999999","0.9987499999999999"
"1733","0.9966666666666666","0.9966666666666666","0.9966666666666666"
"1734","0.9939583333333334","0.9939583333333334","0.9939583333333334"
"1735","0.9968750000000001","0.9968750000000001","0.9968750000000001"
"1736","0.9975","0.9975","0.9975"
"1737","0.985","0.985","0.985"
"1738","0.9881249999999998","0.9881249999999998","0.9881249999999998"
"1739","0.9931249999999999","0.9931249999999999","0.9931249999999999"
"1740","0.9645833333333332","0.9645833333333332","0.9645833333333332"
"1741","0.9929166666666668","0.9929166666666668","0.9929166666666668"
"1742","0.9964583333333333","0.9964583333333333","0.9964583333333333"
"1743","0.9927083333333333","0.9927083333333333","0.9927083333333333"
"1744","1","1","1"
"1745","0.9966666666666667","0.9966666666666667","0.9966666666666667"
"1746","0.9979166666666667","0.9979166666666667","0.9979166666666667"
"1747","0.9981249999999999","0.9981249999999999","0.9981249999999999"
"1748","0.993125","0.993125","0.993125"
"1749","0.9858333333333332","0.9858333333333332","0.9858333333333332"
"1750","0.9854166666666667","0.9854166666666667","0.9854166666666667"
"1751","0.9829166666666667","0.9829166666666667","0.9829166666666667"
"1752","0.9893749999999999","0.9893749999999999","0.9893749999999999"
"1753","0.9943750000000001","0.9943750000000001","0.9943750000000001"
"1754","0.995","0.995","0.995"
"1755","0.9977083333333333","0.9977083333333333","0.9977083333333333"
"1756","0.9689583333333335","0.9689583333333335","0.9689583333333335"
"1757","0.993125","0.993125","0.993125"
"1758","0.9810416666666667","0.9810416666666667","0.9810416666666667"
"1759","0.995625","0.995625","0.995625"
"1760","1","1","1"
"1761","0.9825","0.9825","0.9825"
"1762","0.9945833333333334","0.9945833333333334","0.9945833333333334"
"1763","0.9824999999999999","0.9824999999999999","0.9824999999999999"
"1764","0.9831249999999999","0.9831249999999999","0.9831249999999999"
"1765","0.9839583333333334","0.9839583333333334","0.9839583333333334"
"1766","0.98625","0.98625","0.98625"
"1767","0.9758333333333332","0.9758333333333332","0.9758333333333332"
"1768","0.9941666666666666","0.9941666666666666","0.9941666666666666"
"1769","0.965","0.965","0.965"
"1770","0.9954166666666667","0.9954166666666667","0.9954166666666667"
"1771","0.9852083333333331","0.9852083333333331","0.9852083333333331"
"1772","0.99125","0.99125","0.99125"
"1773","0.985","0.985","0.985"
"1774","0.9835416666666666","0.9835416666666666","0.9835416666666666"
"1775","0.9929166666666666","0.9929166666666666","0.9929166666666666"
"1776","0.9862500000000001","0.9862500000000001","0.9862500000000001"
"1777","0.9829166666666667","0.9829166666666667","0.9829166666666667"
"1778","0.9512499999999999","0.9512499999999999","0.9512499999999999"
"1779","0.9789583333333333","0.9789583333333333","0.9789583333333333"
"1780","0.978125","0.978125","0.978125"
"1781","0.9802083333333332","0.9802083333333332","0.9802083333333332"
"1782","0.9952083333333334","0.9952083333333334","0.9952083333333334"
"1783","0.975625","0.975625","0.975625"
"1784","0.9872916666666668","0.9872916666666668","0.9872916666666668"
"1785","0.9639583333333334","0.9639583333333334","0.9639583333333334"
"1786","0.9743750000000001","0.9743750000000001","0.9743750000000001"
"1787","0.990625","0.990625","0.990625"
"1788","0.9802083333333332","0.9802083333333332","0.9802083333333332"
"1789","1","1","1"
"1790","0.9920833333333334","0.9920833333333334","0.9920833333333334"
"1791","0.9610416666666667","0.9610416666666667","0.9610416666666667"
"1792","0.9916666666666667","0.9916666666666667","0.9916666666666667"
"1793","0.9808333333333333","0.9808333333333333","0.9808333333333333"
"1794","0.9660416666666668","0.9660416666666668","0.9660416666666668"
"1795","1","1","1"
"1796","0.995","0.995","0.995"
"1797","0.9852083333333335","0.9852083333333335","0.9852083333333335"
"1798","0.9925","0.9925","0.9925"
"1799","0.9804166666666667","0.9804166666666667","0.9804166666666667"
"1800","0.9954166666666667","0.9954166666666667","0.9954166666666667"
"1801","0.9766666666666666","0.9766666666666666","0.9766666666666666"
"1802","0.9835416666666666","0.9835416666666666","0.9835416666666666"
"1803","0.9989583333333334","0.9989583333333334","0.9989583333333334"
"1804","1","1","1"
"1805","0.9866666666666667","0.9866666666666667","0.9866666666666667"
"1806","0.9587499999999999","0.9587499999999999","0.9587499999999999"
"1807","1","1","1"
"1808","0.97875","0.97875","0.97875"
"1809","0.9870000000000001","0.9870000000000001","0.9870000000000001"
"1810","0.9697926829268294","0.9697926829268294","0.9697926829268294"
"1811","0.9970000000000001","0.9970000000000001","0.9970000000000001"
"1812","0.99","0.99","0.99"
"1813","0.9616666666666668","0.9616666666666668","0.9616666666666668"
"1814","0.9802500000000001","0.9802500000000001","0.9802500000000001"
"1815","0.9780739173718267","0.9780739173718267","0.9780739173718267"
"1816","1","1","1"
"1817","0.9984999999999999","0.9984999999999999","0.9984999999999999"
"1818","0.9638851351351352","0.9638851351351352","0.9638851351351352"
"1819","0.9899871134020618","0.9899871134020618","0.9899871134020618"
"1820","0.9942500000000001","0.9942500000000001","0.9942500000000001"
"1821","0.9949999999999999","0.9949999999999999","0.9949999999999999"
"1822","0.998","0.998","0.998"
"1823","1","1","1"
"1824","0.982","0.982","0.982"
"1825","0.9957499999999999","0.9957499999999999","0.9957499999999999"
"1826","0.9952500000000001","0.9952500000000001","0.9952500000000001"
"1827","1","1","1"
"1828","0.9827816091954024","0.9827816091954024","0.9827816091954024"
"1829","1","1","1"
"1830","0.9925","0.9925","0.9925"
"1831","0.9721048951048952","0.9721048951048952","0.9721048951048952"
"1832","0.9969999999999999","0.9969999999999999","0.9969999999999999"
"1833","0.9957499999999999","0.9957499999999999","0.9957499999999999"
"1834","1","1","1"
"1835","1","1","1"
"1836","0.9984999999999999","0.9984999999999999","0.9984999999999999"
"1837","1","1","1"
"1838","0.9918367346938777","0.9918367346938777","0.9918367346938777"
"1839","0.9864705882352942","0.9864705882352942","0.9864705882352942"
"1840","0.9974999999999999","0.9974999999999999","0.9974999999999999"
"1841","0.9949999999999999","0.9949999999999999","0.9949999999999999"
"1842","1","1","1"
"1843","0.99375","0.99375","0.99375"
"1844","1","1","1"
"1845","0.9974999999999999","0.9974999999999999","0.9974999999999999"
"1846","1","1","1"
"1847","1","1","1"
"1848","1","1","1"
"1849","1","1","1"
"1850","1","1","1"
"1851","0.9967500000000001","0.9967500000000001","0.9967500000000001"
"1852","1","1","1"
"1853","0.9804999999999999","0.9804999999999999","0.9804999999999999"
"1854","1","1","1"
"1855","0.9843373493975903","0.9843373493975903","0.9843373493975903"
"1856","0.9977499999999999","0.9977499999999999","0.9977499999999999"
"1857","0.9888235294117648","0.9888235294117648","0.9888235294117648"
"1858","1","1","1"
"1859","1","1","1"
"1860","0.9829411764705883","0.9829411764705883","0.9829411764705883"
"1861","0.973615747460087","0.973615747460087","0.973615747460087"
"1862","0.991875","0.991875","0.991875"
"1863","0.9984999999999999","0.9984999999999999","0.9984999999999999"
"1864","0.9781052631578948","0.9781052631578948","0.9781052631578948"
"1865","0.9962500000000001","0.9962500000000001","0.9962500000000001"
"1866","1","1","1"
"1867","0.9965909090909091","0.9965909090909091","0.9965909090909091"
"1868","1","1","1"
"1869","1","1","1"
"1870","0.999","0.999","0.999"
"1871","1","1","1"
"1872","1","1","1"
"1873","1","1","1"
"1874","0.9952500000000001","0.9952500000000001","0.9952500000000001"
"1875","0.9869565217391305","0.9869565217391305","0.9869565217391305"
"1876","1","1","1"
"1877","0.9827586206896551","0.9827586206896551","0.9827586206896551"
"1878","0.9942499999999999","0.9942499999999999","0.9942499999999999"
"1879","0.9910196850393701","0.9910196850393701","0.9910196850393701"
"1880","1","1","1"
"1881","1","1","1"
"1882","1","1","1"
"1883","0.9892045454545455","0.9892045454545455","0.9892045454545455"
"1884","1","1","1"
"1885","1","1","1"
"1886","1","1","1"
"1887","1","1","1"
"1888","0.9885416666666667","0.9885416666666667","0.9885416666666667"
"1889","1","1","1"
"1890","0.9957499999999999","0.9957499999999999","0.9957499999999999"
"1891","1","1","1"
"1892","1","1","1"
"1893","0.9961538461538462","0.9961538461538462","0.9961538461538462"
"1894","1","1","1"
"1895","0.9749091364832685","0.9749091364832685","0.9749091364832685"
"1896","0.99825","0.99825","0.99825"
"1897","1","1","1"
"1898","0.9919540229885058","0.9919540229885058","0.9919540229885058"
"1899","0.9940000000000001","0.9940000000000001","0.9940000000000001"
"1900","0.9942857142857143","0.9942857142857143","0.9942857142857143"
"1901","0.9863095238095237","0.9863095238095237","0.9863095238095237"
"1902","1","1","1"
"1903","0.9786640141467728","0.9786640141467728","0.9786640141467728"
"1904","0.9960000000000001","0.9960000000000001","0.9960000000000001"
"1905","1","1","1"
"1906","0.9844155844155844","0.9844155844155844","0.9844155844155844"
"1907","1","1","1"
"1908","0.99875","0.99875","0.99875"
"1909","0.9925476410730806","0.9925476410730806","0.9925476410730806"
"1910","1","1","1"
"1911","0.9783376198269815","0.9783376198269815","0.9783376198269815"
"1912","0.9877777777777779","0.9877777777777779","0.9877777777777779"
"1913","0.9917525773195877","0.9917525773195877","0.9917525773195877"
"1914","1","1","1"
"1915","0.9984999999999999","0.9984999999999999","0.9984999999999999"
"1916","1","1","1"
"1917","0.9960000000000001","0.9960000000000001","0.9960000000000001"
"1918","0.9964999999999999","0.9964999999999999","0.9964999999999999"
"1919","1","1","1"
"1920","0.9831395348837209","0.9831395348837209","0.9831395348837209"
"1921","0.9918367346938777","0.9918367346938777","0.9918367346938777"
"1922","0.999","0.999","0.999"
"1923","1","1","1"
"1924","0.9869047619047618","0.9869047619047618","0.9869047619047618"
"1925","1","1","1"
"1926","1","1","1"
"1927","1","1","1"
"1928","1","1","1"
"1929","0.9911829268292683","0.9911829268292683","0.9911829268292683"
"1930","1","1","1"
"1931","1","1","1"
"1932","1","1","1"
"1933","1","1","1"
"1934","1","1","1"
"1935","1","1","1"
"1936","1","1","1"
"1937","0.9812386141256004","0.9812386141256004","0.9812386141256004"
"1938","0.9908552631578947","0.9908552631578947","0.9908552631578947"
"1939","0.9963414634146341","0.9963414634146341","0.9963414634146341"
"1940","1","1","1"
"1941","1","1","1"
"1942","0.9748596491228071","0.9748596491228071","0.9748596491228071"
"1943","0.9962500000000001","0.9962500000000001","0.9962500000000001"
"1944","0.9949999999999999","0.9949999999999999","0.9949999999999999"
"1945","1","1","1"
"1946","0.9988636363636364","0.9988636363636364","0.9988636363636364"
"1947","0.9946038961038962","0.9946038961038962","0.9946038961038962"
"1948","0.9834935897435898","0.9834935897435898","0.9834935897435898"
"1949","1","1","1"
"1950","0.9886666666666667","0.9886666666666667","0.9886666666666667"
"1951","1","1","1"
"1952","1","1","1"
"1953","0.9855311355311354","0.9855311355311354","0.9855311355311354"
"1954","1","1","1"
"1955","0.9964705882352941","0.9964705882352941","0.9964705882352941"
"1956","0.9854430379746836","0.9854430379746836","0.9854430379746836"
"1957","0.9945945945945945","0.9945945945945945","0.9945945945945945"
"1958","1","1","1"
"1959","1","1","1"
"1960","0.9809210526315789","0.9809210526315789","0.9809210526315789"
"1961","1","1","1"
"1962","1","1","1"
"1963","0.990340909090909","0.990340909090909","0.990340909090909"
"1964","1","1","1"
"1965","0.9818749999999999","0.9818749999999999","0.9818749999999999"
"1966","1","1","1"
"1967","1","1","1"
"1968","1","1","1"
"1969","1","1","1"
"1970","0.984089892665474","0.984089892665474","0.984089892665474"
"1971","0.9831325301204819","0.9831325301204819","0.9831325301204819"
"1972","1","1","1"
"1973","1","1","1"
"1974","1","1","1"
"1975","0.9823101265822786","0.9823101265822786","0.9823101265822786"
"1976","1","1","1"
"1977","0.989240506329114","0.989240506329114","0.989240506329114"
"1978","1","1","1"
"1979","1","1","1"
"1980","1","1","1"
"1981","0.9941176470588236","0.9941176470588236","0.9941176470588236"
"1982","1","1","1"
"1983","1","1","1"
"1984","0.9966666666666667","0.9966666666666667","0.9966666666666667"
"1985","0.9847058823529412","0.9847058823529412","0.9847058823529412"
"1986","0.9956896551724139","0.9956896551724139","0.9956896551724139"
"1987","1","1","1"
"1988","1","1","1"
"1989","0.9610759883824622","0.9610759883824622","0.9610759883824622"
"1990","1","1","1"
"1991","0.9941747572815534","0.9941747572815534","0.9941747572815534"
"1992","0.9947115384615385","0.9947115384615385","0.9947115384615385"
"1993","0.9816068622315349","0.9816068622315349","0.9816068622315349"
"1994","0.9869047619047618","0.9869047619047618","0.9869047619047618"
"1995","1","1","1"
"1996","0.9893258426966292","0.9893258426966292","0.9893258426966292"
"1997","1","1","1"
"1998","0.9803370786516854","0.9803370786516854","0.9803370786516854"
"1999","1","1","1"
"2000","1","1","1"
"2001","1","1","1"
"2002","0.9825581395348838","0.9825581395348838","0.9825581395348838"
"2003","1","1","1"
"2004","0.9843991350015446","0.9843991350015446","0.9843991350015446"
"2005","0.9666003671970623","0.9666003671970623","0.9666003671970623"
"2006","1","1","1"
"2007","0.9787834263884807","0.9787834263884807","0.9787834263884807"
"2008","0.9913461538461539","0.9913461538461539","0.9913461538461539"
"2009","0.9901162790697674","0.9901162790697674","0.9901162790697674"
"2010","0.9900221729490023","0.9900221729490023","0.9900221729490023"
"2011","0.9928571428571429","0.9928571428571429","0.9928571428571429"
"2012","1","1","1"
"2013","1","1","1"
"2014","0.9888888888888889","0.9888888888888889","0.9888888888888889"
"2015","1","1","1"
"2016","0.9949541284403669","0.9949541284403669","0.9949541284403669"
"2017","0.9882352941176471","0.9882352941176471","0.9882352941176471"
"2018","1","1","1"
"2019","1","1","1"
"2020","0.9869047619047618","0.9869047619047618","0.9869047619047618"
"2021","1","1","1"
"2022","0.9924418604651162","0.9924418604651162","0.9924418604651162"
"2023","1","1","1"
"2024","1","1","1"
"2025","0.9700125078173858","0.9700125078173858","0.9700125078173858"
"2026","0.9927631578947368","0.9927631578947368","0.9927631578947368"
"2027","1","1","1"
"2028","1","1","1"
"2029","1","1","1"
"2030","1","1","1"
"2031","0.9852564102564102","0.9852564102564102","0.9852564102564102"
"2032","0.9860759493670888","0.9860759493670888","0.9860759493670888"
"2033","1","1","1"
"2034","1","1","1"
"2035","0.9921052631578947","0.9921052631578947","0.9921052631578947"
"2036","0.995945945945946","0.995945945945946","0.995945945945946"
"2037","0.9842857142857143","0.9842857142857143","0.9842857142857143"
"2038","0.9911764705882353","0.9911764705882353","0.9911764705882353"
"2039","0.9846267553584627","0.9846267553584627","0.9846267553584627"
"2040","1","1","1"
"2041","0.9927710843373493","0.9927710843373493","0.9927710843373493"
"2042","0.9995","0.9995","0.9995"
"2043","0.9742875180375179","0.9742875180375179","0.9742875180375179"
"2044","0.9860759493670888","0.9860759493670888","0.9860759493670888"
"2045","0.99925","0.99925","0.99925"
"2046","0.9851986249045073","0.9851986249045073","0.9851986249045073"
"2047","0.9858603896103896","0.9858603896103896","0.9858603896103896"
"2048","0.9636708860759494","0.9636708860759494","0.9636708860759494"
"2049","1","1","1"
"2050","0.9932098765432098","0.9932098765432098","0.9932098765432098"
"2051","0.9868421052631579","0.9868421052631579","0.9868421052631579"
"2052","0.9868055555555555","0.9868055555555555","0.9868055555555555"
"2053","0.9933333333333334","0.9933333333333334","0.9933333333333334"
"2054","0.9863636363636363","0.9863636363636363","0.9863636363636363"
"2055","0.9890410958904109","0.9890410958904109","0.9890410958904109"
"2056","0.9857142857142858","0.9857142857142858","0.9857142857142858"
"2057","0.991549295774648","0.991549295774648","0.991549295774648"
"2058","1","1","1"
"2059","1","1","1"
"2060","0.9929487179487179","0.9929487179487179","0.9929487179487179"
"2061","0.9848684210526315","0.9848684210526315","0.9848684210526315"
"2062","0.9935897435897436","0.9935897435897436","0.9935897435897436"
"2063","0.9917808219178083","0.9917808219178083","0.9917808219178083"
"2064","1","1","1"
"2065","0.9864208860759494","0.9864208860759494","0.9864208860759494"
"2066","0.993452380952381","0.993452380952381","0.993452380952381"
"2067","0.9893750000000001","0.9893750000000001","0.9893750000000001"
"2068","0.9742820512820514","0.9742820512820514","0.9742820512820514"
"2069","0.9672912124131636","0.9672912124131636","0.9672912124131636"
"2070","1","1","1"
"2071","0.9780112359550562","0.9780112359550562","0.9780112359550562"
"2072","1","1","1"
"2073","0.99725","0.99725","0.99725"
"2074","0.9792792792792794","0.9792792792792794","0.9792792792792794"
"2075","1","1","1"
"2076","1","1","1"
"2077","1","1","1"
"2078","0.9845882352941177","0.9845882352941177","0.9845882352941177"
"2079","0.9973684210526315","0.9973684210526315","0.9973684210526315"
"2080","1","1","1"
"2081","0.9744764603999372","0.9744764603999372","0.9744764603999372"
"2082","1","1","1"
"2083","0.9857427319792912","0.9857427319792912","0.9857427319792912"