"Episode","Grouped runs - Returns_Instruction/dont_use_the_right_cutting_board","Grouped runs - Returns_Instruction/dont_use_the_right_cutting_board__MIN","Grouped runs - Returns_Instruction/dont_use_the_right_cutting_board__MAX","Grouped runs - _step","Grouped runs - _step__MIN","Grouped runs - _step__MAX"
"0","-15.85501479584311","-15.85501479584311","-15.85501479584311","0","0","0"
"96","-17.862412406363596","-18.98197921009506","-16.74284560263213","1","1","1"
"192","-5.474754458234285","-5.474754458234285","-5.474754458234285","2","2","2"
"288","-10.624332763316907","-12.246107112319725","-9.002558414314091","3","3","3"
"384","-12.435418257588909","-12.785291970103685","-12.085544545074132","4","4","4"
"480","-6.549017659050477","-6.549017659050477","-6.549017659050477","5","5","5"
"576","-1.908259429803008","-4.418879680023682","0.602360820417666","6","6","6"
"672","-11.330381644384849","-13.367385094775551","-9.293378193994146","7","7","7"
"768","-3.1099268287543844","-3.1099268287543844","-3.1099268287543844","8","8","8"
"864","-9.40215928884478","-13.607840420958073","-5.196478156731488","9","9","9"
"960","-6.870307583108637","-7.870832800647483","-5.869782365569792","10","10","10"
"1056","-6.958189014023297","-7.535760093731873","-6.380617934314721","11","11","11"
"1152","-4.565232951125386","-7.14113657265068","-1.9893293296000931","12","12","12"
"1248","-7.397196224203437","-7.982608188453232","-6.811784259953643","13","13","13"
"1344","-3.275236925649444","-4.488994452088173","-2.061479399210715","14","14","14"
"1440","0.04703409895790922","-2.5490308560917256","2.643099054007544","15","15","15"
"1536","-1.2156985186293663","-3.203083545080062","0.7716865078213295","16","16","16"
"1632","-0.8016482000430272","-5.349872368210239","3.7465759681241844","17","17","17"
"1728","-2.711156519588065","-7.705541796837346","2.2832287576612162","18","18","18"
"1824","-6.847752411525745","-8.66020325142038","-5.03530157163111","19","19","19"
"1920","2.6672867233601445","0.42397742071427236","4.910596026006017","20","20","20"
"2016","-1.3883670332731302","-1.513534549008689","-1.2631995175375716","21","21","21"
"2112","-1.9701752513679702","-4.542691927820251","0.6023414250843108","22","22","22"
"2208","-1.0078196395870918","-1.7765689367975896","-0.23907034237659378","23","23","23"
"2304","-0.7867812766210496","-0.7867812766210496","-0.7867812766210496","24","24","24"
"2400","-2.9803069680456398","-3.351147821869244","-2.6094661142220352","25","25","25"
"2496","-2.2340872305731936","-2.2340872305731936","-2.2340872305731936","26","26","26"
"2592","-3.3570776116515373","-4.811242462485531","-1.902912760817544","27","27","27"
"2688","-1.261705135612944","-1.261705135612944","-1.261705135612944","28","28","28"
"2784","-5.44989782058802","-5.44989782058802","-5.44989782058802","29","29","29"
"2880","-0.591476402198961","-1.0367761079493392","-0.1461766964485828","30","30","30"
"2976","-7.596227942948742","-8.66020325142038","-6.532252634477104","31","31","31"
"3072","-7.037446680499374","-8.66020325142038","-5.414690109578368","32","32","32"
"3168","-8.66020325142038","-8.66020325142038","-8.66020325142038","33","33","33"
"3264","-8.66020325142038","-8.66020325142038","-8.66020325142038","34","34","34"
"3360","-5.81699836074528","-8.66020325142038","-2.9737934700701794","35","35","35"
"3456","-8.66020325142038","-8.66020325142038","-8.66020325142038","36","36","36"
"3552","-7.045395569513557","-7.807288097635273","-6.2835030413918425","37","37","37"
"3648","-0.7139717687007548","-1.902912760817544","0.4749692234160343","38","38","38"
"3744","-5.604617053756053","-8.66020325142038","-2.5490308560917256","39","39","39"
"3840","-4.845409118175245","-8.66020325142038","-1.0306149849301094","40","40","40"
"3936","-6.250173382064083","-8.66020325142038","-3.840143512707785","41","41","41"
"4032","-8.66020325142038","-8.66020325142038","-8.66020325142038","42","42","42"
"4128","-7.385654447938834","-8.66020325142038","-6.111105644457288","43","43","43"
"4224","-7.691392358182851","-8.66020325142038","-6.722581464945321","44","44","44"
"4320","-3.9101949616867926","-5.675742403891324","-2.1446475194822616","45","45","45"
"4416","-7.64837331972457","-8.66020325142038","-6.63654338802876","46","46","46"
"4512","-6.697143934367935","-8.011312191693529","-5.3829756770423405","47","47","47"
"4608","-8.66020325142038","-8.66020325142038","-8.66020325142038","48","48","48"
"4704","-8.66020325142038","-8.66020325142038","-8.66020325142038","49","49","49"
"4800","-5.84067729915844","-8.66020325142038","-3.0211513468964992","50","50","50"
"4896","-8.211767879318016","-8.66020325142038","-7.76333250721565","51","51","51"
"4992","-8.66020325142038","-8.66020325142038","-8.66020325142038","52","52","52"
"5088","-8.66020325142038","-8.66020325142038","-8.66020325142038","53","53","53"
"5184","-8.66020325142038","-8.66020325142038","-8.66020325142038","54","54","54"
"5280","-8.66020325142038","-8.66020325142038","-8.66020325142038","55","55","55"
"5376","-8.66020325142038","-8.66020325142038","-8.66020325142038","56","56","56"
"5472","-8.66020325142038","-8.66020325142038","-8.66020325142038","57","57","57"
"5568","-8.66020325142038","-8.66020325142038","-8.66020325142038","58","58","58"
"5664","-8.66020325142038","-8.66020325142038","-8.66020325142038","59","59","59"
"5760","-8.66020325142038","-8.66020325142038","-8.66020325142038","60","60","60"
"5856","-8.66020325142038","-8.66020325142038","-8.66020325142038","61","61","61"
"5952","-8.345394078239428","-8.66020325142038","-8.030584905058475","62","62","62"
"6048","-7.207287216125105","-8.66020325142038","-5.75437118082983","63","63","63"
"6144","-8.66020325142038","-8.66020325142038","-8.66020325142038","64","64","64"
"6240","-8.66020325142038","-8.66020325142038","-8.66020325142038","65","65","65"
"6336","-8.66020325142038","-8.66020325142038","-8.66020325142038","66","66","66"
"6432","-8.66020325142038","-8.66020325142038","-8.66020325142038","67","67","67"
"6528","-8.66020325142038","-8.66020325142038","-8.66020325142038","68","68","68"
"6624","-8.66020325142038","-8.66020325142038","-8.66020325142038","69","69","69"
"6720","-8.66020325142038","-8.66020325142038","-8.66020325142038","70","70","70"
"6816","-8.66020325142038","-8.66020325142038","-8.66020325142038","71","71","71"
"6912","-7.4026790236150255","-8.66020325142038","-6.14515479580967","72","72","72"
"7008","-6.3992480638983675","-8.66020325142038","-4.138292876376355","73","73","73"
"7104","-8.66020325142038","-8.66020325142038","-8.66020325142038","74","74","74"
"7200","-7.411017969128117","-8.66020325142038","-6.161832686835853","75","75","75"
"7296","-8.66020325142038","-8.66020325142038","-8.66020325142038","76","76","76"
"7392","-8.66020325142038","-8.66020325142038","-8.66020325142038","77","77","77"
"7488","-7.148181073075273","-8.66020325142038","-5.6361588947301655","78","78","78"
"7584","-8.66020325142038","-8.66020325142038","-8.66020325142038","79","79","79"
"7680","-8.66020325142038","-8.66020325142038","-8.66020325142038","80","80","80"
"7776","-8.66020325142038","-8.66020325142038","-8.66020325142038","81","81","81"
"7872","-8.66020325142038","-8.66020325142038","-8.66020325142038","82","82","82"
"7968","-8.089441066740486","-8.66020325142038","-7.518678882060592","83","83","83"
"8064","-8.66020325142038","-8.66020325142038","-8.66020325142038","84","84","84"
"8160","-6.473949335102413","-8.66020325142038","-4.287695418784444","85","85","85"
"8256","-4.48763444416994","-8.66020325142038","-0.3150656369194989","86","86","86"
"8352","-8.66020325142038","-8.66020325142038","-8.66020325142038","87","87","87"
"8448","-8.66020325142038","-8.66020325142038","-8.66020325142038","88","88","88"
"8544","-8.66020325142038","-8.66020325142038","-8.66020325142038","89","89","89"
"8640","-8.66020325142038","-8.660203251420382","-8.66020325142038","90","90","90"
"8736","-8.66020325142038","-8.66020325142038","-8.66020325142038","91","91","91"
"8832","-8.66020325142038","-8.66020325142038","-8.66020325142038","92","92","92"
"8928","-8.66020325142038","-8.66020325142038","-8.66020325142038","93","93","93"
"9024","-8.66020325142038","-8.66020325142038","-8.66020325142038","94","94","94"
"9120","-8.66020325142038","-8.66020325142038","-8.66020325142038","95","95","95"
"9216","-8.66020325142038","-8.66020325142038","-8.66020325142038","96","96","96"
"9312","-8.66020325142038","-8.66020325142038","-8.66020325142038","97","97","97"
"9408","-8.66020325142038","-8.66020325142038","-8.66020325142038","98","98","98"
"9504","-8.66020325142038","-8.66020325142038","-8.66020325142038","99","99","99"
"9600","-8.66020325142038","-8.66020325142038","-8.66020325142038","100","100","100"
"9696","-8.66020325142038","-8.66020325142038","-8.66020325142038","101","101","101"
"9792","-8.66020325142038","-8.66020325142038","-8.66020325142038","102","102","102"
"9888","-8.66020325142038","-8.66020325142038","-8.66020325142038","103","103","103"
"9984","-4.4029143959459995","-8.66020325142038","-0.14562554047161794","104","104","104"
"10080","-8.66020325142038","-8.66020325142038","-8.66020325142038","105","105","105"
"10176","-8.122841984515514","-8.66020325142038","-7.585480717610645","106","106","106"
"10272","-8.66020325142038","-8.66020325142038","-8.66020325142038","107","107","107"
"10368","-8.66020325142038","-8.66020325142038","-8.66020325142038","108","108","108"
"10464","-8.66020325142038","-8.66020325142038","-8.66020325142038","109","109","109"
"10560","-8.66020325142038","-8.66020325142038","-8.66020325142038","110","110","110"
"10656","-8.66020325142038","-8.66020325142038","-8.66020325142038","111","111","111"
"10752","-8.66020325142038","-8.66020325142038","-8.66020325142038","112","112","112"
"10848","-8.66020325142038","-8.66020325142038","-8.66020325142038","113","113","113"
"10944","-8.031475506547872","-8.66020325142038","-7.402747761675364","114","114","114"
"11040","-8.66020325142038","-8.66020325142038","-8.66020325142038","115","115","115"
"11136","-8.66020325142038","-8.66020325142038","-8.66020325142038","116","116","116"
"11232","-8.66020325142038","-8.66020325142038","-8.66020325142038","117","117","117"
"11328","-8.011100623051977","-8.66020325142038","-7.361997994683575","118","118","118"
"11424","-7.578365537473044","-8.66020325142038","-6.496527823525706","119","119","119"
"11520","-8.66020325142038","-8.66020325142038","-8.66020325142038","120","120","120"
"11616","-8.66020325142038","-8.66020325142038","-8.66020325142038","121","121","121"
"11712","-5.291380022012581","-8.66020325142038","-1.922556792604782","122","122","122"
"11808","-8.66020325142038","-8.66020325142038","-8.66020325142038","123","123","123"
"11904","-8.66020325142038","-8.66020325142038","-8.66020325142038","124","124","124"
"12000","-8.66020325142038","-8.66020325142038","-8.66020325142038","125","125","125"
"12096","-8.66020325142038","-8.66020325142038","-8.66020325142038","126","126","126"
"12192","-7.283255545027735","-8.66020325142038","-5.906307838635089","127","127","127"
"12288","-8.66020325142038","-8.66020325142038","-8.66020325142038","128","128","128"
"12384","-8.66020325142038","-8.66020325142038","-8.66020325142038","129","129","129"
"12480","-5.815816000662137","-7.44812002119748","-4.183511980126794","130","130","130"
"12576","-7.782682228421412","-8.66020325142038","-6.905161205422443","131","131","131"
"12672","-8.66020325142038","-8.66020325142038","-8.66020325142038","132","132","132"
"12768","-8.66020325142038","-8.66020325142038","-8.66020325142038","133","133","133"
"12864","-8.66020325142038","-8.66020325142038","-8.66020325142038","134","134","134"
"12960","-8.66020325142038","-8.66020325142038","-8.66020325142038","135","135","135"
"13056","-8.66020325142038","-8.66020325142038","-8.66020325142038","136","136","136"
"13152","-8.29480780247626","-8.66020325142038","-7.92941235353214","137","137","137"
"13248","-5.585231529325144","-6.943079526674367","-4.227383531975921","138","138","138"
"13344","-4.445487284500744","-8.66020325142038","-0.23077131758110705","139","139","139"
"13440","-4.366128105533456","-8.66020325142038","-0.07205295964653284","140","140","140"
"13536","-8.66020325142038","-8.66020325142038","-8.66020325142038","141","141","141"
"13632","-5.645596334724364","-8.66020325142038","-2.630989418028347","142","142","142"
"13728","-5.660669369307845","-8.66020325142038","-2.6611354871953092","143","143","143"
"13824","-5.660669369307843","-8.66020325142038","-2.6611354871953066","144","144","144"
"13920","-7.782682228421412","-8.66020325142038","-6.905161205422443","145","145","145"
"14016","-7.556759623683667","-7.556759623683667","-7.556759623683667","146","146","146"
"14112","-5.465846435567581","-6.703413978295431","-4.228278892839731","147","147","147"
"14208","-2.5462207827762775","-4.611563910314086","-0.4808776552384697","148","148","148"
"14304","-1.8541081042778291","-1.8541081042778291","-1.8541081042778291","149","149","149"
"14400","-2.950581566073661","-5.764383875523784","-0.13677925662353776","150","150","150"
"14496","-6.52015977085906","-8.66020325142038","-4.380116290297739","151","151","151"
"14592","-4.183511980126794","-8.66020325142038","0.2931792911667915","152","152","152"
"14688","-4.228278892839731","-4.228278892839731","-4.228278892839731","153","153","153"
"14784","-1.9488005413777896","-3.2975209993485253","-0.6000800834070541","154","154","154"
"14880","1.9573619592107718","-0.9441257178842282","4.858849636305772","155","155","155"
"14976","-3.430739586171771","-8.66020325142038","1.7987240790768384","156","156","156"
"15072","2.2240745778245508","2.2240745778245508","2.2240745778245508","157","157","157"
"15168","4.415298751775752","4.415298751775752","4.415298751775752","158","158","158"
"15264","3.2449328442620127","-3.234731171709997","9.724596860234023","159","159","159"
"15360","1.816615737094904","0.2931792911667915","3.3400521830230168","160","160","160"
"15456","-0.5297770258983256","-0.5297770258983256","-0.5297770258983256","161","161","161"
"15552","3.033081149494846","1.9662847131920593","4.099877585797633","162","162","162"
"15648","1.4013191540655132","0.3836174986676703","2.419020809463356","163","163","163"
"15744","3.5856750700586293","2.486984109619399","4.684366030497859","164","164","164"
"15840","0.2931792911667915","0.2931792911667915","0.2931792911667915","165","165","165"
"15936","6.110531759686541","3.2374859004081182","8.983577618964965","166","166","166"
"16032","1.8675953616800536","1.8250720705877739","1.9101186527723335","167","167","167"
"16128","6.834254226567225","6.253706137116286","7.4148023160181635","168","168","168"
"16224","6.9857937189038966","4.679354309265895","9.292233128541898","169","169","169"
"16320","0.9954059585615539","0.3836174986676703","1.6071944184554374","170","170","170"
"16416","6.839861527801464","4.432256839773965","9.247466215828963","171","171","171"
"16512","0.3836174986676703","0.3836174986676703","0.3836174986676703","172","172","172"
"16608","4.6812365971991365","0.3836174986676703","8.978855695730603","173","173","173"
"16704","7.875713763122625","4.463128345373493","11.288299180871757","174","174","174"
"16800","9.113160955779783","9.113160955779783","9.113160955779783","175","175","175"
"16992","5.987351885224046","3.0836001770173804","8.891103593430712","177","177","177"
"17088","5.011607953211108","4.420981185704296","5.60223472071792","178","178","178"
"17184","8.589138293266481","8.589138293266481","8.589138293266481","179","179","179"
"17280","7.950731430191141","7.348886280328621","8.55257658005366","180","180","180"
"17376","15.829844224261345","15.829844224261345","15.829844224261345","181","181","181"
"17472","2.4920222034396353","-0.6453715846567818","5.629415991536052","182","182","182"
"17568","7.382548607287901","5.561941152836031","9.20315606173977","183","183","183"
"17664","7.380179465502666","5.8231588027872005","8.937200128218132","184","184","184"
"17760","9.202247112078522","9.157028008328082","9.247466215828963","185","185","185"
"17856","8.614662637780679","8.614662637780679","8.614662637780679","186","186","186"
"17952","8.599531682989523","8.599531682989523","8.599531682989523","187","187","187"
"18048","10.598074358108988","9.024513470006527","12.171635246211451","188","188","188"
"18144","5.503610471287152","2.554134478688797","8.453086463885507","189","189","189"
"18240","8.447110429427871","7.780621232550478","9.113599626305264","190","190","190"
"18336","12.035733631974411","12.035733631974411","12.035733631974411","191","191","191"
"18432","13.628757964095108","8.60434394541385","18.653171982776367","192","192","192"
"18528","10.470220619137484","9.114051817342771","11.826389420932196","193","193","193"
"18624","6.897523774499229","4.6812365971991365","9.113810951799321","194","194","194"
"18720","8.963013425484203","8.071392885158263","9.854633965810141","195","195","195"
"18816","7.896893980714161","6.006879101933666","9.786908859494655","196","196","196"
"18912","10.315613053711584","9.204037833806147","11.427188273617022","197","197","197"
"19008","8.62541462097123","8.00426740818851","9.24656183375395","198","198","198"
"19104","2.4643745577441796","0.2931792911667915","4.635569824321568","199","199","199"
"19200","9.203603730866899","9.203603730866899","9.203603730866899","200","200","200"
"19296","6.906104898814034","5.974696224495427","7.8375135731326395","201","201","201"
"19392","11.235115137612627","9.157028008328082","13.313202266897171","202","202","202"
"19488","8.856398959962878","8.856398959962878","8.856398959962878","203","203","203"
"19584","9.950477401939057","9.157028008328082","10.743926795550031","204","204","204"
"19680","8.753309164827925","8.693568897148905","8.813049432506945","205","205","205"
"19776","6.079398439179387","3.6891323697112246","8.46966450864755","206","206","206"
"19872","9.09617202205191","8.891103593430712","9.30124045067311","207","207","207"
"19968","10.862602601858026","8.98063741885658","12.744567784859473","208","208","208"
"20064","11.658021967649953","11.658021967649953","11.658021967649953","209","209","209"
"20160","12.072915451907619","8.562686874639985","15.583144029175255","210","210","210"
"20256","13.773854870913107","13.376058545092832","14.171651196733382","211","211","211"
"20352","14.26113309456762","14.26113309456762","14.26113309456762","212","212","212"
"20448","11.383421295704867","8.685547696117979","14.081294895291757","213","213","213"
"20544","9.737965672008258","9.338817940577327","10.137113403439187","214","214","214"
"20640","11.414081148024405","11.414081148024405","11.414081148024405","215","215","215"
"20736","11.556316630588297","9.067494182902214","14.04513907827438","216","216","216"
"20832","10.882206182478","9.202244851123334","12.562167513832666","217","217","217"
"20928","15.699241253737606","14.73240319549987","16.66607931197534","218","218","218"
"21024","12.46019700122797","9.24656183375395","15.67383216870199","219","219","219"
"21120","11.435383478948332","9.201794921041015","13.668972036855648","220","220","220"
"21216","12.44398692989121","8.893762837579684","15.994211022202737","221","221","221"
"21312","9.964268263124644","8.855963828810657","11.072572697438632","222","222","222"
"21408","8.824887821796345","8.312775602337856","9.337000041254834","223","223","223"
"21504","13.426180374756141","11.555922815096043","15.29643793441624","224","224","224"
"21600","10.611120171430183","9.276707902920911","11.945532439939456","225","225","225"
"21696","14.007340823877342","13.458708193234","14.555973454520684","226","226","226"
"21792","10.30493887775831","9.1277802920223","11.482097463494322","227","227","227"
"21888","8.297248441072725","7.675366409056888","8.919130473088563","228","228","228"
"21984","1.730760234604345","-8.66020325142038","12.12172372062907","229","229","229"
"22080","5.720665569265702","-8.66020325142038","20.101534389951784","230","230","230"
"22176","13.669660015728136","10.730560829405977","16.608759202050294","231","231","231"
"22272","11.775944356880142","9.24656183375395","14.305326880006337","232","232","232"
"22368","14.083624327428529","11.67151868512476","16.4957299697323","233","233","233"
"22464","8.841832696445223","8.4371035591365","9.24656183375395","234","234","234"
"22560","8.604088911666972","8.604088911666972","8.604088911666972","235","235","235"
"22656","10.410325295039563","6.3545671521999285","14.466083437879197","236","236","236"
"22752","11.003055555356632","9.247237859355023","12.758873251358242","237","237","237"
"22944","14.208903107127147","13.882917675603878","14.534888538650417","239","239","239"
"23040","4.680485960076878","0.20364546574092035","9.157326454412834","240","240","240"
"23136","15.154390111112129","13.454087833368712","16.854692388855543","241","241","241"
"23232","16.30256200620587","10.531470834900778","22.073653177510963","242","242","242"
"23328","12.724154819016782","9.201794921041015","16.246514716992547","243","243","243"
"23424","7.66155905444585","0.4749692234160343","14.848148885475666","244","244","244"
"23520","10.052898166645203","4.770096657979121","15.335699675311284","245","245","245"
"23616","10.540543807831028","10.401562403495127","10.67952521216693","246","246","246"
"23808","14.9189938532175","14.330756167278839","15.50723153915616","248","248","248"
"23904","15.424833341365634","14.78811395258387","16.061552730147397","249","249","249"
"24000","10.268553311526773","9.113599626305264","11.423506996748284","250","250","250"
"24096","7.648035781017202","3.1591540585880935","12.13691750344631","251","251","251"
"24192","11.672159631920206","10.912986727442947","12.431332536397466","252","252","252"
"24288","16.47743154477144","15.743254864665296","17.211608224877587","253","253","253"
"24384","18.199594042421573","14.244012913759207","22.155175171083943","254","254","254"
"24480","12.908261581362124","9.247014024791458","16.56950913793279","255","255","255"
"24576","12.669295752786276","9.24656183375395","16.092029671818604","256","256","256"
"24672","12.94645663246947","9.337000041254834","16.555913223684104","257","257","257"
"24768","13.786324097097626","12.436324532061752","15.1363236621335","258","258","258"
"24864","12.129385484469775","10.81385407914747","13.444916889792081","259","259","259"
"24960","13.755411394621156","12.983074507912193","14.527748281330119","260","260","260"
"25056","12.745724323129402","11.076723540120096","14.41472510613871","261","261","261"
"25152","9.337000041254834","9.337000041254834","9.337000041254834","262","262","262"
"25248","12.930376883633263","12.930376883633263","12.930376883633263","263","263","263"
"25344","13.865194462002886","12.984869477158368","14.745519446847407","264","264","264"
"25440","12.441068557618031","10.481682936119382","14.400454179116682","265","265","265"
"25536","11.801771634165851","7.008668389144667","16.594874879187035","266","266","266"
"25632","12.644972484686313","9.201794921041015","16.08815004833161","267","267","267"
"25728","4.81508966621081","0.3836174986676703","9.24656183375395","268","268","268"
"25824","12.485184955038136","9.24656183375395","15.723808076322324","269","269","269"
"25920","17.25335558180967","17.25335558180967","17.25335558180967","270","270","270"
"26016","3.243192410784652","3.243192410784652","3.243192410784652","271","271","271"
"26112","13.039308611088607","11.084865026771148","14.993752195406067","272","272","272"
"26208","15.249518894777308","11.785758752027313","18.713279037527304","273","273","273"
"26304","15.700928928354772","14.733719821322495","16.66813803538705","274","274","274"
"26496","15.11331353146063","12.8382414970739","17.38838556584736","276","276","276"
"26688","-8.66020325142038","-8.66020325142038","-8.66020325142038","278","278","278"
"26784","12.516983436108275","6.558945438439472","18.475021433777076","279","279","279"
"26880","14.571525381662902","9.157475677455212","19.985575085870593","280","280","280"
"26976","14.291280923992614","12.033801758212718","16.54876008977251","281","281","281"
"27072","14.109242069556599","12.755294230783443","15.463189908329754","282","282","282"
"27168","13.582288419410155","9.24656183375395","17.91801500506636","283","283","283"
"27264","15.84847419815797","14.331832274712255","17.365116121603684","284","284","284"
"27360","14.617822045932762","9.246863294445623","19.9887807974199","285","285","285"
"27456","11.338157841324845","9.24656183375395","13.429753848895741","286","286","286"
"27552","15.204115049879562","9.24656183375395","21.161668266005176","287","287","287"
"27648","7.2871487963212065","-1.5223807861615912","16.096678378804004","288","288","288"
"27744","15.165745032300071","9.291780937504392","21.03970912709575","289","289","289"
"27840","14.142140013188193","9.24656183375395","19.037718192622435","290","290","290"
"27936","4.982311383837127","-3.954336835563874","13.918959603238127","291","291","291"
"28032","13.677103906920898","9.24656183375395","18.107645980087845","292","292","292"
"28128","14.864206905775468","9.216717225278659","20.51169658627228","293","293","293"
"28224","17.829441522631395","15.086440856781476","20.572442188481315","294","294","294"
"28320","14.798092507282352","9.24656183375395","20.349623180810756","295","295","295"
"28416","14.873586229540226","12.821025856923816","16.92614660215664","296","296","296"
"28512","15.561526411005762","11.901116126697598","19.221936695313925","297","297","297"
"28608","13.103865954315946","9.24656183375395","16.961170074877945","298","298","298"
"28704","16.059007676329127","12.005728962410503","20.112286390247753","299","299","299"
"28800","13.536511372509395","11.968216525634558","15.10480621938423","300","300","300"
"28896","14.381118885253159","12.11505458321781","16.64718318728851","301","301","301"
"28992","16.65578519381768","16.65578519381768","16.65578519381768","302","302","302"
"29088","9.531178784371278","3.307786207862801","15.754571360879755","303","303","303"
"29184","12.626709643960774","9.291780937504392","15.961638350417157","304","304","304"
"29280","17.471599444648753","12.027287124215269","22.915911765082235","305","305","305"
"29376","13.302500087507934","9.24656183375395","17.358438341261916","306","306","306"
"29472","12.066283566095057","9.24656183375395","14.886005298436165","307","307","307"
"29568","7.776652565634043","0.2931792911667843","15.260125840101301","308","308","308"
"29664","15.792328913760764","14.689084105533244","16.895573721988285","309","309","309"
"29760","13.029476722117053","9.337000041254834","16.72195340297927","310","310","310"
"29856","8.047357323041515","0.2931792911667843","15.801535354916245","311","311","311"
"29952","13.705319150987453","11.376421467623354","16.03421683435155","312","312","312"
"30048","11.485323863438342","5.930670141693589","17.039977585183095","313","313","313"
"30144","13.33995236766806","9.291780937504392","17.388123797831728","314","314","314"
"30240","11.699053937683427","9.24656183375395","14.151546041612907","315","315","315"
"30336","5.480064642620025","-8.66020325142038","19.62033253666043","316","316","316"
"30432","14.080848189453942","9.337000041254834","18.82469633765305","317","317","317"
"30528","13.145602243046554","9.24656183375395","17.044642652339157","318","318","318"
"30624","13.619259676651705","9.291780937504392","17.946738415799018","319","319","319"
"30720","10.970702070510681","9.247466215828963","12.6939379251924","320","320","320"
"30816","12.335959146006996","9.24656183375395","15.425356458260042","321","321","321"
"30912","18.055879577211854","16.51430536723758","19.597453787186133","322","322","322"
"31008","12.796378445122695","9.337000041254834","16.255756848990554","323","323","323"
"31104","9.379999863166407","0.32332536033374826","18.436674365999068","324","324","324"
"31200","12.628397938572895","9.24656183375395","16.010234043391844","325","325","325"
"31296","15.147287814341198","9.337000041254834","20.95757558742756","326","326","326"
"31392","18.6648229238861","18.6648229238861","18.6648229238861","327","327","327"
"31488","12.866989912931317","7.2414703913297505","18.492509434532884","328","328","328"
"31584","14.820636841140924","14.820636841140924","14.820636841140924","329","329","329"
"31680","14.688049847790918","9.201794921041015","20.174304774540822","330","330","330"
"31776","17.25831050690527","13.118699064035189","21.397921949775355","331","331","331"
"31872","15.037578945844487","9.291780937504392","20.783376954184583","332","332","332"
"31968","7.41906142009819","0.2931792911667843","14.544943549029595","333","333","333"
"32064","16.63028334688402","13.080279152424048","20.180287541343993","334","334","334"
"32160","12.358213068605224","9.24656183375395","15.469864303456498","335","335","335"
"32256","13.06617004417438","11.13132637275052","15.001013715598239","336","336","336"
"32352","18.21450920541905","14.89111036975783","21.537908041080268","337","337","337"
"32448","17.274960777013867","17.274960777013867","17.274960777013867","338","338","338"
"32544","13.395536927433284","9.24656183375395","17.544512021112617","339","339","339"
"32640","15.24923152617394","9.24656183375395","21.25190121859393","340","340","340"
"32736","9.216717225278659","9.216717225278659","9.216717225278659","341","341","341"
"32832","14.242706170241153","9.24656183375395","19.238850506728355","342","342","342"
"32928","12.427941455110808","9.24656183375395","15.609321076467666","343","343","343"
"33024","9.24656183375395","9.24656183375395","9.24656183375395","344","344","344"
"33120","18.327166099297205","18.327166099297205","18.327166099297205","345","345","345"
"33216","7.986798701146933","7.986798701146933","7.986798701146933","346","346","346"
"33312","10.171338118915774","9.24656183375395","11.096114404077596","347","347","347"
"33408","14.565398900391273","14.289191424404889","14.841606376377658","348","348","348"
"33504","19.54300158892777","18.374500519751457","20.71150265810408","349","349","349"
"33600","14.197524885085203","9.276707902920911","19.118341867249494","350","350","350"
"33696","17.37946938959538","17.37946938959538","17.37946938959538","351","351","351"
"33792","14.59037330441976","9.24656183375395","19.93418477508557","352","352","352"
"33888","12.818179767955435","9.023174939316409","16.61318459659446","353","353","353"
"33984","13.836270997856086","9.201794921041015","18.47074707467116","354","354","354"
"34080","12.280216766099311","9.201794921041015","15.358638611157605","355","355","355"
"34176","15.297526887204317","15.297526887204317","15.297526887204317","356","356","356"
"34272","13.560633278235137","13.073160755161291","14.048105801308981","357","357","357"
"34368","12.850258071887259","10.836908446121564","14.863607697652954","358","358","358"
"34464","14.396949683246778","13.080279152424046","15.713620214069511","359","359","359"
"34560","12.460072035215045","9.24656183375395","15.67358223667614","360","360","360"
"34656","18.513883696733096","16.772057060193685","20.255710333272503","361","361","361"
"34752","18.462511812461614","16.424771541811705","20.500252083111526","362","362","362"
"34848","16.864717863736026","16.864717863736026","16.864717863736026","363","363","363"
"34944","17.371779101111585","15.916118219260177","18.827439982962996","364","364","364"
"35040","18.525368239896288","16.870893359299988","20.17984312049259","365","365","365"
"35136","13.84399005629704","9.174180660732425","18.513799451861654","366","366","366"
"35232","17.832553184938185","15.757799540244779","19.907306829631594","367","367","367"
"35328","13.273396428356047","9.830458489768843","16.71633436694325","368","368","368"
"35424","12.525475698172418","9.24656183375395","15.804389562590888","369","369","369"
"35520","15.609321076467666","15.609321076467666","15.609321076467666","370","370","370"
"35616","16.17352331821626","12.809590703083693","19.53745593334883","371","371","371"
"35712","19.20379177664214","19.146225591967504","19.26135796131678","372","372","372"
"35808","15.479851468785299","15.017112621070183","15.942590316500416","373","373","373"
"35904","17.845061536141095","15.092365440346603","20.59775763193559","374","374","374"
"36000","10.832093316386471","5.912473402304201","15.751713230468742","375","375","375"
"36096","20.539907065227194","20.539907065227194","20.539907065227194","376","376","376"
"36192","17.6225583640723","14.89094967774215","20.354167050402452","377","377","377"
"36288","16.17326333891626","15.16291762556702","17.183609052265503","378","378","378"
"36384","16.872028135528574","15.609321076467666","18.13473519458948","379","379","379"
"36480","20.209855714629704","19.671997639495167","20.747713789764237","380","380","380"
"36576","20.772712716795027","20.6224995649156","20.922925868674458","381","381","381"
"36672","16.048011432357455","14.892174481395418","17.20384838331949","382","382","382"
"36768","16.492920521164905","13.852167798039577","19.133673244290232","383","383","383"
"36864","20.743638152293407","20.601821847395755","20.88545445719106","384","384","384"
"36960","17.440563468546245","15.45737490682684","19.423752030265646","385","385","385"
"37056","18.411535346937896","16.806964152717267","20.01610654115852","386","386","386"
"37152","11.519633888329535","9.337000041254834","13.702267735404236","387","387","387"
"37248","12.707757593694332","9.337000041254834","16.078515146133828","388","388","388"
"37344","16.84752725415332","16.84752725415332","16.84752725415332","389","389","389"
"37440","13.595290484295651","5.835763116993597","21.354817851597705","390","390","390"
"37536","18.432731682708702","16.44253231397775","20.422931051439654","391","391","391"
"37632","19.309428297500332","19.129289900744297","19.489566694256364","392","392","392"
"37728","20.289781730393806","18.42620618902616","22.153357271761454","393","393","393"
"37824","14.111589795725262","12.925652704246207","15.297526887204317","394","394","394"
"37920","19.8851645604882","19.14976627319383","20.620562847782566","395","395","395"
"38016","20.403650916362473","20.403650916362473","20.403650916362473","396","396","396"
"38112","17.591633821063635","15.902061892884253","19.281205749243018","397","397","397"
"38208","15.804058421570392","15.804058421570392","15.804058421570392","398","398","398"
"38304","21.105607686552393","19.333831319499517","22.87738405360527","399","399","399"
"38400","19.68792795913262","17.261241656011087","22.11461426225415","400","400","400"
"38496","13.656592115125557","3.9270510579085993","23.386133172342515","401","401","401"
"38592","17.407564086184106","12.925652704246207","21.889475468122004","402","402","402"
"38688","16.775052200349933","10.896084845682289","22.654019555017573","403","403","403"
"38784","21.16869879730472","20.28476337470623","22.052634219903208","404","404","404"
"38880","21.933724634583754","21.806369043081208","22.061080226086304","405","405","405"
"38976","14.868057594759186","9.337000041254834","20.399115148263537","406","406","406"
"39072","19.39692114505397","16.75270215124651","22.04114013886143","407","407","407"
"39168","20.064084185925424","19.33336329806418","20.794805073786662","408","408","408"
"39264","19.731314592129554","18.844132898389766","20.61849628586934","409","409","409"
"39360","20.955960130867815","19.886726562279243","22.025193699456388","410","410","410"
"39456","19.424414405657135","19.424414405657135","19.424414405657135","411","411","411"
"39552","21.74884794270686","21.74884794270686","21.74884794270686","412","412","412"
"39648","22.4120234180432","21.734159243322374","23.08988759276403","413","413","413"
"39744","20.21829516535577","19.84924595467152","20.587344376040022","414","414","414"
"39840","9.58203866919958","3.9270510579085993","15.237026280490563","415","415","415"
"39936","14.167512862324173","9.247466215828963","19.087559508819385","416","416","416"
"40032","11.767033833603369","6.637276120267561","16.896791546939177","417","417","417"
"40128","12.478494638849266","4.497754498489234","20.4592347792093","418","418","418"
"40224","19.567171925330076","17.274960777013867","21.859383073646285","419","419","419"
"40320","13.68346528218467","13.68346528218467","13.68346528218467","420","420","420"
"40416","17.656370968330357","16.19150495832377","19.121236978336942","421","421","421"
"40512","18.090531214088212","16.19150495832377","19.989557469852656","422","422","422"
"40608","17.250320846041852","14.620930142046578","19.879711550037126","423","423","423"
"40704","11.737750716047318","3.695657807799236","19.7798436242954","424","424","424"
"40800","16.031755345978464","15.698854901893538","16.364655790063388","425","425","425"
"40896","16.262560281050998","16.262560281050998","16.262560281050998","426","426","426"
"40992","17.698460357500547","16.51430536723758","18.882615347763515","427","427","427"
"41088","17.01531444320711","12.880433600495763","21.150195285918453","428","428","428"
"41184","19.92703514148932","19.188643902966625","20.66542638001201","429","429","429"
"41280","13.923894131951982","13.923894131951982","13.923894131951982","430","430","430"
"41376","9.201794921041015","9.201794921041015","9.201794921041015","431","431","431"
"41472","17.14392833808332","17.14392833808332","17.14392833808332","432","432","432"
"41568","18.71923031857863","14.14367918956311","23.29478144759415","433","433","433"
"41664","16.33026805104013","14.58931441602094","18.071221686059317","434","434","434"
"41760","14.865122042328451","12.546635032391402","17.183609052265503","435","435","435"
"41856","12.30789645828219","8.404194520239688","16.211598396324693","436","436","436"
"41952","13.884436795569545","11.415875102587211","16.35299848855188","437","437","437"
"42048","21.607014432009123","21.244661778416646","21.969367085601604","438","438","438"
"42144","18.235343074937717","16.23149089994561","20.23919524992983","439","439","439"
"42240","18.688639818529552","14.121870258576664","23.25540937848244","440","440","440"
"42336","14.430793297027726","8.543884152588904","20.31770244146655","441","441","441"
"42432","20.540609838385546","19.221836603124807","21.859383073646285","442","442","442"
"42528","18.455510049505527","18.455510049505527","18.455510049505527","443","443","443"
"42624","17.02721817265104","15.921801382125922","18.132634963176155","444","444","444"
"42720","22.55132750148382","21.80787355537349","23.29478144759415","445","445","445"
"42816","8.758807880959635","8.758807880959635","8.758807880959635","446","446","446"
"42912","17.439161699047542","11.675364729662178","23.202958668432906","447","447","447"
"43008","12.516026469150676","8.403742329202185","16.628310609099167","448","448","448"
"43104","20.046158094050167","18.051176049238904","22.04114013886143","449","449","449"
"43200","14.607440616104881","9.337000041254834","19.87788119095493","450","450","450"
"43296","21.917530999671413","21.012401042553453","22.822660956789377","451","451","451"
"43392","19.895617250708366","19.825269464119245","19.965965037297487","452","452","452"
"43488","16.35299848855188","16.35299848855188","16.35299848855188","453","453","453"
"43584","16.831013946436585","16.478418840607667","17.183609052265503","454","454","454"
"43680","-8.66020325142038","-8.66020325142038","-8.66020325142038","455","455","455"
"43776","19.920307511290538","19.305636059976898","20.534978962604182","456","456","456"
"43872","16.51430536723758","16.51430536723758","16.51430536723758","457","457","457"
"43968","19.920906303925022","16.51430536723758","23.32750724061247","458","458","458"
"44064","18.239186901020737","16.51430536723758","19.96406843480389","459","459","459"
"44160","19.353915059088102","16.51430536723758","22.19352475093863","460","460","460"
"44256","17.62362065033315","16.51430536723758","18.732935933428724","461","461","461"
"44352","19.431770707626434","16.478418840607667","22.385122574645198","462","462","462"
"44448","24.94259116890097","24.94259116890097","24.94259116890097","463","463","463"
"44544","21.8406863098083","19.837271549742557","23.844101069874046","464","464","464"
"44640","13.662827944638227","10.811350522038873","16.51430536723758","465","465","465"
"44736","20.204831206651974","18.440128059824488","21.96953435347946","466","466","466"
"44832","18.990329677336092","18.990329677336092","18.990329677336092","467","467","467"
"44928","17.726381725885457","14.121870258576664","21.33089319319425","468","468","468"
"45024","23.38745478022725","20.547662546987354","26.227247013467146","469","469","469"
"45120","14.879612241104436","9.337000041254834","20.42222444095404","470","470","470"
"45216","18.297652216539184","16.496362103922625","20.098942329155744","471","471","471"
"45312","19.779951599680896","19.779951599680896","19.779951599680896","472","472","472"
"45408","19.883770607556556","16.51430536723758","23.253235847875537","473","473","473"
"45504","20.34486893451969","19.478179244509036","21.21155862453034","474","474","474"
"45600","19.51891691170379","17.46446836499845","21.573365458409135","475","475","475"
"45696","13.1313320725476","13.1313320725476","13.1313320725476","476","476","476"
"45792","18.651469598913096","18.36506196901237","18.937877228813825","477","477","477"
"45888","19.082279727189366","19.082279727189366","19.082279727189366","478","478","478"
"45984","21.76358800414998","21.253844932294108","22.273331076005856","479","479","479"
"46080","17.183609052265503","17.183609052265503","17.183609052265503","480","480","480"
"46176","18.242498729959976","16.35299848855188","20.131998971368077","481","481","481"
"46272","23.93914001451106","23.740201258006937","24.13807877101518","482","482","482"
"46368","23.514294037145092","23.514294037145092","23.514294037145092","483","483","483"
"46464","21.281116370879865","21.281116370879865","21.281116370879865","484","484","484"
"46560","20.04659987327941","16.35299848855188","23.740201258006937","485","485","485"
"46656","22.033487818094564","20.741025655253704","23.325949980935423","486","486","486"
"46752","20.25204145419907","15.43302581972079","25.07105708867735","487","487","487"
"46848","19.768474297910654","18.330740360067356","21.20620823575395","488","488","488"
"46944","22.951805148709962","22.951805148709962","22.951805148709962","489","489","489"
"47040","24.127542851338042","23.069638624174473","25.18544707850161","490","490","490"
"47136","15.151113405871463","7.347749679163412","22.954477132579516","491","491","491"
"47232","12.948202115813803","3.959394759305035","21.937009472322572","492","492","492"
"47328","23.3796479115881","22.95286636107086","23.80642946210534","493","493","493"
"47424","17.974549077738885","13.456433673661131","22.492664481816636","494","494","494"
"47520","16.05806858791115","9.707757365471998","22.408379810350304","495","495","495"
"47616","18.0448625166255","12.586843605744592","23.502881427506406","496","496","496"
"47712","21.69881530671195","21.69881530671195","21.69881530671195","497","497","497"
"47808","22.05380592964182","21.01577756048079","23.091834298802844","498","498","498"
"47904","26.40556711305223","26.40556711305223","26.40556711305223","499","499","499"
"48000","19.396364413095114","16.336133054640097","22.456595771550127","500","500","500"
"48096","23.3121888166448","21.43951028615205","25.184867347137548","501","501","501"
"48192","22.157533005749322","19.682794201761496","24.632271809737148","502","502","502"
"48288","20.345980928198593","19.82667590467389","20.86528595172329","503","503","503"
"48384","22.069355686805544","20.674245005032553","23.464466368578538","504","504","504"
"48480","24.543669975984894","24.543669975984894","24.543669975984894","505","505","505"
"48576","21.828794616711036","20.40664723629958","23.250941997122496","506","506","506"
"48672","16.318192437432252","13.207367228259136","19.429017646605367","507","507","507"
"48768","18.443072517498024","15.632691485999278","21.25345354899677","508","508","508"
"48864","22.688630950146404","21.55546229867185","23.821799601620963","509","509","509"
"48960","24.420623532983655","24.420623532983655","24.420623532983655","510","510","510"
"49056","22.711234749022005","22.711234749022005","22.711234749022005","511","511","511"
"49152","19.627330864249814","15.15233322034338","24.102328508156244","512","512","512"
"49248","20.670838774944105","18.74204537975977","22.59963217012844","513","513","513"
"49344","18.529406735499524","13.970291058067241","23.08852241293181","514","514","514"
"49440","20.690422491836","20.690422491836","20.690422491836","515","515","515"
"49536","20.62459510084737","13.687819530808992","27.561370670885747","516","516","516"
"49632","23.823123514795043","22.74759226224622","24.89865476734387","517","517","517"
"49728","21.51509816296083","16.114166945171526","26.916029380750132","518","518","518"
"49824","21.70939912502743","16.03520780685319","27.38359044320167","519","519","519"
"49920","26.217217355917946","26.217217355917946","26.217217355917946","520","520","520"
"50016","22.175481910975314","18.665307760047945","25.685656061902684","521","521","521"
"50112","23.234389279455513","17.971550439760275","28.497228119150748","522","522","522"
"50208","25.196662602438458","24.75945723181499","25.63386797306192","523","523","523"
"50304","26.157267619421578","22.754558276968524","29.559976961874632","524","524","524"
"50400","24.532379087091492","20.425654186133997","28.63910398804899","525","525","525"
"50496","25.02112226492065","21.609221376946568","28.433023152894734","526","526","526"
"50592","25.576984327481767","24.7390482123873","26.414920442576232","527","527","527"
"50688","29.494377427187846","29.494377427187846","29.494377427187846","528","528","528"
"50784","27.072184117192332","24.773720873663535","29.37064736072113","529","529","529"
"50880","17.052636963396722","11.879617444842799","22.225656481950647","530","530","530"
"50976","25.67021455169174","25.67021455169174","25.67021455169174","531","531","531"
"51072","25.855583028261854","25.75438288637964","25.95678317014407","532","532","532"
"51168","23.750146135080463","22.253466559593704","25.246825710567222","533","533","533"
"51264","22.603977751135794","18.991886691755713","26.21606881051587","534","534","534"
"51360","28.576272479249397","28.576272479249397","28.576272479249397","535","535","535"
"51456","20.50805679129615","16.28194316582465","24.734170416767647","536","536","536"
"51552","22.41933993059767","21.433438266196788","23.40524159499855","537","537","537"
"51648","26.6224090218493","26.62015718772337","26.624660855975236","538","538","538"
"51744","27.90923151831006","27.90923151831006","27.90923151831006","539","539","539"
"51840","23.826448903270894","21.40282055744289","26.2500772490989","540","540","540"
"51936","20.724851190329662","12.69207932717135","28.757623053487976","541","541","541"
"52032","15.256862117208751","8.813049432506945","21.700674801910555","542","542","542"
"52128","23.45579252823339","21.222402433654068","25.689182622812712","543","543","543"
"52224","27.17955772257523","25.375424679649793","28.983690765500665","544","544","544"
"52320","17.908622603060948","17.908622603060948","17.908622603060948","545","545","545"
"52416","20.165205383057295","14.721793255016784","25.608617511097805","546","546","546"
"52512","22.629251102960517","16.26436000138027","28.99414220454077","547","547","547"
"52608","25.31160419335734","21.627042253452117","28.996166133262566","548","548","548"
"52704","26.372905868690104","26.363696688155855","26.382115049224357","549","549","549"
"52800","12.592017435152421","12.592017435152421","12.592017435152421","550","550","550"
"52896","27.570754954740835","26.45292205547265","28.688587854009015","551","551","551"
"52992","27.139042706098333","26.503515318109827","27.77457009408684","552","552","552"
"53088","27.51728029287917","26.038394452495776","28.996166133262566","553","553","553"
"53184","21.64517197947744","21.55242059875023","21.737923360204643","554","554","554"
"53280","23.03773958856558","19.000502078600377","27.074977098530784","555","555","555"
"53376","26.19826331979951","24.68299189062125","27.713534748977764","556","556","556"
"53472","24.543667830703","21.83104233781884","27.25629332358716","557","557","557"
"53568","24.412044784197782","21.918794440118734","26.905295128276826","558","558","558"
"53664","26.483619389297424","26.310587110634067","26.65665166796078","559","559","559"
"53760","23.630899790004037","17.709934180820035","29.55186539918804","560","560","560"
"53856","23.300940628121595","22.79545179413785","23.80642946210534","561","561","561"
"53952","24.29214950171295","24.29214950171295","24.29214950171295","562","562","562"
"54048","26.79124615044095","26.79124615044095","26.79124615044095","563","563","563"
"54144","26.720209005832945","26.720209005832945","26.720209005832945","564","564","564"
"54240","20.761970775238936","17.183609052265503","24.340332498212366","565","565","565"
"54336","26.773435524388738","26.406622981359742","27.14024806741773","566","566","566"
"54432","24.26161061049381","20.962509816380198","27.560711404607428","567","567","567"
"54528","22.128793283390493","15.779965255920914","28.477621310860076","568","568","568"
"54624","26.272829195887716","24.49708024351769","28.048578148257743","569","569","569"
"54720","23.747735474378743","21.32760717319394","26.167863775563543","570","570","570"
"54816","21.23436085710932","16.031569682049902","26.437152032168736","571","571","571"
"54912","24.488081431718058","24.102909102158502","24.873253761277613","572","572","572"
"55008","24.46656781684096","21.791194773004122","27.1419408606778","573","573","573"
"55104","19.831131258833526","14.341573337175204","25.320689180491847","574","574","574"
"55200","26.09535091882238","26.09535091882238","26.09535091882238","575","575","575"
"55296","12.883345747756085","0.3836174986676703","25.383073996844498","576","576","576"
"55392","20.187655082516613","14.66844444439105","25.706865720642174","577","577","577"
"55488","21.215229321447943","16.336133054640097","26.09432558825579","578","578","578"
"55584","23.085591974214346","19.94891865129864","26.22226529713005","579","579","579"
"55680","26.76639538198587","26.343553618999497","27.189237144972243","580","580","580"
"55776","18.217423772095984","7.489149771390597","28.945697772801367","581","581","581"
"55872","19.28297475067153","13.91098530575912","24.654964195583943","582","582","582"
"55968","26.75893571600958","26.75893571600958","26.75893571600958","583","583","583"
"56064","23.531675933670325","20.174747295085183","26.888604572255467","584","584","584"
"56160","25.245304984007166","24.754746131810762","25.73586383620357","585","585","585"
"56256","28.444366642946264","28.444366642946264","28.444366642946264","586","586","586"
"56352","23.019887797310492","23.019887797310492","23.019887797310492","587","587","587"
"56448","23.12649321818687","23.12649321818687","23.12649321818687","588","588","588"
"56544","20.60344951075016","16.19330467865304","25.013594342847284","589","589","589"
"56640","19.573785080478494","14.372980291117628","24.77458986983936","590","590","590"
"56736","22.742647920736452","20.850888432741133","24.634407408731775","591","591","591"
"56832","25.964160043415085","24.22785159689704","27.700468489933126","592","592","592"
"56928","23.043433743638612","21.791194773004122","24.295672714273103","593","593","593"
"57024","27.092368711500093","26.542623126066005","27.64211429693418","594","594","594"
"57120","17.851794700541937","7.560922824650426","28.142666576433445","595","595","595"
"57216","27.435286067996174","26.720209005832945","28.1503631301594","596","596","596"
"57312","18.695580773661096","11.390996997360112","26.00016454996208","597","597","597"
"57408","25.87113356053994","25.36864423978395","26.373622881295923","598","598","598"
"57504","24.483662594924997","24.277254990160188","24.690070199689806","599","599","599"
"57600","24.024364842782806","21.83104233781884","26.21768734774677","600","600","600"
"57696","25.23340235170462","21.862967826263947","28.603836877145287","601","601","601"
"57792","17.65771241623359","9.158827728657352","26.15659710380983","602","602","602"
"57888","26.424909617677923","26.2089859584347","26.640833276921146","603","603","603"
"57984","14.046676685420774","6.556518908090554","21.536834462750992","604","604","604"
"58080","22.2359181221902","21.30406049134659","23.167775753033805","605","605","605"
"58176","25.62716890328752","25.03556825668997","26.218769549885067","606","606","606"
"58272","20.3701437785966","13.580108511772927","27.160179045420275","607","607","607"
"58368","22.89965911129417","19.6564482802623","26.14286994232604","608","608","608"
"58464","12.247167579309036","0.3836174986676703","24.1107176599504","609","609","609"
"58560","25.241415138906785","24.360157228147962","26.122673049665607","610","610","610"
"58656","23.136890637021256","20.679298519020836","25.594482755021676","611","611","611"
"58752","20.955975521500545","20.955975521500545","20.955975521500545","612","612","612"
"58848","22.61555097288482","17.430154646565413","27.800947299204225","613","613","613"
"58944","29.169415549272205","29.169415549272205","29.169415549272205","614","614","614"
"59040","14.406924729483784","0.3836174986676703","28.430231960299896","615","615","615"
"59136","26.089562901124552","25.871211151827705","26.307914650421395","616","616","616"
"59232","26.042277458055853","26.042277458055853","26.042277458055853","617","617","617"
"59328","20.697273566842345","13.523999945322915","27.870547188361776","618","618","618"
"59424","22.88465893296123","17.85627332903638","27.913044536886083","619","619","619"
"59520","22.032535919115826","16.19330467865304","27.871767159578614","620","620","620"
"59616","24.63480895191895","21.440364123850642","27.82925377998725","621","621","621"
"59712","22.935787262137644","19.67069755563932","26.20087696863597","622","622","622"
"59808","19.81900585308432","17.093401295761865","22.54461041040678","623","623","623"
"59904","22.51408186174427","21.854994606561426","23.173169116927113","624","624","624"
"60000","27.263498731507823","26.30496945821784","28.22202800479781","625","625","625"
"60096","19.154035022153813","13.523902258529045","24.784167785778585","626","626","626"
"60192","23.533603875635766","18.282814883040807","28.784392868230725","627","627","627"
"60288","18.688640324092955","18.688640324092955","18.688640324092955","628","628","628"
"60384","21.949642797938168","21.44977971701563","22.44950587886071","629","629","629"
"60480","26.02484764349113","25.377500426806453","26.672194860175804","630","630","630"
"60576","23.105548859862502","18.904395537805236","27.30670218191977","631","631","631"
"60672","25.257493746560165","23.794778487287385","26.720209005832945","632","632","632"
"60768","23.941293860740664","21.83104233781884","26.05154538366249","633","633","633"
"60864","24.444632794173483","21.918794440118734","26.97047114822823","634","634","634"
"60960","25.87972803657226","25.16872816069083","26.590727912453687","635","635","635"
"61056","21.369149624885818","19.06366391382211","23.674635335949525","636","636","636"
"61152","26.837638815028605","26.43923094278349","27.23604668727372","637","637","637"
"61248","21.544942312475307","20.99946817413224","22.09041645081837","638","638","638"
"61344","26.235219672526096","26.209331637015342","26.26110770803685","639","639","639"
"61440","25.21659134767845","24.602945007365637","25.83023768799126","640","640","640"
"61536","27.02926977493925","27.02926977493925","27.02926977493925","641","641","641"
"61632","27.43643686703188","27.43643686703188","27.43643686703188","642","642","642"
"61728","26.823304984970857","26.823304984970857","26.823304984970857","643","643","643"
"61824","23.451460123742958","17.51963778186909","29.383282465616826","644","644","644"
"61920","23.21451983164269","21.50416395740795","24.924875705877426","645","645","645"
"62016","23.822905631489746","21.114797148679806","26.53101411429969","646","646","646"
"62112","21.183460926980775","16.336133054640097","26.030788799321453","647","647","647"
"62208","25.744257223444347","25.204369284297623","26.28414516259107","648","648","648"
"62304","27.532883870416548","26.456978610630486","28.608789130202606","649","649","649"
"62400","24.586042409814635","20.094283111326007","29.077801708303262","650","650","650"
"62496","26.063389205559723","25.595764296819752","26.53101411429969","651","651","651"
"62592","26.021135076624805","26.021135076624805","26.021135076624805","652","652","652"
"62688","21.4056602775425","21.4056602775425","21.4056602775425","653","653","653"
"62784","24.610946238843056","22.919511601554625","26.302380876131487","654","654","654"
"62880","22.9372452250493","19.837295671432315","26.037194778666283","655","655","655"
"62976","25.871066843245583","25.252283596974394","26.48985008951677","656","656","656"
"63072","26.681848537865278","26.2670649089778","27.096632166752755","657","657","657"
"63168","21.459918955913032","19.871686249864396","23.048151661961665","658","658","658"
"63264","24.024243980102273","21.342139577054464","26.706348383150083","659","659","659"
"63360","27.39344912865748","27.39344912865748","27.39344912865748","660","660","660"
"63456","20.96512211644969","16.336133054640097","25.59411117825929","661","661","661"
"63552","27.028200949325477","25.440520472002415","28.61588142664854","662","662","662"
"63648","25.732357687670735","25.732357687670735","25.732357687670735","663","663","663"
"63744","13.672498699072113","0.3836174986676703","26.961379899476555","664","664","664"
"63840","27.28317447677363","25.486688004868917","29.079660948678345","665","665","665"
"63936","27.758507156210484","27.758507156210484","27.758507156210484","666","666","666"
"64032","22.76299802390431","16.42168736576755","29.104308682041065","667","667","667"
"64128","18.8791879255556","9.158827728657352","28.599548122453843","668","668","668"
"64224","23.619260654542806","20.68153209755648","26.556989211529135","669","669","669"
"64320","25.029564583449076","25.029564583449076","25.029564583449076","670","670","670"
"64416","25.785970240912754","25.726105885075228","25.84583459675028","671","671","671"
"64512","25.236794687145746","25.236794687145746","25.236794687145746","672","672","672"
"64608","25.28923175754047","22.623604669841853","27.954858845239087","673","673","673"
"64704","20.856485751298226","18.911989259113795","22.800982243482657","674","674","674"
"64800","22.658948197928055","17.166085815812057","28.15181058004405","675","675","675"
"64896","22.43404887721956","19.0915772207495","25.776520533689624","676","676","676"
"64992","24.388418928033204","23.16846303455884","25.608374821507567","677","677","677"
"65088","19.804521951004826","16.26436000138027","23.344683900629384","678","678","678"
"65184","26.037824248890672","23.12964091563389","28.946007582147452","679","679","679"
"65280","27.533625364244337","27.533625364244337","27.533625364244337","680","680","680"
"65376","21.52817103023652","21.52817103023652","21.52817103023652","681","681","681"
"65472","24.602465635636367","24.088538314530663","25.11639295674207","682","682","682"
"65568","26.527566083127752","26.474650446564404","26.580481719691104","683","683","683"
"65664","26.725728344432902","25.10177528413332","28.349681404732486","684","684","684"
"65760","24.357512570123063","21.382599179171596","27.33242596107453","685","685","685"
"65856","25.183131762406084","23.887257319416427","26.479006205395745","686","686","686"
"65952","18.364888526837277","10.526077157479406","26.203699896195147","687","687","687"
"66048","23.535500302155228","21.548483200993754","25.5225174033167","688","688","688"
"66144","24.91456645641606","22.16811163351574","27.66102127931638","689","689","689"
"66240","26.696201933004374","26.696201933004374","26.696201933004374","690","690","690"
"66336","26.337725683716133","26.05079051145703","26.624660855975236","691","691","691"
"66432","27.04816670153975","26.58172115992309","27.514612243156403","692","692","692"
"66528","28.878972599405856","28.878972599405856","28.878972599405856","693","693","693"
"66624","21.430605790712804","17.33609249220132","25.52511908922429","694","694","694"
"66720","23.226497259014344","21.358437644140174","25.09455687388851","695","695","695"
"66816","27.178889613673597","26.53101411429969","27.826765113047504","696","696","696"
"66912","26.556203617416234","26.486627452153197","26.62577978267927","697","697","697"
"67008","26.80225054256583","26.577602191816666","27.026898893314996","698","698","698"
"67104","24.228133738557922","23.165191001085514","25.291076476030327","699","699","699"
"67200","21.6743464278167","16.407625504124532","26.941067351508867","700","700","700"
"67392","26.251470155587327","25.73423216831429","26.768708142860365","702","702","702"
"67488","25.190495357614587","23.91171604170921","26.46927467351997","703","703","703"
"67584","22.42444770523401","21.382599179171596","23.466296231296422","704","704","704"
"67680","27.67189473385706","26.450205406061272","28.893584061652845","705","705","705"
"67776","22.36853522452061","21.331885941698083","23.405184507343137","706","706","706"
"67872","26.46343822409856","26.46343822409856","26.46343822409856","707","707","707"
"67968","22.661470454952692","19.64445793910568","25.6784829707997","708","708","708"
"68064","22.78590406720463","19.26683867619142","26.30496945821784","709","709","709"
"68160","24.521705869995742","23.14856194272441","25.894849797267078","710","710","710"
"68256","24.05481338697891","21.918794440118734","26.190832333839086","711","711","711"
"68352","13.31391652613942","0.3836174986676703","26.24421555361117","712","712","712"
"68448","23.5729544477565","21.632667783488824","25.513241112024176","713","713","713"
"68544","16.612341897963894","7.560922824650426","25.663760971277362","714","714","714"
"68640","23.117927041367608","23.117927041367608","23.117927041367608","715","715","715"
"68736","21.10152864934794","16.336133054640097","25.866924244055788","716","716","716"
"68832","26.268382397456385","26.000068647790627","26.53669614712214","717","717","717"
"68928","27.88576983209647","27.88576983209647","27.88576983209647","718","718","718"
"69024","25.320514384447193","21.452483648380273","29.18854512051411","719","719","719"
"69120","23.88427751694133","21.35179547208188","26.416759561800784","720","720","720"
"69216","21.35344692134941","16.336133054640097","26.37076078805872","721","721","721"
"69312","26.338965556964432","26.05818470893301","26.61974640499585","722","722","722"
"69408","24.75714947336622","22.933977967499285","26.580320979233154","723","723","723"
"69504","16.187286597364896","7.418094448663366","24.956478746066423","724","724","724"
"69600","18.878322252493437","18.878322252493437","18.878322252493437","725","725","725"
"69696","23.208427811583814","18.752611446860953","27.664244176306674","726","726","726"
"69792","27.064326422081958","26.744458574346655","27.38419426981726","727","727","727"
"69888","26.577602191816666","26.577602191816666","26.577602191816666","728","728","728"
"69984","26.585328132666852","26.585328132666852","26.585328132666852","729","729","729"
"70080","20.770952330319005","19.741717970665203","21.800186689972808","730","730","730"
"70176","26.395738112382226","25.924295188643644","26.867181036120805","731","731","731"
"70272","27.26879193964657","26.563000196651817","27.974583682641324","732","732","732"
"70368","27.958631976676024","27.958631976676024","27.958631976676024","733","733","733"
"70464","26.952870155153732","26.696201933004374","27.209538377303094","734","734","734"
"70560","22.732878373922432","18.836391165984143","26.629365581860718","735","735","735"
"70656","25.97150261593368","25.11662095636204","26.826384275505315","736","736","736"
"70752","22.002569895944912","16.248380952340202","27.756758839549622","737","737","737"
"70848","22.54662238912783","17.36370999847694","27.72953477977872","738","738","738"
"70944","28.162132404151194","28.162132404151194","28.162132404151194","739","739","739"
"71040","20.552333076125027","12.726638286207875","28.378027866042178","740","740","740"
"71136","27.78090481626059","26.752592452049612","28.80921718047157","741","741","741"
"71232","26.96842572831699","26.670361778490538","27.266489678143444","742","742","742"
"71328","24.741146960474374","23.21647879685388","26.26581512409487","743","743","743"
"71424","26.275863540113555","23.2380398397537","29.31368724047341","744","744","744"
"71520","22.914095524837908","17.116558842413113","28.711632207262703","745","745","745"
"71616","16.871201121316503","6.940209704409108","26.8021925382239","746","746","746"
"71712","27.001330107155994","26.503985035246718","27.498675179065273","747","747","747"
"71808","23.51111849799282","19.677859079726325","27.344377916259315","748","748","748"
"71904","27.346119274608384","26.485814384786753","28.206424164430015","749","749","749"
"72000","18.343600130768053","9.114945729717336","27.57225453181877","750","750","750"
"72096","25.253486394044447","21.48039695530767","29.026575832781226","751","751","751"
"72192","26.89511354040735","26.624660855975236","27.16556622483947","752","752","752"
"72288","25.253214788592842","23.97541546288599","26.53101411429969","753","753","753"
"72384","16.336133054640097","16.336133054640097","16.336133054640097","754","754","754"
"72480","20.82017047158876","16.336133054640097","25.30420788853742","755","755","755"
"72576","26.474507536625122","26.27939312635118","26.669621946899063","756","756","756"
"72672","27.804595007411976","26.636782689639404","28.972407325184545","757","757","757"
"72768","24.565683485159035","21.52817103023652","27.603195940081548","758","758","758"
"72864","21.85631760884154","16.300246528010184","27.412388689672895","759","759","759"
"72960","27.22994423931136","26.354773326411472","28.10511515221125","760","760","760"
"73056","25.688060191999412","25.327829232541212","26.048291151457615","761","761","761"
"73248","22.700386868661507","18.97406525137945","26.426708485943564","763","763","763"
"73344","17.330639204643006","17.006066035570786","17.655212373715226","764","764","764"
"73440","21.990541971224907","21.36898331619121","22.612100626258602","765","765","765"
"73536","21.939663835886158","19.857389471249828","24.02193820052249","766","766","766"
"73632","22.09685745271898","19.726031749279013","24.467683156158945","767","767","767"
"73728","24.222450638598065","22.123316566136182","26.32158471105995","768","768","768"
"73824","22.526710073628955","16.26436000138027","28.789060145877638","769","769","769"
"73920","27.771564714122178","27.771564714122178","27.771564714122178","770","770","770"
"74016","27.58634546131477","26.577602191816666","28.595088730812876","771","771","771"
"74112","21.862933332799734","17.434786396567205","26.291080269032268","772","772","772"
"74208","25.834039537795896","25.201571845346148","26.466507230245647","773","773","773"
"74304","24.525832752791246","22.427004649607255","26.624660855975236","774","774","774"
"74400","25.247670804551266","23.861348898240628","26.633992710861904","775","775","775"
"74496","21.528368370653205","17.81521524242235","25.241521498884055","776","776","776"
"74592","16.871503291225814","8.359875276653884","25.383131305797747","777","777","777"
"74688","24.980948403981195","23.277578376008154","26.68431843195423","778","778","778"
"74784","26.768708142860365","26.768708142860365","26.768708142860365","779","779","779"
"74880","26.306646788093822","25.98863272021241","26.624660855975236","780","780","780"
"74976","22.661457836476583","15.974267226776627","29.34864844617654","781","781","781"
"75072","29.789608386988718","29.789608386988718","29.789608386988718","782","782","782"
"75168","16.31220870355349","16.31220870355349","16.31220870355349","783","783","783"
"75264","21.596499282230127","16.822796335038753","26.370202229421498","784","784","784"
"75360","18.920244972329087","11.772648251705823","26.06784169295235","785","785","785"
"75456","22.935109206742293","22.83664149367734","23.033576919807246","786","786","786"
"75552","20.31161000639686","20.31161000639686","20.31161000639686","787","787","787"
"75648","22.8213497702832","21.773651980004125","23.86904756056227","788","788","788"
"75744","18.887649368752797","17.11271322821526","20.66258550929033","789","789","789"
"75840","23.317075545172337","23.317075545172337","23.317075545172337","790","790","790"
"75936","23.090315430831346","22.93778522144641","23.242845640216284","791","791","791"
"76032","26.564849509925043","26.48903504912733","26.640663970722755","792","792","792"
"76128","26.61416577624879","26.57198136038863","26.65635019210895","793","793","793"
"76224","26.624660855975236","26.624660855975236","26.624660855975236","794","794","794"
"76320","23.16061323050611","23.16061323050611","23.16061323050611","795","795","795"
"76416","19.887981317322","16.336133054640097","23.43982958000391","796","796","796"
"76512","13.30784383184547","-0.481133875448066","27.096821539139007","797","797","797"
"76608","26.189056140458874","25.721762088808802","26.65635019210895","798","798","798"
"76704","20.1836528845463","20.1836528845463","20.1836528845463","799","799","799"
"76800","25.652578491367365","23.110085144120447","28.19507183861428","800","800","800"
"76896","27.055505177848175","27.055505177848175","27.055505177848175","801","801","801"
"76992","22.67221139970537","17.2920756287784","28.052347170632338","802","802","802"
"77088","26.253216675328154","26.253216675328154","26.253216675328154","803","803","803"
"77184","28.07023298204883","28.07023298204883","28.07023298204883","804","804","804"
"77280","21.771347645945667","16.336133054640097","27.206562237251234","805","805","805"
"77376","22.73025082444908","17.5165152219962","27.943986426901954","806","806","806"
"77472","25.817384632998188","23.210996256930382","28.423773009065993","807","807","807"
"77568","27.82840300223243","27.82840300223243","27.82840300223243","808","808","808"
"77664","28.772706239179662","28.772706239179662","28.772706239179662","809","809","809"
"77760","24.88566953691637","21.52817103023652","28.24316804359622","810","810","810"
"77856","26.49395165942686","24.49430164078971","28.493601678064007","811","811","811"
"77952","27.7118230967557","26.480039709001392","28.943606484510013","812","812","812"
"78048","16.336133054640097","16.336133054640097","16.336133054640097","813","813","813"
"78144","20.975848286645167","13.390623828778793","28.56107274451154","814","814","814"
"78240","21.456867623228383","21.456867623228383","21.456867623228383","815","815","815"
"78336","21.71338616883972","16.336133054640097","27.090639283039337","816","816","816"
"78432","26.624660855975236","26.624660855975236","26.624660855975236","817","817","817"
"78528","22.540509829355827","16.974554281481527","28.106465377230123","818","818","818"
"78624","23.96733952449244","21.485062882751002","26.44961616623388","819","819","819"
"78816","25.52370151319053","25.52370151319053","25.52370151319053","821","821","821"
"78912","27.56638042915093","26.53101411429969","28.601746744002167","822","822","822"
"79008","27.652574598012833","26.43945924765736","28.86568994836831","823","823","823"
"79104","13.480609845242169","13.480609845242169","13.480609845242169","824","824","824"
"79200","20.684262871350676","20.684262871350676","20.684262871350676","825","825","825"
"79296","25.47325080009592","22.15688644551498","28.789615154676856","826","826","826"
"79392","24.986498816053384","21.420981096598467","28.552016535508297","827","827","827"
"79488","25.97611789770813","23.155541016390725","28.796694779025536","828","828","828"
"79584","22.097999466191794","16.26436000138027","27.93163893100332","829","829","829"
"79680","25.364411740849523","23.226840924997234","27.50198255670181","830","830","830"
"79776","22.106511173233855","16.853112318816088","27.359910027651622","831","831","831"
"79872","26.577602191816666","26.577602191816666","26.577602191816666","832","832","832"
"79968","25.66772509370478","23.0264779629258","28.308972224483764","833","833","833"
"80064","24.149116534213235","22.938308446011536","25.359924622414937","834","834","834"
"80160","23.80206063317278","19.683577772645545","27.92054349370001","835","835","835"
"80256","22.352312177759387","16.26436000138027","28.44026435413851","836","836","836"
"80352","17.94226369351822","7.489149771390597","28.395377615645845","837","837","837"
"80448","20.927487162374003","16.256370476860234","25.598603847887773","838","838","838"
"80544","24.674427598465197","23.131404231292585","26.21745096563781","839","839","839"
"80640","17.69463951729382","17.69463951729382","17.69463951729382","840","840","840"
"80736","24.2761404463188","23.027515708759513","25.52476518387809","841","841","841"
"80832","25.68074987343368","24.97278429352459","26.38871545334277","842","842","842"
"80928","27.629802997602887","26.360909871239407","28.89869612396637","843","843","843"
"81024","27.25764534720564","26.384165782941825","28.131124911469453","844","844","844"
"81120","26.546543473472017","26.546543473472017","26.546543473472017","845","845","845"
"81216","23.097321572632996","23.097321572632996","23.097321572632996","846","846","846"
"81312","27.488305600760768","26.577602191816666","28.39900900970487","847","847","847"
"81408","27.48445668790207","27.48445668790207","27.48445668790207","848","848","848"
"81504","27.32070554701285","26.48003970900139","28.161371385024307","849","849","849"
"81600","22.209679076097217","16.26436000138027","28.154998150814166","850","850","850"
"81696","20.356070191379875","16.19330467865304","24.51883570410671","851","851","851"
"81792","24.119201403346757","21.80933750299042","26.429065303703094","852","852","852"
"81888","19.492227841492152","16.336133054640097","22.648322628344204","853","853","853"
"81984","22.412883826768294","16.336133054640097","28.489634598896487","854","854","854"
"82080","25.721929074549223","23.119422324848315","28.324435824250127","855","855","855"
"82176","27.220676209636526","26.720209005832945","27.721143413440107","856","856","856"
"82272","27.803841204504216","26.54459519306119","29.06308721594724","857","857","857"
"82368","27.22902468796108","26.720451501518085","27.73759787440407","858","858","858"
"82464","20.059660175237106","16.336133054640097","23.78318729583411","859","859","859"
"82560","20.032361515973406","16.336133054640097","23.72858997730671","860","860","860"
"82656","26.088248269489803","25.456287533146657","26.720209005832945","861","861","861"
"82752","25.518585414260528","23.806729563710885","27.23044126481017","862","862","862"
"82848","24.424071051483132","21.48039695530767","27.367745147658596","863","863","863"
"82944","21.38149687590734","13.499992872494344","29.263000879320337","864","864","864"
"83040","27.556443349274723","26.672194860175804","28.440691838373645","865","865","865"
"83136","29.39479500547615","29.39479500547615","29.39479500547615","866","866","866"
"83232","27.06692233251963","26.624660855975236","27.509183809064027","867","867","867"
"83328","24.900743683127995","21.346712652541683","28.454774713714308","868","868","868"
"83424","26.81015487584793","26.457209221614196","27.16310053008166","869","869","869"
"83520","27.54545340732131","26.52808989577881","28.56281691886381","870","870","870"
"83616","21.428954316300988","21.428954316300988","21.428954316300988","871","871","871"
"83712","13.504139177321454","13.504139177321454","13.504139177321454","872","872","872"
"83808","27.590930016389827","26.672194860175804","28.509665172603846","873","873","873"
"83904","27.910362767329367","26.624898525996237","29.195827008662498","874","874","874"
"84000","29.143922108886816","29.143922108886816","29.143922108886816","875","875","875"
"84096","25.067391480389574","21.39768705783998","28.737095902939167","876","876","876"
"84192","25.65670220577494","23.258850355435328","28.054554056114554","877","877","877"
"84288","26.77120379426676","26.521775577961883","27.020632010571635","878","878","878"
"84384","28.821246649178384","28.821246649178384","28.821246649178384","879","879","879"
"84480","28.115553837160153","28.115553837160153","28.115553837160153","880","880","880"
"84576","27.189302391400325","26.57353040472949","27.805074378071158","881","881","881"
"84672","28.03833182976243","28.03833182976243","28.03833182976243","882","882","882"
"84768","27.814666427430716","26.538641011873665","29.09069184298777","883","883","883"
"84864","13.680941417655783","-0.803421843348187","28.16530467865975","884","884","884"
"84960","26.59687345569562","26.59687345569562","26.59687345569562","885","885","885"
"85056","28.831157685603756","28.831157685603756","28.831157685603756","886","886","886"
"85248","18.253668466539327","7.971818833181819","28.535518099896837","888","888","888"
"85344","27.95412721221978","26.808847493004553","29.099406931435013","889","889","889"
"85440","27.92421662634888","26.761073418075696","29.087359834622067","890","890","890"
"85536","25.564928847175985","23.324670335005276","27.805187359346696","891","891","891"
"85632","21.968034586117625","16.424771541811705","27.51129763042354","892","892","892"
"85728","27.68270583108282","26.76083334734741","28.604578314818234","893","893","893"
"85824","24.177398090998164","19.047012943628083","29.307783238368245","894","894","894"
"85920","27.47053198020223","26.734464887347112","28.206599073057347","895","895","895"
"86016","27.59549690894272","26.857346630031973","28.333647187853465","896","896","896"
"86112","26.960899859882623","26.91373714907721","27.008062570688033","897","897","897"
"86208","25.118840893699346","21.61680951740813","28.620872269990564","898","898","898"
"86304","23.148267749189586","17.56678479918976","28.729750699189413","899","899","899"
"86400","27.13083463922099","26.96272617637763","27.29894310206435","900","900","900"
"86496","27.01221004233765","27.01221004233765","27.01221004233765","901","901","901"
"86592","13.572225423007541","13.572225423007541","13.572225423007541","902","902","902"
"86688","28.210606176948144","28.210606176948144","28.210606176948144","903","903","903"
"86784","24.144768601938488","21.42381581709481","26.865721386782166","904","904","904"
"86880","27.85907003591889","26.83704275252717","28.88109731931061","905","905","905"
"86976","25.768140942926046","23.334297027622355","28.201984858229736","906","906","906"
"87072","22.602190848809325","16.424771541811705","28.779610155806946","907","907","907"
"87168","22.208168090364957","16.424771541811705","27.991564638918206","908","908","908"
"87264","28.368075007953387","27.119153865575285","29.616996150331488","909","909","909"
"87360","28.089796524542372","26.954530890315784","29.22506215876896","910","910","910"
"87456","26.99997880538072","26.874183986640364","27.125773624121074","911","911","911"
"87552","21.660673704835148","13.938064944053465","29.383282465616826","912","912","912"
"87744","27.734942798066413","26.95087253938933","28.5190130567435","914","914","914"
"87840","27.898637866204837","27.020058675212624","28.77721705719705","915","915","915"
"87936","28.144188166672933","27.019686296625345","29.26869003672052","916","916","916"
"88032","25.531518906072513","21.722228919218523","29.340808892926503","917","917","917"
"88128","25.718332864258908","24.06470315695443","27.371962571563387","918","918","918"
"88224","25.286158240454057","23.457652181738297","27.114664299169817","919","919","919"
"88320","25.270909991338776","24.385260976179843","26.156559006497705","920","920","920"
"88416","27.188176247849626","27.119153865575285","27.25719863012397","921","921","921"
"88512","23.619669464711503","18.092495927311127","29.14684300211188","922","922","922"
"88608","21.356612700925684","13.701651897646508","29.01157350420486","923","923","923"
"88704","24.88676302869462","21.992050393075754","27.781475664313486","924","924","924"
"88800","20.36675896575426","13.592066207142297","27.141451724366224","925","925","925"
"88896","22.679412892940682","16.51430536723758","28.844520418643786","926","926","926"
"88992","24.687853086002022","23.13972912025977","26.23597705174427","927","927","927"
"89088","27.334255316703292","26.826649982439797","27.841860650966783","928","928","928"
"89184","26.367541353005535","23.48074037760888","29.25434232840219","929","929","929"
"89280","28.690683816965723","28.690683816965723","28.690683816965723","930","930","930"
"89376","27.635849677419206","26.890470839229444","28.381228515608967","931","931","931"
"89472","20.835780873710434","16.424771541811705","25.246790205609162","932","932","932"
"89568","26.64858075664808","24.329101279866748","28.968060233429412","933","933","933"
"89664","28.162532999893713","27.015464182037864","29.309601817749563","934","934","934"
"89760","28.070838498160615","26.8691251437071","29.27255185261413","935","935","935"
"89856","25.900077905383604","23.40613838316779","28.39401742759942","936","936","936"
"89952","22.98991170802885","16.864543334468454","29.11528008158924","937","937","937"
"90048","23.660437923342833","21.76301866248048","25.55785718420519","938","938","938"
"90144","20.632130057373917","12.925652704246207","28.338607410501627","939","939","939"
"90240","27.99168548134147","27.99168548134147","27.99168548134147","940","940","940"
"90336","27.04161155359592","26.8691251437071","27.214097963484743","941","941","941"
"90432","15.028786884623443","0.3836174986676703","29.673956270579215","942","942","942"
"90528","27.972619442169833","27.076889013495144","28.868349870844522","943","943","943"
"90624","28.66944870329085","28.66944870329085","28.66944870329085","944","944","944"
"90720","23.8956810749103","18.17436599948911","29.616996150331488","945","945","945"
"90816","22.748201658814068","16.44253231397775","29.053871003650382","946","946","946"
"90912","20.044748932561948","20.044748932561948","20.044748932561948","947","947","947"
"91008","26.086200835461394","22.583034026917453","29.589367644005335","948","948","948"
"91104","29.16173331823972","29.16173331823972","29.16173331823972","949","949","949"
"91200","24.891685910304297","20.52037094128826","29.263000879320337","950","950","950"
"91296","21.83120999337016","16.35299848855188","27.309421498188442","951","951","951"
"91392","20.064410087799942","13.621420593142814","26.507399582457072","952","952","952"
"91488","25.14606436040649","21.715244587551624","28.576884133261355","953","953","953"
"91584","14.12590607160925","-0.3985170130645073","28.650329156283007","954","954","954"
"91680","26.69933205428155","24.00052751506564","29.398136593497462","955","955","955"
"91776","27.004662300655035","24.33536833073086","29.673956270579215","956","956","956"
"91872","21.557270776439633","21.557270776439633","21.557270776439633","957","957","957"
"91968","26.420589031609893","24.6920972059218","28.149080857297985","958","958","958"
"92064","20.081333727588905","16.424771541811705","23.737895913366106","959","959","959"
"92160","21.337241444122945","16.612633642462825","26.061849245783065","960","960","960"
"92256","19.888093999449893","13.572225423007541","26.20396257589225","961","961","961"
"92352","27.274459866838882","26.76083334734741","27.788086386330356","962","962","962"
"92448","27.792482885497243","27.044925567450107","28.540040203544375","963","963","963"
"92544","27.657479366151875","27.052260001803504","28.262698730500247","964","964","964"
"92640","29.081692172391584","29.081692172391584","29.081692172391584","965","965","965"
"92736","25.807142594099393","23.469066922953335","28.14521826524545","966","966","966"
"92832","27.63622589080053","26.922198132297506","28.35025364930356","967","967","967"
"92928","22.291678234605953","16.424771541811705","28.158584927400206","968","968","968"
"93024","26.871416895152734","26.871416895152734","26.871416895152734","969","969","969"
"93120","28.342844114151298","27.01173195772338","29.673956270579215","970","970","970"
"93216","24.81683862315294","20.70367317430047","28.93000407200541","971","971","971"
"93312","26.412736974613377","23.45367398783989","29.371799961386866","972","972","972"
"93408","29.347179223039042","29.347179223039042","29.347179223039042","973","973","973"
"93504","20.74485976094278","13.721924296709236","27.76779522517632","974","974","974"
"93600","27.790617632235026","26.898381318430427","28.682853946039625","975","975","975"
"93696","28.31209147688492","28.31209147688492","28.31209147688492","976","976","976"
"93792","23.52557432895205","19.960422243610672","27.090726414293428","977","977","977"
"93888","22.861555382397604","22.861555382397604","22.861555382397604","978","978","978"
"93984","27.109385068271084","27.109385068271084","27.109385068271084","979","979","979"
"94080","25.263094551504278","23.758230751798273","26.767958351210282","980","980","980"
"94176","26.94249878541715","26.726293582823057","27.15870398801124","981","981","981"
"94272","24.734880634484085","21.83650467762441","27.633256591343763","982","982","982"
"94368","23.558585400859066","17.511779084797087","29.605391716921048","983","983","983"
"94464","21.392821861921338","13.710353415929868","29.07529030791281","984","984","984"
"94560","21.2999592999916","15.764933961424505","26.834984638558694","985","985","985"
"94656","28.28250505609113","27.0602310947508","29.504779017431456","986","986","986"
"94752","23.34511196563229","17.47753560058649","29.2126883306781","987","987","987"
"94848","21.376328121126694","16.51430536723758","26.238350875015808","988","988","988"
"94944","27.501918034605747","27.501918034605747","27.501918034605747","989","989","989"
"95040","27.363166434979746","27.363166434979746","27.363166434979746","990","990","990"
"95136","22.77848071713771","16.424771541811705","29.132189892463717","991","991","991"
"95232","27.250019938538806","27.01719979654456","27.482840080533055","992","992","992"
"95328","22.90173803389494","16.51430536723758","29.2891707005523","993","993","993"
"95424","27.365981661581024","26.995191782975134","27.73677154018692","994","994","994"
"95520","28.062253601510392","26.995191782975134","29.129315420045646","995","995","995"
"95616","26.08279616673802","23.456009797867697","28.70958253560834","996","996","996"
"95712","28.047986648131836","27.069170162585365","29.026803133678307","997","997","997"
"95808","27.981384567189643","26.88997502138514","29.072794112994142","998","998","998"
"95904","28.059547618850658","26.954771837475665","29.16432340022565","999","999","999"
"96000","27.29540968998356","26.96371781206624","27.627101567900883","1000","1000","1000"
"96096","27.151118141904448","26.72263119803351","27.579605085775388","1001","1001","1001"
"96192","26.727048582163476","26.67547547293377","26.77862169139318","1002","1002","1002"
"96288","13.51241878395786","13.51241878395786","13.51241878395786","1003","1003","1003"
"96384","24.595838674467213","20.21587821926419","28.975799129670236","1004","1004","1004"
"96480","25.291108354328138","22.06382344633558","28.518393262320696","1005","1005","1005"
"96576","24.44018904155532","21.510393623016554","27.369984460094088","1006","1006","1006"
"96672","29.138319000618736","29.138319000618736","29.138319000618736","1007","1007","1007"
"96768","27.55522150624636","26.614794891357956","28.495648121134764","1008","1008","1008"
"96864","27.547229123049185","26.72263119803351","28.371827048064855","1009","1009","1009"
"96960","28.39000823727513","28.39000823727513","28.39000823727513","1010","1010","1010"
"97056","26.96371781206624","26.96371781206624","26.96371781206624","1011","1011","1011"
"97152","26.174743306325134","26.174743306325134","26.174743306325134","1012","1012","1012"
"97248","26.846875260532276","26.846875260532276","26.846875260532276","1013","1013","1013"
"97344","27.620231495386104","26.870652978004188","28.36981001276802","1014","1014","1014"
"97440","25.32487718185279","21.680522701381676","28.96923166232391","1015","1015","1015"
"97536","27.01173195772338","27.01173195772338","27.01173195772338","1016","1016","1016"
"97632","28.011123428571473","26.527869429955096","29.494377427187846","1017","1017","1017"
"97728","24.768020879035028","21.5327843750413","28.00325738302876","1018","1018","1018"
"97824","23.026106467284073","18.126591924560252","27.92562101000789","1019","1019","1019"
"97920","24.314052148292415","21.612355530501112","27.015748766083718","1020","1020","1020"
"98016","21.67895991754303","14.604702224590307","28.753217610495753","1021","1021","1021"
"98112","26.86672300364953","24.328733335580456","29.404712671718602","1022","1022","1022"
"98208","27.274265772979334","26.82634432320396","27.722187222754705","1023","1023","1023"
"98304","28.13798253268717","26.862515650435114","29.41344941493923","1024","1024","1024"
"98400","27.759901073842755","26.988207451308234","28.53159469637728","1025","1025","1025"
"98496","28.071586895419024","26.89936032260771","29.243813468230343","1026","1026","1026"
"98592","26.823468851269798","26.823468851269798","26.823468851269798","1027","1027","1027"
"98688","27.066325498887203","27.066325498887203","27.066325498887203","1028","1028","1028"
"98784","25.044314739679898","21.623654304000915","28.464975175358884","1029","1029","1029"
"98880","26.849065289329726","26.849065289329726","26.849065289329726","1030","1030","1030"
"98976","27.640480340430415","26.734756306012045","28.546204374848784","1031","1031","1031"
"99168","20.462410811975904","11.861734408004564","29.06308721594724","1033","1033","1033"
"99264","26.96241755274673","26.714578358489952","27.210256747003502","1034","1034","1034"
"99360","28.3592265638566","28.3592265638566","28.3592265638566","1035","1035","1035"
"99456","27.95684209484292","27.0602310947508","28.853453094935034","1036","1036","1036"
"99552","23.8246433153855","19.89069338327118","27.758593247499817","1037","1037","1037"
"99648","28.256108234936956","26.838260199294698","29.673956270579215","1038","1038","1038"
"99744","26.76968986219208","26.76968986219208","26.76968986219208","1039","1039","1039"
"99840","7.489149771390597","7.489149771390597","7.489149771390597","1040","1040","1040"
"99936","28.17379665066485","28.17379665066485","28.17379665066485","1041","1041","1041"
"100032","27.015464182037864","27.015464182037864","27.015464182037864","1042","1042","1042"
"100128","21.675350907135538","16.51430536723758","26.836396447033497","1043","1043","1043"
"100224","27.59994264535866","27.10922012205122","28.090665168666096","1044","1044","1044"
"100320","27.95526564273059","26.65772500473861","29.252806280722574","1045","1045","1045"
"100416","25.53936950812566","21.811762744644398","29.26697627160692","1046","1046","1046"
"100512","28.474205771558864","28.474205771558864","28.474205771558864","1047","1047","1047"
"100608","28.445097866794075","27.15870398801124","29.73149174557691","1048","1048","1048"
"100704","23.52876484267597","18.16867976624838","28.888849919103553","1049","1049","1049"
"100800","28.229118554979202","27.019686296625345","29.43855081333306","1050","1050","1050"
"100896","13.677157383996299","13.677157383996299","13.677157383996299","1051","1051","1051"
"100992","27.763214766778226","27.000864536095975","28.525564997460478","1052","1052","1052"
"101088","24.69983353585984","24.40669927125713","24.992967800462555","1053","1053","1053"
"101184","17.355123835967774","17.355123835967774","17.355123835967774","1054","1054","1054"
"101280","20.821134758633605","16.424771541811705","25.217497975455508","1055","1055","1055"
"101376","25.228146887215015","23.518552455036787","26.937741319393243","1056","1056","1056"
"101472","22.66014860307732","16.424771541811705","28.895525664342937","1057","1057","1057"
"101568","26.09268038531537","23.40600195910892","28.77935881152182","1058","1058","1058"
"101664","25.411081133479797","21.742501318281253","29.079660948678345","1059","1059","1059"
"101760","28.24999329588009","26.928310398471748","29.571676193288432","1060","1060","1060"
"101856","26.93327897391758","26.816533853537127","27.05002409429804","1061","1061","1061"
"101952","27.760746233797743","27.01639583860863","28.505096628986855","1062","1062","1062"
"102048","26.712487184124655","26.429109860252286","26.995864507997027","1063","1063","1063"
"102144","23.965337976610023","19.956409793416253","27.974266159803793","1064","1064","1064"
"102240","28.07015805587096","26.776414869448317","29.3639012422936","1065","1065","1065"
"102336","0.9455297359679603","0.9455297359679603","0.9455297359679603","1066","1066","1066"
"102432","27.10922012205122","27.10922012205122","27.10922012205122","1067","1067","1067"
"102528","27.52194510331979","26.919495821254912","28.12439438538467","1068","1068","1068"
"102624","29.259289513612742","29.259289513612742","29.259289513612742","1069","1069","1069"
"102720","25.228538615830967","21.83650467762441","28.620572554037523","1070","1070","1070"
"102816","22.894351830509322","16.51430536723758","29.27439829378107","1071","1071","1071"
"102912","27.875217948465703","27.15870398801124","28.591731908920167","1072","1072","1072"
"103008","28.68124146350348","28.68124146350348","28.68124146350348","1073","1073","1073"
"103104","22.907115529826413","18.126591924560252","27.687639135092578","1074","1074","1074"
"103200","25.22676915824679","21.66429529874309","28.789243017750486","1075","1075","1075"
"103296","24.707518010102334","19.92983399602899","29.485202024175674","1076","1076","1076"
"103392","22.84289777003272","16.43365192789473","29.252143612170713","1077","1077","1077"
"103488","24.46136979389029","19.442626466153648","29.480113121626932","1078","1078","1078"
"103584","29.446362848956053","29.446362848956053","29.446362848956053","1079","1079","1079"
"103680","23.69384939323495","18.073509220561885","29.314189565908013","1080","1080","1080"
"103776","27.755415088408967","27.040451060154375","28.470379116663555","1081","1081","1081"
"103872","27.519353063024084","26.87249770566261","28.166208420385562","1082","1082","1082"
"103968","22.634645980227745","16.424771541811705","28.844520418643786","1083","1083","1083"
"104064","28.059639458795573","27.15870398801124","28.96057492957991","1084","1084","1084"
"104160","18.118160829689508","7.489149771390597","28.74717188798842","1085","1085","1085"
"104256","27.329186941460577","26.984698157086836","27.673675725834322","1086","1086","1086"
"104352","27.822424083928368","27.06219374532757","28.582654422529163","1087","1087","1087"
"104448","22.80684804540973","16.51430536723758","29.099390723581877","1088","1088","1088"
"104544","26.956392889824585","24.408006762217713","29.504779017431456","1089","1089","1089"
"104640","27.166775942671315","25.211488236753677","29.122063648588956","1090","1090","1090"
"104736","26.747479372165678","24.239287306424856","29.2556714379065","1091","1091","1091"
"104832","24.45048736153283","20.022019267755518","28.87895545531014","1092","1092","1092"
"104928","26.173776981974235","25.339565057013605","27.00798890693487","1093","1093","1093"
"105024","25.01374400767098","21.775387167148153","28.252100848193805","1094","1094","1094"
"105120","27.716176454075537","26.91618380786567","28.516169100285406","1095","1095","1095"
"105216","25.227792189610952","21.71053152952805","28.745052849693856","1096","1096","1096"
"105312","24.71618432679326","20.496685833712515","28.935682819874003","1097","1097","1097"
"105408","20.685721475968414","11.955807321845466","29.415635630091366","1098","1098","1098"
"105504","28.0371410907015","28.0371410907015","28.0371410907015","1099","1099","1099"
"105600","21.760156609071558","13.721924296709236","29.798388921433876","1100","1100","1100"
"105696","21.543491942553416","13.576653680429876","29.510330204676958","1101","1101","1101"
"105792","29.625650284160923","29.625650284160923","29.625650284160923","1102","1102","1102"
"105888","25.032938433231287","21.74201308003756","28.323863786425015","1103","1103","1103"
"105984","28.079998638048007","26.91618380786567","29.243813468230343","1104","1104","1104"
"106080","28.651730446992087","28.651730446992087","28.651730446992087","1105","1105","1105"
"106176","28.63285082923536","28.63285082923536","28.63285082923536","1106","1106","1106"
"106272","22.286898854218528","16.51430536723758","28.059492341199476","1107","1107","1107"
"106368","29.02603412615762","29.02603412615762","29.02603412615762","1108","1108","1108"
"106464","25.447440362666953","21.76301866248048","29.13186206285343","1109","1109","1109"
"106560","26.08437444819282","23.531407586204576","28.637341310181064","1110","1110","1110"
"106656","18.212955561819413","7.935204005603833","28.490707118034994","1111","1111","1111"
"106752","26.184777303159336","25.36064297633539","27.008911629983285","1112","1112","1112"
"106848","21.86149652911937","21.86149652911937","21.86149652911937","1113","1113","1113"
"106944","26.820636362312378","26.58104162987396","27.0602310947508","1114","1114","1114"
"107040","26.120807236363028","23.265299927926453","28.976314544799603","1115","1115","1115"
"107136","23.90684024635116","18.10512489563634","29.708555597065974","1116","1116","1116"
"107232","28.03620434921038","26.463773132436593","29.608635565984166","1117","1117","1117"
"107328","29.411784343294393","29.411784343294393","29.411784343294393","1118","1118","1118"
"107424","28.06781475563202","26.79728107569931","29.33834843556473","1119","1119","1119"
"107520","26.930764629450277","26.930764629450277","26.930764629450277","1120","1120","1120"
"107616","26.52561926777654","23.423735728409856","29.627502807143223","1121","1121","1121"
"107712","25.69535471901026","21.76301866248048","29.627690775540042","1122","1122","1122"
"107808","27.15870398801124","27.15870398801124","27.15870398801124","1123","1123","1123"
"107904","28.271843307504447","26.91618380786567","29.627502807143223","1124","1124","1124"
"108000","21.65986991901177","13.597891261063529","29.72184857696001","1125","1125","1125"
"108096","20.01344756406618","20.01344756406618","20.01344756406618","1126","1126","1126"
"108192","29.383282465616826","29.383282465616826","29.383282465616826","1127","1127","1127"
"108384","27.13962256735572","26.90728256314805","27.371962571563387","1129","1129","1129"
"108480","21.188698901522578","14.669047662652156","27.708350140393","1130","1130","1130"
"108576","23.13635506501015","17.58162660183617","28.691083528184127","1131","1131","1131"
"108672","27.919707022995233","27.02669637784062","28.812717668149844","1132","1132","1132"
"108768","23.278281820421924","17.202666789628132","29.353896851215715","1133","1133","1133"
"108864","21.849170049067858","14.563181146852562","29.135158951283152","1134","1134","1134"
"108960","14.046480294566912","0.3836174986676703","27.709343090466152","1135","1135","1135"
"109056","26.818468151405003","26.576705208059206","27.0602310947508","1136","1136","1136"
"109152","21.930147776202684","16.51430536723758","27.34599018516779","1137","1137","1137"
"109248","26.492341262987924","23.52908110045168","29.45560142552417","1138","1138","1138"
"109344","28.011678612052403","26.89404180405916","29.129315420045646","1139","1139","1139"
"109440","27.385757425858674","27.385757425858674","27.385757425858674","1140","1140","1140"
"109536","26.695949588688563","24.375856777305177","29.016042400071953","1141","1141","1141"
"109632","28.16428705125643","27.0602310947508","29.26834300776206","1142","1142","1142"
"109728","27.60524099439931","27.012215332455757","28.198266656342867","1143","1143","1143"
"109824","23.353348778481276","17.472788435899314","29.233909121063235","1144","1144","1144"
"109920","21.876313458799412","14.326542711086296","29.42608420651253","1145","1145","1145"
"110016","23.290434641639685","17.186074277803215","29.39479500547615","1146","1146","1146"
"110112","29.317736260464933","29.317736260464933","29.317736260464933","1147","1147","1147"
"110208","24.519740845111897","20.01344756406618","29.02603412615762","1148","1148","1148"
"110304","26.137181670919762","23.480580330456686","28.79378301138284","1149","1149","1149"
"110400","14.724703855067158","0.3836174986676703","29.065790211466645","1150","1150","1150"
"110496","27.993280968280246","27.0602310947508","28.926330841809687","1151","1151","1151"
"110592","28.283861388231042","27.10922012205122","29.458502654410864","1152","1152","1152"
"110688","23.58577267174353","17.53164628558849","29.63989905789857","1153","1153","1153"
"110784","23.14898876757315","17.63286107338002","28.665116461766278","1154","1154","1154"
"110880","27.922818774640643","26.802257510168566","29.04338003911272","1155","1155","1155"
"110976","28.511192608100774","28.511192608100774","28.511192608100774","1156","1156","1156"
"111072","24.271302594282247","21.76301866248048","26.77958652608401","1157","1157","1157"
"111168","16.51430536723758","16.51430536723758","16.51430536723758","1158","1158","1158"
"111264","22.843932336058675","16.51430536723758","29.17355930487977","1159","1159","1159"
"111360","22.36831698433447","16.51430536723758","28.222328601431357","1160","1160","1160"
"111456","28.3385536186414","26.761897996243366","29.915209241039435","1161","1161","1161"
"111552","25.21605499785208","20.587897562879554","29.844212432824605","1162","1162","1162"
"111648","28.12398090462448","26.75358438206112","29.494377427187846","1163","1163","1163"
"111744","28.27049852198126","27.01173195772338","29.52926508623914","1164","1164","1164"
"111840","20.5802874422475","13.673667655366955","27.486907229128043","1165","1165","1165"
"111936","26.621138912191604","24.376463077755538","28.865814746627674","1166","1166","1166"
"112032","25.283332301003583","21.811762744644398","28.754901857362768","1167","1167","1167"
"112224","24.890484379081986","24.890484379081986","24.890484379081986","1169","1169","1169"
"112320","27.22959419578605","26.913840420639094","27.545347970933005","1170","1170","1170"
"112416","28.332453455405442","27.10922012205122","29.555686788759665","1171","1171","1171"
"112512","28.1967493910358","27.131223627191474","29.262275154880125","1172","1172","1172"
"112608","23.96776295418727","18.267165922186262","29.668359986188275","1173","1173","1173"
"112704","27.507001637041075","26.953877519528717","28.060125754553432","1174","1174","1174"
"112800","22.63349957183687","16.352094106476866","28.914905037196878","1175","1175","1175"
"112896","26.48573503269326","24.35388760782081","28.61758245756571","1176","1176","1176"
"112992","24.252419572385215","19.187958048451218","29.316881096319214","1177","1177","1177"
"113088","22.545594750249467","16.51430536723758","28.576884133261355","1178","1178","1178"
"113184","21.00990950856771","13.12481000961293","28.895009007522493","1179","1179","1179"
"113280","25.091578164914317","20.326650766982944","29.856505562845694","1180","1180","1180"
"113376","29.740853446436184","29.740853446436184","29.740853446436184","1181","1181","1181"
"113472","27.453327587048946","27.088262756170078","27.818392417927818","1182","1182","1182"
"113568","29.48927572793293","29.48927572793293","29.48927572793293","1183","1183","1183"
"113664","25.725505921419426","21.811762744644398","29.639249098194455","1184","1184","1184"
"113760","26.277631323467475","23.549529683105153","29.0057329638298","1185","1185","1185"
"113856","24.30059119729604","19.457260285705264","29.143922108886816","1186","1186","1186"
"113952","22.614321786990324","16.51430536723758","28.714338206743065","1187","1187","1187"
"114048","25.2569908902576","21.811762744644398","28.702219035870804","1188","1188","1188"
"114144","23.037541617400137","17.340038345112855","28.735044889687416","1189","1189","1189"
"114240","28.101338915742517","27.0602310947508","29.14244673673423","1190","1190","1190"
"114336","26.822802640228115","24.33107943527494","29.31452584518129","1191","1191","1191"
"114432","24.34338570490273","24.34338570490273","24.34338570490273","1192","1192","1192"
"114528","18.48921239359204","7.560922824650426","29.417501962533656","1193","1193","1193"
"114624","23.182664976270047","17.263657285357294","29.101672667182797","1194","1194","1194"
"114720","23.508909568381906","17.2863273911869","29.73149174557691","1195","1195","1195"
"114816","22.270605794147205","16.51430536723758","28.02690622105683","1196","1196","1196"
"114912","28.01540226035531","26.84225940019651","29.18854512051411","1197","1197","1197"
"115008","26.3073826157721","24.49395993791701","28.120805293627193","1198","1198","1198"
"115104","26.238446709481895","25.41469967363622","27.06219374532757","1199","1199","1199"
"115200","14.440999123570018","0.3836174986676703","28.498380748472364","1200","1200","1200"
"115296","14.640970569179187","0.20364546574092035","29.078295672617454","1201","1201","1201"
"115392","23.251587723141814","17.422789894200754","29.080385552082873","1202","1202","1202"
"115488","25.685060878700554","21.713856937538804","29.656264819862308","1203","1203","1203"
"115584","28.114521594222918","26.686881044022442","29.542162144423393","1204","1204","1204"
"115680","27.069170162585365","27.069170162585365","27.069170162585365","1205","1205","1205"
"115776","23.572566380698596","17.22992352035776","29.915209241039435","1206","1206","1206"
"115872","25.64738633901424","21.789993660597027","29.504779017431456","1207","1207","1207"
"115968","27.649085332881217","26.62595284915085","28.672217816611585","1208","1208","1208"
"116064","27.985312224553333","26.81722386639265","29.153400582714013","1209","1209","1209"
"116160","28.15139079542921","26.826649982439797","29.476131608418626","1210","1210","1210"
"116256","23.182040929877772","18.109081742576944","28.255000117178596","1211","1211","1211"
"116352","28.63365087103712","28.63365087103712","28.63365087103712","1212","1212","1212"
"116448","27.968242433461985","27.968242433461985","27.968242433461985","1213","1213","1213"
"116544","28.08214904702246","27.01274476145384","29.15155333259108","1214","1214","1214"
"116640","22.6112904276712","16.35299848855188","28.869582366790517","1215","1215","1215"
"116736","16.336133054640097","16.336133054640097","16.336133054640097","1216","1216","1216"
"116832","27.217863402256455","25.385373746674748","29.050353057838166","1217","1217","1217"
"116928","22.470089498543445","19.73856092463855","25.201618072448337","1218","1218","1218"
"117024","24.28982405846415","21.722228919218523","26.857419197709774","1219","1219","1219"
"117120","27.419010138453626","27.019686296625345","27.818333980281906","1220","1220","1220"
"117216","27.52115612046247","26.706856437191092","28.33545580373385","1221","1221","1221"
"117312","27.270256367188644","27.07483462198948","27.465678112387806","1222","1222","1222"
"117408","28.286974590008413","27.069170162585365","29.504779017431456","1223","1223","1223"
"117504","28.222089442028512","26.98735518806927","29.456823695987758","1224","1224","1224"
"117600","23.529229683269914","17.33621097486873","29.722248391671098","1225","1225","1225"
"117696","26.781661380181376","24.14185300424102","29.42146975612173","1226","1226","1226"
"117888","27.928057489673822","26.552581582076442","29.303533397271202","1228","1228","1228"
"117984","24.504627495360953","21.722228919218523","27.287026071503384","1229","1229","1229"
"118080","26.552581582076442","26.552581582076442","26.552581582076442","1230","1230","1230"
"118176","19.492144714718286","17.355123835967774","21.6291655934688","1231","1231","1231"
"118272","20.291757149468815","17.355123835967774","23.228390462969852","1232","1232","1232"
"118368","26.880908822992414","26.880908822992414","26.880908822992414","1233","1233","1233"
"118464","16.424771541811705","16.424771541811705","16.424771541811705","1234","1234","1234"
"118560","24.228493369886603","21.669318396003472","26.787668343769734","1235","1235","1235"
"118656","22.5506782353493","21.56134417537198","23.54001229532662","1236","1236","1236"
"118752","21.07260672847554","16.35299848855188","25.792214968399207","1237","1237","1237"
"118848","15.4911669236602","7.489149771390597","23.493184075929804","1238","1238","1238"
"118944","28.88109731931061","28.88109731931061","28.88109731931061","1239","1239","1239"
"119040","28.130808446811997","26.776414869448317","29.485202024175674","1240","1240","1240"
"119136","28.24150698594576","27.01173195772338","29.471282014168146","1241","1241","1241"
"119232","29.865961826339905","29.865961826339905","29.865961826339905","1242","1242","1242"
"119328","28.04007878584696","26.450117020310422","29.630040551383495","1243","1243","1243"
"119424","28.46973454121996","26.9270386141744","30.01243046826552","1244","1244","1244"
"119520","28.932936783745564","28.932936783745564","28.932936783745564","1245","1245","1245"
"119616","26.196498289787115","25.428638562732843","26.964358016841384","1246","1246","1246"
"119712","22.29879906719514","16.424771541811705","28.172826592578577","1247","1247","1247"
"119808","27.39066183302175","25.427426814827783","29.353896851215715","1248","1248","1248"
"119904","24.18857454831223","22.21031739200917","26.166831704615287","1249","1249","1249"
"120000","28.32936676534791","26.8691251437071","29.789608386988718","1250","1250","1250"
"120096","27.936194765386205","26.983251897599523","28.88913763317289","1251","1251","1251"
"120192","22.243247324640706","17.182955009632188","27.303539639649227","1252","1252","1252"
"120288","29.31581955307367","29.31581955307367","29.31581955307367","1253","1253","1253"
"120384","26.850416984540082","26.850416984540082","26.850416984540082","1254","1254","1254"
"120480","27.03995869568807","27.03995869568807","27.03995869568807","1255","1255","1255"
"120576","27.961407205581366","26.95220440456289","28.970610006599838","1256","1256","1256"
"120672","21.433201391611654","21.264221353176847","21.602181430046464","1257","1257","1257"
"120768","26.6179542440439","26.6179542440439","26.6179542440439","1258","1258","1258"
"120864","24.281888693892938","19.81518626261494","28.748591125170936","1259","1259","1259"
"120960","23.052855795682447","21.52668047560563","24.57903111575926","1260","1260","1260"
"121056","25.150187304760543","21.616563947856974","28.68381066166411","1261","1261","1261"
"121152","27.557553773336174","26.509207527248105","28.605900019424247","1262","1262","1262"
"121248","27.793806979105234","26.611745143579377","28.97586881463109","1263","1263","1263"
"121344","29.14331704001346","29.14331704001346","29.14331704001346","1264","1264","1264"
"121440","29.856505562845694","29.856505562845694","29.856505562845694","1265","1265","1265"
"121536","27.806963305934325","27.0602310947508","28.553695517117852","1266","1266","1266"
"121632","27.7799131270263","26.91618380786567","28.64364244618693","1267","1267","1267"
"121728","28.298997951114366","26.980999751897244","29.616996150331488","1268","1268","1268"
"121824","27.086202751533698","27.086202751533698","27.086202751533698","1269","1269","1269"
"121920","25.36562990101531","21.83650467762441","28.894755124406206","1270","1270","1270"
"122016","28.383000972026906","26.97307731118468","29.792924632869127","1271","1271","1271"
"122112","28.17256542352837","26.96371781206624","29.3814130349905","1272","1272","1272"
"122208","28.15223319326491","26.91618380786567","29.388282578664146","1273","1273","1273"
"122304","28.388373791299074","26.96371781206624","29.813029770531905","1274","1274","1274"
"122400","25.727215318058022","21.78726823099419","29.66716240512185","1275","1275","1275"
"122496","25.45194929422524","21.83650467762441","29.06739391082607","1276","1276","1276"
"122592","28.175792996918457","28.175792996918457","28.175792996918457","1277","1277","1277"
"122688","21.635039935825866","21.635039935825866","21.635039935825866","1278","1278","1278"
"122784","28.005625719257107","26.38374863137099","29.627502807143223","1279","1279","1279"
"122880","28.20621624727012","26.64122006924805","29.77121242529219","1280","1280","1280"
"122976","28.341577772642744","26.826649982439797","29.856505562845694","1281","1281","1281"
"123072","28.259839410037635","27.003270974503085","29.516407845572186","1282","1282","1282"
"123168","24.965881519686118","20.247247048058004","29.684515991314232","1283","1283","1283"
"123264","28.55606714742991","27.15870398801124","29.95343030684858","1284","1284","1284"
"123360","21.124703495496394","13.23783348678793","29.01157350420486","1285","1285","1285"
"123456","28.26157359309494","26.776414869448317","29.746732316741564","1286","1286","1286"
"123552","21.651909932768532","13.677157383996299","29.626662481540762","1287","1287","1287"
"123648","28.32641114769291","27.031995979763444","29.620826315622377","1288","1288","1288"
"123744","20.890296041039687","12.263262567502624","29.517329514576748","1289","1289","1289"
"123840","26.972101953222605","26.834983784393994","27.10922012205122","1290","1290","1290"
"123936","21.342126163010736","13.721924296709236","28.962328029312236","1291","1291","1291"
"124032","29.194472038666472","29.194472038666472","29.194472038666472","1292","1292","1292"
"124128","28.010424729031897","26.44089801067158","29.57995144739221","1293","1293","1293"
"124224","28.265344939086475","27.10922012205122","29.42146975612173","1294","1294","1294"
"124320","29.885857401942566","29.885857401942566","29.885857401942566","1295","1295","1295"
"124416","20.70956451395386","13.721924296709236","27.697204731198486","1296","1296","1296"
"124512","23.018439026974022","16.51430536723758","29.52257268671047","1297","1297","1297"
"124608","23.326363045860067","17.158348664532287","29.494377427187846","1298","1298","1298"
"124704","26.703591764456508","26.703591764456508","26.703591764456508","1299","1299","1299"
"124800","25.608784868142983","21.55040733116412","29.66716240512185","1300","1300","1300"
"124896","26.93336943808987","24.2054496165835","29.661289259596238","1301","1301","1301"
"124992","26.275578050195143","23.867345438726172","28.68381066166411","1302","1302","1302"
"125088","22.028702830959716","16.51430536723758","27.54310029468185","1303","1303","1303"
"125184","20.92063562094674","16.424771541811705","25.41649970008178","1304","1304","1304"
"125280","23.9526837107357","20.30891785275609","27.59644956871531","1305","1305","1305"
"125376","26.500193934475703","26.430702028742434","26.56968584020897","1306","1306","1306"
"125472","26.54106381207623","26.441330415881566","26.640797208270893","1307","1307","1307"
"125568","11.107564802572318","11.107564802572318","11.107564802572318","1308","1308","1308"
"125664","22.23092314271866","15.250436932201053","29.211409353236263","1309","1309","1309"
"125760","23.776796863672978","18.177762893624422","29.37583083372153","1310","1310","1310"
"125856","28.14805643724634","27.10922012205122","29.186892752441462","1311","1311","1311"
"125952","27.85548941746784","27.173208045218207","28.537770789717474","1312","1312","1312"
"126048","17.973130266662626","17.973130266662626","17.973130266662626","1313","1313","1313"
"126144","21.60311526269124","16.51430536723758","26.691925158144898","1314","1314","1314"
"126240","27.41860566352731","27.049376425558748","27.78783490149587","1315","1315","1315"
"126336","28.04630527585261","27.20868769100116","28.88392286070406","1316","1316","1316"
"126432","26.739246523250685","26.485586131737133","26.992906914764234","1317","1317","1317"
"126528","29.01861228303942","29.01861228303942","29.01861228303942","1318","1318","1318"
"126624","24.908770422359513","24.908770422359513","24.908770422359513","1319","1319","1319"
"126720","25.530809814887768","21.59992744844243","29.46169218133311","1320","1320","1320"
"126816","15.28321608904208","15.28321608904208","15.28321608904208","1321","1321","1321"
"126912","21.240457156675138","18.36849998677967","24.112414326570605","1322","1322","1322"
"127008","23.76685375347942","23.521642322818934","24.012065184139907","1323","1323","1323"
"127104","13.277441584234952","0.20364546574092035","26.351237702728984","1324","1324","1324"
"127200","13.199690150715366","-0.6438973560299146","27.043277657460646","1325","1325","1325"
"127296","24.18561643054284","23.327706611676845","25.043526249408835","1326","1326","1326"
"127392","16.51430536723758","16.51430536723758","16.51430536723758","1327","1327","1327"
"127488","25.449989246603984","21.668421216713853","29.23155727649412","1328","1328","1328"
"127584","29.505058150500737","29.505058150500737","29.505058150500737","1329","1329","1329"
"127680","28.127101198481228","26.37202044465002","29.882181952312436","1330","1330","1330"
"127776","28.976314544799603","28.976314544799603","28.976314544799603","1331","1331","1331"
"127872","26.780846992302024","24.056914967172588","29.504779017431456","1332","1332","1332"
"127968","14.887184728165922","0.3836174986676703","29.390751957664172","1333","1333","1333"
"128064","21.73901158965191","21.73901158965191","21.73901158965191","1334","1334","1334"
"128160","27.408508532084767","27.05673791274345","27.760279151426086","1335","1335","1335"
"128256","26.93164468438767","26.73300324076425","27.13028612801109","1336","1336","1336"
"128352","27.15916490478602","27.089692480163045","27.228637329408997","1337","1337","1337"
"128448","28.08292484104141","28.08292484104141","28.08292484104141","1338","1338","1338"
"128544","25.501911282056717","21.66319606623396","29.34062649787947","1339","1339","1339"
"128640","28.231248665991167","27.010379578454074","29.452117753528256","1340","1340","1340"
"128736","29.56060563128625","29.56060563128625","29.56060563128625","1341","1341","1341"
"128832","22.183395020329236","14.62444799113949","29.74234204951898","1342","1342","1342"
"128928","22.069685619331747","20.02695691209289","24.112414326570605","1343","1343","1343"
"129024","28.28035865306004","27.20868769100116","29.352029615118923","1344","1344","1344"
"129120","39.88346992179474","26.91618380786567","52.85075603572382","1345","1345","1345"
"129216","13.769097672041958","0.3383983949172309","27.199796949166686","1346","1346","1346"
"129312","27.860307057301064","26.91618380786567","28.804430306736457","1347","1347","1347"
"129408","53.36345440416521","26.97834272091481","79.74856608741561","1348","1348","1348"
"129504","24.374412049741352","23.450317110478903","25.298506989003805","1349","1349","1349"
"129600","75.61620144258487","19.954622943178016","131.27777994199172","1350","1350","1350"
"129696","22.888884138559384","21.61106181612949","24.166706460989282","1351","1351","1351"
"129792","22.859904358021346","21.76301866248048","23.95679005356221","1352","1352","1352"
"129888","48.75127198284537","48.75127198284537","48.75127198284537","1353","1353","1353"
"129984","68.90793940513821","26.8691251437071","110.94675366656931","1354","1354","1354"
"130080","25.335081617633243","23.75397942740081","26.91618380786567","1355","1355","1355"
"130176","33.37553958364989","16.51430536723758","50.2367738000622","1356","1356","1356"
"130272","19.754669456446216","16.51430536723758","22.995033545654852","1357","1357","1357"
"130368","18.764946912788194","13.697674728195526","23.83221909738086","1358","1358","1358"
"130464","48.26145878236358","48.26145878236358","48.26145878236358","1359","1359","1359"
"130560","25.444668860039766","24.00139630231672","26.88794141776281","1360","1360","1360"
"130656","31.0464674332193","27.01993456481346","35.073000301625136","1361","1361","1361"
"130752","21.758788170870332","21.758788170870332","21.758788170870332","1362","1362","1362"
"130848","48.81860528307352","27.10922012205122","70.52799044409583","1363","1363","1363"
"130944","26.708291021395013","26.257628136263836","27.15895390652619","1364","1364","1364"
"131040","52.97051173566878","27.016220569242098","78.92480290209546","1365","1365","1365"
"131136","19.97128987104363","16.424771541811705","23.517808200275553","1366","1366","1366"
"131232","20.658645142541374","16.51430536723758","24.80298491784517","1367","1367","1367"
"131328","27.15870398801124","27.15870398801124","27.15870398801124","1368","1368","1368"
"131424","27.15870398801124","27.15870398801124","27.15870398801124","1369","1369","1369"
"131520","16.424771541811705","16.424771541811705","16.424771541811705","1370","1370","1370"
"131616","25.978117003293487","25.507216776299884","26.44901723028709","1371","1371","1371"
"131712","16.88994768888974","16.424771541811705","17.355123835967774","1372","1372","1372"
"131808","25.93389533322725","25.93389533322725","25.93389533322725","1373","1373","1373"
"131904","24.080378558237186","23.451375926756537","24.70938118971784","1374","1374","1374"
"132000","26.718043716486598","16.997543636883915","36.438543796089284","1375","1375","1375"
"132096","47.696352747415894","47.696352747415894","47.696352747415894","1376","1376","1376"
"132192","22.303436380691288","19.529963234110657","25.076909527271923","1377","1377","1377"
"132288","22.668160745418486","19.997442848847133","25.33887864198984","1378","1378","1378"
"132384","23.816695217708087","21.64536011834295","25.98803031707322","1379","1379","1379"
"132480","21.038462096765453","16.51430536723758","25.562618826293328","1380","1380","1380"
"132576","43.50837567875114","20.786314385816272","66.23043697168602","1381","1381","1381"
"132672","33.05573623173233","24.144443429974913","41.96702903348975","1382","1382","1382"
"132768","55.20841070552979","16.37147699125052","94.04534441980907","1383","1383","1383"
"132864","26.039070900249445","26.039070900249445","26.039070900249445","1384","1384","1384"
"132960","21.772618335266163","20.727590510938903","22.817646159593423","1385","1385","1385"
"133056","46.18623271970641","26.96371781206624","65.40874762734659","1386","1386","1386"
"133152","44.43936615963031","25.454772690643424","63.4239596286172","1387","1387","1387"
"133248","16.849175250118822","16.849175250118822","16.849175250118822","1388","1388","1388"
"133344","63.034803427881364","26.791101462441585","99.27850539332114","1389","1389","1389"
"133440","58.613837676588666","18.97660107592354","98.25107427725379","1390","1390","1390"
"133728","47.47640563391333","27.10922012205122","67.84359114577543","1393","1393","1393"
"133824","61.28148897982727","61.28148897982727","61.28148897982727","1394","1394","1394"
"133920","46.35881419487032","0.20364546574092035","92.51398292399972","1395","1395","1395"
"134016","25.968112835333375","25.968112835333375","25.968112835333375","1396","1396","1396"
"134112","66.02727554522981","25.509817944500295","106.54473314595933","1397","1397","1397"
"134208","25.02755457036981","24.14749537223318","25.907613768506437","1398","1398","1398"
"134304","61.7369893238751","24.41902896388604","99.05494968386417","1399","1399","1399"
"134400","65.81151217149218","26.879826377590614","104.74319796539376","1400","1400","1400"
"134496","34.96424463636086","26.98772488489481","42.9407643878269","1401","1401","1401"
"134592","25.406849538606675","23.860143237813162","26.953555839400188","1402","1402","1402"
"134688","24.563455562818618","23.846150119651796","25.28076100598544","1403","1403","1403"
"134784","65.60534968344048","25.626528629223593","105.58417073765736","1404","1404","1404"
"134880","55.44506619149793","26.8691251437071","84.02100723928875","1405","1405","1405"
"134976","63.38824640519658","22.02310024640164","104.75339256399153","1406","1406","1406"
"135072","59.450146490140106","17.228484900607317","101.6718080796729","1407","1407","1407"
"135168","70.58966166208204","25.824191092442494","115.35513223172157","1408","1408","1408"
"135264","26.882998784215836","26.882998784215836","26.882998784215836","1409","1409","1409"
"135360","68.80322100649941","27.01173195772338","110.59471005527546","1410","1410","1410"
"135456","26.932386532247293","26.932386532247293","26.932386532247293","1411","1411","1411"
"135552","64.28107215576317","26.828205750283253","101.7339385612431","1412","1412","1412"
"135648","27.189165072727576","27.189165072727576","27.189165072727576","1413","1413","1413"
"135744","117.58024868477945","117.58024868477945","117.58024868477945","1414","1414","1414"
"135840","26.571085050075265","26.571085050075265","26.571085050075265","1415","1415","1415"
"135936","61.35355982205983","26.971868602001077","95.73525104211858","1416","1416","1416"
"136032","60.80039083246672","20.395498257091834","101.2052834078416","1417","1417","1417"
"136128","71.14661208079573","26.644457980872346","115.64876618071914","1418","1418","1418"
"136224","72.14035290721614","26.581586759782557","117.69911905464971","1419","1419","1419"
"136320","55.71919788022417","7.140907989270506","104.29748777117784","1420","1420","1420"
"136416","69.98512670760775","26.890953123117804","113.07930029209768","1421","1421","1421"
"136512","24.32372445842285","24.32372445842285","24.32372445842285","1422","1422","1422"
"136608","25.41609447718576","25.41609447718576","25.41609447718576","1423","1423","1423"
"136704","25.862770157608566","25.862770157608566","25.862770157608566","1424","1424","1424"
"136800","62.987653997662505","25.674361980235354","100.30094601508966","1425","1425","1425"
"136896","66.70226456067394","26.843295707153842","106.56123341419402","1426","1426","1426"
"136992","42.83071687380158","24.848870909380196","60.81256283822295","1427","1427","1427"
"137088","66.58279421556584","25.415459357400294","107.75012907373139","1428","1428","1428"
"137184","13.634176932875215","13.634176932875215","13.634176932875215","1429","1429","1429"
"137376","67.11998785224385","14.996066146132977","119.24390955835472","1431","1431","1431"
"137472","62.45147782799947","19.19795064856793","105.70500500743101","1432","1432","1432"
"137568","23.167616219742396","23.167616219742396","23.167616219742396","1433","1433","1433"
"137664","20.260668257169645","14.20873448431148","26.312602030027808","1434","1434","1434"
"137760","26.52669577640094","26.52669577640094","26.52669577640094","1435","1435","1435"
"137856","19.21025587058128","13.141090633421996","25.279421107740564","1436","1436","1436"
"137952","23.9249182146002","23.9249182146002","23.9249182146002","1437","1437","1437"
"138048","18.254071003606104","18.254071003606104","18.254071003606104","1438","1438","1438"
"138144","68.00821176458814","24.644038040057588","111.37238548911868","1439","1439","1439"
"138240","72.85911473476715","26.373360191820986","119.34486927771331","1440","1440","1440"
"138336","26.139296009016256","26.139296009016256","26.139296009016256","1441","1441","1441"
"138432","64.34529905042055","25.290576352658555","103.40002174818255","1442","1442","1442"
"138528","23.474467035833502","23.474467035833502","23.474467035833502","1443","1443","1443"
"138624","26.633992710861904","26.633992710861904","26.633992710861904","1444","1444","1444"
"138720","23.69755072481658","23.69755072481658","23.69755072481658","1445","1445","1445"
"138816","26.613525986621564","26.613525986621564","26.613525986621564","1446","1446","1446"
"138912","70.74182941699596","23.4994563575402","117.98420247645171","1447","1447","1447"
"139008","26.80817775321659","26.80817775321659","26.80817775321659","1448","1448","1448"
"139104","26.07044999666498","26.07044999666498","26.07044999666498","1449","1449","1449"
"139200","56.81124594877782","20.039848632528784","93.58264326502685","1450","1450","1450"
"139296","26.20742921461612","26.20742921461612","26.20742921461612","1451","1451","1451"
"139392","64.01914699732907","27.050345131953865","100.98794886270429","1452","1452","1452"
"139488","69.0545084294501","24.717257076630048","113.39175978227013","1453","1453","1453"
"139584","26.980781593928707","26.980781593928707","26.980781593928707","1454","1454","1454"
"139680","26.65935145839824","26.65935145839824","26.65935145839824","1455","1455","1455"
"139776","26.72064976221509","26.72064976221509","26.72064976221509","1456","1456","1456"
"139872","70.96171521949606","26.82212189538806","115.10130854360406","1457","1457","1457"
"139968","22.842845402608646","22.842845402608646","22.842845402608646","1458","1458","1458"
"140064","67.64205487604902","24.01782010705373","111.2662896450443","1459","1459","1459"
"140160","7.489149771390597","7.489149771390597","7.489149771390597","1460","1460","1460"
"140256","26.39402657775684","26.39402657775684","26.39402657775684","1461","1461","1461"
"140352","62.979990293789946","26.609278321760645","99.35070226581925","1462","1462","1462"
"140448","26.587404633344928","26.587404633344928","26.587404633344928","1463","1463","1463"
"140640","72.50221585616971","72.50221585616971","72.50221585616971","1465","1465","1465"
"140736","17.355123835967774","17.355123835967774","17.355123835967774","1466","1466","1466"
"140832","68.20349327381636","26.31023347688458","110.09675307074815","1467","1467","1467"
"140928","75.24523110714452","26.862677244653582","123.62778496963544","1468","1468","1468"
"141024","26.640833276921146","26.640833276921146","26.640833276921146","1469","1469","1469"
"141120","72.57982776958767","21.874636650385575","123.28501888878975","1470","1470","1470"
"141216","62.637219999854665","26.123406460626093","99.15103353908324","1471","1471","1471"
"141408","72.96729654142183","26.74595187220518","119.18864121063848","1473","1473","1473"
"141504","26.69350607706063","26.69350607706063","26.69350607706063","1474","1474","1474"
"141600","120.47748311241514","120.47748311241514","120.47748311241514","1475","1475","1475"
"141696","123.46824391010527","123.46824391010527","123.46824391010527","1476","1476","1476"
"141792","19.736174367474746","19.736174367474746","19.736174367474746","1477","1477","1477"
"141888","71.12474637469124","25.867214747884834","116.38227800149764","1478","1478","1478"
"141984","68.64136542899469","23.424061521045747","113.85866933694363","1479","1479","1479"
"142080","26.21279274858968","26.21279274858968","26.21279274858968","1480","1480","1480"
"142176","26.68731910296721","26.68731910296721","26.68731910296721","1481","1481","1481"
"142272","25.52350012835925","25.52350012835925","25.52350012835925","1482","1482","1482"
"142464","73.6954776665489","25.41153719065916","121.97941814243865","1484","1484","1484"
"142560","74.93081097185035","26.69898663396367","123.16263530973703","1485","1485","1485"
"142656","76.51149552556105","26.8335596451259","126.1894314059962","1486","1486","1486"
"142752","25.23615866193156","25.23615866193156","25.23615866193156","1487","1487","1487"
"142848","69.48680839960275","17.868131534736264","121.10548526446922","1488","1488","1488"
"142944","118.22247399146339","118.22247399146339","118.22247399146339","1489","1489","1489"
"143040","61.03258278725104","25.992464537602828","96.07270103689925","1490","1490","1490"
"143136","73.08187839998911","24.118920309818733","122.04483649015947","1491","1491","1491"
"143232","26.498526359410846","26.498526359410846","26.498526359410846","1492","1492","1492"
"143328","63.40502173294928","14.41862875280658","112.39141471309198","1493","1493","1493"
"143424","70.89451748499619","26.73801149526819","115.05102347472419","1494","1494","1494"
"143520","73.85842890865017","22.80761279148864","124.90924502581169","1495","1495","1495"
"143616","74.65890126993166","26.268858080078303","123.04894445978502","1496","1496","1496"
"143712","23.774339133361227","23.774339133361227","23.774339133361227","1497","1497","1497"
"143808","74.8171465725851","26.46262489567341","123.17166824949679","1498","1498","1498"
"143904","22.39036187240979","22.39036187240979","22.39036187240979","1499","1499","1499"
"144000","75.50514502751156","25.94554162332976","125.06474843169337","1500","1500","1500"
"144096","72.3199671078202","25.54823714499191","119.09169707064851","1501","1501","1501"
"144192","74.09355529261003","25.025948992535003","123.16116159268506","1502","1502","1502"
"144384","64.41575389828303","18.881666815176995","109.94984098138906","1504","1504","1504"
"144480","20.63866968895833","20.63866968895833","20.63866968895833","1505","1505","1505"
"144576","70.47878889205882","21.0799629496625","119.87761483445514","1506","1506","1506"
"144768","71.67735242151066","20.2499337693815","123.10477107363982","1508","1508","1508"
"144864","73.38582558086456","23.7227067019441","123.04894445978502","1509","1509","1509"
"144960","73.81809978493425","25.19286208451439","122.4433374853541","1510","1510","1510"
"145056","24.577084051947317","24.577084051947317","24.577084051947317","1511","1511","1511"
"145152","26.38317344598915","26.38317344598915","26.38317344598915","1512","1512","1512"
"145248","74.58529708539835","26.009432578111653","123.16116159268506","1513","1513","1513"
"145344","123.9362704620998","123.9362704620998","123.9362704620998","1514","1514","1514"
"145440","74.5767125434918","26.053572855870357","123.09985223111323","1515","1515","1515"
"145536","80.74162406320907","36.845876829883586","124.63737129653455","1516","1516","1516"
"145632","17.378556306699902","17.378556306699902","17.378556306699902","1517","1517","1517"
"145728","71.528041240322","16.424771541811705","126.63131093883229","1518","1518","1518"
"145824","24.358824020170506","24.358824020170506","24.358824020170506","1519","1519","1519"
"145920","111.14686791836235","97.32866419705819","124.96507163966649","1520","1520","1520"
"146016","74.93111279266216","24.707638046657237","125.1545875386671","1521","1521","1521"
"146112","71.02625609472534","17.14326716363898","124.90924502581169","1522","1522","1522"
"146208","13.449674842751493","13.449674842751493","13.449674842751493","1523","1523","1523"
"146304","125.03129984376488","125.03129984376488","125.03129984376488","1524","1524","1524"
"146400","73.31495804581176","20.497444805875052","126.13247128574848","1525","1525","1525"
"146496","38.827020494564366","38.827020494564366","38.827020494564366","1526","1526","1526"
"146592","112.12090504526441","98.10933880478035","126.13247128574848","1527","1527","1527"
"146688","68.41139318831804","16.35299848855188","120.46978788808421","1528","1528","1528"
"146784","16.424771541811705","16.424771541811705","16.424771541811705","1529","1529","1529"
"146880","66.99344730599437","8.404194520239688","125.58270009174903","1530","1530","1530"
"146976","11.921432995237534","11.921432995237534","11.921432995237534","1531","1531","1531"
"147072","78.08355350414436","28.989914241604225","127.17719276668448","1532","1532","1532"
"147168","8.234002733560592","8.234002733560592","8.234002733560592","1533","1533","1533"
"147264","74.271515089431","24.98744747569011","123.55558270317191","1534","1534","1534"
"147360","125.03129984376488","125.03129984376488","125.03129984376488","1535","1535","1535"
"147456","75.71460319946289","31.251367496397833","120.17783890252792","1536","1536","1536"
"147552","70.08788662246286","19.70890291716889","120.46687032775684","1537","1537","1537"
"147648","68.13465123123834","10.203728352585163","126.06557410989151","1538","1538","1538"
"147840","119.10604662877135","119.10604662877135","119.10604662877135","1540","1540","1540"
"147936","75.60913750139406","25.45766385567499","125.76061114711312","1541","1541","1541"
"148032","74.76686305942238","26.633992710861904","122.89973340798284","1542","1542","1542"
"148128","74.79021104417855","25.7048478942134","123.8755741941437","1543","1543","1543"
"148320","65.71746748280292","22.97603548180424","108.45889948380159","1545","1545","1545"
"148512","16.336133054640097","16.336133054640097","16.336133054640097","1547","1547","1547"
"148608","74.16814329324542","23.37121494682436","124.96507163966649","1548","1548","1548"
"148704","57.058003583738284","57.058003583738284","57.058003583738284","1549","1549","1549"
"148800","24.621792405016755","24.621792405016755","24.621792405016755","1550","1550","1550"
"148896","71.96678332814062","20.057992462137534","123.8755741941437","1551","1551","1551"
"148992","20.11694972394998","20.11694972394998","20.11694972394998","1552","1552","1552"
"149088","18.643240720144224","18.643240720144224","18.643240720144224","1553","1553","1553"
"149184","67.75895425956608","21.480749489830956","114.03715902930121","1554","1554","1554"
"149280","31.09925838850512","31.09925838850512","31.09925838850512","1555","1555","1555"
"149376","82.21747301366906","39.40364618357323","125.03129984376488","1556","1556","1556"
"149472","61.493612228989676","61.493612228989676","61.493612228989676","1557","1557","1557"
"149568","22.130893696980007","22.130893696980007","22.130893696980007","1558","1558","1558"
"149664","19.407089718592363","19.407089718592363","19.407089718592363","1559","1559","1559"
"149760","71.951641858462","17.83770960703249","126.06557410989151","1560","1560","1560"
"149856","26.26642691064223","26.26642691064223","26.26642691064223","1561","1561","1561"
"149952","103.15088793245249","80.1693045791565","126.13247128574848","1562","1562","1562"
"150144","120.73563554343232","120.73563554343232","120.73563554343232","1564","1564","1564"
"150432","16.424771541811705","16.424771541811705","16.424771541811705","1567","1567","1567"
"150528","22.54055204071611","22.54055204071611","22.54055204071611","1568","1568","1568"
"150624","15.698854901893538","15.698854901893538","15.698854901893538","1569","1569","1569"
"150720","79.18255847402153","33.333817104278175","125.03129984376488","1570","1570","1570"
"150816","16.424771541811705","16.424771541811705","16.424771541811705","1571","1571","1571"
"150912","116.91413117618718","108.79696250860948","125.03129984376488","1572","1572","1572"
"151008","120.9736911383134","120.9736911383134","120.9736911383134","1573","1573","1573"
"151104","16.336133054640097","16.336133054640097","16.336133054640097","1574","1574","1574"
"151200","20.49256642709762","20.49256642709762","20.49256642709762","1575","1575","1575"
"151296","122.99367611206878","122.99367611206878","122.99367611206878","1576","1576","1576"
"151392","104.52322681568438","104.52322681568438","104.52322681568438","1577","1577","1577"
"151488","69.16312694028024","16.336133054640097","121.99012082592039","1578","1578","1578"
"151584","16.336133054640097","16.336133054640097","16.336133054640097","1579","1579","1579"
"151680","69.81587632629945","16.35299848855188","123.27875416404702","1580","1580","1580"
"151776","127.17719276668448","127.17719276668448","127.17719276668448","1581","1581","1581"
"151872","98.36193115529457","98.36193115529457","98.36193115529457","1582","1582","1582"
"151968","64.04644928061974","4.257958148232914","123.83494041300656","1583","1583","1583"
"152064","107.45402597860947","88.28666851893092","126.621383438288","1584","1584","1584"
"152160","102.07789674569909","90.89656419327656","113.25922929812161","1585","1585","1585"
"152256","119.4892520712101","119.4892520712101","119.4892520712101","1586","1586","1586"
"152352","107.06878082377331","107.06878082377331","107.06878082377331","1587","1587","1587"
"152544","3.34748337265975","3.34748337265975","3.34748337265975","1589","1589","1589"
"152640","79.346840732452","31.400836581809983","127.29284488309399","1590","1590","1590"
"152736","111.85189179572936","111.85189179572936","111.85189179572936","1591","1591","1591"
"152832","126.30508352240571","126.30508352240571","126.30508352240571","1592","1592","1592"
"153120","81.71153883744522","38.32488065526858","125.09819701962186","1595","1595","1595"
"153216","7.489149771390597","7.489149771390597","7.489149771390597","1596","1596","1596"
"153312","98.17844711368113","98.17844711368113","98.17844711368113","1597","1597","1597"
"153408","91.68193024724113","59.35649217418275","124.00736832029949","1598","1598","1598"
"153504","105.19451400426975","105.19451400426975","105.19451400426975","1599","1599","1599"
"153600","116.27380153128169","107.81301560938229","124.73458745318108","1600","1600","1600"
"153792","19.95791406584491","19.95791406584491","19.95791406584491","1602","1602","1602"
"153888","126.6886184786695","126.6886184786695","126.6886184786695","1603","1603","1603"
"153984","126.13247128574848","126.13247128574848","126.13247128574848","1604","1604","1604"
"154080","109.92946617077861","109.92946617077861","109.92946617077861","1605","1605","1605"
"154176","71.25405321193463","16.44253231397775","126.06557410989151","1606","1606","1606"
"154272","126.43611366215583","126.43611366215583","126.43611366215583","1607","1607","1607"
"154464","125.14465048305784","125.14465048305784","125.14465048305784","1609","1609","1609"
"154560","90.85466382533099","58.98885074509458","122.72047690556738","1610","1610","1610"
"154752","16.44253231397775","16.44253231397775","16.44253231397775","1612","1612","1612"
"154848","109.81617190775225","109.81617190775225","109.81617190775225","1613","1613","1613"
"154944","122.13240390593799","122.13240390593799","122.13240390593799","1614","1614","1614"
"155040","59.03266013218438","59.03266013218438","59.03266013218438","1615","1615","1615"
"155136","124.89950571760906","124.89950571760906","124.89950571760906","1616","1616","1616"
"155232","118.11951388207403","111.20772792038318","125.03129984376488","1617","1617","1617"
"155424","122.92744790797039","122.92744790797039","122.92744790797039","1619","1619","1619"
"155520","89.80801522923832","56.68858255050624","122.92744790797039","1620","1620","1620"
"155616","106.13371224624598","106.13371224624598","106.13371224624598","1621","1621","1621"
"155712","109.58319269429198","109.58319269429198","109.58319269429198","1622","1622","1622"
"155808","121.85832669976458","121.85832669976458","121.85832669976458","1623","1623","1623"
"155904","114.7658157697692","108.64564232506213","120.88598921447627","1624","1624","1624"
"156000","120.935671628222","120.935671628222","120.935671628222","1625","1625","1625"
"156096","120.25279455721322","120.25279455721322","120.25279455721322","1626","1626","1626"
"156192","71.01129372610781","19.965569450438256","122.05701800177735","1627","1627","1627"
"156288","111.40704630519161","111.40704630519161","111.40704630519161","1628","1628","1628"
"156576","115.18827918829564","106.99700777051348","123.37955060607779","1631","1631","1631"
"156672","115.38168140904855","108.77324199217674","121.99012082592039","1632","1632","1632"
"156864","120.86480696647763","120.86480696647763","120.86480696647763","1634","1634","1634"
"156960","121.77816364081066","121.77816364081066","121.77816364081066","1635","1635","1635"
"157056","107.21282811065845","107.21282811065845","107.21282811065845","1636","1636","1636"
"157152","21.414663769682033","21.414663769682033","21.414663769682033","1637","1637","1637"
"157248","16.336133054640097","16.336133054640097","16.336133054640097","1638","1638","1638"
"157344","114.2790930532206","105.68545386270989","122.87273224373132","1639","1639","1639"
"157632","34.933169229681326","34.933169229681326","34.933169229681326","1642","1642","1642"
"157728","108.3671261994217","108.3671261994217","108.3671261994217","1643","1643","1643"
"157824","125.61533415268516","125.61533415268516","125.61533415268516","1644","1644","1644"
"158016","58.02522301041555","16.35299848855188","99.69744753227923","1646","1646","1646"
"158112","106.80285640887594","106.80285640887594","106.80285640887594","1647","1647","1647"
"158208","115.05866065462565","106.04318948388337","124.07413182536794","1648","1648","1648"
"158400","98.99565100143772","73.91703650671897","124.07426549615647","1650","1650","1650"
"158592","6.528885139063359","6.528885139063359","6.528885139063359","1652","1652","1652"
"158688","82.89628339074255","54.446921229565625","111.34564555191949","1653","1653","1653"
"158880","124.07426549615647","124.07426549615647","124.07426549615647","1655","1655","1655"
"158976","118.11515094437038","112.15603639258428","124.07426549615647","1656","1656","1656"
"159072","111.25789344961959","111.25789344961959","111.25789344961959","1657","1657","1657"
"159168","72.42206735444555","20.810831234308196","124.03330347458291","1658","1658","1658"
"159360","124.00736832029949","124.00736832029949","124.00736832029949","1660","1660","1660"
"159456","74.13584389598134","40.323069774230845","107.94861801773182","1661","1661","1661"
"159552","116.65229528600668","107.72270500725668","125.58188556475667","1662","1662","1662"
"159648","125.09819701962186","125.09819701962186","125.09819701962186","1663","1663","1663"
"159744","126.13247128574848","126.13247128574848","126.13247128574848","1664","1664","1664"
"159936","125.09819701962186","125.09819701962186","125.09819701962186","1666","1666","1666"
"160032","117.48273564230252","108.83299999885654","126.13247128574848","1667","1667","1667"
"160128","87.59859720026854","68.7763400877752","106.42085431276189","1668","1668","1668"
"160224","16.105552576353144","16.105552576353144","16.105552576353144","1669","1669","1669"
"160320","123.05475887385539","123.05475887385539","123.05475887385539","1670","1670","1670"
"160416","114.27414316429588","107.7906131703064","120.75767315828534","1671","1671","1671"
"160608","70.09476053427065","16.248380952340202","123.9411401162011","1673","1673","1673"
"160704","125.06474843169337","125.06474843169337","125.06474843169337","1674","1674","1674"
"160800","108.49209254490222","108.49209254490222","108.49209254490222","1675","1675","1675"
"160896","95.8638692317455","95.8638692317455","95.8638692317455","1676","1676","1676"
"160992","127.17719276668448","127.17719276668448","127.17719276668448","1677","1677","1677"
"161088","112.09869432818729","99.70602643461422","124.49136222176037","1678","1678","1678"
"161184","123.46740811413494","123.46740811413494","123.46740811413494","1679","1679","1679"
"161280","121.99012082592039","121.99012082592039","121.99012082592039","1680","1680","1680"
"161376","6.973427357348484","6.973427357348484","6.973427357348484","1681","1681","1681"
"161568","105.19595203720961","105.19595203720961","105.19595203720961","1683","1683","1683"
"161664","66.35775518165876","7.560922824650426","125.1545875386671","1684","1684","1684"
"161760","71.25629347012644","71.25629347012644","71.25629347012644","1685","1685","1685"
"161856","95.3105445742798","68.47499538188228","122.14609376667732","1686","1686","1686"
"161952","116.3720835829842","107.77909552630192","124.96507163966649","1687","1687","1687"
"162048","109.45275932852704","109.45275932852704","109.45275932852704","1688","1688","1688"
"162240","123.9742542182503","123.9742542182503","123.9742542182503","1690","1690","1690"
"162336","124.00736832029949","124.00736832029949","124.00736832029949","1691","1691","1691"
"162432","125.09819701962186","125.09819701962186","125.09819701962186","1692","1692","1692"
"162528","109.317870601593","109.317870601593","109.317870601593","1693","1693","1693"
"162624","94.43219033924272","62.79880656859393","126.06557410989151","1694","1694","1694"
"162720","58.03412020096489","58.03412020096489","58.03412020096489","1695","1695","1695"
"162816","7.560922824650426","7.560922824650426","7.560922824650426","1696","1696","1696"
"162912","104.15783778554909","104.15783778554909","104.15783778554909","1697","1697","1697"
"163008","109.35799336523232","109.35799336523232","109.35799336523232","1698","1698","1698"
"163104","65.78414557247496","7.560922824650426","124.00736832029949","1699","1699","1699"
"163296","66.32955992213614","7.560922824650426","125.09819701962186","1701","1701","1701"
"163392","77.1620308072854","77.1620308072854","77.1620308072854","1702","1702","1702"
"163488","108.70921040630958","108.70921040630958","108.70921040630958","1703","1703","1703"
"163584","65.68447535634583","65.68447535634583","65.68447535634583","1704","1704","1704"
"163776","105.21959553338203","105.21959553338203","105.21959553338203","1706","1706","1706"
"163872","116.95398572825022","116.95398572825022","116.95398572825022","1707","1707","1707"
"163968","123.0206224770384","123.0206224770384","123.0206224770384","1708","1708","1708"
"164160","116.78572407650174","110.39977990350667","123.17166824949679","1710","1710","1710"
"164256","7.525036298020511","7.525036298020511","7.525036298020511","1711","1711","1711"
"164352","70.57083976937344","16.176607899080373","124.96507163966649","1712","1712","1712"
"164448","117.02382369729568","107.3928153683749","126.65483202621648","1713","1713","1713"
"164544","67.9270659919529","9.266197133546287","126.58793485035952","1714","1714","1714"
"164640","126.09902269782","126.09902269782","126.09902269782","1715","1715","1715"
"164736","116.3133611991815","110.47079094663252","122.15593145173048","1716","1716","1716"
"164832","109.1888215341702","109.1888215341702","109.1888215341702","1717","1717","1717"
"164928","116.91495966601494","108.73172231240801","125.09819701962186","1718","1718","1718"
"165024","123.43429401208574","123.43429401208574","123.43429401208574","1719","1719","1719"
"165216","122.99367611206878","122.99367611206878","122.99367611206878","1721","1721","1721"
"165312","124.00736832029949","124.00736832029949","124.00736832029949","1722","1722","1722"
"165504","107.15978881166016","95.18565207692093","119.1339255463994","1724","1724","1724"
"165600","117.06577860203276","117.06577860203276","117.06577860203276","1725","1725","1725"
"165696","93.32351329839102","63.719578688811666","122.92744790797039","1726","1726","1726"
"165792","122.86188198591297","122.86188198591297","122.86188198591297","1727","1727","1727"
"165888","123.9411401162011","123.9411401162011","123.9411401162011","1728","1728","1728"
"165984","122.89466494694167","122.89466494694167","122.89466494694167","1729","1729","1729"
"166080","121.36189466273139","121.36189466273139","121.36189466273139","1730","1730","1730"
"166176","118.374548762444","112.80795740868689","123.9411401162011","1731","1731","1731"
"166272","123.9742542182503","123.9742542182503","123.9742542182503","1732","1732","1732"
"166368","122.79697172307613","122.79697172307613","122.79697172307613","1733","1733","1733"
"166464","126.1380327576777","126.1380327576777","126.1380327576777","1734","1734","1734"
"166560","106.80285640887594","106.80285640887594","106.80285640887594","1735","1735","1735"
"166656","112.09221241081718","106.07455106713803","118.10987375449633","1736","1736","1736"
"166752","115.79913960070019","107.72270500725668","123.8755741941437","1737","1737","1737"
"167040","117.08634914745926","110.29440035716101","123.87829793775751","1740","1740","1740"
"167136","108.02354643283152","108.02354643283152","108.02354643283152","1741","1741","1741"
"167232","116.30561792648163","109.74935386705027","122.86188198591297","1742","1742","1742"
"167328","123.9414712572216","123.9414712572216","123.9414712572216","1743","1743","1743"
"167424","115.42587321873486","105.88667479780324","124.96507163966649","1744","1744","1744"
"167520","114.13808477054536","105.47919781801458","122.79697172307613","1745","1745","1745"
"167616","104.3270673582218","104.3270673582218","104.3270673582218","1746","1746","1746"
"168000","123.9411401162011","123.9411401162011","123.9411401162011","1750","1750","1750"
"168096","117.50895918924863","112.15603639258428","122.86188198591297","1751","1751","1751"
"168192","122.86188198591297","122.86188198591297","122.86188198591297","1752","1752","1752"
"168288","16.336133054640097","16.336133054640097","16.336133054640097","1753","1753","1753"
"168384","115.56758542833111","106.17009921699574","124.96507163966649","1754","1754","1754"
"168480","123.8755741941437","123.8755741941437","123.8755741941437","1755","1755","1755"
"168576","7.327656241162488","7.327656241162488","7.327656241162488","1756","1756","1756"
"168672","59.014593835609965","59.014593835609965","59.014593835609965","1757","1757","1757"
"168768","117.32669892858429","108.58782374727707","126.06557410989151","1758","1758","1758"
"168864","69.39345273857886","29.43855081333306","109.34835466382465","1759","1759","1759"
"168960","111.68832814077675","111.68832814077675","111.68832814077675","1760","1760","1760"
"169152","7.560922824650426","7.560922824650426","7.560922824650426","1762","1762","1762"
"169248","16.248380952340202","16.248380952340202","16.248380952340202","1763","1763","1763"
"169344","51.81398805583472","51.81398805583472","51.81398805583472","1764","1764","1764"
"169536","90.89081570321494","56.750331562665","125.03129984376488","1766","1766","1766"
"169632","123.9411401162011","123.9411401162011","123.9411401162011","1767","1767","1767"
"169728","122.86188198591297","122.86188198591297","122.86188198591297","1768","1768","1768"
"169824","116.55751870405284","110.19788707447645","122.91715033362922","1769","1769","1769"
"169920","58.903412022392004","58.903412022392004","58.903412022392004","1770","1770","1770"
"170016","124.45343701895429","124.45343701895429","124.45343701895429","1771","1771","1771"
"170112","111.89169559586935","111.89169559586935","111.89169559586935","1772","1772","1772"
"170208","124.9705741520176","124.9705741520176","124.9705741520176","1773","1773","1773"
"170400","122.79697172307613","122.79697172307613","122.79697172307613","1775","1775","1775"
"170496","124.96507163966649","124.96507163966649","124.96507163966649","1776","1776","1776"
"170592","123.8755741941437","123.8755741941437","123.8755741941437","1777","1777","1777"
"170688","81.17962614157238","81.17962614157238","81.17962614157238","1778","1778","1778"
"170784","120.83731943372565","120.83731943372565","120.83731943372565","1779","1779","1779"
"170880","87.6890280658843","58.36112166375915","117.01693446800945","1780","1780","1780"
"170976","109.53262004880911","109.53262004880911","109.53262004880911","1781","1781","1781"
"171072","66.95601064585982","16.336133054640097","117.57588823707954","1782","1782","1782"
"171168","106.41222708623988","106.41222708623988","106.41222708623988","1783","1783","1783"
"171264","118.92837729691875","118.92837729691875","118.92837729691875","1784","1784","1784"
"171360","118.84256347709223","118.84256347709223","118.84256347709223","1785","1785","1785"
"171456","65.45698206249291","11.032741694462228","119.8812224305236","1786","1786","1786"
"171552","16.248380952340202","16.248380952340202","16.248380952340202","1787","1787","1787"
"171648","112.0293467704374","102.52797634817853","121.53071719269627","1788","1788","1788"
"171744","99.7918050637958","99.7918050637958","99.7918050637958","1789","1789","1789"
"171840","113.04233529217552","103.18427820573744","122.90039237861362","1790","1790","1790"
"172032","97.7298299229476","71.45229152559573","124.00736832029949","1792","1792","1792"
"172128","122.81882484489786","122.81882484489786","122.81882484489786","1793","1793","1793"
"172224","98.68820296387652","74.57943420467691","122.79697172307613","1794","1794","1794"
"172320","107.76244296389943","107.76244296389943","107.76244296389943","1795","1795","1795"
"172416","102.05178806818965","102.05178806818965","102.05178806818965","1796","1796","1796"
"172512","108.78220422745609","108.78220422745609","108.78220422745609","1797","1797","1797"
"172608","113.84589030780984","102.6604807718548","125.03129984376488","1798","1798","1798"
"172704","124.9687399812339","124.9687399812339","124.9687399812339","1799","1799","1799"
"172800","124.96507163966649","124.96507163966649","124.96507163966649","1800","1800","1800"
"172896","111.29665652461907","111.29665652461907","111.29665652461907","1801","1801","1801"
"172992","117.55258470278599","109.03959529568047","126.06557410989151","1802","1802","1802"
"173280","124.1235045568335","124.1235045568335","124.1235045568335","1805","1805","1805"
"173376","125.0040227399461","125.0040227399461","125.0040227399461","1806","1806","1806"
"173472","110.02620001137102","110.02620001137102","110.02620001137102","1807","1807","1807"
"173568","125.03129984376488","125.03129984376488","125.03129984376488","1808","1808","1808"
"173856","118.48635661788259","113.0315731195641","123.9411401162011","1811","1811","1811"
"173952","112.15603639258428","112.15603639258428","112.15603639258428","1812","1812","1812"
"174048","119.6263414462421","113.12021160673571","126.13247128574848","1813","1813","1813"
"174144","66.10034996324515","66.10034996324515","66.10034996324515","1814","1814","1814"
"174240","125.09819701962186","125.09819701962186","125.09819701962186","1815","1815","1815"
"174336","110.33365332243349","110.33365332243349","110.33365332243349","1816","1816","1816"
"174432","107.71490895969886","107.71490895969886","107.71490895969886","1817","1817","1817"
"174528","125.58188556475667","125.58188556475667","125.58188556475667","1818","1818","1818"
"174624","110.3431912795179","110.3431912795179","110.3431912795179","1819","1819","1819"
"174720","119.00023878906799","111.34564555191949","126.65483202621648","1820","1820","1820"
"174816","126.06557410989151","126.06557410989151","126.06557410989151","1821","1821","1821"
"174912","123.9411401162011","123.9411401162011","123.9411401162011","1822","1822","1822"
"175008","89.76530212924308","54.565532618819674","124.96507163966649","1823","1823","1823"
"175104","125.58188556475667","125.58188556475667","125.58188556475667","1824","1824","1824"
"175200","16.336133054640097","16.336133054640097","16.336133054640097","1825","1825","1825"
"175296","90.57168822601747","57.202236335833845","123.9411401162011","1826","1826","1826"
"175392","16.26436000138027","16.26436000138027","16.26436000138027","1827","1827","1827"
"175584","57.46963465686687","6.158075192676927","108.78119412105681","1829","1829","1829"
"175680","106.80285640887594","106.80285640887594","106.80285640887594","1830","1830","1830"
"175776","106.80285640887594","106.80285640887594","106.80285640887594","1831","1831","1831"
"175872","76.35933681274757","76.35933681274757","76.35933681274757","1832","1832","1832"
"176064","116.8565018141302","108.6430838252364","125.06991980302399","1834","1834","1834"
"176160","94.08136516308153","64.22159020996197","123.9411401162011","1835","1835","1835"
"176256","101.36167025853163","78.4372560272818","124.28608448978144","1836","1836","1836"
"176352","93.8997249980335","64.43072190603868","123.36872809002833","1837","1837","1837"
"176448","117.28299670051473","109.53469355726456","125.03129984376488","1838","1838","1838"
"176544","111.24026600557383","111.24026600557383","111.24026600557383","1839","1839","1839"
"176640","70.26641281151498","16.352094106476866","124.1807315165531","1840","1840","1840"
"176736","111.11086661812995","111.11086661812995","111.11086661812995","1841","1841","1841"
"176928","124.96507163966649","124.96507163966649","124.96507163966649","1843","1843","1843"
"177120","117.1799391788567","109.35652124466708","125.0033571130463","1845","1845","1845"
"177216","116.44774006490485","106.76300884406122","126.13247128574848","1846","1846","1846"
"177408","102.49969484085567","102.49969484085567","102.49969484085567","1848","1848","1848"
"177600","126.13595369068493","126.13595369068493","126.13595369068493","1850","1850","1850"
"177696","116.39126329131453","107.6843295630072","125.09819701962186","1851","1851","1851"
"177792","126.1101722271295","126.1101722271295","126.1101722271295","1852","1852","1852"
"177888","107.44939878492494","107.44939878492494","107.44939878492494","1853","1853","1853"
"177984","117.11907625511935","109.13995549061683","125.09819701962186","1854","1854","1854"
"178080","110.03847692856904","110.03847692856904","110.03847692856904","1855","1855","1855"
"178176","110.8553415377879","110.8553415377879","110.8553415377879","1856","1856","1856"
"178272","110.93803965488243","110.93803965488243","110.93803965488243","1857","1857","1857"
"178368","105.1957916669292","85.36028349009351","125.03129984376488","1858","1858","1858"
"178560","115.70146006315248","106.37162028254008","125.03129984376488","1860","1860","1860"
"178656","117.5682322022571","109.00399311876569","126.13247128574848","1861","1861","1861"
"178752","126.65483202621648","126.65483202621648","126.65483202621648","1862","1862","1862"
"178848","104.91277746354874","104.91277746354874","104.91277746354874","1863","1863","1863"
"178944","117.02732806709349","108.95645911456512","125.09819701962186","1864","1864","1864"
"179040","109.46543572855069","109.46543572855069","109.46543572855069","1865","1865","1865"
"179136","115.58408777777376","108.60392781975614","122.5642477357914","1866","1866","1866"
"179232","117.1074010749809","109.1783309348663","125.0364712150955","1867","1867","1867"
"179328","105.9773734462355","105.9773734462355","105.9773734462355","1868","1868","1868"
"179424","117.97223856769861","109.81200584964876","126.13247128574848","1869","1869","1869"
"179520","118.1561051482864","118.1561051482864","118.1561051482864","1870","1870","1870"
"179616","91.82630052951957","58.58268125601516","125.06991980302399","1871","1871","1871"
"179712","125.03129984376488","125.03129984376488","125.03129984376488","1872","1872","1872"
"179808","70.52320710630858","16.015114368852267","125.03129984376488","1873","1873","1873"
"180000","116.82954672437745","109.13975936672273","124.51933408203219","1875","1875","1875"
"180096","110.08099374884054","110.08099374884054","110.08099374884054","1876","1876","1876"
"180192","118.05467729428901","111.07805474481312","125.03129984376488","1877","1877","1877"
"180288","108.82647999446925","93.64559166863901","124.00736832029949","1878","1878","1878"
"180384","118.73544752771252","111.88900949066837","125.58188556475667","1879","1879","1879"
"180480","126.06557410989151","126.06557410989151","126.06557410989151","1880","1880","1880"
"180576","117.9694003167987","110.97372899393092","124.96507163966649","1881","1881","1881"
"180672","113.845521573632","113.845521573632","113.845521573632","1882","1882","1882"
"180768","110.11561544781799","110.11561544781799","110.11561544781799","1883","1883","1883"
"180864","117.10091736553669","109.17053488730849","125.03129984376488","1884","1884","1884"
"181056","66.73214283689062","7.398711563889714","126.06557410989151","1886","1886","1886"
"181152","117.67267316210544","109.24632362639088","126.09902269782","1887","1887","1887"
"181344","118.10266882262016","111.24026600557383","124.96507163966649","1889","1889","1889"
"181440","16.336133054640097","16.336133054640097","16.336133054640097","1890","1890","1890"
"181536","118.7602740996609","118.7602740996609","118.7602740996609","1891","1891","1891"
"181632","119.55759564232665","111.9379985179688","127.17719276668448","1892","1892","1892"
"181728","118.11484434736846","110.16411458484541","126.06557410989151","1893","1893","1893"
"181824","111.58913226177131","111.58913226177131","111.58913226177131","1894","1894","1894"
"181920","126.00918359084628","126.00918359084628","126.00918359084628","1895","1895","1895"
"182016","127.11029559082752","127.11029559082752","127.11029559082752","1896","1896","1896"
"182112","111.67365668542885","111.67365668542885","111.67365668542885","1897","1897","1897"
"182208","88.58053830864186","58.947288073541955","118.21378854374177","1898","1898","1898"
"182304","111.19176686854641","111.19176686854641","111.19176686854641","1899","1899","1899"
"182400","118.33065683923309","109.48412091178169","127.17719276668448","1900","1900","1900"
"182496","126.13247128574848","126.13247128574848","126.13247128574848","1901","1901","1901"
"182592","124.07426549615647","124.07426549615647","124.07426549615647","1902","1902","1902"
"182688","83.77452689852814","44.555377684987505","122.99367611206878","1903","1903","1903"
"182976","122.92744790797039","122.92744790797039","122.92744790797039","1906","1906","1906"
"183168","125.09819701962186","125.09819701962186","125.09819701962186","1908","1908","1908"
"183360","125.09819701962186","125.09819701962186","125.09819701962186","1910","1910","1910"
"183456","111.24026600557383","111.24026600557383","111.24026600557383","1911","1911","1911"
"183552","121.92389262182198","121.92389262182198","121.92389262182198","1912","1912","1912"
"183648","111.64940711691514","111.64940711691514","111.64940711691514","1913","1913","1913"
"183840","95.82755975585593","79.27404326400386","112.38107624770801","1915","1915","1915"
"184128","126.13247128574848","126.13247128574848","126.13247128574848","1918","1918","1918"
"184416","126.81017079516407","126.81017079516407","126.81017079516407","1921","1921","1921"
"184512","117.88893834095205","108.59506967957927","127.18280700232485","1922","1922","1922"
"184608","127.17719276668448","127.17719276668448","127.17719276668448","1923","1923","1923"
"184704","118.21989964426047","109.97745592920711","126.46234335931383","1924","1924","1924"
"184800","118.23306230409099","110.33365332243349","126.13247128574848","1925","1925","1925"
"184896","7.560922824650426","7.560922824650426","7.560922824650426","1926","1926","1926"
"184992","118.28490682222626","110.47079094663252","126.09902269782","1927","1927","1927"
"185088","7.560922824650426","7.560922824650426","7.560922824650426","1928","1928","1928"
"185184","7.560922824650426","7.560922824650426","7.560922824650426","1929","1929","1929"
"185280","119.68643930956998","112.19568585245547","127.17719276668448","1930","1930","1930"
"185376","7.560922824650426","7.560922824650426","7.560922824650426","1931","1931","1931"
"185568","71.24517282585161","16.424771541811705","126.06557410989153","1933","1933","1933"
"185664","126.13247128574848","126.13247128574848","126.13247128574848","1934","1934","1934"
"185760","112.10704736528386","112.10704736528386","112.10704736528386","1935","1935","1935"
"185856","112.24467487975589","112.24467487975589","112.24467487975589","1936","1936","1936"
"185952","102.95604553735834","102.95604553735834","102.95604553735834","1937","1937","1937"
"186048","113.0712225794353","113.0712225794353","113.0712225794353","1938","1938","1938"
"186144","111.32890449274544","111.32890449274544","111.32890449274544","1939","1939","1939"
"186240","118.13497567430596","112.19568585245547","124.07426549615647","1940","1940","1940"
"186336","123.72086111389957","123.72086111389957","123.72086111389957","1941","1941","1941"
"186432","110.00239879563219","108.62690407121852","111.37789352004586","1942","1942","1942"
"186528","112.28521967788134","112.28521967788134","112.28521967788134","1943","1943","1943"
"186624","77.05834899842573","77.05834899842573","77.05834899842573","1944","1944","1944"
"186720","119.03419716628221","111.41356230634794","126.65483202621648","1945","1945","1945"
"186912","80.98106388307919","39.69284567513491","122.26928209102346","1947","1947","1947"
"187104","118.11379571258489","109.5727593989533","126.65483202621648","1949","1949","1949"
"187200","109.14899362273644","109.14899362273644","109.14899362273644","1950","1950","1950"
"187296","117.33806389495288","109.5727593989533","125.10336839095248","1951","1951","1951"
"187392","107.06878082377331","107.06878082377331","107.06878082377331","1952","1952","1952"
"187488","117.05469055043667","106.93218833418887","127.17719276668448","1953","1953","1953"
"187584","127.17719276668448","127.17719276668448","127.17719276668448","1954","1954","1954"
"187680","127.17719276668448","127.17719276668448","127.17719276668448","1955","1955","1955"
"187776","116.76426721790038","107.39606315005229","126.13247128574848","1956","1956","1956"
"187872","109.14899362273644","109.14899362273644","109.14899362273644","1957","1957","1957"
"187968","109.5727593989533","109.5727593989533","109.5727593989533","1958","1958","1958"
"188064","111.28040535571802","111.28040535571802","111.28040535571802","1959","1959","1959"
"188160","110.71662457294622","110.71662457294622","110.71662457294622","1960","1960","1960"
"188352","118.64958225886662","111.16669323198474","126.13247128574848","1962","1962","1962"
"188448","125.03129984376488","125.03129984376488","125.03129984376488","1963","1963","1963"
"188544","120.73563554343232","120.73563554343232","120.73563554343232","1964","1964","1964"
"188640","114.11046652404383","114.11046652404383","114.11046652404383","1965","1965","1965"
"188736","119.1551244948237","112.24467487975589","126.06557410989151","1966","1966","1966"
"188928","110.2813798597094","109.58918103944941","110.97357867996939","1968","1968","1968"
"189024","117.25612228473608","110.38215245946091","124.13009211001126","1969","1969","1969"
"189216","125.21154765891481","125.21154765891481","125.21154765891481","1971","1971","1971"
"189408","112.63450034776564","112.63450034776564","112.63450034776564","1973","1973","1973"
"189504","89.3627690314078","70.25806805035093","108.46747001246464","1974","1974","1974"
"189600","126.07576624510082","126.07576624510082","126.07576624510082","1975","1975","1975"
"189696","97.27658461430553","97.27658461430553","97.27658461430553","1976","1976","1976"
"189792","73.78932364395881","73.78932364395881","73.78932364395881","1977","1977","1977"
"189888","107.70432765674774","107.70432765674774","107.70432765674774","1978","1978","1978"
"189984","66.56188510239079","6.934338798785381","126.1894314059962","1979","1979","1979"
"190080","98.2381474115182","98.2381474115182","98.2381474115182","1980","1980","1980"
"190176","110.00565118872973","110.00565118872973","110.00565118872973","1981","1981","1981"
"190272","126.13247128574848","126.13247128574848","126.13247128574848","1982","1982","1982"
"190368","102.9866631999309","102.9866631999309","102.9866631999309","1983","1983","1983"
"190560","119.30215917854397","111.42712559040345","127.17719276668448","1985","1985","1985"
"190656","118.52662985028125","110.92078841481403","126.13247128574848","1986","1986","1986"
"190752","59.04405214516409","59.04405214516409","59.04405214516409","1987","1987","1987"
"190944","125.09819701962186","125.09819701962186","125.09819701962186","1989","1989","1989"
"191136","110.52718146567776","110.52718146567776","110.52718146567776","1991","1991","1991"
"191232","127.17719276668448","127.17719276668448","127.17719276668448","1992","1992","1992"
"191424","70.59927042985854","16.167241015952197","125.03129984376488","1994","1994","1994"
"191520","125.09819701962186","125.09819701962186","125.09819701962186","1995","1995","1995"
"191616","127.17719276668448","127.17719276668448","127.17719276668448","1996","1996","1996"
"191712","86.07348869561969","44.90221171964885","127.24476567159051","1997","1997","1997"
"191808","126.06557410989151","126.06557410989151","126.06557410989151","1998","1998","1998"
"191904","119.65995124665389","113.18743120755929","126.13247128574848","1999","1999","1999"
"192000","118.26449897565584","111.31745029239687","125.21154765891481","2000","2000","2000"
"192192","7.560922824650426","7.560922824650426","7.560922824650426","2002","2002","2002"
"192288","120.08619418078335","113.97234417091221","126.2000441906545","2003","2003","2003"
"192384","111.29665652461907","111.29665652461907","111.29665652461907","2004","2004","2004"
"192480","127.12023264643676","127.12023264643676","127.12023264643676","2005","2005","2005"
"192576","126.13247128574848","126.13247128574848","126.13247128574848","2006","2006","2006"
"192672","119.50971332692791","110.78695966400366","128.23246698985216","2007","2007","2007"
"192864","112.26191077758955","112.26191077758955","112.26191077758955","2009","2009","2009"
"192960","125.09819701962186","125.09819701962186","125.09819701962186","2010","2010","2010"
"193056","126.2000441906545","126.2000441906545","126.2000441906545","2011","2011","2011"
"193152","118.80260362876626","110.91658877886303","126.6886184786695","2012","2012","2012"
"193344","118.755423044559","110.33365332243349","127.17719276668448","2014","2014","2014"
"193440","126.65483202621648","126.65483202621648","126.65483202621648","2015","2015","2015"
"193632","111.34564555191949","111.34564555191949","111.34564555191949","2017","2017","2017"
"193728","110.13218909640031","110.13218909640031","110.13218909640031","2018","2018","2018"
"193824","118.74835035763678","111.29665652461907","126.2000441906545","2019","2019","2019"
"193920","119.0930803291156","113.08796363860934","125.09819701962186","2020","2020","2020"
"194016","118.49650920603284","110.33818638584918","126.65483202621648","2021","2021","2021"
"194208","119.2779498524281","111.3787069381717","127.17719276668448","2023","2023","2023"
"194304","16.336133054640097","16.336133054640097","16.336133054640097","2024","2024","2024"
"194400","67.84937572932395","7.398711563889714","128.30003989475819","2025","2025","2025"
"194592","127.17719276668448","127.17719276668448","127.17719276668448","2027","2027","2027"
"194688","99.50346772431881","89.52281453685593","109.48412091178169","2028","2028","2028"
"194784","87.00941931380565","87.00941931380565","87.00941931380565","2029","2029","2029"
"194880","92.56610209366337","58.999732901578284","126.13247128574848","2030","2030","2030"
"194976","110.35079087620625","110.35079087620625","110.35079087620625","2031","2031","2031"
"195072","127.17719276668448","127.17719276668448","127.17719276668448","2032","2032","2032"
"195168","7.560922824650426","7.560922824650426","7.560922824650426","2033","2033","2033"
"195264","112.01929526298397","112.01929526298397","112.01929526298397","2034","2034","2034"
"195360","7.560922824650426","7.560922824650426","7.560922824650426","2035","2035","2035"
"195456","113.0315731195641","113.0315731195641","113.0315731195641","2036","2036","2036"
"195552","7.560922824650426","7.560922824650426","7.560922824650426","2037","2037","2037"
"195648","126.13247128574848","126.13247128574848","126.13247128574848","2038","2038","2038"
"195744","126.2000441906545","126.2000441906545","126.2000441906545","2039","2039","2039"
"195840","125.09819701962186","125.09819701962186","125.09819701962186","2040","2040","2040"
"195936","118.20116238731234","110.26985348887618","126.13247128574848","2041","2041","2041"
"196032","119.1648478112653","112.1634378843291","126.1662577382015","2042","2042","2042"
"196128","110.39004384147873","110.39004384147873","110.39004384147873","2043","2043","2043"
"196224","125.61533415268516","125.61533415268516","125.61533415268516","2044","2044","2044"
"196320","108.37703180496376","108.37703180496376","108.37703180496376","2045","2045","2045"
"196416","110.43854297850615","110.43854297850615","110.43854297850615","2046","2046","2046"
"196512","113.244391327807","113.244391327807","113.244391327807","2047","2047","2047"
"196608","118.66196506681294","113.13744750456937","124.1864826290565","2048","2048","2048"
"196704","20.814019077834452","20.814019077834452","20.814019077834452","2049","2049","2049"
"196800","123.17166824949679","123.17166824949679","123.17166824949679","2050","2050","2050"
"196896","109.68043095680862","109.68043095680862","109.68043095680862","2051","2051","2051"
"196992","118.73905841883399","111.34564555191949","126.13247128574848","2052","2052","2052"
"197280","111.34564555191949","111.34564555191949","111.34564555191949","2055","2055","2055"
"197376","7.560922824650426","7.560922824650426","7.560922824650426","2056","2056","2056"
"197472","111.24026600557383","111.24026600557383","111.24026600557383","2057","2057","2057"
"197568","126.13247128574848","126.13247128574848","126.13247128574848","2058","2058","2058"
"197664","58.57496669625239","58.57496669625239","58.57496669625239","2059","2059","2059"
"197760","119.27733013676087","111.3486997693384","127.20596050418334","2060","2060","2060"
"197856","119.36929143663217","110.43854297850615","128.30003989475819","2061","2061","2061"
"197952","118.71484870578502","111.24026600557383","126.1894314059962","2062","2062","2062"
"198048","127.17719276668448","127.17719276668448","127.17719276668448","2063","2063","2063"
"198240","126.65483202621648","126.65483202621648","126.65483202621648","2065","2065","2065"
"198336","111.2052945924653","111.2052945924653","111.2052945924653","2066","2066","2066"
"198432","113.03599502222562","113.03599502222562","113.03599502222562","2067","2067","2067"
"198528","118.94754901589516","111.24026600557383","126.65483202621648","2068","2068","2068"
"198624","112.21242691162952","112.21242691162952","112.21242691162952","2069","2069","2069"
"198720","119.39783292197669","112.10704736528386","126.6886184786695","2070","2070","2070"
"198912","126.13247128574848","126.13247128574848","126.13247128574848","2072","2072","2072"
"199008","118.28550713212732","110.43854297850615","126.13247128574848","2073","2073","2073"
"199104","117.41202712400616","108.69158296226382","126.13247128574848","2074","2074","2074"
"199200","127.17719276668448","127.17719276668448","127.17719276668448","2075","2075","2075"
"199296","109.58160907610953","109.58160907610953","109.58160907610953","2076","2076","2076"
"199392","104.21414840346046","81.25110404023643","127.17719276668448","2077","2077","2077"
"199488","113.23086729213182","113.23086729213182","113.23086729213182","2078","2078","2078"
"199776","119.694809839157","112.21242691162952","127.17719276668448","2081","2081","2081"
"199968","113.0315731195641","113.0315731195641","113.0315731195641","2083","2083","2083"