"Episode","Grouped runs - Returns_With_Instruction","Grouped runs - Returns_With_Instruction__MIN","Grouped runs - Returns_With_Instruction__MAX","Grouped runs - _step","Grouped runs - _step__MIN","Grouped runs - _step__MAX"
"0","-16.29308865755432","-18.636834415239775","-13.949342899868867","0","0","0"
"96","-13.697358842322647","-14.615061822790414","-12.779655861854879","1","1","1"
"192","-12.016802314382826","-14.149756189331882","-9.88384843943377","2","2","2"
"288","-10.06245573622956","-11.012060148805011","-9.11285132365411","3","3","3"
"384","-12.679578330572575","-13.230681132143744","-12.128475529001404","4","4","4"
"480","-11.989818305612161","-14.469115499092453","-9.510521112131867","5","5","5"
"576","-7.501295963020469","-11.178610717867821","-3.8239812081731186","6","6","6"
"672","-9.357264206473275","-9.939002533928086","-8.775525879018465","7","7","7"
"768","-10.79628154495709","-11.718432438911112","-9.874130651003066","8","8","8"
"864","-9.388535472780823","-12.421961340877097","-6.355109604684552","9","9","9"
"960","-6.733156934637558","-8.166388349980924","-5.299925519294192","10","10","10"
"1056","-6.041054544015169","-6.684048406404097","-5.398060681626241","11","11","11"
"1152","-2.0911325410373527","-7.520903242343106","3.338638160268401","12","12","12"
"1248","-3.727884274762628","-6.349000611959297","-1.1067679375659594","13","13","13"
"1344","-3.1020967758899323","-5.3292384012385146","-0.8749551505413499","14","14","14"
"1440","-3.4058325580125697","-5.982218288001218","-0.8294468280239216","15","15","15"
"1536","-2.0727993690133957","-5.826299276117948","1.680700538091156","16","16","16"
"1632","-0.208406939944767","-3.7080927081507946","3.2912788282612606","17","17","17"
"1728","-4.289633231814291","-8.023762281698358","-0.555504181930223","18","18","18"
"1824","-2.082799831386682","-4.598464240332613","0.4328645775592501","19","19","19"
"1920","-1.4261094826501024","-2.6003067184580297","-0.2519122468421749","20","20","20"
"2016","-2.502135140946042","-4.611101076382009","-0.39316920551007534","21","21","21"
"2112","-2.1121040477794377","-2.852959454005201","-1.3712486415536749","22","22","22"
"2208","-1.9251065205691407","-2.9954510043672578","-0.8547620367710234","23","23","23"
"2304","-3.2252001990026464","-4.38825170537888","-2.0621486926264128","24","24","24"
"2400","-3.5212424204562955","-4.838703173749607","-2.2037816671629833","25","25","25"
"2496","-2.508093638290679","-2.869642219233195","-2.1465450573481633","26","26","26"
"2592","-4.534871096803502","-6.1570404632605955","-2.9127017303464084","27","27","27"
"2688","-5.261470947486165","-5.612309925163021","-4.910631969809309","28","28","28"
"2784","-4.680550477511941","-5.44989782058802","-3.911203134435863","29","29","29"
"2880","-5.082243331151404","-6.119060870263367","-4.045425792039441","30","30","30"
"2976","-7.669025683565492","-8.096481860339454","-7.241569506791531","31","31","31"
"3072","-6.911879273223345","-8.660203251420382","-5.163555295026308","32","32","32"
"3168","-7.605452332342029","-8.66020325142038","-6.5507014132636785","33","33","33"
"3264","-8.66020325142038","-8.660203251420382","-8.66020325142038","34","34","34"
"3360","-5.776457391739223","-7.6313863498499","-3.9215284336285463","35","35","35"
"3456","-6.313989658175638","-6.784306650766925","-5.843672665584352","36","36","36"
"3552","-6.420213869851683","-6.93175771673035","-5.9086700229730145","37","37","37"
"3648","-7.141777618510439","-7.145880731406564","-7.137674505614313","38","38","38"
"3744","-6.622769055718056","-8.09921893054586","-5.146319180890252","39","39","39"
"3840","-6.316378660525096","-8.660203251420382","-3.972554069629809","40","40","40"
"3936","-6.725032796192537","-6.847806019722216","-6.602259572662859","41","41","41"
"4032","-7.66930376455381","-7.992395496501146","-7.346212032606474","42","42","42"
"4128","-6.161374928520223","-6.880756565515405","-5.441993291525041","43","43","43"
"4224","-6.828590589873114","-7.406601789993283","-6.250579389752945","44","44","44"
"4320","-6.828162084215096","-7.167972827655852","-6.488351340774341","45","45","45"
"4416","-7.135322748936986","-8.66020325142038","-5.610442246453592","46","46","46"
"4512","-7.480200963530859","-8.004757736544772","-6.955644190516945","47","47","47"
"4608","-8.66020325142038","-8.66020325142038","-8.66020325142038","48","48","48"
"4704","-8.290996600065236","-8.66020325142038","-7.921789948710092","49","49","49"
"4800","-7.720361267333066","-8.66020325142038","-6.780519283245753","50","50","50"
"4896","-8.403954467361885","-8.66020325142038","-8.147705683303391","51","51","51"
"4992","-8.66020325142038","-8.660203251420382","-8.66020325142038","52","52","52"
"5088","-8.221585749610469","-8.66020325142038","-7.782968247800558","53","53","53"
"5184","-7.800144896779093","-8.660203251420382","-6.940086542137803","54","54","54"
"5280","-8.66020325142038","-8.660203251420382","-8.66020325142038","55","55","55"
"5376","-7.957750590267107","-8.66020325142038","-7.255297929113834","56","56","56"
"5472","-8.090602048943222","-8.660203251420382","-7.521000846466061","57","57","57"
"5568","-7.985430027902666","-8.66020325142038","-7.3106568043849505","58","58","58"
"5664","-8.66020325142038","-8.66020325142038","-8.66020325142038","59","59","59"
"5760","-8.66020325142038","-8.660203251420382","-8.66020325142038","60","60","60"
"5856","-8.017591649335664","-8.660203251420382","-7.3749800472509435","61","61","61"
"5952","-8.43533955629113","-8.660203251420382","-8.210475861161878","62","62","62"
"6048","-8.07903683730227","-8.66020325142038","-7.49787042318416","63","63","63"
"6144","-8.339456519009143","-8.66020325142038","-8.018709786597904","64","64","64"
"6240","-8.188503696918112","-8.660203251420382","-7.716804142415839","65","65","65"
"6336","-7.748859492380689","-8.66020325142038","-6.837515733340996","66","66","66"
"6432","-8.66020325142038","-8.660203251420382","-8.66020325142038","67","67","67"
"6528","-8.66020325142038","-8.660203251420382","-8.66020325142038","68","68","68"
"6624","-7.914088039538116","-8.66020325142038","-7.167972827655852","69","69","69"
"6720","-6.662208665563945","-8.660203251420382","-4.664214079707508","70","70","70"
"6816","-7.711248639082484","-8.66020325142038","-6.762294026744587","71","71","71"
"6912","-7.466202340637199","-8.66020325142038","-6.272201429854019","72","72","72"
"7008","-6.870790845658107","-8.66020325142038","-5.081378439895832","73","73","73"
"7104","-7.120842299232183","-8.660203251420382","-5.581481347043983","74","74","74"
"7200","-7.936478359899066","-7.994405814650267","-7.878550905147866","75","75","75"
"7296","-8.660203251420382","-8.660203251420382","-8.660203251420382","76","76","76"
"7392","-8.357182443864655","-8.66020325142038","-8.05416163630893","77","77","77"
"7488","-7.978627670502119","-8.66020325142038","-7.2970520895838575","78","78","78"
"7584","-8.100616842508682","-8.66020325142038","-7.541030433596984","79","79","79"
"7680","-8.421376021684885","-8.66020325142038","-8.182548791949388","80","80","80"
"7776","-8.66020325142038","-8.660203251420382","-8.66020325142038","81","81","81"
"7872","-8.66020325142038","-8.66020325142038","-8.66020325142038","82","82","82"
"7968","-7.334847690907488","-8.660203251420382","-6.009492130394592","83","83","83"
"8064","-8.66020325142038","-8.660203251420382","-8.66020325142038","84","84","84"
"8160","-6.911890227096821","-8.66020325142038","-5.1635772027732605","85","85","85"
"8256","-7.617061049607772","-8.660203251420382","-6.57391884779516","86","86","86"
"8352","-8.371108985221579","-8.66020325142038","-8.082014719022776","87","87","87"
"8448","-8.66020325142038","-8.660203251420382","-8.66020325142038","88","88","88"
"8544","-7.8665889677767264","-8.660203251420382","-7.07297468413307","89","89","89"
"8640","-8.66020325142038","-8.660203251420382","-8.66020325142038","90","90","90"
"8736","-8.66020325142038","-8.660203251420382","-8.66020325142038","91","91","91"
"8832","-8.36818884111856","-8.660203251420382","-8.076174430816739","92","92","92"
"8928","-8.66020325142038","-8.66020325142038","-8.66020325142038","93","93","93"
"9024","-8.66020325142038","-8.660203251420382","-8.66020325142038","94","94","94"
"9120","-8.660203251420382","-8.660203251420382","-8.660203251420382","95","95","95"
"9216","-8.66020325142038","-8.66020325142038","-8.66020325142038","96","96","96"
"9312","-7.9506551088413175","-8.660203251420382","-7.241106966262254","97","97","97"
"9408","-8.66020325142038","-8.660203251420382","-8.66020325142038","98","98","98"
"9504","-7.8070100076573965","-8.66020325142038","-6.9538167638944115","99","99","99"
"9600","-8.66020325142038","-8.66020325142038","-8.66020325142038","100","100","100"
"9696","-8.66020325142038","-8.66020325142038","-8.66020325142038","101","101","101"
"9792","-8.660203251420382","-8.660203251420382","-8.660203251420382","102","102","102"
"9888","-8.473090506850173","-8.660203251420382","-8.285977762279966","103","103","103"
"9984","-7.898093088228613","-8.660203251420382","-7.135982925036844","104","104","104"
"10080","-7.914088039538116","-8.66020325142038","-7.167972827655852","105","105","105"
"10176","-8.353139670331885","-8.660203251420382","-8.046076089243389","106","106","106"
"10272","-8.052019129209757","-8.660203251420382","-7.44383500699913","107","107","107"
"10368","-8.66020325142038","-8.66020325142038","-8.66020325142038","108","108","108"
"10464","-7.387415324271972","-8.660203251420382","-6.114627397123561","109","109","109"
"10560","-8.66020325142038","-8.660203251420382","-8.66020325142038","110","110","110"
"10656","-8.660203251420382","-8.660203251420382","-8.660203251420382","111","111","111"
"10752","-8.66020325142038","-8.66020325142038","-8.66020325142038","112","112","112"
"10848","-8.660203251420382","-8.660203251420382","-8.660203251420382","113","113","113"
"10944","-7.875979707718836","-8.660203251420382","-7.091756164017289","114","114","114"
"11040","-8.66020325142038","-8.66020325142038","-8.66020325142038","115","115","115"
"11136","-8.444200083085367","-8.66020325142038","-8.22819691475035","116","116","116"
"11232","-8.66020325142038","-8.660203251420382","-8.66020325142038","117","117","117"
"11328","-7.721890848140555","-7.732913782322663","-7.710867913958448","118","118","118"
"11424","-7.6656529739164085","-7.732913782322663","-7.598392165510154","119","119","119"
"11520","-8.66020325142038","-8.660203251420382","-8.66020325142038","120","120","120"
"11616","-8.66020325142038","-8.66020325142038","-8.66020325142038","121","121","121"
"11712","-6.975791636716481","-8.66020325142038","-5.291380022012581","122","122","122"
"11808","-8.100616842508684","-8.660203251420382","-7.541030433596984","123","123","123"
"11904","-8.281196408177127","-8.41820840772741","-8.144184408626845","124","124","124"
"12000","-7.501722489871277","-8.66020325142038","-6.343241728322174","125","125","125"
"12096","-8.480463495566092","-8.660203251420382","-8.3007237397118","126","126","126"
"12192","-7.834034627584793","-8.66020325142038","-7.007866003749205","127","127","127"
"12288","-8.520002883037412","-8.660203251420382","-8.379802514654441","128","128","128"
"12384","-8.66020325142038","-8.660203251420382","-8.66020325142038","129","129","129"
"12480","-7.8860000124806575","-8.390851422481958","-7.381148602479357","130","130","130"
"12576","-7.927924348952154","-8.66020325142038","-7.195645446483928","131","131","131"
"12672","-7.655334279188375","-8.660203251420382","-6.650465306956369","132","132","132"
"12768","-8.66020325142038","-8.660203251420382","-8.66020325142038","133","133","133"
"12864","-8.29035306472624","-8.66020325142038","-7.9205028780321","134","134","134"
"12960","-7.499654801068071","-8.660203251420382","-6.33910635071576","135","135","135"
"13056","-6.421857615773588","-8.66020325142038","-4.183511980126794","136","136","136"
"13152","-8.426009566933445","-8.435412848409255","-8.416606285457634","137","137","137"
"13248","-6.277770133180326","-7.924293083672089","-4.631247182688561","138","138","138"
"13344","-7.811403057165549","-8.66020325142038","-6.962602862910717","139","139","139"
"13440","-6.280706397184877","-8.195284688836297","-4.366128105533456","140","140","140"
"13536","-7.914088039538116","-8.66020325142038","-7.167972827655852","141","141","141"
"13632","-7.368228858550659","-8.66020325142038","-6.076254465680938","142","142","142"
"13728","-7.160436310364114","-8.660203251420382","-5.660669369307844","143","143","143"
"13824","-6.406784581190108","-8.66020325142038","-4.153365910959835","144","144","144"
"13920","-6.778474277854082","-7.685179892532639","-5.8717686631755255","145","145","145"
"14016","-6.215340792608917","-8.292388708841477","-4.138292876376355","146","146","146"
"14112","-6.965185379837733","-7.48612968754541","-6.444241072130056","147","147","147"
"14208","-5.508771230502015","-7.3540226295932944","-3.6635198314107353","148","148","148"
"14304","-6.41511601753732","-8.66020325142038","-4.170028783654261","149","149","149"
"14400","-5.743357233947355","-7.212293563472083","-4.2744209044226285","150","150","150"
"14496","-4.768824544967034","-5.238140604276789","-4.299508485657278","151","151","151"
"14592","-1.5698754316474277","-2.115608941755781","-1.0241419215390746","152","152","152"
"14688","-1.4212246671490543","-4.784372240211491","1.9419229059133827","153","153","153"
"14784","-2.3373358950561736","-2.7312378453697383","-1.9434339447426086","154","154","154"
"14880","-0.5068894799436992","-3.0420943938420493","2.028315433954651","155","155","155"
"14976","-2.1095807386443077","-3.956765275918798","-0.26239620136981756","156","156","156"
"15072","1.1597782896210107","0.17434700906256753","2.145209570179454","157","157","157"
"15168","1.5806677564761034","-2.1601989004256974","5.321534413377904","158","158","158"
"15264","2.0116866278406254","-0.7358897484385059","4.759263004119757","159","159","159"
"15360","4.566483049274995","3.768518922862307","5.3644471756876815","160","160","160"
"15456","-0.2757881821595351","-0.9977040884541192","0.446127724135049","161","161","161"
"15552","1.6767888057403686","-0.8148616954388951","4.168439306919632","162","162","162"
"15648","1.899852021963329","0.5211625377627203","3.278541506163938","163","163","163"
"15744","3.4865229857573867","3.0965190601505714","3.8765269113642025","164","164","164"
"15840","2.344345895448839","1.524966226610105","3.163725564287573","165","165","165"
"15936","7.178078293224239","5.438917578052334","8.917239008396145","166","166","166"
"16032","0.13928703042939322","-0.46371559040136745","0.7422896512601539","167","167","167"
"16128","4.244747746310074","2.310773608757744","6.178721883862402","168","168","168"
"16224","3.913977184106865","3.7215800540419175","4.106374314171813","169","169","169"
"16320","7.252670336854537","6.491628510463257","8.013712163245817","170","170","170"
"16416","4.994323076228575","4.841136520388458","5.147509632068692","171","171","171"
"16512","4.85383963347029","3.893341646597689","5.814337620342892","172","172","172"
"16608","3.259227093612371","1.9484733285018774","4.5699808587228645","173","173","173"
"16704","6.268894058800454","5.505583228216803","7.032204889384104","174","174","174"
"16800","8.070336527004486","7.980278197124628","8.160394856884345","175","175","175"
"16896","6.695338121237775","5.372313262678719","8.01836297979683","176","176","176"
"16992","5.157956437139009","1.1934749779750307","9.122437896302987","177","177","177"
"17088","8.05451223414163","8.038808470956262","8.070215997326999","178","178","178"
"17184","7.989118903505819","7.919085336289006","8.059152470722632","179","179","179"
"17280","7.774347119488443","6.846132747096839","8.702561491880045","180","180","180"
"17376","6.209298551920755","5.24512395442965","7.17347314941186","181","181","181"
"17472","5.168314065544331","4.438905714266513","5.897722416822149","182","182","182"
"17568","7.758782774144623","5.463037007212298","10.054528541076948","183","183","183"
"17664","5.655729609795103","3.61036304171825","7.701096177871956","184","184","184"
"17760","9.69307187766209","8.980631479779491","10.40551227554469","185","185","185"
"17856","8.516483649365725","8.259253644734766","8.773713653996683","186","186","186"
"17952","8.722493759711131","8.394731382183554","9.050256137238707","187","187","187"
"18048","7.685360789913407","4.753526624634788","10.617194955192025","188","188","188"
"18144","6.379068251022522","4.434670047297641","8.323466454747404","189","189","189"
"18240","6.611479321972034","5.40137653497253","7.821582108971537","190","190","190"
"18336","10.82908012001819","9.251810792074144","12.406349447962238","191","191","191"
"18432","13.556398047866523","8.459624112956678","18.653171982776367","192","192","192"
"18528","11.108623725237335","9.977894987386525","12.239352463088144","193","193","193"
"18624","9.387551470066876","8.297979752109585","10.477123188024168","194","194","194"
"18720","8.82288102541427","7.9131805982190055","9.732581452609535","195","195","195"
"18816","7.750432286694892","5.955261563299184","9.5456030100906","196","196","196"
"18912","8.444212476830392","5.819525423664241","11.068899529996544","197","197","197"
"19008","6.914706185964959","4.8262707782511445","9.003141593678773","198","198","198"
"19104","8.120937267052009","7.174828267541355","9.067046266562661","199","199","199"
"19200","8.786153648534341","8.679001591758382","8.893305705310299","200","200","200"
"19296","7.937334440300979","5.6108409036704785","10.263827976931479","201","201","201"
"19392","8.90459818437526","8.30771137464383","9.501484994106688","202","202","202"
"19488","6.528863200823582","3.6762973028219803","9.381429098825183","203","203","203"
"19584","8.89472192196557","6.6133853515261904","11.176058492404946","204","204","204"
"19680","9.076995642688486","7.073488501097237","11.080502784279735","205","205","205"
"19776","8.147266382398186","7.896476735911779","8.398056028884591","206","206","206"
"19872","8.045157675078505","5.456574538328638","10.633740811828371","207","207","207"
"19968","11.555367168667157","8.227085627980376","14.88364870935394","208","208","208"
"20064","9.54113712528212","7.176239464668243","11.906034785895997","209","209","209"
"20160","10.387537086286637","8.46089067376245","12.314183498810824","210","210","210"
"20256","11.536419867218614","10.69699597513929","12.375843759297938","211","211","211"
"20352","12.420780348106705","9.228655068668775","15.612905627544635","212","212","212"
"20448","11.41296792660441","8.950708186009718","13.875227667199098","213","213","213"
"20544","11.734319073981212","9.291220154908356","14.17741799305407","214","214","214"
"20640","10.17091583273077","8.421048761037706","11.920782904423836","215","215","215"
"20736","11.477271118205515","7.778002299782778","15.176539936628252","216","216","216"
"20832","12.481424864127796","9.667825950198432","15.295023778057157","217","217","217"
"20928","11.921846917091841","10.315131649015976","13.528562185167704","218","218","218"
"21024","11.566360864628198","9.269397481147925","13.86332424810847","219","219","219"
"21120","9.902384513580284","6.2354004659278175","13.569368561232748","220","220","220"
"21216","12.295637451267009","11.00254223191462","13.588732670619398","221","221","221"
"21312","10.53216550540704","10.34216835196476","10.722162658849319","222","222","222"
"21408","9.77147137432768","7.886968917386525","11.655973831268835","223","223","223"
"21504","10.856954754712003","9.853473331355428","11.860436178068579","224","224","224"
"21600","8.543692758485761","4.7924801143355875","12.294905402635935","225","225","225"
"21696","11.858769156836768","11.439939701208171","12.277598612465365","226","226","226"
"21792","11.303060240518935","9.482861401310725","13.123259079727145","227","227","227"
"21888","11.070274025380773","9.622155495012075","12.518392555749472","228","228","228"
"21984","8.996569699833318","4.754948258222723","13.238191141443911","229","229","229"
"22080","11.871590394536941","9.0138463001545","14.729334488919383","230","230","230"
"22176","11.787875024633546","9.479123425804145","14.096626623462948","231","231","231"
"22272","12.03766252214228","9.175113841064107","14.900211203220456","232","232","232"
"22368","12.836799673771882","12.173129955444727","13.500469392099035","233","233","233"
"22464","9.083217460434609","6.247926319575629","11.918508601293588","234","234","234"
"22560","13.21626817235001","11.848055824531714","14.584480520168302","235","235","235"
"22656","9.17790911371337","6.008269859767337","12.347548367659405","236","236","236"
"22752","11.630557045996987","9.218354849237969","14.042759242756008","237","237","237"
"22848","13.80394041305005","11.820710678918957","15.787170147181143","238","238","238"
"22944","13.207434583313058","12.254905240576202","14.159963926049913","239","239","239"
"23040","11.769018674467498","10.691630051911245","12.84640729702375","240","240","240"
"23136","12.304844889252184","8.701421448787412","15.908268329716957","241","241","241"
"23232","16.04081507271425","12.9629158352185","19.11871431021","242","242","242"
"23328","12.01570162127397","8.678199195182767","15.35320404736517","243","243","243"
"23424","10.93110917440683","8.92694014580255","12.935278203011109","244","244","244"
"23520","9.690973567991453","5.5572631492237825","13.824683986759123","245","245","245"
"23616","12.647749245337739","10.553999855412771","14.741498635262708","246","246","246"
"23712","12.69207913936942","9.722128711869848","15.662029566868993","247","247","247"
"23808","13.818951716259896","10.852648837091245","16.785254595428547","248","248","248"
"23904","13.247327289773288","12.699069458357277","13.7955851211893","249","249","249"
"24000","11.47140828374538","8.718670010440478","14.224146557050279","250","250","250"
"24096","8.130315023950981","4.636462924230188","11.624167123671773","251","251","251"
"24192","10.163929366143439","7.065468824594105","13.262389907692771","252","252","252"
"24288","13.244297543761778","10.041820600904765","16.44677448661879","253","253","253"
"24384","15.92429097406633","14.244012913759207","17.604569034373455","254","254","254"
"24480","11.158314372182979","6.188086372279213","16.128542372086745","255","255","255"
"24576","12.213227811685064","9.502327256219932","14.924128367150196","256","256","256"
"24672","14.036439470278161","11.000589798000311","17.07228914255601","257","257","257"
"24768","13.397661071031767","11.524963761116664","15.270358380946869","258","258","258"
"24864","11.911509946645241","7.579975766000721","16.24304412728976","259","259","259"
"24960","14.232476055328755","13.19601185810474","15.26894025255277","260","260","260"
"25056","14.27565708210602","12.156841854795577","16.394472309416464","261","261","261"
"25152","13.195109636513784","10.290537696868201","16.099681576159366","262","262","262"
"25248","14.435474201942242","14.431693130643628","14.439255273240853","263","263","263"
"25344","13.764251671717986","13.517108631818683","14.011394711617289","264","264","264"
"25440","11.981373643997422","9.873256643894255","14.08949064410059","265","265","265"
"25536","13.41832622796014","10.608515684097632","16.228136771822648","266","266","266"
"25632","14.650097070535756","12.600155779207483","16.700038361864028","267","267","267"
"25728","12.548705756306461","11.142654622800762","13.95475688981216","268","268","268"
"25824","14.313784670315346","12.47622632542165","16.151343015209044","269","269","269"
"25920","15.402202969507808","13.386578681416411","17.417827257599207","270","270","270"
"26016","9.759156774968265","6.144035890589652","13.374277659346879","271","271","271"
"26112","14.69052428883246","11.279925087138517","18.1011234905264","272","272","272"
"26208","15.140633146035555","12.920709169445445","17.360557122625664","273","273","273"
"26304","14.638201436873324","12.569954352045167","16.706448521701482","274","274","274"
"26400","15.214563182409059","13.318728280700002","17.110398084118117","275","275","275"
"26496","14.439171262963576","11.987164134717586","16.891178391209568","276","276","276"
"26592","15.158251292263683","12.504238830186274","17.812263754341092","277","277","277"
"26688","7.5683618776412445","0.2931792911667843","14.843544464115705","278","278","278"
"26784","11.38462443121246","6.591207201014704","16.178041661410216","279","279","279"
"26880","12.876496514147966","11.025429762592026","14.727563265703909","280","280","280"
"26976","15.191418694241328","14.000480344521407","16.38235704396125","281","281","281"
"27072","14.472978837709793","11.527061567652012","17.418896107767573","282","282","282"
"27168","12.187056924300578","11.371844149665193","13.002269698935963","283","283","283"
"27264","12.675587920015243","10.376722418641908","14.974453421388576","284","284","284"
"27360","11.933655787803183","9.48482720101481","14.382484374591554","285","285","285"
"27456","11.695466182365145","9.24656183375395","14.144370530976342","286","286","286"
"27552","12.222459302695828","9.24656183375395","15.198356771637707","287","287","287"
"27648","9.457615639174772","1.1586631406390606","17.756568137710484","288","288","288"
"27744","14.111998523901246","10.382155775303623","17.84184127249887","289","289","289"
"27840","13.09915088860494","9.179411464684549","17.018890312525333","290","290","290"
"27936","10.521751724635354","6.187316511141499","14.85618693812921","291","291","291"
"28032","11.888672398814943","9.224178377397482","14.553166420232404","292","292","292"
"28128","15.2405843370864","11.06971619662412","19.41145247754868","293","293","293"
"28224","15.865665720064882","10.915098697476099","20.816232742653664","294","294","294"
"28320","15.83035722773278","12.205179784148175","19.455534671317384","295","295","295"
"28416","14.732015944937963","12.26600929848066","17.19802259139527","296","296","296"
"28512","14.223252051548021","9.45466616240238","18.991837940693664","297","297","297"
"28608","13.359523294392755","10.372170222284803","16.346876366500705","298","298","298"
"28704","11.342351850969733","4.42795551970972","18.256748182229746","299","299","299"
"28800","13.521590436726427","11.629236073625918","15.413944799826936","300","300","300"
"28896","15.537269861524905","14.041871050367597","17.032668672682213","301","301","301"
"28992","13.132491038082392","9.937388087534185","16.3275939886306","302","302","302"
"29088","11.212061222592704","4.81508966621081","17.609032778974598","303","303","303"
"29184","13.637777185262431","9.291780937504392","17.98377343302047","304","304","304"
"29280","15.387278812238522","11.471142066123004","19.30341555835404","305","305","305"
"29376","15.121557997766647","12.443827513255473","17.79928848227782","306","306","306"
"29472","14.037992178602389","11.4198381496611","16.656146207543678","307","307","307"
"29568","12.567778846554914","6.881208471151581","18.254349221958247","308","308","308"
"29664","13.484479801648128","11.075808958930528","15.893150644365729","309","309","309"
"29760","7.046593224900956","-2.6611354871953092","16.754321936997222","310","310","310"
"29856","12.179157757212334","6.833510914820863","17.524804599603804","311","311","311"
"29952","14.253370047037162","13.338820625602361","15.167919468471965","312","312","312"
"30048","11.675645084556898","6.759643064708678","16.591647104405116","313","313","313"
"30144","13.401655010536668","9.773506119736181","17.029803901337157","314","314","314"
"30240","12.633000805560792","9.306853972087872","15.959147639033713","315","315","315"
"30336","13.323057022761283","7.82018245204214","18.825931593480426","316","316","316"
"30432","14.556253942659504","9.318912399754655","19.793595485564353","317","317","317"
"30528","12.47311425626463","7.053435301857601","17.89279321067166","318","318","318"
"30624","13.92560476383468","9.30082475825448","18.550384769414883","319","319","319"
"30720","12.459123559357577","9.247466215828963","15.670780902886191","320","320","320"
"30816","13.919625460519775","10.913989588988851","16.9252613320507","321","321","321"
"30912","11.914170859573428","6.586806445831273","17.24153527331558","322","322","322"
"31008","12.55095188036957","8.15708506895727","16.94481869178187","323","323","323"
"31104","13.250392529121378","6.357122724818934","20.14366233342382","324","324","324"
"31200","12.186643645722327","7.382253687902816","16.991033603541837","325","325","325"
"31296","15.1215863767282","9.291780937504392","20.951391815952007","326","326","326"
"31392","16.137659087406625","15.590658662854725","16.68465951195852","327","327","327"
"31488","14.546770709389612","9.393022062498122","19.700519356281102","328","328","328"
"31584","11.874401468248838","8.120276719033056","15.628526217464618","329","329","329"
"31680","14.209255476505112","9.195399647796311","19.223111305213912","330","330","330"
"31776","14.611431452150194","10.665372743247243","18.557490161053146","331","331","331"
"31872","15.742492130068076","12.508693490277766","18.976290769858384","332","332","332"
"31968","10.122152035808789","3.307786207862801","16.936517863754776","333","333","333"
"32064","15.403556846672947","12.279701711007789","18.527411982338105","334","334","334"
"32160","12.494396146550294","9.228655068668775","15.760137224431812","335","335","335"
"32256","14.721149888530462","11.070675185019484","18.37162459204144","336","336","336"
"32352","16.19185177094638","14.324281674536845","18.059421867355915","337","337","337"
"32448","14.228320481834206","13.740820971215276","14.715819992453136","338","338","338"
"32544","12.96656808921136","9.589537430599142","16.34359874782358","339","339","339"
"32640","14.681263859524726","11.97520405936969","17.387323659679762","340","340","340"
"32736","15.036943815913094","9.849768117831394","20.224119513994797","341","341","341"
"32832","10.898069443924966","6.277174020808375","15.518964867041555","342","342","342"
"32928","13.482855166310962","9.24656183375395","17.719148498867977","343","343","343"
"33024","12.24887457039411","10.862439810713346","13.635309330074874","344","344","344"
"33120","19.32465601755628","18.437610665780817","20.21170136933174","345","345","345"
"33216","13.316246603661755","11.30149653778459","15.33099666953892","346","346","346"
"33312","14.317556978851368","13.985846070545625","14.649267887157109","347","347","347"
"33408","15.042483929877505","14.511644900674815","15.573322959080194","348","348","348"
"33504","16.79101143156407","15.186977527377527","18.395045335750613","349","349","349"
"33600","11.53950907956758","5.701384099719438","17.377634059415723","350","350","350"
"33696","14.630178890862869","11.508791001497109","17.75156678022863","351","351","351"
"33792","11.278119059566817","4.61173510398148","17.944503015152154","352","352","352"
"33888","12.361135543075232","11.15293280054801","13.569338285602452","353","353","353"
"33984","14.465606369252228","11.237743506785103","17.69346923171935","354","354","354"
"34080","15.912451529263958","13.369628904942259","18.45527415358566","355","355","355"
"34176","14.782465403903268","11.349615720092267","18.21531508771427","356","356","356"
"34272","14.72095871228192","13.087797007797977","16.354120416765863","357","357","357"
"34368","16.028892067667094","15.421342897575963","16.636441237758227","358","358","358"
"34464","14.418671722563648","11.90862010108261","16.928723344044684","359","359","359"
"34560","17.67715337803277","17.070193836479557","18.284112919585986","360","360","360"
"34656","17.995226930732763","17.919494740922502","18.070959120543023","361","361","361"
"34752","16.735640824993794","16.372459328056717","17.098822321930875","362","362","362"
"34848","17.65729697397366","17.202222316504173","18.11237163144315","363","363","363"
"34944","16.873021406690974","16.83121172525345","16.914831088128498","364","364","364"
"35040","11.18913434935128","5.720259360341406","16.658009338361154","365","365","365"
"35136","14.885855495155397","10.225453181054677","19.54625780925612","366","366","366"
"35232","17.09802192406983","14.851969319646733","19.34407452849293","367","367","367"
"35328","13.66684609191455","9.596899827362884","17.736792356466214","368","368","368"
"35424","13.610874914166121","9.951041326683502","17.27070850164874","369","369","369"
"35520","16.0667928443827","13.325760516702347","18.807825172063055","370","370","370"
"35616","14.754002084489937","10.775283150405253","18.73272101857462","371","371","371"
"35712","18.148939083488635","17.850661438165627","18.447216728811647","372","372","372"
"35808","15.329833906898699","12.493173749303788","18.166494064493612","373","373","373"
"35904","15.556430822935024","13.244979317588534","17.867882328281514","374","374","374"
"36000","14.655197486250621","12.229303534566967","17.081091437934276","375","375","375"
"36096","18.15912234341442","15.159611256301158","21.158633430527683","376","376","376"
"36192","17.417407702528543","14.717240885341777","20.11757451971531","377","377","377"
"36288","16.249476689025748","13.683828677613754","18.815124700437742","378","378","378"
"36384","17.839519521920586","17.544303849251687","18.13473519458948","379","379","379"
"36480","19.03196691323971","18.662009398521832","19.40192442795759","380","380","380"
"36576","19.54330546084149","17.93993303816321","21.14667788351977","381","381","381"
"36672","16.449179601527078","14.853908065039212","18.044451138014946","382","382","382"
"36768","13.982596109193135","11.600785514357158","16.36440670402911","383","383","383"
"36864","19.460416563155274","19.31122893584772","19.60960419046283","384","384","384"
"36960","14.27056590885154","10.417716069523635","18.123415748179443","385","385","385"
"37056","18.5259736744385","18.076516834904027","18.975430513972974","386","386","386"
"37152","18.063206931124455","17.525774151917012","18.600639710331894","387","387","387"
"37248","15.810845666246767","11.491062902707219","20.130628429786317","388","388","388"
"37344","18.292952895355192","17.798240224294805","18.787665566415583","389","389","389"
"37440","16.151964875233954","10.903039506654748","21.400890243813162","390","390","390"
"37536","20.27938767046644","19.463629997466075","21.095145343466807","391","391","391"
"37632","19.857731195646778","18.45298316123483","21.262479230058723","392","392","392"
"37728","18.928986866034933","17.06775252793735","20.790221204132518","393","393","393"
"37824","18.92544924165118","18.642886016398723","19.208012466903636","394","394","394"
"37920","17.997979896393666","17.63210950631031","18.36385028647702","395","395","395"
"38016","18.852909148114655","18.669975072095816","19.035843224133497","396","396","396"
"38112","15.02664690986067","13.013891379706777","17.039402440014563","397","397","397"
"38208","18.28860169423868","17.764692315405323","18.81251107307203","398","398","398"
"38304","19.410993935113254","18.25435967518058","20.567628195045927","399","399","399"
"38400","18.797092126138086","17.709416198694573","19.8847680535816","400","400","400"
"38496","14.86803637086501","9.983689622844471","19.752383118885547","401","401","401"
"38592","17.916875529981755","15.828888406724792","20.004862653238717","402","402","402"
"38688","18.86382926558148","14.870618243764815","22.857040287398146","403","403","403"
"38784","18.946436668558995","18.946091056969255","18.94678228014873","404","404","404"
"38880","19.266496688423445","16.752730922339893","21.780262454507","405","405","405"
"38976","18.168196712322768","17.23803739210724","19.098356032538295","406","406","406"
"39072","19.464091603707708","18.831001204677854","20.097182002737558","407","407","407"
"39168","19.236282323761564","18.12012514449788","20.352439503025245","408","408","408"
"39264","17.60529573153176","15.29535196986977","19.915239493193752","409","409","409"
"39360","19.00371491821513","17.545097272072006","20.462332564358256","410","410","410"
"39456","20.687306493639298","19.94210100702581","21.432511980252787","411","411","411"
"39552","17.202486088136556","15.529468818567333","18.875503357705778","412","412","412"
"39648","20.588590601164366","20.398186607776985","20.778994594551747","413","413","413"
"39744","20.63711622099873","20.548794124887905","20.725438317109557","414","414","414"
"39840","14.036249993968646","12.330141755626137","15.742358232311155","415","415","415"
"39936","17.852521205107696","15.219871938227326","20.485170471988067","416","416","416"
"40032","16.240936354838972","14.911187836179346","17.5706848734986","417","417","417"
"40128","13.096451572550738","7.2316010209929455","18.961302124108528","418","418","418"
"40224","20.220754587537865","19.40722397760597","21.03428519746976","419","419","419"
"40320","16.2980005764246","15.412392100583695","17.183609052265503","420","420","420"
"40416","13.619683429801828","8.217088705060194","19.022278154543464","421","421","421"
"40512","18.607854465544577","17.05219455807025","20.1635143730189","422","422","422"
"40608","17.558464950245064","15.205170355837563","19.911759544652565","423","423","423"
"40704","15.080380168267773","10.665007163219249","19.495753173316295","424","424","424"
"40800","17.292713376581908","15.856259704401884","18.72916704876193","425","425","425"
"40896","18.33809410072311","17.709292244098886","18.96689595734734","426","426","426"
"40992","13.114521328575062","6.412240544037255","19.816802113112868","427","427","427"
"41088","16.43774054611757","12.671233583413228","20.20424750882191","428","428","428"
"41184","19.084173154347624","17.851474635102104","20.31687167359315","429","429","429"
"41280","14.567342398055473","9.202193880233208","19.932490915877736","430","430","430"
"41376","17.52397757681217","14.476828921853839","20.571126231770503","431","431","431"
"41472","13.577184896196636","7.990976546268708","19.163393246124564","432","432","432"
"41568","18.70496514509322","15.538339942530085","21.871590347656355","433","433","433"
"41664","15.618213423441285","12.778552280123321","18.457874566759248","434","434","434"
"41760","16.54675469631481","14.73213904820526","18.361370344424362","435","435","435"
"41856","16.516772176033516","13.74913870889985","19.284405643167183","436","436","436"
"41952","13.529533840918141","8.919600421027676","18.13946726080861","437","437","437"
"42048","18.097554449500397","15.572622104033954","20.62248679496684","438","438","438"
"42144","19.168882060488187","17.68411557822976","20.65364854274661","439","439","439"
"42240","18.383716722836102","15.064489691389065","21.702943754283137","440","440","440"
"42336","16.09737882408443","11.228980739191444","20.965776908977414","441","441","441"
"42432","18.223890471083074","17.271379885991568","19.17640105617458","442","442","442"
"42528","19.23790281884905","18.806049771857033","19.66975586584107","443","443","443"
"42624","16.29924323224774","13.617309066167348","18.981177398328136","444","444","444"
"42720","19.22962940501065","17.94523401302788","20.514024796993425","445","445","445"
"42816","16.618962625890305","14.478289632584813","18.759635619195794","446","446","446"
"42912","17.087578285056733","15.011551455246954","19.163605114866513","447","447","447"
"43008","16.38708511732615","14.520252509682347","18.25391772496996","448","448","448"
"43104","16.948314792221613","14.092507371523222","19.804122212920003","449","449","449"
"43200","18.45424545560482","16.152391102949842","20.756099808259798","450","450","450"
"43296","22.02438537414914","21.843178583157943","22.205592165140335","451","451","451"
"43392","20.339595753157163","20.15805857365701","20.52113293265732","452","452","452"
"43488","21.2929967372579","21.119489725859843","21.46650374865596","453","453","453"
"43584","17.158445605634633","13.972353463350185","20.344537747919084","454","454","454"
"43680","17.41473093017286","13.703410680053612","21.1260511802921","455","455","455"
"43776","18.618170770296047","16.159383573283613","21.076957967308477","456","456","456"
"43872","19.08751795787667","17.29411101636736","20.880924899385978","457","457","457"
"43968","19.91545200508864","16.51430536723758","23.316598642939695","458","458","458"
"44064","18.64441537033514","16.084461183888195","21.204369556782087","459","459","459"
"44160","17.847637233978073","15.593348972526824","20.10192549542932","460","460","460"
"44256","18.498672248240357","15.318087812907121","21.67925668357359","461","461","461"
"44352","19.44798789460215","16.10297862733121","22.792997161873085","462","462","462"
"44448","21.942681818641077","20.524757166878455","23.3606064704037","463","463","463"
"44544","20.09931898078076","17.45633332747308","22.742304634088445","464","464","464"
"44640","14.551531222501254","11.404753108547416","17.69830933645509","465","465","465"
"44736","18.676541577183386","16.43353140721861","20.919551747148162","466","466","466"
"44832","18.105338864891085","15.491373647853225","20.719304081928943","467","467","467"
"44928","16.14822755276035","13.420852346166344","18.875602759354354","468","468","468"
"45024","17.730398687013178","17.65335145241298","17.807445921613372","469","469","469"
"45120","17.597121490525765","15.043344063914667","20.150898917136864","470","470","470"
"45216","16.691708509166453","15.608170569832257","17.77524644850065","471","471","471"
"45312","6.4806155062437","-8.66020325142038","21.62143426390778","472","472","472"
"45408","19.60896169667698","17.16735865712169","22.050564736232275","473","473","473"
"45504","16.470434797936463","12.081635858948966","20.859233736923958","474","474","474"
"45600","20.512021004169313","18.844403047104876","22.179638961233753","475","475","475"
"45696","18.669785876448472","14.61852804025628","22.72104371264066","476","476","476"
"45792","20.46383616506919","20.117900811688106","20.809771518450276","477","477","477"
"45888","20.97476369971336","19.186474227518946","22.763053171907774","478","478","478"
"45984","19.656097519882053","16.168924447679707","23.143270592084402","479","479","479"
"46080","14.624954662439187","11.730788562083395","17.51912076279498","480","480","480"
"46176","18.716994694604427","18.70351037985068","18.730479009358174","481","481","481"
"46272","19.830882669069645","19.369531183405172","20.292234154734118","482","482","482"
"46368","20.198923751334085","19.351417901034594","21.046429601633577","483","483","483"
"46464","18.79099197718844","16.610128385862545","20.971855568514336","484","484","484"
"46560","21.90721860446163","21.67553718082662","22.13890002809664","485","485","485"
"46656","18.438482198307437","18.203458763511634","18.67350563310324","486","486","486"
"46752","19.17893166981478","14.301121837286294","24.056741502343268","487","487","487"
"46848","19.953719076284344","17.69002721610028","22.217410936468404","488","488","488"
"46944","12.298550429805474","2.133842102429817","22.46325875718113","489","489","489"
"47040","22.532807142127176","21.206251805643575","23.859362478610777","490","490","490"
"47136","18.88773622734418","15.586726003043607","22.188746451644757","491","491","491"
"47232","17.65060451705285","12.270472934289732","23.03073609981597","492","492","492"
"47328","20.71975157971659","19.958154301431236","21.481348858001944","493","493","493"
"47424","17.128806273614572","11.29643711675333","22.961175430475816","494","494","494"
"47520","18.24047663793621","14.07257346552212","22.408379810350304","495","495","495"
"47616","18.958147015112402","16.29572929293608","21.620564737288724","496","496","496"
"47712","22.486222226405864","22.13251276647227","22.839931686339458","497","497","497"
"47808","22.359934839027325","22.291410902330643","22.428458775724003","498","498","498"
"47904","20.743653817933193","18.668880849827882","22.8184267860385","499","499","499"
"48000","17.48637072287366","13.810502020268482","21.162239425478838","500","500","500"
"48096","18.59408244082881","18.464074470197733","18.724090411459887","501","501","501"
"48192","21.476340378919993","20.41842910736372","22.534251650476264","502","502","502"
"48288","21.84755386228355","21.460817984254962","22.23428974031214","503","503","503"
"48384","18.82127578385669","16.594695436005882","21.0478561317075","504","504","504"
"48480","19.716597913370713","16.585695254769412","22.84750057197201","505","505","505"
"48576","21.124684323140272","19.04261043750524","23.20675820877531","506","506","506"
"48672","18.40859808097373","13.808391691870623","23.008804470076836","507","507","507"
"48768","19.286183488301297","18.439689705296985","20.132677271305607","508","508","508"
"48864","20.324701658485097","19.559019459032825","21.090383857937365","509","509","509"
"48960","19.671718073759834","18.54052749287094","20.802908654648732","510","510","510"
"49056","19.668090035196784","18.480881228900014","20.855298841493557","511","511","511"
"49152","19.53607278876401","16.660866952384584","22.411278625143435","512","512","512"
"49248","21.817011388745083","19.832694866527515","23.80132791096265","513","513","513"
"49344","21.054046810245737","18.113691478639808","23.994402141851666","514","514","514"
"49440","23.73694291611612","23.512632333782495","23.961253498449743","515","515","515"
"49536","18.868597026386745","13.6096473268736","24.12754672589989","516","516","516"
"49632","21.84971514737647","20.88990047426602","22.809529820486926","517","517","517"
"49728","21.428934222694203","17.06491066200724","25.79295778338117","518","518","518"
"49824","25.02427272581921","23.112144990325753","26.936400461312665","519","519","519"
"49920","24.39012307117327","24.270566164491253","24.50967997785529","520","520","520"
"50016","21.041650231354083","16.666190506393438","25.417109956314725","521","521","521"
"50112","23.6353208295875","19.15836258487338","28.112279074301615","522","522","522"
"50208","21.224527962320735","17.617665675360314","24.831390249281156","523","523","523"
"50304","21.882560753617298","16.83589010165968","26.929231405574917","524","524","524"
"50400","23.474414076059055","20.73803447730459","26.210793674813516","525","525","525"
"50496","21.831398914121376","15.063915655911208","28.598882172331543","526","526","526"
"50592","23.98198376450586","23.330880118443634","24.633087410568084","527","527","527"
"50688","26.649617920662237","25.909388721998102","27.389847119326376","528","528","528"
"50784","23.727181486254068","22.928583360538966","24.52577961196917","529","529","529"
"50880","22.101987347152985","19.130594934449384","25.073379759856586","530","530","530"
"50976","20.258018496252987","19.066555118787115","21.449481873718856","531","531","531"
"51072","24.64676161616447","23.974371026561336","25.319152205767598","532","532","532"
"51168","25.05771225393665","23.93853602931834","26.17688847855496","533","533","533"
"51264","21.637105288574844","18.73640943649682","24.53780114065287","534","534","534"
"51360","25.562527767554023","23.02821080582409","28.09684472928396","535","535","535"
"51456","21.700719085627014","20.70358782284795","22.697850348406075","536","536","536"
"51552","22.77448243780203","18.851432234623665","26.69753264098039","537","537","537"
"51648","24.691427221726226","22.079581904453438","27.303272538999014","538","538","538"
"51744","21.148580090808068","20.375411056577025","21.921749125039106","539","539","539"
"51840","24.102668380666707","21.974714646505948","26.230622114827465","540","540","540"
"51936","22.81663771776975","17.14518411382467","28.488091321714837","541","541","541"
"52032","21.10338434198095","16.561572965118422","25.64519571884348","542","542","542"
"52128","24.272221574089272","24.250402111486498","24.29404103669205","543","543","543"
"52224","22.895155434219845","18.632723814134724","27.157587054304965","544","544","544"
"52320","20.429144204046622","19.644823850306047","21.213464557787198","545","545","545"
"52416","22.759013329743304","18.98611130982135","26.53191534966526","546","546","546"
"52512","25.379508762223274","23.33505649070959","27.423961033736955","547","547","547"
"52608","24.55692470253277","20.931741877093543","28.182107527971993","548","548","548"
"52704","25.737843606243544","24.08755670980879","27.388130502678294","549","549","549"
"52800","23.00689030851485","17.812274428909454","28.20150618812025","550","550","550"
"52896","24.078162644203445","21.789880375455493","26.366444912951398","551","551","551"
"52992","24.04922164207069","22.109417649630842","25.989025634510543","552","552","552"
"53088","22.600986989169563","18.09475890185324","27.107215076485886","553","553","553"
"53184","22.01949474962584","20.95784968737908","23.081139811872596","554","554","554"
"53280","25.577375605557553","23.18796730025755","27.966783910857554","555","555","555"
"53376","23.18561489083622","20.80195085013027","25.56927893154217","556","556","556"
"53472","24.52001718460956","21.5225216032019","27.517512766017223","557","557","557"
"53568","24.525826844962197","21.361144129537074","27.69050956038732","558","558","558"
"53664","22.587224301933105","18.492255575583837","26.682193028282377","559","559","559"
"53760","23.887682995754012","19.347160302755277","28.428205688752747","560","560","560"
"53856","24.136610539448483","21.496365192322777","26.776855886574186","561","561","561"
"53952","26.445763019034935","25.357908957436678","27.533617080633196","562","562","562"
"54048","21.121634281821517","17.02929658408691","25.213971979556124","563","563","563"
"54144","26.927035627737105","25.021878333752465","28.83219292172174","564","564","564"
"54240","24.217629556806184","23.16737617454082","25.267882939071548","565","565","565"
"54336","26.225563642559436","26.135203725746848","26.31592355937202","566","566","566"
"54432","23.662147352396733","19.988182866645694","27.336111838147772","567","567","567"
"54528","23.21294692498344","21.739186226904906","24.686707623061974","568","568","568"
"54624","25.6997637352658","23.06668413070471","28.33284333982689","569","569","569"
"54720","25.36036150352384","24.162892955447838","26.557830051599847","570","570","570"
"54816","21.282949681552118","16.031569682049902","26.534329681054338","571","571","571"
"54912","23.64110773718764","23.487998214440736","23.794217259934538","572","572","572"
"55008","25.180104098450116","22.720688463347713","27.639519733552515","573","573","573"
"55104","22.53607758098554","18.98959863590262","26.08255652606846","574","574","574"
"55200","24.63257343565987","22.67565807188695","26.589488799432793","575","575","575"
"55296","22.213557348368074","18.80832048962689","25.618794207109257","576","576","576"
"55392","18.816808067266987","12.19055050489362","25.443065629640355","577","577","577"
"55488","22.57309994146619","18.92127672576841","26.22492315716397","578","578","578"
"55584","23.45635066950015","22.793267060849097","24.119434278151203","579","579","579"
"55680","26.968929304219724","26.321386158673054","27.616472449766395","580","580","580"
"55776","24.70170553313141","20.7153168770329","28.68809418922992","581","581","581"
"55872","22.761809891744452","18.294563170931664","27.22905661255724","582","582","582"
"55968","24.00191741311508","21.690258321085224","26.313576505144937","583","583","583"
"56064","22.2691338863608","19.197150471658954","25.34111730106265","584","584","584"
"56160","25.603154596052875","25.08958010650737","26.116729085598376","585","585","585"
"56256","21.722676918968087","18.730985478295477","24.714368359640698","586","586","586"
"56352","24.959974434174168","23.838837354993757","26.08111151335458","587","587","587"
"56448","25.756120863444693","25.32097781231942","26.19126391456997","588","588","588"
"56544","20.670183419055668","17.207981540737226","24.132385297374107","589","589","589"
"56640","20.927111892676837","17.500181779246347","24.354042006107328","590","590","590"
"56736","22.681708724115623","20.895971894861585","24.46744555336966","591","591","591"
"56832","26.102608971371886","24.470555557546493","27.734662385197282","592","592","592"
"56928","21.989782324508525","21.263715291932208","22.71584935708484","593","593","593"
"57024","24.853097785071476","22.674328293353422","27.031867276789534","594","594","594"
"57120","18.463447818239256","10.56435067152369","26.362544964954825","595","595","595"
"57216","24.24620955311236","21.138043537766343","27.35437556845838","596","596","596"
"57312","20.327900513115118","13.984885611891205","26.670915414339028","597","597","597"
"57408","24.520898429272805","22.806447630329203","26.23534922821641","598","598","598"
"57504","25.170564204191336","25.107739374393578","25.233389033989095","599","599","599"
"57600","19.85777264322507","12.518349211920258","27.197196074529877","600","600","600"
"57696","23.666891845722095","23.553334707505115","23.780448983939074","601","601","601"
"57792","24.81558815863592","23.56813780798688","26.063038509284958","602","602","602"
"57888","25.122113914807244","24.035241871179785","26.2089859584347","603","603","603"
"57984","20.4399754313486","20.303114591329283","20.576836271367917","604","604","604"
"58080","24.16340080210357","22.299845476300725","26.026956127906416","605","605","605"
"58176","25.73182808049197","24.980652840665837","26.4830033203181","606","606","606"
"58272","22.101956284336474","17.933157949285018","26.27075461938793","607","607","607"
"58368","21.97012285178208","19.101134468012912","24.83911123555125","608","608","608"
"58464","22.05577247890305","18.738700853261573","25.372844104544527","609","609","609"
"58560","25.512560734998278","24.91621204458426","26.108909425412296","610","610","610"
"58656","21.21284365215209","17.785102735365175","24.640584568938998","611","611","611"
"58752","19.8481339378463","16.176649784360638","23.519618091331957","612","612","612"
"58848","22.566526446162143","18.74006316957198","26.392989722752304","613","613","613"
"58944","21.79454819926633","16.293872031029814","27.29522436750285","614","614","614"
"59040","19.87445918022444","13.023212520598063","26.725705839850818","615","615","615"
"59136","24.484017988394612","22.393194557582337","26.57484141920689","616","616","616"
"59232","21.626371360831968","16.24431513502418","27.008427586639755","617","617","617"
"59328","23.80148624974831","19.5026214417537","28.100351057742923","618","618","618"
"59424","23.02126197613751","18.684386378768693","27.358137573506326","619","619","619"
"59520","22.920319402907165","19.556003475009128","26.2846353308052","620","620","620"
"59616","24.57910936200753","24.513880262721898","24.644338461293163","621","621","621"
"59712","21.505390663464627","17.40040662049692","25.610374706432335","622","622","622"
"59808","21.798357226310735","20.66569605491332","22.931018397708154","623","623","623"
"59904","21.91029142617935","20.27562584299171","23.544957009366986","624","624","624"
"60000","25.676416235557483","25.41578768043729","25.937044790677675","625","625","625"
"60096","22.34476840821153","17.351065836624997","27.338470979798064","626","626","626"
"60192","21.384034673744907","17.174048040808742","25.594021306681075","627","627","627"
"60288","23.08584441858239","21.01315681728955","25.15853201987523","628","628","628"
"60384","21.978022105292794","21.013010931641677","22.943033278943915","629","629","629"
"60480","26.163287817677645","25.76608414936377","26.56049148599152","630","630","630"
"60576","22.577543008008618","21.509747525709514","23.645338490307722","631","631","631"
"60672","23.991278379097338","23.540391137059643","24.44216562113503","632","632","632"
"60768","23.85016487222445","21.012038154693276","26.688291589755625","633","633","633"
"60864","25.183999187612166","23.153358118871832","27.214640256352496","634","634","634"
"60960","25.12989155712324","23.162213469488613","27.09756964475787","635","635","635"
"61056","21.077793324171438","19.562097311645477","22.5934893366974","636","636","636"
"61152","20.697216539782197","16.92094986869494","24.47348321086945","637","637","637"
"61248","18.77065187447137","14.933189918650235","22.6081138302925","638","638","638"
"61344","21.652067295510758","17.388230313618052","25.915904277403463","639","639","639"
"61440","24.841737326014865","24.799374596517612","24.884100055512118","640","640","640"
"61536","26.814988644543284","26.722174305349988","26.907802983736584","641","641","641"
"61632","25.934223733034656","25.01104047555425","26.85740699051506","642","642","642"
"61728","24.598275091042396","24.30334050047209","24.893209681612703","643","643","643"
"61824","23.22542441188469","19.39008926713839","27.060759556630988","644","644","644"
"61920","23.191016910219407","21.055341683401277","25.326692137037536","645","645","645"
"62016","25.181495010500853","23.8658135579543","26.497176463047403","646","646","646"
"62112","23.369752582170463","23.042889774340114","23.69661539000081","647","647","647"
"62208","25.441700227870726","24.53115215447355","26.352248301267906","648","648","648"
"62304","21.866312622637302","16.376267223641438","27.35635802163317","649","649","649"
"62400","23.7883048024747","21.410958214699598","26.1656513902498","650","650","650"
"62496","23.118134099614082","20.730617430429145","25.505650768799022","651","651","651"
"62592","26.24565251790804","25.850165709046607","26.64113932676948","652","652","652"
"62688","21.537923003506293","20.130239875372457","22.94560613164013","653","653","653"
"62784","23.940595450123972","21.9495582512842","25.93163264896375","654","654","654"
"62880","24.29185513781694","22.943996020175124","25.63971425545875","655","655","655"
"62976","24.862173481918482","24.703524471844077","25.020822491992885","656","656","656"
"63072","24.851138448133884","23.83878869753839","25.863488198729378","657","657","657"
"63168","23.121832365879595","21.873029526133717","24.370635205625472","658","658","658"
"63264","20.772616476560003","16.07995989124949","25.465273061870516","659","659","659"
"63360","22.017277132531316","17.595897990891284","26.438656274171347","660","660","660"
"63456","21.842748129330865","16.646744809166904","27.03875144949482","661","661","661"
"63552","26.11977882901758","23.763685587489505","28.475872070545655","662","662","662"
"63648","24.00759672452194","20.572803104199075","27.4423903448448","663","663","663"
"63744","23.72770853614513","21.535307626647064","25.92010944564319","664","664","664"
"63840","23.667313401391922","22.275591244679894","25.059035558103947","665","665","665"
"63936","17.184325850689476","8.93453131181827","25.43412038956068","666","666","666"
"64032","25.423533570606537","22.43928600531073","28.407781135902347","667","667","667"
"64128","20.480005069543026","14.547126746208003","26.41288339287805","668","668","668"
"64224","20.87905175866827","20.183393774565065","21.57470974277147","669","669","669"
"64320","26.00863873382339","25.692335880421687","26.32494158722509","670","670","670"
"64416","22.01454223879894","18.770972135225936","25.258112342371945","671","671","671"
"64512","26.89242500268014","25.494419215593254","28.290430789767033","672","672","672"
"64608","21.548797294212413","18.335649539330234","24.761945049094592","673","673","673"
"64704","22.083693784708956","19.75086291173601","24.416524657681897","674","674","674"
"64800","23.76625499500779","19.51896490981321","28.01354508020237","675","675","675"
"64896","22.071429072984593","18.190997821986567","25.951860323982622","676","676","676"
"64992","25.132885438925694","24.425130519438135","25.840640358413253","677","677","677"
"65088","22.652942393100222","19.36450784388531","25.941376942315134","678","678","678"
"65184","24.137269098202726","20.869882230804187","27.404655965601265","679","679","679"
"65280","22.06742424810603","17.20378824368672","26.931060252525334","680","680","680"
"65376","21.180775374566437","17.555847082713306","24.805703666419568","681","681","681"
"65472","24.03986809860003","21.492714998283354","26.587021198916705","682","682","682"
"65568","25.80975097542695","24.169713887793876","27.449788063060026","683","683","683"
"65664","26.762145806273757","25.728380620910787","27.795910991636728","684","684","684"
"65760","25.291600275339185","23.53057080834468","27.05262974233369","685","685","685"
"65856","24.201513794656428","24.11222819580065","24.290799393512206","686","686","686"
"65952","21.905451222997335","16.821144224321493","26.989758221673174","687","687","687"
"66048","22.72172434649685","21.101118236527466","24.342330456466236","688","688","688"
"66144","23.266106993440122","21.953694341964532","24.578519644915712","689","689","689"
"66240","25.455414824970212","25.337500459469464","25.57332919047096","690","690","690"
"66336","20.450571595308972","19.618994623853382","21.282148566764565","691","691","691"
"66432","25.072596272470918","23.034370358985843","27.110822185955993","692","692","692"
"66528","20.59850883566553","12.402106933478667","28.794910737852394","693","693","693"
"66624","23.19987309328279","19.312738763576466","27.087007422989114","694","694","694"
"66720","23.580402471187625","21.791083120519072","25.36972182185618","695","695","695"
"66816","26.494302121565152","25.2583190498877","27.730285193242604","696","696","696"
"66912","26.926540208111412","26.373161436956927","27.479918979265893","697","697","697"
"67008","26.541410006907128","26.256893476272417","26.825926537541836","698","698","698"
"67104","24.71471867798071","24.07149832561904","25.35793903034238","699","699","699"
"67200","22.873851239962697","18.90422577253261","26.843476707392785","700","700","700"
"67296","25.701146875054327","22.951001074143328","28.45129267596533","701","701","701"
"67392","23.8810316024199","21.117558112157116","26.64450509268268","702","702","702"
"67488","25.752682145764794","24.442646349743995","27.062717941785596","703","703","703"
"67584","18.684186074437516","15.147471756120174","22.220900392754857","704","704","704"
"67680","23.98985431088495","20.841741440424478","27.137967181345424","705","705","705"
"67776","24.383115979929087","24.351305640707544","24.41492631915063","706","706","706"
"67872","25.348031504819183","24.351698883753773","26.344364125884596","707","707","707"
"67968","22.35188533207949","21.55953632893301","23.144234335225974","708","708","708"
"68064","18.986409602232257","11.906866980280673","26.065952224183842","709","709","709"
"68160","24.743739373693074","24.02487428864568","25.462604458740465","710","710","710"
"68256","26.00257959302553","24.979160624616938","27.025998561434125","711","711","711"
"68352","19.296141276596785","13.118015949663867","25.4742666035297","712","712","712"
"68448","24.91281338913675","24.122687165281427","25.702939612992072","713","713","713"
"68544","23.327385388925407","20.01150133076474","26.643269447086073","714","714","714"
"68640","25.00497756315648","22.59042775454859","27.419527371764374","715","715","715"
"68736","22.29898048585453","19.176385251047","25.42157572066206","716","716","716"
"68832","26.301979661363617","24.851149254346893","27.752810068380345","717","717","717"
"68928","23.64996720425777","21.657416123540557","25.642518284974987","718","718","718"
"69024","24.03937399721449","23.09216189051081","24.986586103918174","719","719","719"
"69120","24.503695114743472","22.948709239997097","26.058680989489844","720","720","720"
"69216","24.47851937152314","22.536291344546214","26.420747398500065","721","721","721"
"69312","22.948689807103626","20.723769947868167","25.173609666339086","722","722","722"
"69408","24.68441886854896","22.696984793835412","26.671852943262504","723","723","723"
"69504","23.041228227198836","21.00671527585529","25.07574117854238","724","724","724"
"69600","23.068735806487567","19.3246189593015","26.812852653673637","725","725","725"
"69696","22.310447426763872","17.60521276109258","27.015682092435163","726","726","726"
"69792","23.27300682176012","18.36778777126262","28.178225872257624","727","727","727"
"69888","26.18064717201062","26.0884366387369","26.272857705284338","728","728","728"
"69984","20.85266870643371","17.114319982359905","24.591017430507513","729","729","729"
"70080","22.325016074633126","17.92779742882086","26.722234720445392","730","730","730"
"70176","17.563398645113182","8.107328919951247","27.01946837027512","731","731","731"
"70272","25.81672900649702","25.291664004552594","26.34179400844145","732","732","732"
"70368","24.884693716143193","22.24677518431605","27.522612247970336","733","733","733"
"70464","22.924209190436446","20.066467863548297","25.781950517324596","734","734","734"
"70560","23.019696372097755","21.45918434728635","24.58020839690916","735","735","735"
"70656","24.556066057720784","22.99377780299984","26.118354312441724","736","736","736"
"70752","22.10954325723123","19.094716129387788","25.124370385074677","737","737","737"
"70848","24.396992393214127","20.838997794561926","27.954986991866328","738","738","738"
"70944","26.691812015524345","25.03211436626979","28.3515096647789","739","739","739"
"71040","21.50218105083471","15.492192132282613","27.51216996938681","740","740","740"
"71136","27.679538192279708","26.680613774698198","28.678462609861214","741","741","741"
"71232","27.13470237106535","26.680604887125433","27.58879985500527","742","742","742"
"71328","22.657520614702868","18.801819052876674","26.513222176529062","743","743","743"
"71424","26.189500410679745","25.200822950151377","27.178177871208113","744","744","744"
"71520","22.56651895046665","18.488338411860354","26.64469948907295","745","745","745"
"71616","18.80043118375835","10.047092663730059","27.55376970378664","746","746","746"
"71712","24.294236156044406","21.16241137856842","27.426060933520386","747","747","747"
"71808","19.307516602026137","13.615972983679294","24.999060220372982","748","748","748"
"71904","26.550425876907706","26.042210051947066","27.058641701868346","749","749","749"
"72000","23.18732453103719","19.126103143942753","27.248545918131626","750","750","750"
"72096","23.323688336301693","17.50057074139737","29.14680593120601","751","751","751"
"72192","26.47199138663977","25.683487572803937","27.2604952004756","752","752","752"
"72288","20.373074037778228","16.800718637551327","23.945429438005128","753","753","753"
"72384","22.545119132388578","19.029076860610814","26.06116140416634","754","754","754"
"72480","21.865683178722698","20.26995728215133","23.461409075294064","755","755","755"
"72576","24.081003577696343","21.48859441086127","26.67341274453141","756","756","756"
"72672","25.18044997783823","21.75044168351713","28.61045827215933","757","757","757"
"72768","26.367415272897254","24.9906461741891","27.744184371605407","758","758","758"
"72864","21.707638123070666","17.047096522095202","26.36817972404613","759","759","759"
"72960","25.027156831135883","23.100337186577974","26.953976475693793","760","760","760"
"73056","16.705636660273814","9.49241449979996","23.91885882074767","761","761","761"
"73152","21.853463830034585","17.773170455972537","25.933757204096636","762","762","762"
"73248","18.971626223015605","16.784610280990766","21.158642165040444","763","763","763"
"73344","19.864170596919575","19.26301013438794","20.46533105945121","764","764","764"
"73440","22.774454278567028","21.962760525874316","23.586148031259743","765","765","765"
"73536","21.994589805803333","21.492404581685527","22.49677502992114","766","766","766"
"73632","21.375154222540207","18.955230783855576","23.795077661224838","767","767","767"
"73728","23.79660388274233","21.30111006110963","26.292097704375028","768","768","768"
"73824","23.316340458571766","20.49295354921035","26.139727367933187","769","769","769"
"73920","26.715013849397977","26.248107792473842","27.18191990632211","770","770","770"
"74016","27.23443466001754","25.871593552639105","28.597275767395978","771","771","771"
"74112","22.285021881676055","19.488989257889163","25.081054505462948","772","772","772"
"74208","22.419698269026505","22.140360919546644","22.699035618506365","773","773","773"
"74304","22.98859324440304","22.701858654162997","23.275327834643083","774","774","774"
"74400","24.191564103310995","23.285437987438712","25.097690219183274","775","775","775"
"74496","21.17957580214658","19.484788695053957","22.8743629092392","776","776","776"
"74592","15.851887394079077","5.832900453651308","25.870874334506844","777","777","777"
"74688","26.15710303009268","25.665381277170052","26.64882478301531","778","778","778"
"74784","25.052895461260455","23.189111215000054","26.916679707520856","779","779","779"
"74880","27.282494956115976","26.671198010786583","27.893791901445365","780","780","780"
"74976","23.750599640492176","19.72649531540188","27.774703965582468","781","781","781"
"75072","24.498069265919813","23.559127312974663","25.437011218864964","782","782","782"
"75168","21.185913229171504","18.429494586751595","23.94233187159141","783","783","783"
"75264","24.441275205020858","21.562115585236583","27.320434824805133","784","784","784"
"75360","20.171443917296376","15.112163758805258","25.230724075787496","785","785","785"
"75456","21.906742681244104","20.976843868810867","22.83664149367734","786","786","786"
"75552","18.377278727927365","14.39021400159497","22.36434345425976","787","787","787"
"75648","23.952659272069155","23.249399006962978","24.655919537175336","788","788","788"
"75744","20.5643428474236","18.530168757542995","22.598516937304204","789","789","789"
"75840","19.887061846313536","15.255079880892833","24.51904381173424","790","790","790"
"75936","25.048939918501024","24.949757163079045","25.148122673923","791","791","791"
"76032","25.100568416761348","23.74052177262134","26.46061506090136","792","792","792"
"76128","26.247842606994666","25.335624417181187","27.160060796808143","793","793","793"
"76224","25.630533857397523","22.190905974115793","29.070161740679257","794","794","794"
"76320","24.420823424525523","21.326405814733683","27.515241034317366","795","795","795"
"76416","23.875875754748293","23.501878504503306","24.249873004993283","796","796","796"
"76512","21.287650676362375","16.86338043036192","25.711920922362832","797","797","797"
"76608","23.65069397788855","21.377006040862142","25.92438191491496","798","798","798"
"76704","23.56645415955714","20.29740470534821","26.835503613766072","799","799","799"
"76800","24.638247672765488","21.90795339692169","27.368541948609284","800","800","800"
"76896","25.90223309039969","24.248583165251645","27.55588301554773","801","801","801"
"76992","24.430641997978835","20.667643181179066","28.193640814778604","802","802","802"
"77088","26.343292930455014","26.036603005485308","26.649982855424717","803","803","803"
"77184","26.781052563918962","25.106684940324055","28.45542018751387","804","804","804"
"77280","22.817979241016573","17.321490282499163","28.314468199533984","805","805","805"
"77376","23.208848582300835","20.36088296345159","26.05681420115008","806","806","806"
"77472","24.94504413129213","21.092917280384544","28.797170982199713","807","807","807"
"77568","25.746284886642357","23.745122198793368","27.74744757449135","808","808","808"
"77664","24.88667804271592","21.244487284602297","28.52886880082955","809","809","809"
"77760","23.441073171438084","23.18041132601031","23.701735016865854","810","810","810"
"77856","25.87806356999213","24.404794950866723","27.35133218911754","811","811","811"
"77952","20.81839933271194","14.282902470052722","27.353896195371156","812","812","812"
"78048","24.24220117991179","20.68882309875082","27.795579261072756","813","813","813"
"78144","24.04979580319108","19.534355328058094","28.56523627832407","814","814","814"
"78240","26.526984758122396","24.57653972582659","28.4774297904182","815","815","815"
"78336","20.019009065845488","12.348004165646989","27.69001396604399","816","816","816"
"78432","23.41633143012801","18.18085472769934","28.651808132556685","817","817","817"
"78528","24.861629555100215","21.78784290268874","27.935416207511693","818","818","818"
"78624","25.18116955967644","24.15277936088486","26.209559758468018","819","819","819"
"78720","21.755261194360727","19.211708522483395","24.298813866238056","820","820","820"
"78816","27.219707814641243","26.25006628908406","28.189349340198426","821","821","821"
"78912","26.242011420342983","24.361128445201032","28.122894395484934","822","822","822"
"79008","24.04455299555498","21.56786753814661","26.521238452963352","823","823","823"
"79104","23.256199937595724","17.773690622846416","28.73870925234503","824","824","824"
"79200","23.956992016683387","19.959574568565575","27.954409464801195","825","825","825"
"79296","24.93252673838761","22.253761925189323","27.6112915515859","826","826","826"
"79392","25.452124172582714","24.46256578434309","26.44168256082234","827","827","827"
"79488","23.105952617472738","17.486216130745404","28.725689104200068","828","828","828"
"79584","24.54430280639075","20.95578568555376","28.13281992722774","829","829","829"
"79680","22.48879526842061","20.848344438756886","24.129246098084337","830","830","830"
"79776","24.486960116703795","21.35516850587513","27.61875172753246","831","831","831"
"79872","24.491484287727506","21.18295658609627","27.80001198935874","832","832","832"
"79968","26.74028208785802","25.07091741966554","28.409646756050495","833","833","833"
"80064","23.79724856300634","21.808778593667782","25.7857185323449","834","834","834"
"80160","22.718770416931072","17.117541354769347","28.319999479092793","835","835","835"
"80256","23.223274877921142","20.251313938628314","26.195235817213966","836","836","836"
"80352","23.44479132771271","19.788673969453423","27.100908685971998","837","837","837"
"80448","20.9464345200142","15.530326545718646","26.362542494309757","838","838","838"
"80544","18.795372616316598","11.87154134928157","25.71920388335163","839","839","839"
"80640","19.92472795734385","13.659178219259976","26.190277695427724","840","840","840"
"80736","24.416229024701728","23.470564081376175","25.361893968027278","841","841","841"
"80832","23.069386216906537","20.58041208671853","25.55836034709455","842","842","842"
"80928","26.07585295462861","24.227219560969374","27.924486348287843","843","843","843"
"81024","26.47220547679028","26.43386609668513","26.510544856895432","844","844","844"
"81120","26.24579976796859","25.74784699206653","26.743752543870652","845","845","845"
"81216","19.915781165326713","12.52305715114504","27.30850517950839","846","846","846"
"81312","21.08004357292014","18.681425125978958","23.478662019861325","847","847","847"
"81408","24.904220421247295","23.23623556824094","26.572205274253648","848","848","848"
"81504","25.051783850227007","24.602804779782655","25.50076292067136","849","849","849"
"81600","26.139268986332436","23.78287806830819","28.495659904356682","850","850","850"
"81696","24.7576765059288","24.45872777128368","25.056625240573922","851","851","851"
"81792","23.566175806316096","20.620860643820446","26.511490968811746","852","852","852"
"81888","18.548864505426973","15.184605978148566","21.913123032705382","853","853","853"
"81984","21.69076572041404","19.676519453241156","23.70501198758692","854","854","854"
"82080","23.071738391941494","18.558707353975194","27.584769429907798","855","855","855"
"82176","25.848853527144975","23.71658598394323","27.981121070346717","856","856","856"
"82272","27.25315650119226","25.449991721333472","29.05632128105105","857","857","857"
"82368","24.793589323018377","22.652727373746625","26.93445127229013","858","858","858"
"82464","24.225367001782416","23.21357667142099","25.237157332143838","859","859","859"
"82560","23.718249736718697","23.350421276368373","24.086078197069025","860","860","860"
"82656","23.570535339923246","21.863564544197413","25.277506135649077","861","861","861"
"82752","22.385121319067242","20.92211511628759","23.848127521846894","862","862","862"
"82848","22.120622716098367","17.510077542237486","26.73116788995925","863","863","863"
"82944","22.248119962049806","16.39568001729751","28.100559906802097","864","864","864"
"83040","25.255838548403958","22.51972540870629","27.991951688101626","865","865","865"
"83136","25.794259711990847","23.371027809722257","28.217491614259433","866","866","866"
"83232","23.87646535598359","19.317088102315854","28.43584260965133","867","867","867"
"83328","23.741017715074616","20.882860543158003","26.59917488699123","868","868","868"
"83424","23.333989787375216","18.531865749801575","28.136113824948858","869","869","869"
"83520","27.48473954706097","26.436334373578557","28.53314472054338","870","870","870"
"83616","22.096731110128452","15.293891022479169","28.89957119777774","871","871","871"
"83712","21.113608229845997","17.807237406782367","24.41997905290963","872","872","872"
"83808","24.766439990745805","21.987051082330094","27.545828899161517","873","873","873"
"83904","23.6129536609936","18.405123969765107","28.820783352222094","874","874","874"
"84000","24.209180740709925","19.64250968401869","28.775851797401156","875","875","875"
"84096","23.5573670297471","18.643136045699475","28.47159801379472","876","876","876"
"84192","23.78476120779765","19.970451047966403","27.599071367628902","877","877","877"
"84288","27.107748099907255","26.57321821696856","27.642277982845954","878","878","878"
"84384","25.848053243753682","24.67602971913521","27.020076768372153","879","879","879"
"84480","22.92101658725005","17.81766129389814","28.02437188060196","880","880","880"
"84576","25.780940525665255","23.673553077083795","27.888327974246714","881","881","881"
"84672","25.825087057053572","25.057183932403866","26.592990181703282","882","882","882"
"84768","26.66436825918919","24.66496623868987","28.66377027968851","883","883","883"
"84864","22.23629950159972","20.631366661616482","23.84123234158296","884","884","884"
"84960","21.133130207424422","13.445252468949953","28.82100794589889","885","885","885"
"85056","20.219256232339852","17.30021215234333","23.138300312336373","886","886","886"
"85152","24.550965051885925","22.880015442560016","26.221914661211834","887","887","887"
"85248","23.890553365726184","20.146248984195463","27.63485774725691","888","888","888"
"85344","26.109337446408794","25.336870967944392","26.881803924873193","889","889","889"
"85440","25.330448629050046","23.875667653842132","26.78522960425796","890","890","890"
"85536","22.88159725718237","20.28385390808221","25.479340606282527","891","891","891"
"85632","26.666532712958762","25.071952782836135","28.26111264308139","892","892","892"
"85728","27.258524398248014","26.81219804235979","27.704850754136242","893","893","893"
"85824","24.917780353453146","23.469293771933266","26.366266934973027","894","894","894"
"85920","26.671912784699142","26.205285167133834","27.13854040226445","895","895","895"
"86016","20.10595768183976","13.589586685879443","26.622328677800077","896","896","896"
"86112","25.74834246994189","25.54735668078121","25.94932825910257","897","897","897"
"86208","26.357502730423192","24.263669142539616","28.451336318306772","898","898","898"
"86304","24.015268377657","19.061400984150406","28.9691357711636","899","899","899"
"86400","24.47079991374139","23.008319214829225","25.933280612653558","900","900","900"
"86496","25.103309050164384","20.990691350894775","29.215926749433997","901","901","901"
"86592","23.986927890361496","19.144286685937555","28.829569094785437","902","902","902"
"86688","21.540520822184376","14.662120794194088","28.41892085017466","903","903","903"
"86784","26.41050949072926","25.999948562535458","26.82107041892306","904","904","904"
"86880","25.89625543552726","24.978464629377875","26.814046241676646","905","905","905"
"86976","26.305738985909898","24.146787757966848","28.464690213852947","906","906","906"
"87072","26.209528606148908","23.842578642710194","28.57647856958762","907","907","907"
"87168","26.070551970675723","23.471718369253992","28.669385572097458","908","908","908"
"87264","28.10305624371476","27.005719765736547","29.200392721692975","909","909","909"
"87360","21.11167608326643","15.116386975197486","27.106965191335373","910","910","910"
"87456","24.37002927563678","21.42161479285714","27.318443758416425","911","911","911"
"87552","25.610579055476514","22.02312608988893","29.1980320210641","912","912","912"
"87648","26.5883419710619","26.230236241312582","26.946447700811216","913","913","913"
"87744","27.19477791451385","26.754596610509573","27.634959218518127","914","914","914"
"87840","22.59381890012699","16.862076747377195","28.325561052876786","915","915","915"
"87936","27.551490740137467","26.172155385766334","28.930826094508603","916","916","916"
"88032","24.202396903233755","19.321776291312585","29.083017515154925","917","917","917"
"88128","23.377296179814223","18.525801157489095","28.228791202139348","918","918","918"
"88224","25.284556320546038","23.08703537609472","27.482077264997354","919","919","919"
"88320","22.14578738727576","19.572604816916883","24.718969957634634","920","920","920"
"88416","22.801043354439607","19.405442143910033","26.196644564969176","921","921","921"
"88512","25.23653094468211","21.425155825165042","29.047906064199175","922","922","922"
"88608","22.73150087704515","20.235380874462503","25.2276208796278","923","923","923"
"88704","25.872383417023254","24.14771948545785","27.59704734858866","924","924","924"
"88800","23.81301910770987","21.65853503402413","25.967503181395607","925","925","925"
"88896","21.931336499787882","16.37527509354953","27.487397906026235","926","926","926"
"88992","26.2030264402502","25.550077878981817","26.85597500151858","927","927","927"
"89088","27.327975706155687","26.07048335983724","28.585468052474134","928","928","928"
"89184","25.891578607232493","24.88493007197499","26.898227142489997","929","929","929"
"89280","27.259996043928833","26.466009514120127","28.05398257373754","930","930","930"
"89376","27.2176015817545","26.528149699998032","27.907053463510966","931","931","931"
"89472","24.698003642315022","22.459464785448837","26.936542499181208","932","932","932"
"89568","27.14334419030865","25.58549795648781","28.70119042412949","933","933","933"
"89664","28.123045281434152","26.95046181769095","29.295628745177357","934","934","934"
"89760","23.080942093258166","16.82420728578763","29.337676900728706","935","935","935"
"89856","26.11371580838845","24.28364973934226","27.943781877434642","936","936","936"
"89952","24.300752085709775","20.163148502664047","28.438355668755502","937","937","937"
"90048","21.524876029473226","15.445504470351562","27.60424758859489","938","938","938"
"90144","23.64868125516024","21.19941482600656","26.097947684313926","939","939","939"
"90240","22.67939906800098","17.787334684605597","27.57146345139636","940","940","940"
"90336","27.16079775323137","26.89015489938971","27.43144060707303","941","941","941"
"90432","23.433875439576752","18.13569380470481","28.732057074448697","942","942","942"
"90528","26.18041777795462","24.453051500181008","27.907784055728232","943","943","943"
"90624","26.22957130323274","25.413541955843517","27.045600650621964","944","944","944"
"90720","22.94726458550016","16.82005932114419","29.074469849856133","945","945","945"
"90816","25.209516821481714","21.392143105951597","29.026890537011827","946","946","946"
"90912","24.442586099191363","20.044748932561948","28.840423265820778","947","947","947"
"91008","20.207470925421834","14.28906593750749","26.125875913336177","948","948","948"
"91104","25.737513220847653","22.697263871452428","28.77776257024288","949","949","949"
"91200","25.898206024656442","24.187560795805233","27.608851253507652","950","950","950"
"91296","25.345029342752454","24.362416688317147","26.327641997187758","951","951","951"
"91392","22.934557737762653","20.558944589288746","25.310170886236563","952","952","952"
"91488","19.158152095422988","11.90910354594527","26.40720064490071","953","953","953"
"91584","24.153737110974287","20.348798038498778","27.958676183449796","954","954","954"
"91680","25.084375061446863","22.16758658083929","28.00116354205443","955","955","955"
"91776","25.038846262200728","22.944629064885593","27.133063459515864","956","956","956"
"91872","22.310784063209617","16.935410916022324","27.686157210396914","957","957","957"
"91968","26.24902579820128","25.044888920435593","27.45316267596697","958","958","958"
"92064","21.897185932626225","17.235579407323097","26.558792457929354","959","959","959"
"92160","21.8798107425239","17.380119073452388","26.37950241159541","960","960","960"
"92256","23.083449865029316","19.444973067068265","26.72192666299037","961","961","961"
"92352","25.12777209410644","23.784556336437923","26.470987851774957","962","962","962"
"92448","25.21835854415949","23.600319794134755","26.836397294184223","963","963","963"
"92544","23.7359108372182","21.725838487058073","25.745983187378325","964","964","964"
"92640","27.224787598080503","25.213468628312384","29.23610656784862","965","965","965"
"92736","26.339696983783607","24.837628489463782","27.841765478103433","966","966","966"
"92832","25.157689099347916","23.41590150702561","26.899476691670223","967","967","967"
"92928","21.124937115801565","13.957117780186673","28.292756451416455","968","968","968"
"93024","24.47716423722429","23.4734636512264","25.48086482322218","969","969","969"
"93120","26.647015221969838","26.455578888615676","26.838451555323996","970","970","970"
"93216","24.778607541622858","23.026422305197155","26.53079277804856","971","971","971"
"93312","25.846627760842765","24.81721065287798","26.876044868807554","972","972","972"
"93408","27.65300058005315","27.02705427066603","28.278946889440267","973","973","973"
"93504","23.683214833912352","20.305551295725255","27.06087837209945","974","974","974"
"93600","23.451126729877345","19.430435467684138","27.47181799207055","975","975","975"
"93696","27.442670076525875","27.05790066553102","27.82743948752073","976","976","976"
"93792","24.654846800907112","21.3803840138387","27.929309587975524","977","977","977"
"93888","26.27551175521213","24.06124699882323","28.48977651160103","978","978","978"
"93984","23.529644623365314","20.185986447926446","26.873302798804183","979","979","979"
"94080","25.25860508596217","23.58593609423543","26.93127407768891","980","980","980"
"94176","26.346456720833793","25.814911141767304","26.878002299900277","981","981","981"
"94272","26.122259701200466","24.110378115510194","28.13414128689074","982","982","982"
"94368","24.748769080142335","20.21119288662203","29.28634527366264","983","983","983"
"94464","22.83307464150499","19.708422574448907","25.957726708561072","984","984","984"
"94560","23.204688235836443","20.849681702958943","25.559694768713943","985","985","985"
"94656","27.375106267751704","25.344082399974553","29.406130135528855","986","986","986"
"94752","23.561848016686806","17.911007702695514","29.2126883306781","987","987","987"
"94848","22.420315714047486","19.59310893718306","25.247522490911912","988","988","988"
"94944","24.867896415215434","22.2491661609131","27.486626669517772","989","989","989"
"95040","26.50767034904272","25.98086694146764","27.0344737566178","990","990","990"
"95136","24.20436508586993","21.80424410729687","26.604486064442987","991","991","991"
"95232","25.895309750261546","23.494389240592955","28.29623025993014","992","992","992"
"95328","26.75428674178333","24.401856109159997","29.10671737440666","993","993","993"
"95424","27.69642330763887","27.00878836406245","28.38405825121529","994","994","994"
"95520","24.55875102350551","21.702568245363715","27.414933801647308","995","995","995"
"95616","24.532716697675113","22.282812635725843","26.78262075962438","996","996","996"
"95712","21.543484620215892","18.950129642217416","24.136839598214365","997","997","997"
"95808","25.677657348674348","22.480579650038973","28.874735047309724","998","998","998"
"95904","26.044756530613","22.95395633916724","29.135556722058755","999","999","999"
"96000","27.64274585513193","26.917925745137698","28.367565965126165","1000","1000","1000"
"96096","25.28082336362224","24.302862050673607","26.258784676570876","1001","1001","1001"
"96192","25.706717154063085","24.974694889402457","26.438739418723713","1002","1002","1002"
"96288","22.924600489627288","18.820688686758416","27.028512292496156","1003","1003","1003"
"96384","25.86645174924346","23.389110963536513","28.343792534950403","1004","1004","1004"
"96480","26.868522529762778","25.219263132664018","28.517781926861538","1005","1005","1005"
"96576","24.72047294863295","23.669976830775997","25.7709690664899","1006","1006","1006"
"96672","24.08307039953786","21.577365301377945","26.58877549769777","1007","1007","1007"
"96768","26.522282315067798","25.368024713233314","27.676539916902286","1008","1008","1008"
"96864","27.354491156356787","26.1621205933252","28.54686171938837","1009","1009","1009"
"96960","26.993926999392883","26.481131727697328","27.506722271088435","1010","1010","1010"
"97056","27.863003153865844","26.73351885234697","28.99248745538472","1011","1011","1011"
"97152","25.353363795309974","22.93232635709808","27.77440123352187","1012","1012","1012"
"97248","25.534534587646633","24.19326763094126","26.875801544352004","1013","1013","1013"
"97344","24.31755374871146","21.83326839552147","26.801839101901454","1014","1014","1014"
"97440","25.199188399567888","22.73716172351859","27.66121507561719","1015","1015","1015"
"97536","22.36505632968651","21.3001612326734","23.429951426699617","1016","1016","1016"
"97632","22.47312035541795","16.61814936132573","28.32809134951017","1017","1017","1017"
"97728","26.38588952135884","24.625708924593006","28.146070118124673","1018","1018","1018"
"97824","24.42277103391764","22.39672130603507","26.44882076180021","1019","1019","1019"
"97920","26.10890481277648","24.559647869534068","27.65816175601889","1020","1020","1020"
"98016","20.19073364280083","14.318348652436228","26.06311863316543","1021","1021","1021"
"98112","26.836261407724773","24.382041657481974","29.290481157967573","1022","1022","1022"
"98208","26.681642135374048","24.218993731317646","29.144290539430454","1023","1023","1023"
"98304","25.571172584986225","22.23608081860961","28.90626435136284","1024","1024","1024"
"98400","26.713077001770216","24.438079972491632","28.988074031048804","1025","1025","1025"
"98496","28.12075095949352","26.88275285873523","29.35874906025181","1026","1026","1026"
"98592","24.402861768514214","20.978639568116012","27.82708396891241","1027","1027","1027"
"98688","27.56892905087563","26.911336929996903","28.226521171754356","1028","1028","1028"
"98784","21.352007298031566","17.72211385440564","24.981900741657494","1029","1029","1029"
"98880","24.329958686227297","24.169627150536254","24.49029022191834","1030","1030","1030"
"98976","25.009505247272156","22.34984293202736","27.66916756251695","1031","1031","1031"
"99072","25.615023157223696","23.71049974925036","27.519546565197032","1032","1032","1032"
"99168","22.740106764075307","16.64921844883808","28.830995079312537","1033","1033","1033"
"99264","26.84901748811917","26.368511988968212","27.329522987270128","1034","1034","1034"
"99360","24.969019920559152","22.387556747891086","27.550483093227218","1035","1035","1035"
"99456","25.98908185916681","23.499465932533347","28.478697785800268","1036","1036","1036"
"99552","25.4707625526626","22.78591147401183","28.155613631313372","1037","1037","1037"
"99648","24.864418678435058","20.957912124681027","28.770925232189093","1038","1038","1038"
"99744","26.460084232690434","23.307233878998485","29.61293458638238","1039","1039","1039"
"99840","23.97798335626295","18.953717614346953","29.002249098178947","1040","1040","1040"
"99936","26.092050985667065","25.40762751184089","26.77647445949324","1041","1041","1041"
"100032","23.148297186423605","19.076195822489275","27.22039855035793","1042","1042","1042"
"100128","23.53054518066903","22.792451021868754","24.268639339469306","1043","1043","1043"
"100224","26.189970542882953","25.354819345004707","27.025121740761204","1044","1044","1044"
"100320","27.801352161798672","26.412678286239764","29.19002603735758","1045","1045","1045"
"100416","24.63173025731041","20.22718291038769","29.036277604233128","1046","1046","1046"
"100512","26.02884470800543","23.125448213244123","28.932241202766733","1047","1047","1047"
"100608","27.111546747691907","26.435830237757596","27.78726325762622","1048","1048","1048"
"100704","23.612332236576382","18.16867976624838","29.055984706904383","1049","1049","1049"
"100800","25.034561316703645","23.97759729408045","26.091525339326843","1050","1050","1050"
"100896","22.342800857918263","19.594839295616175","25.09076242022035","1051","1051","1051"
"100992","25.79992779991143","23.056508218764666","28.543347381058194","1052","1052","1052"
"101088","25.033425779596257","24.85029158820075","25.216559970991764","1053","1053","1053"
"101184","21.289752965365558","20.25810141043103","22.32140452030008","1054","1054","1054"
"101280","25.477852898376305","23.48821299124067","27.467492805511945","1055","1055","1055"
"101376","25.00485669751349","23.11886058665097","26.890852808376007","1056","1056","1056"
"101472","26.3117755419148","23.977159464973063","28.64639161885653","1057","1057","1057"
"101568","26.192790892151393","23.942271987930244","28.44330979637254","1058","1058","1058"
"101664","26.94323665386858","24.748317300280547","29.138156007456615","1059","1059","1059"
"101760","26.594507839630978","23.788933729987026","29.40008194927493","1060","1060","1060"
"101856","27.400022690049973","27.05002409429804","27.75002128580191","1061","1061","1061"
"101952","23.4472871498757","19.476197890711482","27.418376409039915","1062","1062","1062"
"102048","25.277698418033584","24.926999891241657","25.62839694482551","1063","1063","1063"
"102144","25.84981481506469","23.47731259273179","28.222317037397595","1064","1064","1064"
"102240","26.106272854573497","22.848644466853397","29.3639012422936","1065","1065","1065"
"102336","21.63344194837778","18.29098845336681","24.975895443388747","1066","1066","1066"
"102432","20.33966949727219","16.637982287052115","24.04135670749227","1067","1067","1067"
"102528","25.380037888544372","24.819065979438484","25.941009797650256","1068","1068","1068"
"102624","24.911328827664455","21.73901158965191","28.083646065677","1069","1069","1069"
"102720","23.11707067971366","19.198652057802228","27.03548930162509","1070","1070","1070"
"102816","26.054014522513942","22.84837640803201","29.259652636995874","1071","1071","1071"
"102912","25.93849837051053","23.050985106556187","28.826011634464876","1072","1072","1072"
"103008","24.7492636432644","22.21031739200917","27.288209894519632","1073","1073","1073"
"103104","25.279124197072406","22.778564851253094","27.779683542891714","1074","1074","1074"
"103200","22.603632159651692","18.832215961883126","26.37504835742026","1075","1075","1075"
"103296","26.271854565183688","23.522735838038564","29.020973292328808","1076","1076","1076"
"103392","22.597137797551806","18.893076692476473","26.30119890262714","1077","1077","1077"
"103488","24.8284616534323","20.202493950508607","29.454429356355995","1078","1078","1078"
"103584","28.11219091788705","26.981057002502233","29.24332483327187","1079","1079","1079"
"103680","21.254765866345213","13.17719576409784","29.332335968592588","1080","1080","1080"
"103776","24.597590117479747","23.666957639526796","25.528222595432695","1081","1081","1081"
"103872","24.631670177982222","20.988543018232573","28.274797337731872","1082","1082","1082"
"103968","26.58297541172491","25.00033694358085","28.16561387986897","1083","1083","1083"
"104064","21.20628170199011","16.162509843718457","26.250053560261765","1084","1084","1084"
"104160","19.289303430841834","12.201771666116406","26.376835195567264","1085","1085","1085"
"104256","25.27052609822259","22.54465282089965","27.996399375545526","1086","1086","1086"
"104352","27.50757612071844","26.975636387809587","28.03951585362729","1087","1087","1087"
"104448","23.93991497520868","19.318042887681834","28.56178706273553","1088","1088","1088"
"104544","26.994460043581824","25.232717886964753","28.756202200198896","1089","1089","1089"
"104640","26.90179719099268","24.65146135323731","29.152133028748057","1090","1090","1090"
"104736","26.753440699546637","25.084996494099343","28.42188490499393","1091","1091","1091"
"104832","26.3989513868311","23.98428583380566","28.81361693985654","1092","1092","1092"
"104928","26.057527090458322","25.055824999894412","27.059229181022232","1093","1093","1093"
"105024","26.239249026213503","24.370329178735222","28.108168873691785","1094","1094","1094"
"105120","27.769820558739575","26.93153213166176","28.608108985817392","1095","1095","1095"
"105216","19.15011247167986","13.026520343758577","25.273704599601142","1096","1096","1096"
"105312","24.306054995393744","19.50109071709378","29.111019273693703","1097","1097","1097"
"105408","20.94399323377977","14.004892412057302","27.883094055502237","1098","1098","1098"
"105504","23.60961615555935","17.98252017115933","29.23671213995937","1099","1099","1099"
"105600","19.822602424812214","13.061870742042483","26.583334107581944","1100","1100","1100"
"105696","24.82473529576275","20.025614647594548","29.62385594393095","1101","1101","1101"
"105792","24.17782250015069","20.03762509818201","28.31801990211937","1102","1102","1102"
"105888","25.18936236638035","23.992535420869462","26.386189311891236","1103","1103","1103"
"105984","25.35200391777319","22.288348466833313","28.41565936871307","1104","1104","1104"
"106080","26.749063321041678","26.400371247928728","27.09775539415463","1105","1105","1105"
"106176","21.652203116860754","14.226681526513744","29.077724707207768","1106","1106","1106"
"106272","26.338224384500503","23.899513884807345","28.77693488419366","1107","1107","1107"
"106368","25.434525416668478","24.100650151639005","26.768400681697955","1108","1108","1108"
"106464","26.969619367237314","24.871023268031454","29.068215466443178","1109","1109","1109"
"106560","25.38700235872396","23.354299209434167","27.419705508013752","1110","1110","1110"
"106656","23.31052190725191","18.12483910667024","28.496204707833577","1111","1111","1111"
"106752","25.349285267495063","23.40250674092628","27.296063794063848","1112","1112","1112"
"106848","26.987410177641394","25.261694201053704","28.713126154229087","1113","1113","1113"
"106944","24.992957371066552","21.626366197255326","28.359548544877775","1114","1114","1114"
"107040","26.122015205781405","24.010391511593134","28.233638899969677","1115","1115","1115"
"107136","24.446746049453907","19.31710082245352","29.57639127645429","1116","1116","1116"
"107232","26.394917872434853","23.203142950510475","29.58669279435923","1117","1117","1117"
"107328","23.986825332260388","18.55903738535931","29.414613279161465","1118","1118","1118"
"107424","27.208272287084647","25.027262547556376","29.38928202661292","1119","1119","1119"
"107520","28.089072982931278","27.052031571846374","29.126114394016184","1120","1120","1120"
"107616","24.831509983556913","24.259740220805817","25.40327974630801","1121","1121","1121"
"107712","25.6210830540573","22.275209354472242","28.96695675364236","1122","1122","1122"
"107808","25.413588729152863","21.130730344190862","29.69644711411486","1123","1123","1123"
"107904","24.600073834121705","19.820396307616438","29.379751360626972","1124","1124","1124"
"108000","25.19477158160162","21.66400111528095","28.72554204792229","1125","1125","1125"
"108096","24.579090562241007","20.978908376617902","28.179272747864115","1126","1126","1126"
"108192","24.739108129787347","20.169794187868405","29.30842207170629","1127","1127","1127"
"108288","26.355211070196233","25.683199150694854","27.027222989697613","1128","1128","1128"
"108384","27.111693251500334","26.97723882860996","27.246147674390713","1129","1129","1129"
"108480","23.171040611909838","21.699860413763993","24.64222081005568","1130","1130","1130"
"108576","24.964450744656105","20.996060868160146","28.93284062115206","1131","1131","1131"
"108672","27.78920156590676","27.010128740791092","28.56827439102243","1132","1132","1132"
"108768","24.322691691885282","19.478972557301077","29.16641082646949","1133","1133","1133"
"108864","24.805864939580992","20.499703895972786","29.112025983189195","1134","1134","1134"
"108960","18.918735680469577","11.792526262956676","26.044945097982477","1135","1135","1135"
"109056","24.50023515158178","21.668955010652702","27.331515292510858","1136","1136","1136"
"109152","26.527857087683486","24.718202469402218","28.33751170596475","1137","1137","1137"
"109248","27.467476964444835","25.368016849543977","29.56693707934569","1138","1138","1138"
"109344","25.167539977010442","20.94061284162105","29.394467112399838","1139","1139","1139"
"109440","21.62015454711574","16.12388012941002","27.11642896482146","1140","1140","1140"
"109536","24.565276085961962","20.94982461569973","28.18072755622419","1141","1141","1141"
"109632","26.848873551941367","24.41274486040527","29.285002243477464","1142","1142","1142"
"109728","26.69145120321912","25.58250669552263","27.800395710915613","1143","1143","1143"
"109824","24.90074903941109","22.222201687691317","27.57929639113086","1144","1144","1144"
"109920","21.0961596105871","13.766186708350258","28.426132512823948","1145","1145","1145"
"110016","25.38255561957979","21.580588093345987","29.184523145813593","1146","1146","1146"
"110112","21.974128168655607","14.52249664703866","29.425759690272557","1147","1147","1147"
"110208","24.592383510929473","19.98815029008684","29.19661673177211","1148","1148","1148"
"110304","26.16412948427959","23.88452607230733","28.443732896251852","1149","1149","1149"
"110400","22.341091275846647","15.69168609576655","28.990496455926746","1150","1150","1150"
"110496","28.05980289106385","26.87200083678473","29.24760494534297","1151","1151","1151"
"110592","27.616587121119586","25.884918342902978","29.34825589933619","1152","1152","1152"
"110688","20.74883949124014","12.293276378186714","29.204402604293566","1153","1153","1153"
"110784","20.6886222478985","13.057915044309127","28.319329451487878","1154","1154","1154"
"110880","26.624557723657635","25.910860037998344","27.338255409316925","1155","1155","1155"
"110976","23.123325888165773","20.97565219801824","25.270999578313305","1156","1156","1156"
"111072","26.220613797698505","25.160734380724552","27.280493214672454","1157","1157","1157"
"111168","24.884775023769613","24.335936505044135","25.433613542495095","1158","1158","1158"
"111264","25.16822117301495","23.16410798956241","27.172334356467484","1159","1159","1159"
"111360","24.788231770631505","20.496886285201203","29.07957725606181","1160","1160","1160"
"111456","26.279704539507854","24.17797378353763","28.381435295478074","1161","1161","1161"
"111552","25.79583247270815","22.926629222763495","28.665035722652807","1162","1162","1162"
"111648","23.207807102628063","16.595435976747744","29.820178228508382","1163","1163","1163"
"111744","24.849410917506503","21.05716733518531","28.6416544998277","1164","1164","1164"
"111840","23.20014341466259","18.18244190051707","28.217844928808113","1165","1165","1165"
"111936","25.011540124552084","22.994759220254085","27.028321028850087","1166","1166","1166"
"112032","25.857324125243665","24.37824584299349","27.336402407493843","1167","1167","1167"
"112128","19.91976784093503","16.09100671406647","23.748528967803587","1168","1168","1168"
"112224","25.177824620118702","24.86673770283795","25.488911537399456","1169","1169","1169"
"112320","24.718674851588027","24.686792453190577","24.75055724998548","1170","1170","1170"
"112416","27.402474578917335","26.744856068437116","28.06009308939755","1171","1171","1171"
"112512","27.11158765968097","27.073418002893558","27.14975731646839","1172","1172","1172"
"112608","25.997425404210063","23.013007458716025","28.9818433497041","1173","1173","1173"
"112704","24.364064006408405","20.357462318370214","28.370665694446597","1174","1174","1174"
"112800","25.037191445224757","22.34641086270473","27.727972027744784","1175","1175","1175"
"112896","26.830011964689383","25.28767088331179","28.372353046066976","1176","1176","1176"
"112992","25.676698349391884","22.45730972129894","28.896086977484824","1177","1177","1177"
"113088","24.571011717515937","20.26713094253681","28.874892492495064","1178","1178","1178"
"113184","23.095764624180397","21.20235109607579","24.989178152285","1179","1179","1179"
"113280","25.971401707639355","23.66975477690966","28.27304863836905","1180","1180","1180"
"113376","23.86165772081538","18.055903186815154","29.66741225481561","1181","1181","1181"
"113472","25.903851568973955","23.014357119287663","28.79334601866025","1182","1182","1182"
"113568","22.136879798838457","14.885818875339668","29.387940722337248","1183","1183","1183"
"113664","25.14066352965079","21.708105914122292","28.57322114517929","1184","1184","1184"
"113760","23.433117106577363","17.834532399717514","29.031701813437213","1185","1185","1185"
"113856","23.81843997870294","20.45306658690624","27.183813370499642","1186","1186","1186"
"113952","24.550147086683154","22.365836347691076","26.73445782567523","1187","1187","1187"
"114048","24.514390483132168","22.341678387162546","26.687102579101786","1188","1188","1188"
"114144","24.701482421069187","21.273013369078196","28.129951473060174","1189","1189","1189"
"114240","26.752182154087173","26.672602598447998","26.831761709726347","1190","1190","1190"
"114336","25.807985033264433","22.255916961499157","29.36005310502971","1191","1191","1191"
"114432","27.21350686898841","25.242407489986608","29.184606247990217","1192","1192","1192"
"114528","22.67781372242517","17.668769985161873","27.68685745968847","1193","1193","1193"
"114624","25.947345993320617","22.5934269207071","29.301265065934132","1194","1194","1194"
"114720","25.119272653290246","22.0375991879439","28.200946118636587","1195","1195","1195"
"114816","23.2117662247957","20.71992750264155","25.70360494694985","1196","1196","1196"
"114912","21.067060309179748","16.095785365616017","26.03833525274348","1197","1197","1197"
"115008","23.80338965166259","21.135782041767058","26.47099726155813","1198","1198","1198"
"115104","26.251732513902503","25.16805140499569","27.335413622809313","1199","1199","1199"
"115200","24.452406651896183","20.571046728738406","28.33376657505396","1200","1200","1200"
"115296","24.7432398461063","20.49777049713333","28.98870919507927","1201","1201","1201"
"115392","24.289020463457007","19.301676688639134","29.27636423827488","1202","1202","1202"
"115488","26.683818845257754","23.78337532456737","29.584262365948135","1203","1203","1203"
"115584","19.697441570180512","17.638787037362214","21.75609610299881","1204","1204","1204"
"115680","24.710754668619103","19.930790745828702","29.4907185914095","1205","1205","1205"
"115776","18.997754880820285","11.321284627982232","26.67422513365834","1206","1206","1206"
"115872","25.653925375211077","21.698743933248743","29.609106817173412","1207","1207","1207"
"115968","24.61620436743229","20.135381132662562","29.097027602202015","1208","1208","1208"
"116064","20.84811557183363","12.615070943749704","29.081160199917555","1209","1209","1209"
"116160","26.7635746172136","24.202401740511547","29.324747493915652","1210","1210","1210"
"116256","24.872098328158728","21.05399470110298","28.69020195521448","1211","1211","1211"
"116352","26.382014526315206","25.974858826981702","26.78917022564871","1212","1212","1212"
"116448","27.408456037085266","25.99138736399943","28.825524710171106","1213","1213","1213"
"116544","27.840903915208916","26.57600280424707","29.10580502617076","1214","1214","1214"
"116640","26.198578825308132","23.583081845981813","28.814075804634452","1215","1215","1215"
"116736","25.235322915707698","23.25569394228531","27.21495188913009","1216","1216","1216"
"116832","25.50707699077973","21.941446621439894","29.072707360119562","1217","1217","1217"
"116928","25.051025511605697","22.997986635667033","27.104064387544362","1218","1218","1218"
"117024","24.935257927387184","24.593467269433564","25.277048585340808","1219","1219","1219"
"117120","25.87001572306908","23.37770739917269","28.362324046965472","1220","1220","1220"
"117216","27.76558366079174","26.76425732231421","28.766909999269274","1221","1221","1221"
"117312","27.160118961064093","26.095157575449626","28.225080346678563","1222","1222","1222"
"117408","24.92585919965979","24.692161942926557","25.15955645639302","1223","1223","1223"
"117504","27.94236364952061","26.314450032357325","29.570277266683895","1224","1224","1224"
"117600","23.079236834388233","17.01262079968893","29.145852869087534","1225","1225","1225"
"117696","25.64728077620711","23.937377418366946","27.35718413404728","1226","1226","1226"
"117792","20.863541185963705","16.26594582554466","25.461136546382747","1227","1227","1227"
"117888","27.86604115203611","26.643471819069504","29.088610485002715","1228","1228","1228"
"117984","24.006966235847653","20.638266361012267","27.37566611068304","1229","1229","1229"
"118080","23.12753766841238","21.186283363737367","25.06879197308739","1230","1230","1230"
"118176","21.305748729896532","21.021300040899796","21.59019741889327","1231","1231","1231"
"118272","20.92556439198996","18.90737357615092","22.943755207828993","1232","1232","1232"
"118368","20.66594930184648","17.355123835967774","23.976774767725193","1233","1233","1233"
"118464","24.94927701613322","24.551562400868193","25.346991631398247","1234","1234","1234"
"118560","24.61409259751362","23.456298418437605","25.77188677658963","1235","1235","1235"
"118656","19.923791407210885","16.69915412009422","23.148428694327546","1236","1236","1236"
"118752","23.412525310153057","20.30836540625383","26.516685214052284","1237","1237","1237"
"118848","21.522664545215775","19.44487685900225","23.600452231429305","1238","1238","1238"
"118944","23.354827296268365","18.11475864693478","28.594895945601948","1239","1239","1239"
"119040","26.570924679306863","23.791904704579338","29.349944654034392","1240","1240","1240"
"119136","26.720312080187604","23.931520835447117","29.509103324928088","1241","1241","1241"
"119232","27.340837052270437","25.00443872596587","29.677235378575002","1242","1242","1242"
"119328","27.69610365753226","25.850361960797937","29.54184535426658","1243","1243","1243"
"119424","26.581729541729622","23.383010064706067","29.78044901875318","1244","1244","1244"
"119520","26.251874200771447","23.375434286399347","29.128314115143546","1245","1245","1245"
"119616","26.38338805194992","26.069714021723538","26.697062082176306","1246","1246","1246"
"119712","25.639821658224236","25.234614463413195","26.04502885303528","1247","1247","1247"
"119808","25.97002792512442","25.473584853062093","26.46647099718675","1248","1248","1248"
"119904","26.419707565414942","25.33231081188478","27.507104318945103","1249","1249","1249"
"120000","26.424994439390346","25.866670075560886","26.98331880321981","1250","1250","1250"
"120096","28.170320457874197","26.945281192729308","29.39535972301909","1251","1251","1251"
"120192","20.467817045889024","14.909113131255967","26.02652096052208","1252","1252","1252"
"120288","26.046062317565752","22.513895073122555","29.57822956200895","1253","1253","1253"
"120384","28.146307682080824","26.788435095973032","29.504180268188613","1254","1254","1254"
"120480","24.668676356677047","23.904348735730476","25.433003977623613","1255","1255","1255"
"120576","28.135021411429207","27.02403727006275","29.246005552795662","1256","1256","1256"
"120672","23.91203354250081","20.30794197963161","27.516125105370012","1257","1257","1257"
"120768","26.433306765753102","26.175212884620098","26.69140064688611","1258","1258","1258"
"120864","23.074766777453767","17.19563970727491","28.95389384763262","1259","1259","1259"
"120960","25.290712984564482","25.259272968882943","25.322153000246022","1260","1260","1260"
"121056","25.820123802742835","23.034740888075213","28.605506717410453","1261","1261","1261"
"121152","25.668170556480202","24.513992766396157","26.822348346564247","1262","1262","1262"
"121248","27.217826634803174","25.78516816200856","28.650485107597785","1263","1263","1263"
"121344","26.763208373791983","26.723187465110847","26.803229282473115","1264","1264","1264"
"121440","23.127784507599674","18.150358926660537","28.10521008853881","1265","1265","1265"
"121536","21.910424378773943","18.15384865528988","25.667000102258005","1266","1266","1266"
"121632","27.99583546475033","26.996456387104313","28.995214542396344","1267","1267","1267"
"121728","25.380176091920973","21.41679254738692","29.34355963645503","1268","1268","1268"
"121824","28.101833651293056","26.941921772036594","29.26174553054952","1269","1269","1269"
"121920","23.885182520134798","18.374107436224577","29.396257604045015","1270","1270","1270"
"122016","28.1921449772356","27.053519683107957","29.330770271363242","1271","1271","1271"
"122112","23.9483801811652","19.80457509610048","28.092185266229915","1272","1272","1272"
"122208","24.368488319714643","21.69688337038768","27.040093269041602","1273","1273","1273"
"122304","27.597564287144806","26.424399634882366","28.770728939407245","1274","1274","1274"
"122400","25.232531210944003","24.952484782154627","25.512577639733376","1275","1275","1275"
"122496","27.298239136540822","25.46492274097624","29.131555532105402","1276","1276","1276"
"122592","19.13015497144359","9.16644461867486","29.093865324212324","1277","1277","1277"
"122688","22.77699879028423","16.344883076927278","29.20911450364119","1278","1278","1278"
"122784","26.380092016269085","23.168643635610522","29.59154039692765","1279","1279","1279"
"122880","28.344523314545544","26.861765319024027","29.82728131006706","1280","1280","1280"
"122976","22.99826913569818","19.782605367173993","26.213932904222364","1281","1281","1281"
"123072","26.386921022697937","24.85868586617174","27.915156179224134","1282","1282","1282"
"123168","23.15189787222399","16.5895787719688","29.714216972479182","1283","1283","1283"
"123264","26.137327363398967","23.496141232322756","28.77851349447518","1284","1284","1284"
"123360","21.904095058314372","14.10314023849312","29.705049878135622","1285","1285","1285"
"123456","22.762494320358172","19.44378040233599","26.081208238380356","1286","1286","1286"
"123552","21.82519114152428","14.8637308546063","28.78665142844226","1287","1287","1287"
"123648","28.32852125985392","27.04822459455086","29.608817925156977","1288","1288","1288"
"123744","20.92590167105323","12.263262567502624","29.588540774603835","1289","1289","1289"
"123840","27.376664481654284","25.78534877314759","28.96798019016098","1290","1290","1290"
"123936","22.269136336014313","16.321117442196446","28.217155229832176","1291","1291","1291"
"124032","27.730738964170545","26.061352931143574","29.400124997197516","1292","1292","1292"
"124128","26.040548292768307","22.887191302348626","29.19390528318799","1293","1293","1293"
"124224","23.86945150842564","20.00518915632361","27.733713860527672","1294","1294","1294"
"124320","25.421619291225944","23.4123448891675","27.43089369328439","1295","1295","1295"
"124416","22.951830511947783","17.664267018911726","28.239394004983843","1296","1296","1296"
"124512","25.236326954610373","21.62631779194316","28.846336117277588","1297","1297","1297"
"124608","24.28407277676766","19.017069636491357","29.551075917043956","1298","1298","1298"
"124704","27.36220236426542","26.764092644385734","27.96031208414511","1299","1299","1299"
"124800","26.258589212159386","24.666369540107485","27.85080888421129","1300","1300","1300"
"124896","25.90853194621437","22.189724843944166","29.627339048484576","1301","1301","1301"
"124992","23.81046280706638","22.39127865208227","25.22964696205049","1302","1302","1302"
"125088","23.185365740211484","18.347067609812633","28.023663870610335","1303","1303","1303"
"125184","21.71389110454261","18.14955256476458","25.278229644320646","1304","1304","1304"
"125280","23.64600151143602","22.45879866049041","24.833204362381625","1305","1305","1305"
"125376","26.19135473844574","25.663735422434755","26.718974054456726","1306","1306","1306"
"125472","25.444900497182815","23.96447781175561","26.925323182610015","1307","1307","1307"
"125568","20.74560242351744","13.620892534333738","27.87031231270114","1308","1308","1308"
"125664","25.283339126617772","21.851568546467664","28.71510970676788","1309","1309","1309"
"125760","23.7853022670089","18.177762893624422","29.392841640393375","1310","1310","1310"
"125856","28.20000191404633","26.960651374794015","29.439352453298643","1311","1311","1311"
"125952","26.52425730451227","24.50848237572305","28.54003223330149","1312","1312","1312"
"126048","24.722525807273563","20.783721098545197","28.661330516001932","1313","1313","1313"
"126144","22.845090571707324","18.661538392320217","27.028642751094434","1314","1314","1314"
"126240","27.409776154720298","27.031717407944722","27.78783490149587","1315","1315","1315"
"126336","26.771382977228704","25.98382135933531","27.558944595122096","1316","1316","1316"
"126432","26.231278838796605","24.55993250265305","27.90262517494016","1317","1317","1317"
"126528","28.092262746493525","27.032490636737293","29.152034856249756","1318","1318","1318"
"126624","24.81352353665214","23.94290666352201","25.684140409782277","1319","1319","1319"
"126720","24.244791451699378","20.390203479795947","28.099379423602812","1320","1320","1320"
"126816","19.748924172122287","12.539069942687105","26.95877840155747","1321","1321","1321"
"126912","21.923319720286756","18.13970946086164","25.706929979711873","1322","1322","1322"
"127008","25.188987881882877","24.145557872104757","26.232417891660997","1323","1323","1323"
"127104","23.897581943891876","20.684629134148068","27.110534753635683","1324","1324","1324"
"127200","20.05800034468247","13.208166869360443","26.907833820004498","1325","1325","1325"
"127296","20.50742011453496","15.971313979661081","25.043526249408835","1326","1326","1326"
"127392","27.18770046356729","24.764304449712448","29.611096477422127","1327","1327","1327"
"127488","25.67667731935884","21.84775586149605","29.505598777221632","1328","1328","1328"
"127584","26.94690579037806","24.255797860881863","29.638013719874255","1329","1329","1329"
"127680","27.37931039795346","26.47377800934954","28.28484278655738","1330","1330","1330"
"127776","18.371828267693616","9.152129369371893","27.59152716601534","1331","1331","1331"
"127872","26.39413988528771","23.31442304127742","29.473856729298003","1332","1332","1332"
"127968","24.403819307335123","19.394573785277196","29.41306482939305","1333","1333","1333"
"128064","24.498960822319184","19.967364245803264","29.030557398835104","1334","1334","1334"
"128160","22.981115201077237","18.140623174029436","27.821607228125036","1335","1335","1335"
"128256","23.068835683177227","18.506479807273823","27.631191559080634","1336","1336","1336"
"128352","25.11738777586961","23.704039348327285","26.53073620341193","1337","1337","1337"
"128448","22.84391870203156","17.594996637747844","28.09284076631527","1338","1338","1338"
"128544","26.884330351213826","24.846485579748332","28.922175122679324","1339","1339","1339"
"128640","22.094010721016957","15.908518990312604","28.27950245172131","1340","1340","1340"
"128736","25.57508914969187","23.970153784605113","27.180024514778623","1341","1341","1341"
"128832","23.311451109779","20.783749563333945","25.83915265622405","1342","1342","1342"
"128928","26.276837646926225","25.017681241349848","27.5359940525026","1343","1343","1343"
"129024","26.961375483066767","24.289888816040225","29.632862150093313","1344","1344","1344"
"129120","30.11450012563325","21.493974749402934","38.73502550186356","1345","1345","1345"
"129216","22.294914824736114","17.76336839812218","26.82646125135005","1346","1346","1346"
"129312","24.201297704275685","19.71184685680471","28.690748551746662","1347","1347","1347"
"129408","35.07337189396822","26.86475287004421","43.28199091789223","1348","1348","1348"
"129504","24.514199930979114","23.64532717048441","25.383072691473817","1349","1349","1349"
"129600","50.110091875175506","23.026958111486618","77.19322563886439","1350","1350","1350"
"129696","25.164618074075925","24.817789752071718","25.511446396080128","1351","1351","1351"
"129792","20.43623588598509","20.057553418163074","20.814918353807112","1352","1352","1352"
"129888","28.189985237387702","16.44732936118084","39.93264111359456","1353","1353","1353"
"129984","38.24196274702932","25.099604950017746","51.3843205440409","1354","1354","1354"
"130080","20.180914952956577","14.807606507324229","25.554223398588928","1355","1355","1355"
"130176","31.958513905707186","24.26900179698735","39.648026014427025","1356","1356","1356"
"130272","30.78803342831013","21.76313991032305","39.8129269462972","1357","1357","1357"
"130368","22.679461470779163","20.184255533669425","25.1746674078889","1358","1358","1358"
"130464","26.767345681212348","15.936141611684887","37.59854975073981","1359","1359","1359"
"130560","23.229373493986024","20.92623791231095","25.5325090756611","1360","1360","1360"
"130656","28.56470725978975","22.580548387122494","34.548866132457","1361","1361","1361"
"130752","25.09767552704758","23.35261421731522","26.84273683677994","1362","1362","1362"
"130848","30.930429847058672","20.403447425123375","41.45741226899397","1363","1363","1363"
"130944","25.50182370598336","23.988339915630025","27.015307496336693","1364","1364","1364"
"131040","44.81107498718208","24.097931832331316","65.52421814203285","1365","1365","1365"
"131136","22.311731128498117","20.00274902387822","24.620713233118018","1366","1366","1366"
"131232","22.757675954596614","20.057408888486894","25.45794302070633","1367","1367","1367"
"131328","36.67737907583607","20.58049375061884","52.7742644010533","1368","1368","1368"
"131424","33.539923312075175","26.395190042857518","40.684656581292835","1369","1369","1369"
"131520","56.46137525320822","24.79757979506601","88.12517071135042","1370","1370","1370"
"131616","24.59665632352823","22.314223872375777","26.879088774680685","1371","1371","1371"
"131712","27.02478757587412","21.361372361921752","32.68820278982649","1372","1372","1372"
"131808","22.410155164415627","18.007354183295615","26.812956145535644","1373","1373","1373"
"131904","30.622504972919003","25.36048040854991","35.884529537288095","1374","1374","1374"
"132000","25.657323312151323","19.50109071709378","31.813555907208865","1375","1375","1375"
"132096","32.68703878287802","26.8691251437071","38.50495242204894","1376","1376","1376"
"132192","31.52694852819491","21.62021119720722","41.4336858591826","1377","1377","1377"
"132288","32.57692984489276","23.973006729293846","41.18085296049168","1378","1378","1378"
"132384","25.298189294670028","12.20370165070491","38.39267693863515","1379","1379","1379"
"132480","23.245136202627492","21.231409468245925","25.25886293700906","1380","1380","1380"
"132576","41.20743481412715","20.957854090217705","61.45701553803659","1381","1381","1381"
"132672","33.23162805481299","23.20382326056927","43.2594328490567","1382","1382","1382"
"132768","41.807677682564524","18.44516073396321","65.17019463116584","1383","1383","1383"
"132864","24.126120416997335","22.860633963480048","25.39160687051462","1384","1384","1384"
"132960","23.252404378898397","22.817646159593423","23.687162598203372","1385","1385","1385"
"133056","34.27717876895399","23.393719559801276","45.1606379781067","1386","1386","1386"
"133152","35.95986874378539","26.074629472569853","45.845108015000925","1387","1387","1387"
"133248","14.34081262528279","13.016215447764361","15.665409802801218","1388","1388","1388"
"133344","44.010874188613016","26.885164471376264","61.13658390584976","1389","1389","1389"
"133440","59.1300244936477","20.008974710041613","98.25107427725379","1390","1390","1390"
"133536","30.14675287399349","22.735008910724034","37.55849683726294","1391","1391","1391"
"133632","31.781735609557217","25.982945517380166","37.58052570173427","1392","1392","1392"
"133728","32.319854773627085","24.912830495516193","39.72687905173798","1393","1393","1393"
"133824","36.68632168875152","26.759997131946896","46.612646245556135","1394","1394","1394"
"133920","47.63657057488652","19.034522647297564","76.23861850247548","1395","1395","1395"
"134016","35.554686413184456","23.481981126024635","47.627391700344276","1396","1396","1396"
"134112","44.65915135216288","23.60503177835596","65.7132709259698","1397","1397","1397"
"134208","30.1996769824791","26.73386559427348","33.66548837068472","1398","1398","1398"
"134304","58.64554193876059","25.365482157245225","91.92560172027595","1399","1399","1399"
"134400","50.6319099190938","22.238457240954634","79.02536259723297","1400","1400","1400"
"134496","32.25764087677075","21.00806364201391","43.507218111527585","1401","1401","1401"
"134592","20.969499953735504","18.078856669657846","23.860143237813162","1402","1402","1402"
"134688","25.411007361626808","24.492874320545866","26.329140402707747","1403","1403","1403"
"134784","58.87039778213829","24.972752251069736","92.76804331320685","1404","1404","1404"
"134880","57.01331255944851","26.142928162240985","87.88369695665602","1405","1405","1405"
"134976","48.15563442290008","23.38669373808863","72.92457510771152","1406","1406","1406"
"135072","39.502968479847","19.492471001873653","59.51346595782034","1407","1407","1407"
"135168","55.32667425766419","26.283160631258824","84.37018788406955","1408","1408","1408"
"135264","27.417045702106613","26.970275971978058","27.86381543223517","1409","1409","1409"
"135360","65.45782262245865","24.45552139204531","106.46012385287199","1410","1410","1410"
"135456","63.685123850633374","27.01741700999647","100.35283069127027","1411","1411","1411"
"135552","58.98114007705759","19.432776306106597","98.52950384800857","1412","1412","1412"
"135648","65.84561328465158","21.15146779586431","110.53975877343885","1413","1413","1413"
"135744","70.22562347354157","27.055679271022743","113.3955676760604","1414","1414","1414"
"135840","46.1874556565559","26.74716471120595","65.62774660190584","1415","1415","1415"
"135936","50.70638388477347","20.24015812225874","81.1726096472882","1416","1416","1416"
"136032","66.61535370697683","23.631544008383532","109.59916340557014","1417","1417","1417"
"136128","70.77567452202057","26.771419649651385","114.77992939438975","1418","1418","1418"
"136224","55.41808390888893","26.581586759782557","84.25458105799531","1419","1419","1419"
"136320","62.52925000242029","20.761012233662743","104.29748777117784","1420","1420","1420"
"136416","54.832497655973654","26.843148691216005","82.8218466207313","1421","1421","1421"
"136512","64.39598248463207","25.978830545988686","102.81313442327546","1422","1422","1422"
"136608","59.905081953561314","17.000934498222502","102.80922940890012","1423","1423","1423"
"136704","20.220397429456213","20.220397429456213","20.220397429456213","1424","1424","1424"
"136800","59.724614354161766","19.148282693233863","100.30094601508966","1425","1425","1425"
"136896","63.84178177221359","25.755671375536078","101.92789216889109","1426","1426","1426"
"136992","34.08599603551691","21.845242233562583","46.326749837471226","1427","1427","1427"
"137088","60.54727394465431","15.260802128402474","105.83374576090614","1428","1428","1428"
"137184","64.77015654487586","18.219842481267925","111.32047060848379","1429","1429","1429"
"137280","53.74636806667007","14.52095421399536","92.97178191934478","1430","1430","1430"
"137376","58.00376269469488","18.959763413932762","97.047761975457","1431","1431","1431"
"137472","59.967172813587425","12.43354843375348","107.50079719342136","1432","1432","1432"
"137568","63.668382866455055","24.643105450719236","102.69366028219088","1433","1433","1433"
"137664","44.36442857714848","24.704325539824463","64.0245316144725","1434","1434","1434"
"137760","68.7615462947135","23.56199758245292","113.96109500697406","1435","1435","1435"
"137856","45.92390422233993","25.708800990018915","66.13900745466094","1436","1436","1436"
"137952","67.78210016278057","21.017028731413966","114.54717159414716","1437","1437","1437"
"138048","68.61808905064059","21.624965783112877","115.61121231816831","1438","1438","1438"
"138144","70.58498565132045","25.456486716732368","115.71348458590855","1439","1439","1439"
"138240","69.7341004760512","21.029885252108684","118.4383156999937","1440","1440","1440"
"138336","25.958415295342178","25.958415295342178","25.958415295342178","1441","1441","1441"
"138432","62.789616888388565","20.290089371584703","105.28914440519243","1442","1442","1442"
"138528","69.76487592311753","16.424980772595234","123.10477107363982","1443","1443","1443"
"138624","70.11420536571859","25.27307535868217","114.955335372755","1444","1444","1444"
"138720","71.4444416455506","23.873370599578372","119.01551269152282","1445","1445","1445"
"138816","69.80919131249564","26.55542763867554","113.06295498631576","1446","1446","1446"
"138912","66.4030979995444","17.59019214479434","115.21600385429446","1447","1447","1447"
"139008","62.60456749583495","23.262417360344347","101.94671763132555","1448","1448","1448"
"139104","66.53317725524171","24.464979329582068","108.60137518090136","1449","1449","1449"
"139200","64.07199355291287","21.946620192890965","106.19736691293478","1450","1450","1450"
"139296","61.319069409078104","19.33373707274519","103.30440174541101","1451","1451","1451"
"139392","63.826435706104526","23.660206485923492","103.99266492628556","1452","1452","1452"
"139488","64.79657832075782","25.710864654197326","103.88229198731831","1453","1453","1453"
"139584","67.99943941805122","22.08081217607611","113.91806666002634","1454","1454","1454"
"139680","72.07412299532093","26.78369094866723","117.36455504197464","1455","1455","1455"
"139776","55.05343912464801","26.76026018104438","83.34661806825164","1456","1456","1456"
"139872","68.54416763460608","19.61977827783444","117.46855699137772","1457","1457","1457"
"139968","65.915369481289","24.256856171557164","107.57388279102084","1458","1458","1458"
"140064","69.67425074202458","25.08485083146924","114.26365065257993","1459","1459","1459"
"140160","68.43935211472025","15.116558217861723","121.76214601157878","1460","1460","1460"
"140256","69.92052866019397","26.63648829393358","113.20456902645435","1461","1461","1461"
"140352","52.61702564373742","11.792207241396376","93.44184404607846","1462","1462","1462"
"140448","69.37329345355134","26.56387855252715","112.18270835457554","1463","1463","1463"
"140544","71.4737661972316","26.384318492698146","116.56321390176504","1464","1464","1464"
"140640","55.24072155985563","26.763320533622","83.71812258608925","1465","1465","1465"
"140736","47.61703848923759","24.035329857607778","71.19874712086741","1466","1466","1466"
"140832","71.58550734213556","23.943431289657855","119.22758339461326","1467","1467","1467"
"140928","73.34428688039293","23.383690216839195","123.30488354394666","1468","1468","1468"
"141024","61.154232198634226","20.04946588485006","102.25899851241839","1469","1469","1469"
"141120","70.52206993159243","20.930888664184184","120.11325119900066","1470","1470","1470"
"141216","62.16946959681839","25.187905654553525","99.15103353908324","1471","1471","1471"
"141312","23.058236376237645","23.058236376237645","23.058236376237645","1472","1472","1472"
"141408","69.36088595371307","26.65166297035567","112.07010893707047","1473","1473","1473"
"141504","22.060193156308344","17.355123835967774","26.76526247664891","1474","1474","1474"
"141600","73.00743104256472","25.111155096255253","120.90370698887418","1475","1475","1475"
"141696","67.55373947036527","13.03734848826495","122.0701304524656","1476","1476","1476"
"141792","71.4037117336742","22.520800954741492","120.28662251260691","1477","1477","1477"
"141888","71.24859718743252","25.319750933008997","117.17744344185606","1478","1478","1478"
"141984","69.93512096825708","25.210794669214522","114.65944726729963","1479","1479","1479"
"142080","69.0539584345297","26.654533327868855","111.45338354119056","1480","1480","1480"
"142176","24.18573472629094","24.18573472629094","24.18573472629094","1481","1481","1481"
"142272","26.006018916693755","26.006018916693755","26.006018916693755","1482","1482","1482"
"142368","70.05368022044915","16.879301672356267","123.22805876854203","1483","1483","1483"
"142464","71.58515119684033","21.190884251242004","121.97941814243865","1484","1484","1484"
"142560","71.54897762390831","21.764377215696136","121.3335780321205","1485","1485","1485"
"142656","71.13237685085822","22.18177803501368","120.08297566670277","1486","1486","1486"
"142752","71.84334442352973","20.120168751596697","123.56652009546276","1487","1487","1487"
"142848","63.11384855710248","20.63634411636391","105.59135299784104","1488","1488","1488"
"142944","72.92787669659553","26.15832517729629","119.69742821589477","1489","1489","1489"
"143040","67.30845873475532","24.410258347092405","110.20665912241824","1490","1490","1490"
"143136","72.46046578795126","25.69823967387187","119.22269190203066","1491","1491","1491"
"143232","70.14533902230959","26.490553380527963","113.80012466409121","1492","1492","1492"
"143328","66.59692140479329","20.80242809649461","112.39141471309198","1493","1493","1493"
"143424","68.87406217493715","17.945967177605862","119.80215717226845","1494","1494","1494"
"143520","71.40495970645105","19.234768521306183","123.57515089159591","1495","1495","1495"
"143616","72.33786094975608","21.591532671502726","123.08418922800942","1496","1496","1496"
"143712","71.3492100930313","20.95052049972615","121.74789968633647","1497","1497","1497"
"143808","74.74216806547669","26.59962631593081","122.88470981502257","1498","1498","1498"
"143904","73.09276893390351","22.488204224617032","123.69733364319","1499","1499","1499"
"144000","72.45006901636438","20.349970325105627","124.55016770762315","1500","1500","1500"
"144096","71.7134662597309","24.33523544881327","119.09169707064851","1501","1501","1501"
"144192","72.10742440493654","21.053687217188013","123.16116159268506","1502","1502","1502"
"144288","70.92434594689264","18.753758505198626","123.09493338858665","1503","1503","1503"
"144384","69.64760450696443","21.810809188501647","117.48439982542722","1504","1504","1504"
"144480","56.26166952442605","22.545457997763986","89.9778810510881","1505","1505","1505"
"144576","67.36039958892255","24.211170787195382","110.50962839064971","1506","1506","1506"
"144672","70.85872743105375","20.567102840165646","121.15035202194184","1507","1507","1507"
"144768","72.27607592301399","22.922352115982527","121.62979973004546","1508","1508","1508"
"144864","71.54988807420352","20.05083168862203","123.04894445978502","1509","1509","1509"
"144960","71.39402479718147","20.8031066487848","121.98494294557814","1510","1510","1510"
"145056","58.13409192057798","19.00463624854787","97.26354759260809","1511","1511","1511"
"145152","74.73422107029035","26.490391121198883","122.97805101938181","1512","1512","1512"
"145248","72.04779083709971","19.54352318448295","124.55205848971647","1513","1513","1513"
"145344","68.20321271633347","12.470154970567128","123.9362704620998","1514","1514","1514"
"145440","74.09403436593234","26.053572855870357","122.13449587599435","1515","1515","1515"
"145536","76.88377295734728","30.001252608479952","123.76629330621459","1516","1516","1516"
"145632","20.650833897896053","20.650833897896053","20.650833897896053","1517","1517","1517"
"145728","68.30046748747336","15.177004251374724","121.423930723572","1518","1518","1518"
"145824","71.83479658204111","22.443571435773105","121.22602172830912","1519","1519","1519"
"145920","76.42128895657002","31.394335537929116","121.44824237521094","1520","1520","1520"
"146016","72.10925475460014","23.83625991472657","120.38224959447372","1521","1521","1521"
"146112","70.26481797178374","15.62039091775579","124.90924502581169","1522","1522","1522"
"146208","69.75529791544004","14.356008292212977","125.1545875386671","1523","1523","1523"
"146304","72.0540736908667","18.526261816976724","125.58188556475667","1524","1524","1524"
"146400","73.69670929427429","21.174641184471483","126.21877740407709","1525","1525","1525"
"146496","76.00975551893984","29.815343646842194","122.20416739103749","1526","1526","1526"
"146592","73.20817830736598","35.48706080591585","110.92929580881611","1527","1527","1527"
"146688","72.7406739613824","23.799121505251836","121.68222641751296","1528","1528","1528"
"146784","74.65200946582647","22.087763341399608","127.21625559025333","1529","1529","1529"
"146880","72.84561615255294","21.972457845957383","123.71877445914849","1530","1530","1530"
"146976","20.394625891211064","20.394625891211064","20.394625891211064","1531","1531","1531"
"147072","75.97210848859498","24.767024210505475","127.17719276668448","1532","1532","1532"
"147168","74.42471457363263","28.47382351813752","120.37560562912772","1533","1533","1533"
"147264","74.39034234190503","25.384022252873926","123.39666243093612","1534","1534","1534"
"147360","67.99065422585342","10.764984471435676","125.21632398027116","1535","1535","1535"
"147456","72.41034713220452","29.59047987352852","115.23021439088052","1536","1536","1536"
"147552","56.35140910882013","22.488090539250297","90.21472767838996","1537","1537","1537"
"147648","63.87170098034485","14.790235307220318","112.95316665346938","1538","1538","1538"
"147744","71.82349589460395","21.853575352280185","121.79341643692773","1539","1539","1539"
"147840","72.6045144446438","26.492044947071776","118.71698394221582","1540","1540","1540"
"147936","74.75598979571328","23.75136844431343","125.76061114711312","1541","1541","1541"
"148032","73.99157462284438","25.50526392695721","122.47788531873155","1542","1542","1542"
"148128","74.2942553661939","24.7129365382441","123.8755741941437","1543","1543","1543"
"148224","68.87434206461023","13.807544013019381","123.9411401162011","1544","1544","1544"
"148320","70.07659396632667","24.934434047722032","115.21875388493132","1545","1545","1545"
"148416","20.51474755911048","20.51474755911048","20.51474755911048","1546","1546","1546"
"148512","74.15301207661868","23.27472430947248","125.03129984376488","1547","1547","1547"
"148608","74.33102336562222","23.69697509157794","124.96507163966649","1548","1548","1548"
"148704","90.84646476436433","57.76152872073017","123.93140080799847","1549","1549","1549"
"148800","83.85653720382454","42.70018006044373","125.01289434720536","1550","1550","1550"
"148896","69.02151998513621","16.249598984195774","121.79344098607665","1551","1551","1551"
"148992","35.107575187372795","35.107575187372795","35.107575187372795","1552","1552","1552"
"149088","72.79945088566417","24.665658313929836","120.9332434573985","1553","1553","1553"
"149184","87.88229898271176","55.70682620775432","120.0577717576692","1554","1554","1554"
"149280","65.19304415178743","24.667951449982517","105.71813685359236","1555","1555","1555"
"149376","80.94193027169817","36.85256069963145","125.03129984376488","1556","1556","1556"
"149472","93.26245603637727","61.493612228989676","125.03129984376488","1557","1557","1557"
"149568","71.24535805103147","19.954175209383084","122.53654089267985","1558","1558","1558"
"149664","80.07678319480574","35.58275778305462","124.57080860655687","1559","1559","1559"
"149760","72.63106125001738","19.746799625255754","125.515322874779","1560","1560","1560"
"149856","46.91701585476633","16.678581534994343","77.15545017453833","1561","1561","1561"
"149952","91.7193042520689","57.306137218389324","126.13247128574848","1562","1562","1562"
"150048","94.65162851255542","64.81703704512785","124.48621997998299","1563","1563","1563"
"150144","55.68680740816582","24.007572249765108","87.36604256656653","1564","1564","1564"
"150240","22.759490590411914","22.759490590411914","22.759490590411914","1565","1565","1565"
"150336","37.958719403564416","13.087593754689669","62.82984505243917","1566","1566","1566"
"150432","65.77540132354885","12.836118878820333","118.71468376827737","1567","1567","1567"
"150528","71.09401803494167","17.179425628431165","125.00861044145216","1568","1568","1568"
"150624","31.77373615421276","31.77373615421276","31.77373615421276","1569","1569","1569"
"150720","86.13855533941575","47.98360747707306","124.29350320175843","1570","1570","1570"
"150816","21.620997704102177","21.620997704102177","21.620997704102177","1571","1571","1571"
"150912","74.27811728804939","27.920353900058867","120.63588067603992","1572","1572","1572"
"151008","70.01715427103586","16.481227330040785","123.55308121203095","1573","1573","1573"
"151104","73.27973543700071","21.52817103023652","125.03129984376488","1574","1574","1574"
"151200","82.65447424381499","41.317969975415416","123.99097851221455","1575","1575","1575"
"151296","67.56901393018217","11.104947376367644","124.0330804839967","1576","1576","1576"
"151392","92.35016518773202","61.717614119777416","122.98271625568663","1577","1577","1577"
"151488","65.85785661316139","11.207989674164187","120.50772355215858","1578","1578","1578"
"151584","101.99981760895638","79.92536972175628","124.07426549615647","1579","1579","1579"
"151680","84.49509838486388","46.079489168289854","122.9107076014379","1580","1580","1580"
"151776","95.038712056762","64.2038642113096","125.87355990221441","1581","1581","1581"
"151872","95.9948066960794","65.3847870048954","126.60482638726339","1582","1582","1582"
"151968","64.04644928061974","4.257958148232914","123.83494041300656","1583","1583","1583"
"152064","110.55987644995295","94.25142912144584","126.86832377846007","1584","1584","1584"
"152160","106.23913655017158","99.21904380222155","113.25922929812161","1585","1585","1585"
"152256","84.95220286769971","50.415153664189326","119.4892520712101","1586","1586","1586"
"152352","87.92954291772816","49.65904164480183","126.2000441906545","1587","1587","1587"
"152448","65.29193218232118","9.337000041254834","121.24686432338751","1588","1588","1588"
"152544","3.34748337265975","3.34748337265975","3.34748337265975","1589","1589","1589"
"152640","79.346840732452","31.400836581809983","127.29284488309399","1590","1590","1590"
"152736","103.91021635628846","82.77806230680987","125.04237040576706","1591","1591","1591"
"152832","67.47192657921843","9.247466215828963","125.69638694260792","1592","1592","1592"
"152928","70.91493105685554","20.783478304813602","121.04638380889746","1593","1593","1593"
"153024","73.88979215887863","41.58758608056455","106.19199823719272","1594","1594","1594"
"153120","81.54412689796214","38.32488065526858","124.7633731406557","1595","1595","1595"
"153216","70.66063861495107","16.16109849830466","125.16017873159748","1596","1596","1596"
"153312","84.57660087374984","44.75912193113037","124.39407981636931","1597","1597","1597"
"153408","70.18471000038348","15.788442071283649","124.5809779294833","1598","1598","1598"
"153504","115.1492920847086","105.19451400426975","125.10407016514748","1599","1599","1599"
"153600","115.44245363872395","106.30144366005928","124.58346361738862","1600","1600","1600"
"153696","60.7987101036793","-0.5695818063740756","122.16700201373267","1601","1601","1601"
"153792","19.95791406584491","19.95791406584491","19.95791406584491","1602","1602","1602"
"153888","115.22519432884411","103.92462827502371","126.5257603826645","1603","1603","1603"
"153984","114.75328961608521","102.85174720595394","126.65483202621648","1604","1604","1604"
"154080","118.70101342814166","110.22483408959883","127.17719276668448","1605","1605","1605"
"154176","79.20501871124264","36.07324255119128","122.33679487129402","1606","1606","1606"
"154272","104.41014451195056","82.51901174747964","126.3012772764215","1607","1607","1607"
"154368","100.4431073028041","75.33744314290068","125.54877146270749","1608","1608","1608"
"154464","74.7658233333717","24.09550612921965","125.43614053752374","1609","1609","1609"
"154560","100.15874246799865","76.44145558503355","123.87602935096375","1610","1610","1610"
"154656","65.21105342585392","65.21105342585392","65.21105342585392","1611","1611","1611"
"154752","107.03352149256904","87.93457169938958","126.13247128574848","1612","1612","1612"
"154848","93.52764683396579","62.02399382416669","125.03129984376488","1613","1613","1613"
"154944","99.01003864056317","76.41308957531096","121.60698770581537","1614","1614","1614"
"155040","79.7641740421179","63.208681742071235","96.31966634216455","1615","1615","1615"
"155136","117.07551719432419","109.21874571001061","124.93228867863778","1616","1616","1616"
"155232","106.96083502494363","89.27561208932943","124.64605796055783","1617","1617","1617"
"155328","122.53088827673757","122.53088827673757","122.53088827673757","1618","1618","1618"
"155424","123.35409556401754","123.35409556401754","123.35409556401754","1619","1619","1619"
"155520","82.83726534391121","45.79496303080187","119.87956765702056","1620","1620","1620"
"155616","97.37628819102909","72.9744127412475","121.77816364081066","1621","1621","1621"
"155712","116.19938517647492","110.42016206688879","121.97860828606106","1622","1622","1622"
"155808","97.81841347973693","74.37413186393671","121.26269509553717","1623","1623","1623"
"155904","106.34554461962966","103.62492837092455","109.06616086833478","1624","1624","1624"
"156000","65.22912722808547","17.224693464865638","113.23356099130532","1625","1625","1625"
"156096","91.87029837288705","63.097586719413016","120.6430100263611","1626","1626","1626"
"156192","68.35415137381194","14.651284745846546","122.05701800177735","1627","1627","1627"
"156288","114.53911099212246","111.42717331861832","117.65104866562659","1628","1628","1628"
"156384","94.26360785310305","94.26360785310305","94.26360785310305","1629","1629","1629"
"156480","93.24678841863076","64.50345601134113","121.99012082592039","1630","1630","1630"
"156576","115.18827918829564","106.99700777051348","123.37955060607779","1631","1631","1631"
"156672","112.72848751737513","105.0921960433015","120.36477899144877","1632","1632","1632"
"156768","114.42229672764","108.91970059127961","119.92489286400041","1633","1633","1633"
"156864","113.70888612618907","110.41642984257432","117.00134240980384","1634","1634","1634"
"156960","110.1390652839427","97.9526826256144","122.32544794227098","1635","1635","1635"
"157056","92.876696432098","61.74602454389652","124.00736832029949","1636","1636","1636"
"157152","101.47390830868892","80.02036870940744","122.92744790797039","1637","1637","1637"
"157248","68.98236027848853","16.336133054640097","121.62858750233696","1638","1638","1638"
"157344","102.13664035238696","82.64247824292588","121.63080246184805","1639","1639","1639"
"157440","112.04059107522696","103.26975561295154","120.81142653750237","1640","1640","1640"
"157536","91.6316527638456","62.55758486130559","120.7057206663856","1641","1641","1641"
"157632","69.35663065647007","19.417707605987694","119.29555370695246","1642","1642","1642"
"157728","104.08757748277871","100.70263111621325","107.47252384934417","1643","1643","1643"
"157824","115.23198839084299","108.9858205732597","121.47815620842626","1644","1644","1644"
"157920","124.03705925981527","124.03705925981527","124.03705925981527","1645","1645","1645"
"158016","72.5817410925972","45.46603465291518","99.69744753227923","1646","1646","1646"
"158112","111.88777334879504","108.50913678338893","115.26640991420113","1647","1647","1647"
"158208","114.71132548805106","106.04318948388337","123.37946149221875","1648","1648","1648"
"158304","116.73950533951319","109.40474518286989","124.07426549615647","1649","1649","1649"
"158400","98.64637479975515","73.91703650671897","123.37571309279133","1650","1650","1650"
"158496","115.52081385790768","111.16040528529176","119.8812224305236","1651","1651","1651"
"158592","91.70308256398516","59.3267799741965","124.07938515377381","1652","1652","1652"
"158688","75.66303181609432","54.446921229565625","96.87914240262302","1653","1653","1653"
"158784","117.5926240486277","112.12467480932963","123.06057328792576","1654","1654","1654"
"158880","117.06823937537203","109.55024749285488","124.58623125788917","1655","1655","1655"
"158976","80.20428384042674","39.74116072236632","120.66740695848716","1656","1656","1656"
"159072","105.240013249276","86.47265817825252","124.00736832029949","1657","1657","1657"
"159168","76.6925434797619","37.036350802354264","116.34873615716954","1658","1658","1658"
"159264","124.00419215447742","124.00419215447742","124.00419215447742","1659","1659","1659"
"159360","54.99156863729654","-10.919741492781544","120.90287876737462","1660","1660","1660"
"159456","82.23319097342606","48.3134650256017","116.15291692125042","1661","1661","1661"
"159552","113.13781787221757","101.2185892611642","125.05704648327094","1662","1662","1662"
"159648","66.23318259339734","10.895623744406478","121.5707414423882","1663","1663","1663"
"159744","73.7148555629797","21.2972398402109","126.13247128574848","1664","1664","1664"
"159840","113.48087798971211","104.25939848082953","122.7023574985947","1665","1665","1665"
"159936","99.260371254938","73.72853401007356","124.79220849980243","1666","1666","1666"
"160032","116.81869987855565","108.60059405613652","125.03680570097478","1667","1667","1667"
"160128","103.64428827258766","100.86772223241344","106.42085431276189","1668","1668","1668"
"160224","89.80744608594485","56.51012109824986","123.10477107363982","1669","1669","1669"
"160320","122.69604201125726","122.69604201125726","122.69604201125726","1670","1670","1670"
"160416","90.4838248651885","59.580073822214345","121.38757590816263","1671","1671","1671"
"160512","108.32534375187117","95.38914137077832","121.26154613296403","1672","1672","1672"
"160608","80.15695171966807","35.987300679247646","124.3266027600885","1673","1673","1673"
"160704","116.9439191597373","109.19762599294532","124.69021232652928","1674","1674","1674"
"160800","116.67057170594543","109.33377509159136","124.00736832029949","1675","1675","1675"
"160896","99.34912844207113","72.99723189678738","125.70102498735487","1676","1676","1676"
"160992","75.9438324019516","25.447845746224697","126.43981905767849","1677","1677","1677"
"161088","112.04998622879944","99.40633196988466","124.6936404877142","1678","1678","1678"
"161184","58.389938211481116","11.197948370335641","105.5819280526266","1679","1679","1679"
"161280","91.15460251609323","65.63357455197169","116.67563048021479","1680","1680","1680"
"161376","6.426164660122389","6.426164660122389","6.426164660122389","1681","1681","1681"
"161472","108.16552393811793","107.4932236119635","108.83782426427234","1682","1682","1682"
"161568","102.77960824783963","80.46663671413373","125.09257978154552","1683","1683","1683"
"161664","67.0071376722595","8.404194520239695","125.61008082427931","1684","1684","1684"
"161760","102.66477755875783","80.80540993472658","124.52414518278907","1685","1685","1685"
"161856","92.88535590770913","62.10886360401023","123.66184821140803","1686","1686","1686"
"161952","91.77294384771199","60.993391071414976","122.55249662400898","1687","1687","1687"
"162048","95.86155083483216","83.57004586112804","108.15305580853628","1688","1688","1688"
"162144","115.37199826253851","106.80285640887594","123.9411401162011","1689","1689","1689"
"162240","123.79096500604876","123.79096500604876","123.79096500604876","1690","1690","1690"
"162336","123.78018646006095","123.78018646006095","123.78018646006095","1691","1691","1691"
"162432","96.47347813633036","68.42489511888023","124.5220611537805","1692","1692","1692"
"162528","110.92996675782362","96.82863367188236","125.03129984376488","1693","1693","1693"
"162624","91.82401590094115","57.582457691990776","126.06557410989151","1694","1694","1694"
"162720","93.40588772021702","61.780475596669156","125.03129984376488","1695","1695","1695"
"162816","90.63753404464845","55.7266311124687","125.5484369768282","1696","1696","1696"
"162912","89.39374646013297","54.83603235132573","123.95146056894023","1697","1697","1697"
"163008","94.38351305192657","64.77832074650823","123.98870535734493","1698","1698","1698"
"163104","66.6666334744473","7.560922824650426","125.77234412424416","1699","1699","1699"
"163200","116.81469622932251","108.10853430286494","125.52085815578008","1700","1700","1700"
"163296","80.97628749423346","35.84832868324224","126.10424630522469","1701","1701","1701"
"163392","105.28270414172516","85.8706509147202","124.69475736873011","1702","1702","1702"
"163488","106.61282975801736","86.57082748981823","126.65483202621648","1703","1703","1703"
"163584","78.11798019207598","70.07621161631221","86.15974876783973","1704","1704","1704"
"163680","126.06557410989151","126.06557410989151","126.06557410989151","1705","1705","1705"
"163776","105.21959553338203","105.21959553338203","105.21959553338203","1706","1706","1706"
"163872","115.87955976203449","111.16040528529176","120.59871423877722","1707","1707","1707"
"163968","82.45461389279589","40.36350282792388","124.54572495766789","1708","1708","1708"
"164064","119.1108052512379","112.21242691162952","126.00918359084628","1709","1709","1709"
"164160","116.33553506560324","110.80434216291292","121.86672796829357","1710","1710","1710"
"164256","97.81603481647831","70.65659640304652","124.9754732299101","1711","1711","1711"
"164352","68.30766291436682","12.580404472080467","124.03492135665316","1712","1712","1712"
"164448","114.18244705895908","102.29637371844504","126.06852039947313","1713","1713","1713"
"164544","78.25213454839918","29.91633424643886","126.58793485035952","1714","1714","1714"
"164640","125.85455176104966","125.85455176104966","125.85455176104966","1715","1715","1715"
"164736","99.53357129945465","76.9112111471788","122.15593145173048","1716","1716","1716"
"164832","101.15807893255754","78.37501774891398","123.9411401162011","1717","1717","1717"
"164928","75.63674838705953","29.824574390084422","121.44892238403463","1718","1718","1718"
"165024","123.98305869605879","123.98305869605879","123.98305869605879","1719","1719","1719"
"165120","112.82324787094178","103.04996652792155","122.59652921396201","1720","1720","1720"
"165216","115.98281138713372","108.73508066116558","123.23054211310188","1721","1721","1721"
"165312","122.11350072595735","122.11350072595735","122.11350072595735","1722","1722","1722"
"165408","91.33243479104843","59.083482175991804","123.58138740610507","1723","1723","1723"
"165504","105.83200206910135","90.66653459655409","120.99746954164861","1724","1724","1724"
"165600","92.23477871191378","67.4037788217948","117.06577860203276","1725","1725","1725"
"165696","93.81865286298753","65.5460875181892","122.09121820778587","1726","1726","1726"
"165792","91.33278214359933","60.08754519630199","122.57801909089669","1727","1727","1727"
"165888","66.66954222505319","10.725229225599662","122.61385522450672","1728","1728","1728"
"165984","122.2748691092077","122.2748691092077","122.2748691092077","1729","1729","1729"
"166080","121.36189466273139","121.36189466273139","121.36189466273139","1730","1730","1730"
"166176","91.69231382932793","60.484894250673015","122.89973340798284","1731","1731","1731"
"166272","116.7041275895902","110.1393101337587","123.26894504542172","1732","1732","1732"
"166368","66.20367429248368","9.07107562635746","123.33627295860991","1733","1733","1733"
"166464","124.76977190436737","124.76977190436737","124.76977190436737","1734","1734","1734"
"166560","116.88185238244832","109.34338184799154","124.42032291690509","1735","1735","1735"
"166656","106.73954711326397","93.08415451030821","120.39493971621971","1736","1736","1736"
"166752","116.2042893422545","108.98430311369513","123.42427557081385","1737","1737","1737"
"166848","118.14665259449916","110.81109641626854","125.48220877272979","1738","1738","1738"
"166944","123.66203269482124","123.66203269482124","123.66203269482124","1739","1739","1739"
"167040","110.87008302626555","97.64451337439179","124.0956526781393","1740","1740","1740"
"167136","116.98645381396574","109.00783598826497","124.96507163966649","1741","1741","1741"
"167232","87.63073804763636","51.85996504421567","123.40151105105704","1742","1742","1742"
"167328","98.20982729054435","72.4781833238671","123.9414712572216","1743","1743","1743"
"167424","96.02610818986281","67.91735528019598","124.13486109952964","1744","1744","1744"
"167520","113.910368671111","105.37970443459815","122.44103290762384","1745","1745","1745"
"167616","97.94537885693921","72.55448475526852","123.33627295860991","1746","1746","1746"
"167712","116.8634342367969","108.50047701122013","125.2263914623737","1747","1747","1747"
"167808","121.7789012104526","121.7789012104526","121.7789012104526","1748","1748","1748"
"167904","112.05854822825644","112.05854822825644","112.05854822825644","1749","1749","1749"
"168000","117.18781325355954","109.88940652713609","124.48621997998299","1750","1750","1750"
"168096","94.0902726499571","65.31866331400123","122.86188198591297","1751","1751","1751"
"168192","87.2528410579578","51.643800130002624","122.86188198591297","1752","1752","1752"
"168288","16.336133054640097","16.336133054640097","16.336133054640097","1753","1753","1753"
"168384","99.77224733408269","74.57942302849888","124.96507163966649","1754","1754","1754"
"168480","115.30411889935152","111.51932466843407","119.08891313026899","1755","1755","1755"
"168576","99.35719650094549","75.41879308105841","123.29559992083256","1756","1756","1756"
"168672","92.41352900202563","59.92755228644218","124.89950571760906","1757","1757","1757"
"168768","102.8313280932429","87.20258442949616","118.46007175698965","1758","1758","1758"
"168864","89.24327110131367","69.1381875388027","109.34835466382465","1759","1759","1759"
"168960","100.497109221198","100.497109221198","100.497109221198","1760","1760","1760"
"169056","73.89364511792645","73.89364511792645","73.89364511792645","1761","1761","1761"
"169152","41.059072992605635","29.504779017431456","52.61336696777981","1762","1762","1762"
"169248","68.04342190575439","63.295885168400815","72.79095864310796","1763","1763","1763"
"169344","94.02691086863086","80.69914840743148","107.35467332983025","1764","1764","1764"
"169440","60.423953909929025","60.423953909929025","60.423953909929025","1765","1765","1765"
"169536","91.70395709039515","58.76185622023248","124.64605796055783","1766","1766","1766"
"169632","116.90206165473066","109.89320632548026","123.91091698398107","1767","1767","1767"
"169728","122.86188198591297","122.86188198591297","122.86188198591297","1768","1768","1768"
"169824","116.79712466918146","110.19788707447645","123.39636226388646","1769","1769","1769"
"169920","103.08047552591827","83.29906906592356","122.86188198591297","1770","1770","1770"
"170016","65.85588034714944","7.560922824650426","124.15083786964844","1771","1771","1771"
"170112","78.16100819155635","78.16100819155635","78.16100819155635","1772","1772","1772"
"170208","117.72020805001583","111.94875035747388","123.49166574255779","1773","1773","1773"
"170304","114.9348402377855","110.03142697174208","119.83825350382892","1774","1774","1774"
"170400","118.96409507945945","118.96409507945945","118.96409507945945","1775","1775","1775"
"170496","124.96507163966649","124.96507163966649","124.96507163966649","1776","1776","1776"
"170592","60.108744143607844","14.933983651720864","105.28350463549482","1777","1777","1777"
"170688","101.05499951505372","81.17962614157238","120.93037288853506","1778","1778","1778"
"170784","120.83731943372565","120.83731943372565","120.83731943372565","1779","1779","1779"
"170880","87.80204856860627","58.58716266920307","117.01693446800945","1780","1780","1780"
"170976","109.04718856349922","100.2068128054945","117.88756432150393","1781","1781","1781"
"171072","89.08803644480665","60.15900322151678","118.01706966809652","1782","1782","1782"
"171168","108.67328931416733","105.9412465881628","111.40533204017188","1783","1783","1783"
"171264","118.90480060753877","118.90480060753877","118.90480060753877","1784","1784","1784"
"171360","95.51001161927758","72.14500463004451","118.87501860851064","1785","1785","1785"
"171456","65.45698206249291","11.032741694462228","119.8812224305236","1786","1786","1786"
"171552","72.5612005760827","24.257594185687765","120.86480696647763","1787","1787","1787"
"171648","110.66361861394708","102.72380710184636","118.60343012604778","1788","1788","1788"
"171744","110.27997914288032","97.76298656268452","122.79697172307613","1789","1789","1789"
"171840","87.05646314766406","56.1715529671974","117.94137332813072","1790","1790","1790"
"171936","111.34435681958892","100.85782429440096","121.83088934477689","1791","1791","1791"
"172032","104.27288749880692","84.53840667731436","124.00736832029949","1792","1792","1792"
"172128","123.09940366272367","123.09940366272367","123.09940366272367","1793","1793","1793"
"172224","102.76643353606784","82.73589534905956","122.79697172307613","1794","1794","1794"
"172320","108.19494038712817","107.76244296389943","108.62743781035691","1795","1795","1795"
"172416","109.65389847231896","95.7699016001643","123.53789534447363","1796","1796","1796"
"172512","115.88840737170327","108.97984302033039","122.79697172307613","1797","1797","1797"
"172608","113.82933325678525","102.6604807718548","124.99818574171569","1798","1798","1798"
"172704","117.19598918236116","109.4241554688803","124.96782289584203","1799","1799","1799"
"172800","83.21052200785041","41.08913821929264","125.33190579640818","1800","1800","1800"
"172896","117.75625793812915","111.70185194495147","123.81066393130683","1801","1801","1801"
"172992","117.94278872254368","110.37025457030836","125.515322874779","1802","1802","1802"
"173088","83.26959622074976","41.02386956672051","125.515322874779","1803","1803","1803"
"173184","86.97962118632725","50.0508852174821","123.9083571551724","1804","1804","1804"
"173280","113.40494605482093","102.68638755280834","124.1235045568335","1805","1805","1805"
"173376","117.87001282802774","110.38215245946091","125.35787319659455","1806","1806","1806"
"173472","117.97310577544215","110.43088867610528","125.515322874779","1807","1807","1807"
"173568","118.50503552702844","111.28925503287425","125.72081602118264","1808","1808","1808"
"173664","110.47079094663252","110.47079094663252","110.47079094663252","1809","1809","1809"
"173760","64.13563333706293","5.3843369176583895","122.88692975646747","1810","1810","1810"
"173856","114.47343114544626","104.49375641295872","124.4531058779338","1811","1811","1811"
"173952","98.51351600146512","72.35911873501996","124.6679132679103","1812","1812","1812"
"174048","118.94360138756923","113.12021160673571","124.76699116840275","1813","1813","1813"
"174144","95.3439302710728","85.3806133475638","105.3072471945818","1814","1814","1814"
"174240","96.37266335074926","70.90481391310286","121.84051278839566","1815","1815","1815"
"174336","72.70359999804971","72.70359999804971","72.70359999804971","1816","1816","1816"
"174432","99.73812778656074","76.00884745898654","123.46740811413494","1817","1817","1817"
"174528","52.57854148817584","8.359875276653884","96.7972076996978","1818","1818","1818"
"174624","114.44398687821587","104.94683364023065","123.9411401162011","1819","1819","1819"
"174720","118.87568424976075","111.29295577874666","126.45841272077483","1820","1820","1820"
"174816","70.82928020212226","15.959820451094664","125.69873995314985","1821","1821","1821"
"174912","99.62371269573073","74.0046424485734","125.24278294288806","1822","1822","1822"
"175008","99.08850855654056","73.18986940538183","124.9871477076993","1823","1823","1823"
"175104","110.67258687638642","95.9245177030611","125.42065604971174","1824","1824","1824"
"175200","101.32157800654389","79.27410009344918","123.36905591963861","1825","1825","1825"
"175296","99.27210636719013","74.60307261817918","123.9411401162011","1826","1826","1826"
"175392","93.26206746090128","61.92222909731033","124.60190582449222","1827","1827","1827"
"175488","117.45081687068418","109.17322099250947","125.72841274885889","1828","1828","1828"
"175584","83.59331206454459","46.9266621515415","120.25996197754768","1829","1829","1829"
"175680","116.59729747219","106.80285640887594","126.39173853550405","1830","1830","1830"
"175776","116.05813921962331","107.15120679958014","124.96507163966649","1831","1831","1831"
"175872","88.10514506135588","50.900239633656064","125.3100504890557","1832","1832","1832"
"175968","97.8028709644588","72.67829402094723","122.92744790797039","1833","1833","1833"
"176064","103.121214376611","83.09572023960571","123.14670851361628","1834","1834","1834"
"176160","101.79088051619627","79.64062091619142","123.9411401162011","1835","1835","1835"
"176256","101.92183126471986","79.89907912698536","123.94458340245437","1836","1836","1836"
"176352","81.31335015218681","40.06708018688566","122.55962011748798","1837","1837","1837"
"176448","117.11665973195794","110.28514944240341","123.94817002151247","1838","1838","1838"
"176544","104.90771467057797","85.36199232220164","124.45343701895429","1839","1839","1839"
"176640","93.92853775658774","63.77624727501634","124.08082823815914","1840","1840","1840"
"176736","118.07108323094741","111.11086661812995","125.03129984376488","1841","1841","1841"
"176832","125.9993459057931","125.9993459057931","125.9993459057931","1842","1842","1842"
"176928","119.44051264576673","113.91595365186697","124.96507163966649","1843","1843","1843"
"177024","82.9822037814531","43.855242070077885","122.1091654928283","1844","1844","1844"
"177120","117.1799391788567","109.35652124466708","125.0033571130463","1845","1845","1845"
"177216","115.50634046228271","106.76300884406122","124.24967208050421","1846","1846","1846"
"177312","116.30591981308915","107.54709119448492","125.06474843169337","1847","1847","1847"
"177408","91.8937331676233","59.7880775666424","123.99938876860419","1848","1848","1848"
"177504","67.09506378621111","9.158827728657352","125.03129984376488","1849","1849","1849"
"177600","75.34556822953445","41.6261727357092","109.06496372335971","1850","1850","1850"
"177696","108.38103780534188","91.43875861245873","125.32331699822502","1851","1851","1851"
"177792","125.89885756218037","125.89885756218037","125.89885756218037","1852","1852","1852"
"177888","104.43512950862291","83.25492486456065","125.61533415268516","1853","1853","1853"
"177984","116.74442865466216","109.13995549061683","124.34890181870749","1854","1854","1854"
"178080","118.08547410715876","110.03847692856904","126.13247128574848","1855","1855","1855"
"178176","96.24386817747677","73.46866208489718","119.01907427005636","1856","1856","1856"
"178272","114.05185914285327","109.46855009747087","118.63516818823568","1857","1857","1857"
"178368","111.28594499514804","97.54059014653122","125.03129984376488","1858","1858","1858"
"178464","100.05056472914914","73.46302172604605","126.63810773225224","1859","1859","1859"
"178560","91.1986516582788","56.84886633972942","125.5484369768282","1860","1860","1860"
"178656","96.54907918521465","66.96568708468084","126.13247128574848","1861","1861","1861"
"178752","100.30039113419046","75.76328265426187","124.83749961411905","1862","1862","1862"
"178848","103.65573512734633","102.39869279114392","104.91277746354874","1863","1863","1863"
"178944","114.6579483871555","104.21769975468915","125.09819701962186","1864","1864","1864"
"179040","109.46543572855069","109.46543572855069","109.46543572855069","1865","1865","1865"
"179136","116.07236198637254","108.94698891599607","123.19773505674901","1866","1866","1866"
"179232","115.06197597758701","104.55620499871628","125.56774695645774","1867","1867","1867"
"179328","114.85251042092231","103.63944673195311","126.06557410989151","1868","1868","1868"
"179424","117.97290337873585","109.81333547172324","126.13247128574848","1869","1869","1869"
"179520","96.74236033139884","75.32861551451128","118.1561051482864","1870","1870","1870"
"179616","100.66008696893357","76.25025413484315","125.06991980302399","1871","1871","1871"
"179712","118.31454598571634","110.88597689163103","125.74311507980163","1872","1872","1872"
"179808","66.30152192712498","7.571744010485089","125.03129984376488","1873","1873","1873"
"179904","117.66679854589636","111.39245697559161","123.9411401162011","1874","1874","1874"
"180000","116.91487435133291","109.13975936672273","124.6899893359431","1875","1875","1875"
"180096","111.08089807486878","110.05042642501853","112.11136972471904","1876","1876","1876"
"180192","103.04771250220483","81.0418261020258","125.05359890238388","1877","1877","1877"
"180288","98.67946177307626","72.98063673984437","124.37828680630814","1878","1878","1878"
"180384","118.73544752771252","111.88900949066837","125.58188556475667","1879","1879","1879"
"180480","104.97594452490374","104.09537585728495","105.85651319252253","1880","1880","1880"
"180576","118.12352017660143","110.97372899393092","125.27331135927193","1881","1881","1881"
"180672","96.90512000913955","68.74549158658573","125.06474843169337","1882","1882","1882"
"180768","91.62169174291842","58.75716350585385","124.48621997998299","1883","1883","1883"
"180864","105.88796926414499","86.46934582402919","125.30659270426078","1884","1884","1884"
"180960","116.85478852686336","107.6440029438352","126.06557410989151","1885","1885","1885"
"181056","90.64338448739713","56.25029775969877","125.0364712150955","1886","1886","1886"
"181152","110.14301805957653","94.47886333285356","125.8071727862995","1887","1887","1887"
"181248","100.98599712790195","76.48978548307412","125.48220877272979","1888","1888","1888"
"181344","111.86254372365336","97.65395524413123","126.0711322031755","1889","1889","1889"
"181440","88.54758389883767","50.996145099855326","126.09902269782","1890","1890","1890"
"181536","70.52709635147686","20.948352728821053","120.10583997413265","1891","1891","1891"
"181632","119.55759564232665","111.9379985179688","127.17719276668448","1892","1892","1892"
"181728","118.5558815086379","111.02656203775689","126.08520097951889","1893","1893","1893"
"181824","118.25572776621816","111.58913226177131","124.922323270665","1894","1894","1894"
"181920","111.04973761663341","96.09029164242054","126.00918359084628","1895","1895","1895"
"182016","96.92453439469179","77.45573458499558","116.393334204388","1896","1896","1896"
"182112","119.35988283777152","111.54257290885857","127.17719276668448","1897","1897","1897"
"182208","89.21368032594194","57.59631025275886","120.831050399125","1898","1898","1898"
"182304","107.37325708134425","87.04168428442017","127.70482987826833","1899","1899","1899"
"182400","115.89185015246032","105.61781015224486","126.16589015267579","1900","1900","1900"
"182496","119.27368644669514","111.8925408671738","126.65483202621648","1901","1901","1901"
"182592","87.89884377654411","51.72342205693174","124.07426549615647","1902","1902","1902"
"182688","87.58456424526378","52.142003790530296","123.02712469999727","1903","1903","1903"
"182784","80.69578136880682","36.80533147972448","124.58623125788917","1904","1904","1904"
"182880","112.5042629135836","112.5042629135836","112.5042629135836","1905","1905","1905"
"182976","65.26074241733501","7.560922824650426","122.96056201001959","1906","1906","1906"
"183072","101.6208367596845","79.23430519906948","124.00736832029949","1907","1907","1907"
"183168","115.58864801024433","109.94127763171738","121.23601838877127","1908","1908","1908"
"183264","124.51933408203219","124.51933408203219","124.51933408203219","1909","1909","1909"
"183360","117.74421480140907","112.10704736528386","123.38138223753427","1910","1910","1910"
"183456","109.3057653029551","94.6041622856107","124.00736832029949","1911","1911","1911"
"183552","80.45792090536807","37.94086279267272","122.97497901806342","1912","1912","1912"
"183648","117.39781498922008","111.80195386637138","122.99367611206878","1913","1913","1913"
"183744","112.39889294094381","112.39889294094381","112.39889294094381","1914","1914","1914"
"183840","108.70477855150733","96.59499845793542","120.81455864507926","1915","1915","1915"
"183936","107.6457525881021","102.9866631999309","112.3048419762733","1916","1916","1916"
"184032","126.13247128574848","126.13247128574848","126.13247128574848","1917","1917","1917"
"184128","117.33155423147863","108.0082764367408","126.65483202621648","1918","1918","1918"
"184224","74.11165912693656","74.11165912693656","74.11165912693656","1919","1919","1919"
"184320","127.15820605993524","127.15820605993524","127.15820605993524","1920","1920","1920"
"184416","110.65738340879255","94.41284052954096","126.90192628804417","1921","1921","1921"
"184512","117.6156808384898","108.04855467465472","127.18280700232485","1922","1922","1922"
"184608","112.41655157622363","97.68687470978894","127.14622844265831","1923","1923","1923"
"184704","106.50220251166135","89.8535852647339","123.1508197585888","1924","1924","1924"
"184800","118.91745461834144","111.7024379509344","126.13247128574848","1925","1925","1925"
"184896","92.5708291431708","58.947288073541955","126.19437021279964","1926","1926","1926"
"184992","118.74681810417772","110.85552847610317","126.63810773225225","1927","1927","1927"
"185088","69.32383960472377","11.992847183231065","126.65483202621648","1928","1928","1928"
"185184","82.84038799439114","38.74262037684503","126.93815561193725","1929","1929","1929"
"185280","95.50944884549811","63.46742254828718","127.55147514270904","1930","1930","1930"
"185376","99.32065265050929","71.46411253433409","127.17719276668448","1931","1931","1931"
"185472","119.71520704706882","112.19568585245547","127.23472824168218","1932","1932","1932"
"185568","85.88377138381207","45.70196865773261","126.06557410989153","1933","1933","1933"
"185664","106.71503247231266","88.01555672386786","125.41450822075745","1934","1934","1934"
"185760","118.90604257799376","111.69372636050093","126.11835879548659","1935","1935","1935"
"185856","112.24467487975589","112.24467487975589","112.24467487975589","1936","1936","1936"
"185952","74.11228753884279","74.11228753884279","74.11228753884279","1937","1937","1937"
"186048","112.49044988387202","112.49044988387202","112.49044988387202","1938","1938","1938"
"186144","92.2715553391599","59.44491365869793","125.09819701962186","1939","1939","1939"
"186240","118.35385985605093","112.63345421594539","124.07426549615647","1940","1940","1940"
"186336","87.79936217104571","52.04293518468532","123.55578915740612","1941","1941","1941"
"186432","112.74761428703275","111.37789352004586","114.11733505401963","1942","1942","1942"
"186528","116.24515871176081","109.92606968773022","122.5642477357914","1943","1943","1943"
"186624","100.24390162681743","84.1208202539577","116.36698299967715","1944","1944","1944"
"186720","95.58001117781214","64.5051903294078","126.65483202621648","1945","1945","1945"
"186816","19.26086914726396","19.26086914726396","19.26086914726396","1946","1946","1946"
"186912","85.6491807485856","46.57512406831724","124.72323742885396","1947","1947","1947"
"187008","74.73957400460385","21.74053167848637","127.73861633072133","1948","1948","1948"
"187104","114.3196594898279","109.83993215395151","118.7993868257043","1949","1949","1949"
"187200","105.82475409885632","105.82475409885632","105.82475409885632","1950","1950","1950"
"187296","90.82172786396038","56.48484908931492","125.15860663860582","1951","1951","1951"
"187392","76.42335343222359","76.42335343222359","76.42335343222359","1952","1952","1952"
"187488","117.75423965675941","108.33128654683433","127.17719276668448","1953","1953","1953"
"187584","108.6932851653888","94.61952696841715","122.76704336236047","1954","1954","1954"
"187680","118.32720200789004","109.47721124909559","127.17719276668448","1955","1955","1955"
"187776","102.1632214131671","81.35205109961656","122.97439172671761","1956","1956","1956"
"187872","114.68050449558274","109.28109525862911","120.07991373253637","1957","1957","1957"
"187968","87.01089028638897","87.01089028638897","87.01089028638897","1958","1958","1958"
"188064","111.65532569939072","110.97836279179467","112.33228860698678","1959","1959","1959"
"188160","110.85756976863917","110.85756976863917","110.85756976863917","1960","1960","1960"
"188256","118.0913439918014","110.56735383091763","125.61533415268516","1961","1961","1961"
"188352","99.30726907153152","76.954888103739","121.65965003932406","1962","1962","1962"
"188448","125.5484369768282","125.5484369768282","125.5484369768282","1963","1963","1963"
"188544","124.65946747333611","124.65946747333611","124.65946747333611","1964","1964","1964"
"188640","99.5219810026622","75.41040567846682","123.63355632685759","1965","1965","1965"
"188736","119.64048715760914","112.84486065306244","126.43611366215585","1966","1966","1966"
"188832","102.76066503421623","80.61699895173501","124.90433111669743","1967","1967","1967"
"188928","101.54115979437887","85.22149342615877","117.86082616259895","1968","1968","1968"
"189024","92.78207644303853","61.43406077606582","124.13009211001126","1969","1969","1969"
"189120","108.42771970778817","90.57073728546288","126.28470213011346","1970","1970","1970"
"189216","126.15143817849695","126.15143817849695","126.15143817849695","1971","1971","1971"
"189312","119.83639558954735","113.57447314834658","126.0983180307481","1972","1972","1972"
"189408","119.64795635991561","112.8152009404374","126.48071177939381","1973","1973","1973"
"189504","107.04843320842852","103.53954741335284","110.5573190035042","1974","1974","1974"
"189600","105.77307780866718","86.88946547546863","124.65669014186575","1975","1975","1975"
"189696","89.99512975665854","53.92468540342557","126.06557410989151","1976","1976","1976"
"189792","96.39241116360637","66.7087415605095","126.07608076670324","1977","1977","1977"
"189888","104.76695986956807","84.79247159998978","124.74144813914637","1978","1978","1978"
"189984","91.2922346963272","56.395037986658195","126.1894314059962","1979","1979","1979"
"190080","104.38527978176401","101.1357162667432","107.63484329678482","1980","1980","1980"
"190176","118.2956894251279","110.45890756450731","126.13247128574848","1981","1981","1981"
"190272","118.94350650193638","111.7545417181243","126.13247128574848","1982","1982","1982"
"190368","112.774813330521","99.41715537529353","126.13247128574848","1983","1983","1983"
"190464","19.84491664573767","19.84491664573767","19.84491664573767","1984","1984","1984"
"190560","118.77415344197121","111.42712559040345","126.12118129353897","1985","1985","1985"
"190656","103.40046950079642","80.66846771584437","126.13247128574848","1986","1986","1986"
"190752","92.87470812380226","59.88699935444666","125.86241689315786","1987","1987","1987"
"190848","119.34668196701983","112.21242691162952","126.48093702241016","1988","1988","1988"
"190944","118.24784168814989","111.63692689841527","124.85875647788451","1989","1989","1989"
"191040","120.05098860632924","115.00378019303663","125.09819701962186","1990","1990","1990"
"191136","118.46674049697975","110.86790688406798","126.06557410989151","1991","1991","1991"
"191232","117.62988388684465","108.08257500700482","127.17719276668448","1992","1992","1992"
"191328","119.65883227788706","113.22608599174097","126.09157856403316","1993","1993","1993"
"191424","99.61649953773849","72.65836345629117","126.57463561918581","1994","1994","1994"
"191520","119.70309428632365","114.06614728045803","125.34004129218927","1995","1995","1995"
"191616","122.38318391839329","122.38318391839329","122.38318391839329","1996","1996","1996"
"191712","85.79541509915917","44.90221171964885","126.6886184786695","1997","1997","1997"
"191808","96.15423990803316","66.2429057061748","126.06557410989151","1998","1998","1998"
"191904","119.65995124665389","113.18743120755929","126.13247128574848","1999","1999","1999"
"192000","118.26449897565584","111.31745029239687","125.21154765891481","2000","2000","2000"
"192096","126.13247128574848","126.13247128574848","126.13247128574848","2001","2001","2001"
"192192","67.36905779566746","7.560922824650426","127.17719276668448","2002","2002","2002"
"192288","114.4395232644224","102.37581044781565","126.50323608102916","2003","2003","2003"
"192384","118.70467163476705","110.75451124331762","126.65483202621648","2004","2004","2004"
"192480","127.12023264643676","127.12023264643676","127.12023264643676","2005","2005","2005"
"192576","118.19087593111969","109.92333914146455","126.45841272077483","2006","2006","2006"
"192672","109.66840567701898","91.63198147576963","127.70482987826833","2007","2007","2007"
"192768","65.64494149098357","48.03373529121222","83.25614769075491","2008","2008","2008"
"192864","112.26191077758955","112.26191077758955","112.26191077758955","2009","2009","2009"
"192960","88.56036602793947","51.6777769475482","125.44295510833074","2010","2010","2010"
"193056","93.26335252681451","60.34918516460989","126.17751988901915","2011","2011","2011"
"193152","118.36687813168075","110.91658877886303","125.81716748449848","2012","2012","2012"
"193248","113.5796377707208","113.5796377707208","113.5796377707208","2013","2013","2013"
"193344","118.9161134887336","110.6550342107827","127.17719276668448","2014","2014","2014"
"193440","117.72463566309385","109.01681572948473","126.43245559670297","2015","2015","2015"
"193536","96.41454528893328","66.43265818591948","126.39643239194709","2016","2016","2016"
"193632","119.0171320152945","111.34564555191949","126.6886184786695","2017","2017","2017"
"193728","118.95805504542219","110.7389173241599","127.17719276668448","2018","2018","2018"
"193824","119.39772051422386","112.65924228074564","126.13619874770207","2019","2019","2019"
"193920","119.06586701212571","112.51639987156625","125.61533415268516","2020","2020","2020"
"194016","119.21354822658066","111.49419083048431","126.932905622677","2021","2021","2021"
"194112","113.51814567395706","110.45291111995536","116.58338022795877","2022","2022","2022"
"194208","108.39390704323878","90.13298206026107","126.65483202621648","2023","2023","2023"
"194304","84.7572284201029","42.893073401917796","126.621383438288","2024","2024","2024"
"194400","93.59556753956849","59.974879488883666","127.21625559025333","2025","2025","2025"
"194496","100.83642347149429","75.05146350470056","126.621383438288","2026","2026","2026"
"194592","119.57954792089242","113.08796363860934","126.0711322031755","2027","2027","2027"
"194688","86.4434898895355","66.15500245254249","106.73197732652852","2028","2028","2028"
"194784","93.12126239049385","83.79073953163025","102.45178524935746","2029","2029","2029"
"194880","95.17709437331834","63.6993567204202","126.65483202621648","2030","2030","2030"
"194976","118.76399182144536","110.35079087620625","127.17719276668448","2031","2031","2031"
"195072","99.53304180288188","71.88889083907928","127.17719276668448","2032","2032","2032"
"195168","78.56594223311728","30.647690281904268","126.48419418433029","2033","2033","2033"
"195264","120.14612289075899","112.55362945079665","127.73861633072133","2034","2034","2034"
"195360","80.99933139274324","33.766195795634324","128.23246698985216","2035","2035","2035"
"195456","109.1114466778796","91.07418064919858","127.14871270656062","2036","2036","2036"
"195552","93.00146154483807","60.79137543076132","125.21154765891481","2037","2037","2037"
"195648","125.58188556475667","125.58188556475667","125.58188556475667","2038","2038","2038"
"195744","95.3291803879931","65.04268875877652","125.61567201720969","2039","2039","2039"
"195840","119.10766224693637","113.11712747425088","125.09819701962186","2040","2040","2040"
"195936","118.52492462443789","110.9173779631273","126.13247128574848","2041","2041","2041"
"196032","119.1648478112653","112.1634378843291","126.1662577382015","2042","2042","2042"
"196128","94.23064273384064","63.363088448059415","125.09819701962186","2043","2043","2043"
"196224","84.11109006191182","45.80518473197562","122.41699539184803","2044","2044","2044"
"196320","118.32835166943488","111.51765302739415","125.13905031147561","2045","2045","2045"
"196416","118.33687445517174","111.57555189072161","125.09819701962186","2046","2046","2046"
"196512","116.32809352564956","111.64106677062898","121.01512028067015","2047","2047","2047"
"196608","113.3790353719059","108.07845448067232","118.6796162631395","2048","2048","2048"
"196704","65.97527744485497","20.814019077834452","111.13653581187549","2049","2049","2049"
"196800","117.89221100292627","114.02182803687222","121.76259396898033","2050","2050","2050"
"196896","117.55384811030518","113.08796363860934","122.01973258200104","2051","2051","2051"
"196992","115.48692274471111","104.84137420367374","126.13247128574848","2052","2052","2052"
"197088","115.90656199542688","109.51120292735042","122.30192106350334","2053","2053","2053"
"197184","118.83462536728656","110.45827151543563","127.2109792191375","2054","2054","2054"
"197280","66.94235292316145","66.94235292316145","66.94235292316145","2055","2055","2055"
"197376","93.0363580110268","59.90123467644742","126.1714813456062","2056","2056","2056"
"197472","119.42184439064404","112.1888567550716","126.65483202621648","2057","2057","2057"
"197568","98.18333196512353","71.68639890310179","124.68026502714525","2058","2058","2058"
"197664","82.25504080951784","39.17785029705748","125.3322313219782","2059","2059","2059"
"197760","104.27621725916602","81.3464740141487","127.20596050418334","2060","2060","2060"
"197856","105.17525724685936","99.06330460710144","111.28720988661729","2061","2061","2061"
"197952","118.94754901589516","111.24026600557383","126.65483202621648","2062","2062","2062"
"198048","70.2308408835527","20.99494080633803","119.46674096076738","2063","2063","2063"
"198144","84.2978970337758","41.35102839596109","127.24476567159051","2064","2064","2064"
"198240","120.20429502187997","113.5796377707208","126.82895227303915","2065","2065","2065"
"198336","120.23570547163774","112.17137104851732","128.30003989475819","2066","2066","2066"
"198432","120.12612530623947","113.03599502222562","127.21625559025333","2067","2067","2067"
"198528","100.4714409314108","74.28804983660511","126.65483202621648","2068","2068","2068"
"198624","71.40067178695172","71.40067178695172","71.40067178695172","2069","2069","2069"
"198720","107.65322205053421","88.89589921885944","126.41054488220898","2070","2070","2070"
"198816","114.92149964561435","103.01404701818956","126.82895227303915","2071","2071","2071"
"198912","126.13456072871035","126.13456072871035","126.13456072871035","2072","2072","2072"
"199008","115.80852320286034","110.43854297850615","121.17850342721454","2073","2073","2073"
"199104","92.69026570899929","58.81665695889449","126.56387445910408","2074","2074","2074"
"199200","108.1394730284663","88.74999521585889","127.52895084107371","2075","2075","2075"
"199296","118.50294805231084","109.58160907610953","127.42428702851217","2076","2076","2076"
"199392","95.0028757515122","62.82855873633992","127.17719276668448","2077","2077","2077"
"199488","116.48523908387514","110.43854297850615","122.53193518924415","2078","2078","2078"
"199584","113.57163192141431","99.98505778289339","127.15820605993524","2079","2079","2079"
"199680","73.57856145487057","19.951162405557785","127.20596050418334","2080","2080","2080"
"199776","112.50797390628836","98.09993541612621","126.91601239645048","2081","2081","2081"
"199872","115.45068554741977","103.25875754199853","127.64261355284098","2082","2082","2082"
"199968","91.40330900346794","56.70759530911589","126.09902269782","2083","2083","2083"